{"type":"FeatureCollection", "features": [
{"type":"Feature","geometry":{"type":"Polygon","coordinates":[[[33.78,35.208],[32.819,35.282],[32.603,34.615],[33.925,34.953],[33.78,35.208]]]},"properties":{"NAME":"Cyprus","SUBJECTO":"Cyprus","BORDERPRECISION":1}},
{"type":"Feature","geometry":{"type":"MultiPolygon","coordinates":[[[[130.579,30.907],[131.319,31.511],[131.831,32.693],[131.67,33.309],[130.427,33.674],[129.343,33.151],[129.846,32.587],[130.579,30.907]]],[[[132.568,32.637],[134.54,34.013],[132.784,33.908],[132.121,33.348],[132.568,32.637]]],[[[136.811,37.311],[135.978,35.973],[135.157,35.646],[132.663,35.381],[130.899,33.904],[134.427,34.628],[135.063,33.69],[135.756,33.342],[136.734,34.874],[138.149,34.528],[139.423,35.166],[140.317,35.034],[140.872,37.917],[141.496,38.422],[141.998,39.672],[141.153,40.865],[139.915,40.575],[140.03,39.483],[139.198,37.92],[137.176,36.643],[136.811,37.311]]]]},"properties":{"NAME":"Imperial Japan (Fujiwara)","SUBJECTO":"Imperial Japan (Fujiwara)","BORDERPRECISION":1}},
{"type":"Feature","geometry":{"type":"Polygon","coordinates":[[[-75.751,21.121],[-75.604,21.013],[-75.751,21.121],[-76.209,21.196],[-77.34,21.512],[-78.171,22.12],[-79.76,22.759],[-81.431,23.137],[-82.959,23.025],[-84.256,22.539],[-84.706,21.77],[-84.256,22.539],[-82.959,23.025],[-81.363,23.121],[-79.76,22.759],[-78.171,22.12],[-77.34,21.512],[-76.209,21.196],[-75.751,21.121]]]},"properties":{"NAME":null,"SUBJECTO":null,"BORDERPRECISION":1}},
{"type":"Feature","geometry":{"type":"MultiPolygon","coordinates":[]},"properties":{"NAME":null,"SUBJECTO":null,"BORDERPRECISION":1}},
{"type":"Feature","geometry":{"type":"Polygon","coordinates":[[[120.364,14.531],[121.009,13.656],[121.729,14.108],[121.242,15.308],[122.396,17.114],[122.028,18.009],[121.036,18.528],[120.393,18.044],[120.303,16.417],[119.772,15.47],[120.364,14.531]]]},"properties":{"NAME":null,"SUBJECTO":null,"BORDERPRECISION":1}},
{"type":"Feature","geometry":null,"properties":{"NAME":null,"SUBJECTO":null,"BORDERPRECISION":1}},
{"type":"Feature","geometry":{"type":"Polygon","coordinates":[[[44.672,-16.236],[43.972,-17.553],[44.47,-20.17],[43.501,-21.494],[43.376,-22.632],[43.827,-23.413],[43.671,-24.227],[44.425,-25.312],[45.576,-25.621],[46.855,-25.218],[47.258,-24.766],[48.087,-22.044],[49.342,-18.228],[49.425,-17.198],[50.503,-15.314],[49.817,-12.831],[49.176,-12.266],[48.751,-13.418],[46.925,-15.36],[46.142,-15.826],[44.672,-16.236]],[[48.015,-17.023],[48.488,-20.041],[47.186,-23.119],[45.529,-23.592],[45.292,-22.645],[46.654,-17.733],[47.482,-16.904],[48.015,-17.023]]]},"properties":{"NAME":"Madagascar","SUBJECTO":"Madagascar","BORDERPRECISION":1}},
{"type":"Feature","geometry":{"type":"MultiPolygon","coordinates":[[[[175.308,-37.321],[174.217,-35.337],[173.166,-35.421],[174.765,-37.297],[174.655,-38.983],[173.805,-39.42],[175.354,-40.3],[174.895,-41.296],[176.011,-41.255],[177.157,-39.854],[177.024,-39.445],[178.408,-38.771],[177.528,-38.204],[175.308,-37.321]]],[[[172.063,-43.923],[174.234,-42.011],[173.264,-41.544],[171.458,-41.993],[171.024,-42.887],[168.416,-44.221],[167.137,-45.2],[166.523,-46.233],[169.399,-46.71],[170.612,-45.946],[171.378,-44.338],[172.063,-43.923]]]]},"properties":{"NAME":null,"SUBJECTO":null,"BORDERPRECISION":1}},
{"type":"Feature","geometry":{"type":"MultiPolygon","coordinates":[[[[19.58,69.181],[17.407,68.772],[13.169,66.458],[12.112,65.13],[9.832,63.684],[7.088,62.91],[5.149,61.741],[5.096,60.264],[5.806,59.949],[5.615,58.455],[6.959,57.972],[8.154,58.09],[10.549,59.379],[11.736,57.698],[12.488,58.563],[12.597,61.029],[14.344,62.948],[17.009,67.248],[19.58,69.181]]],[[[-24.219,65.534],[-21.955,65.378],[-22.373,63.773],[-18.642,63.324],[-14.821,64.195],[-13.647,65.495],[-16.385,66.454],[-16.922,65.978],[-21.242,65.882],[-23.608,65.98],[-24.219,65.534]]]]},"properties":{"NAME":"Norway","SUBJECTO":"Norway","BORDERPRECISION":1}},
{"type":"Feature","geometry":{"type":"Polygon","coordinates":[[[-61.114,10.822],[-61.809,10.725],[-61.207,10.118],[-61.114,10.822]]]},"properties":{"NAME":null,"SUBJECTO":null,"BORDERPRECISION":1}},
{"type":"Feature","geometry":{"type":"Polygon","coordinates":[[[-39.695,65.187],[-35.972,65.847],[-34.433,66.384],[-32.956,67.641],[-26.964,68.502],[-22.732,69.774],[-24.585,70.304],[-27.475,70.207],[-27.606,71.068],[-25.291,71.569],[-23.754,70.59],[-21.726,71.405],[-25.073,72.634],[-24.076,73.756],[-20.33,73.42],[-19.194,75.444],[-21.183,76.697],[-18.253,77.3],[-20.777,77.969],[-20.879,78.818],[-14.202,81.21],[-22.053,81.54],[-25.457,82.221],[-22.432,82.743],[-32.513,83.577],[-49.648,82.478],[-61.122,81.798],[-62.811,81.156],[-63.358,78.236],[-62.449,76.338],[-58.636,75.793],[-54.73,73.038],[-55.626,71.73],[-51.72,71.59],[-50.573,69.866],[-50.954,68.539],[-50.539,67.488],[-49.473,67.033],[-49.062,64.786],[-47.656,62.795],[-46.133,61.759],[-46.158,60.937],[-43.72,60.004],[-44.258,61.87],[-43.848,64.206],[-42.793,65.403],[-39.695,65.187]]]},"properties":{"NAME":null,"SUBJECTO":null,"BORDERPRECISION":1}},
{"type":"Feature","geometry":{"type":"MultiPolygon","coordinates":[[[[-73.112,-72.749],[-70.021,-72.672],[-68.398,-71.127],[-70.33,-68.963],[-71.798,-69.736],[-72.107,-71.05],[-75.275,-71.668],[-73.112,-72.749]]],[[[-102.551,-72.131],[-97.142,-72.672],[-97.22,-71.822],[-101.16,-71.822],[-102.551,-72.131]]],[[[-55.185,-80.94],[-44.831,-80.322],[-44.213,-78.39],[-48.849,-78.081],[-50.858,-78.699],[-51.708,-79.781],[-55.185,-80.94]]],[[[169.769,-83.418],[162.015,-81.66],[159.315,-80.027],[160.686,-79.114],[163.643,-78.661],[162.346,-75.107],[164.616,-74.172],[168.975,-73.239],[170.729,-71.904],[167.635,-70.865],[160.599,-70.221],[157.307,-69.156],[151.093,-68.886],[150.893,-68.538],[146.875,-67.997],[145.586,-67.223],[141.157,-66.722],[134.205,-66.18],[130.272,-66.253],[129.01,-67.03],[122.458,-66.645],[118.286,-67.07],[113.015,-65.763],[110.607,-66.059],[109.404,-66.71],[102.631,-65.926],[99.654,-66.549],[95.723,-66.529],[90,-66.607],[85.523,-66.916],[81.814,-67.302],[78.26,-68.384],[76.869,-69.311],[72.542,-70.238],[70.301,-72.015],[67.365,-71.706],[67.513,-70.464],[68.951,-69.889],[69.773,-68.636],[69.374,-67.843],[62.806,-67.611],[56.627,-66.942],[55.142,-65.963],[52.452,-65.988],[48.967,-66.973],[47.305,-67.775],[44.797,-67.745],[42.561,-68.113],[39.647,-68.934],[38.332,-70.029],[36.078,-69.591],[33.541,-68.542],[32.748,-69.35],[23.707,-70.586],[17.603,-70.084],[12.658,-70.315],[10.34,-70.702],[8.485,-70.084],[0.681,-71.32],[-4.882,-71.281],[-7.2,-70.895],[-11.141,-71.59],[-11.828,-72.323],[-16.396,-73.445],[-14.451,-74.065],[-17.168,-74.758],[-18.405,-75.686],[-23.582,-75.918],[-30.227,-76.845],[-33.163,-77.386],[-36.408,-78.622],[-36.408,-79.163],[-29.568,-79.224],[-28.913,-80.476],[-38.031,-80.94],[-43.826,-81.79],[-60.207,-82.331],[-74.889,-80.708],[-76.589,-79.395],[-80.761,-78.236],[-80.687,-77.566],[-74.502,-78.081],[-78.598,-76.613],[-70.562,-76.69],[-64.457,-75.686],[-61.367,-73.909],[-60.826,-72.749],[-61.676,-70.818],[-63.839,-68.654],[-65.153,-68.5],[-65.385,-67.341],[-61.135,-64.868],[-57.271,-63.709],[-58.121,-63.4],[-62.912,-64.713],[-66.853,-66.8],[-67.703,-66.877],[-67.084,-68.654],[-68.784,-69.813],[-67.084,-71.822],[-67.625,-72.749],[-75.584,-73.754],[-81.766,-74.024],[-88.565,-73.252],[-93.974,-73.174],[-96.524,-73.329],[-99.788,-72.998],[-101.88,-74.099],[-100.045,-75.31],[-105.642,-75.068],[-110.557,-75.303],[-113.238,-74.321],[-128.978,-74.913],[-134.773,-74.643],[-140.568,-75.261],[-146.672,-76.111],[-146.146,-77.457],[-149.995,-77.733],[-154.167,-77.115],[-158.185,-77.811],[-154.554,-79.124],[-148.604,-79.665],[-145.668,-80.515],[-148.836,-81.365],[-154.477,-81.056],[-152.081,-82.601],[-153.31,-83.942],[-148.759,-85.074],[-156.563,-85.46],[-167.226,-84.765],[-178.43,-84.456],[-180,-84.322],[-180,-85.322],[-180,-86.322],[-180,-87.322],[-180,-88.322],[-180,-89.322],[-180,-90],[-179.204,-90],[-178.204,-90],[-177.204,-90],[-176.204,-90],[-175.204,-90],[-174.204,-90],[-173.204,-90],[-172.204,-90],[-171.204,-90],[-170.204,-90],[-169.204,-90],[-168.204,-90],[-167.204,-90],[-166.204,-90],[-165.204,-90],[-164.204,-90],[-163.204,-90],[-162.204,-90],[-161.204,-90],[-160.204,-90],[-159.204,-90],[-158.204,-90],[-157.204,-90],[-156.204,-90],[-155.204,-90],[-154.204,-90],[-153.204,-90],[-152.204,-90],[-151.204,-90],[-150.204,-90],[-149.204,-90],[-148.204,-90],[-147.204,-90],[-146.204,-90],[-145.204,-90],[-144.204,-90],[-143.204,-90],[-142.204,-90],[-141.204,-90],[-140.204,-90],[-139.204,-90],[-138.204,-90],[-137.204,-90],[-136.204,-90],[-135.204,-90],[-134.204,-90],[-133.204,-90],[-132.204,-90],[-131.204,-90],[-130.204,-90],[-129.204,-90],[-128.204,-90],[-127.204,-90],[-126.204,-90],[-125.204,-90],[-124.204,-90],[-123.204,-90],[-122.204,-90],[-121.204,-90],[-120.204,-90],[-119.204,-90],[-118.204,-90],[-117.204,-90],[-116.204,-90],[-115.204,-90],[-114.204,-90],[-113.204,-90],[-112.204,-90],[-111.204,-90],[-110.204,-90],[-109.204,-90],[-108.204,-90],[-107.204,-90],[-106.204,-90],[-105.204,-90],[-104.204,-90],[-103.204,-90],[-102.204,-90],[-101.204,-90],[-100.204,-90],[-99.204,-90],[-98.204,-90],[-97.204,-90],[-96.204,-90],[-95.204,-90],[-94.204,-90],[-93.204,-90],[-92.204,-90],[-91.204,-90],[-90,-90],[-89.204,-90],[-88.204,-90],[-87.204,-90],[-86.204,-90],[-85.204,-90],[-84.204,-90],[-83.204,-90],[-82.204,-90],[-81.204,-90],[-80.204,-90],[-79.204,-90],[-78.204,-90],[-77.204,-90],[-76.204,-90],[-75.204,-90],[-74.204,-90],[-73.204,-90],[-72.204,-90],[-71.204,-90],[-70.204,-90],[-69.204,-90],[-68.204,-90],[-67.204,-90],[-66.204,-90],[-65.204,-90],[-64.204,-90],[-63.204,-90],[-62.204,-90],[-61.204,-90],[-60.204,-90],[-59.204,-90],[-58.204,-90],[-57.204,-90],[-56.204,-90],[-55.204,-90],[-54.204,-90],[-53.204,-90],[-52.204,-90],[-51.204,-90],[-50.204,-90],[-49.204,-90],[-48.204,-90],[-47.204,-90],[-46.204,-90],[-45.204,-90],[-44.204,-90],[-43.204,-90],[-42.204,-90],[-41.204,-90],[-40.204,-90],[-39.204,-90],[-38.204,-90],[-37.204,-90],[-36.204,-90],[-35.204,-90],[-34.204,-90],[-33.204,-90],[-32.204,-90],[-31.204,-90],[-30.204,-90],[-29.204,-90],[-28.204,-90],[-27.204,-90],[-26.204,-90],[-25.204,-90],[-24.204,-90],[-23.204,-90],[-22.204,-90],[-21.204,-90],[-20.204,-90],[-19.204,-90],[-18.204,-90],[-17.204,-90],[-16.204,-90],[-15.204,-90],[-14.204,-90],[-13.204,-90],[-12.204,-90],[-11.204,-90],[-10.204,-90],[-9.204,-90],[-8.204,-90],[-7.204,-90],[-6.204,-90],[-5.204,-90],[-4.204,-90],[-3.204,-90],[-2.204,-90],[-1.204,-90],[-0.204,-90],[0.778,-90],[1.778,-90],[2.778,-90],[3.778,-90],[4.778,-90],[5.778,-90],[6.778,-90],[7.778,-90],[8.778,-90],[9.778,-90],[10.778,-90],[11.778,-90],[12.778,-90],[13.778,-90],[14.778,-90],[15.778,-90],[16.778,-90],[17.778,-90],[18.778,-90],[19.778,-90],[20.778,-90],[21.778,-90],[22.778,-90],[23.778,-90],[24.778,-90],[25.778,-90],[26.778,-90],[27.778,-90],[28.778,-90],[29.778,-90],[30.778,-90],[31.778,-90],[32.778,-90],[33.778,-90],[34.778,-90],[35.778,-90],[36.778,-90],[37.778,-90],[38.778,-90],[39.778,-90],[40.778,-90],[41.778,-90],[42.778,-90],[43.778,-90],[44.778,-90],[45.778,-90],[46.778,-90],[47.778,-90],[48.778,-90],[49.778,-90],[50.778,-90],[51.778,-90],[52.778,-90],[53.778,-90],[54.778,-90],[55.778,-90],[56.778,-90],[57.778,-90],[58.778,-90],[59.778,-90],[60.778,-90],[61.778,-90],[62.778,-90],[63.778,-90],[64.778,-90],[65.778,-90],[66.778,-90],[67.778,-90],[68.778,-90],[69.778,-90],[70.778,-90],[71.778,-90],[72.778,-90],[73.778,-90],[74.778,-90],[75.778,-90],[76.778,-90],[77.778,-90],[78.778,-90],[79.778,-90],[80.778,-90],[81.778,-90],[82.778,-90],[83.778,-90],[84.778,-90],[85.778,-90],[86.778,-90],[87.778,-90],[88.778,-90],[89.778,-90],[89.796,-90],[90,-90],[91.778,-90],[92.778,-90],[93.778,-90],[94.778,-90],[95.778,-90],[96.778,-90],[97.778,-90],[98.778,-90],[99.778,-90],[100.778,-90],[101.778,-90],[102.778,-90],[103.778,-90],[104.778,-90],[105.778,-90],[106.778,-90],[107.778,-90],[108.778,-90],[109.778,-90],[110.778,-90],[111.778,-90],[112.778,-90],[113.778,-90],[114.778,-90],[115.778,-90],[116.778,-90],[117.778,-90],[118.778,-90],[119.778,-90],[120.778,-90],[121.778,-90],[122.778,-90],[123.778,-90],[124.778,-90],[125.778,-90],[126.778,-90],[127.778,-90],[128.778,-90],[129.778,-90],[130.778,-90],[131.778,-90],[132.778,-90],[133.778,-90],[134.778,-90],[135.778,-90],[136.778,-90],[137.778,-90],[138.778,-90],[139.778,-90],[140.778,-90],[141.778,-90],[142.778,-90],[143.778,-90],[144.778,-90],[145.778,-90],[146.778,-90],[147.778,-90],[148.778,-90],[149.778,-90],[150.778,-90],[151.778,-90],[152.778,-90],[153.778,-90],[154.778,-90],[155.778,-90],[156.778,-90],[157.778,-90],[158.778,-90],[159.778,-90],[160.778,-90],[161.778,-90],[162.778,-90],[163.778,-90],[164.778,-90],[165.778,-90],[166.778,-90],[167.778,-90],[168.778,-90],[169.778,-90],[170.778,-90],[171.778,-90],[172.778,-90],[173.778,-90],[174.778,-90],[175.778,-90],[176.778,-90],[177.778,-90],[178.778,-90],[180,-90],[180,-89.319],[180,-88.319],[180,-87.319],[180,-86.319],[180,-85.319],[180,-84.34],[169.769,-83.418]]]]},"properties":{"NAME":null,"SUBJECTO":null,"BORDERPRECISION":1}},
{"type":"Feature","geometry":{"type":"Polygon","coordinates":[[[48.015,-17.023],[47.482,-16.904],[46.654,-17.733],[45.292,-22.645],[45.529,-23.592],[47.186,-23.119],[48.488,-20.041],[48.015,-17.023]]]},"properties":{"NAME":"Expansionist Kingdom of Merina","SUBJECTO":"Expansionist Kingdom of Merina","BORDERPRECISION":1}},
{"type":"Feature","geometry":{"type":"MultiPolygon","coordinates":[[[[139.978,41.503],[141.155,41.749],[141.928,42.501],[143.214,41.927],[143.848,42.775],[145.448,43.17],[145.059,43.786],[143.508,44.156],[141.875,45.435],[141.709,43.914],[141.304,43.187],[139.712,42.478],[139.978,41.503]]],[[[143.057,53.062],[141.767,53.272],[141.643,51.813],[142.153,50.89],[141.732,47.471],[142.49,47.902],[142.854,49.128],[143.633,50.235],[142.944,51.617],[143.057,53.062]]]]},"properties":{"NAME":"Ainu","SUBJECTO":"Ainu","BORDERPRECISION":1}},
{"type":"Feature","geometry":{"type":"Polygon","coordinates":[[[8.82,38.977],[9.479,39.144],[9.794,40.564],[9.306,41.184],[8.241,40.855],[8.82,38.977]]]},"properties":{"NAME":"Sardinia","SUBJECTO":"Sardinia","BORDERPRECISION":1}},
{"type":"Feature","geometry":{"type":"Polygon","coordinates":[[[109.43,18.097],[110.263,18.626],[110.617,20.017],[109.55,19.914],[108.577,19.187],[108.652,18.482],[109.43,18.097]]]},"properties":{"NAME":"Hainan","SUBJECTO":"Hainan","BORDERPRECISION":1}},
{"type":"Feature","geometry":{"type":"Polygon","coordinates":[[[33.395,-20.022],[33.395,-19.173],[32.69,-18.644],[29.69,-18.82],[28.617,-19.948],[28.279,-21.467],[28.455,-22.525],[29.338,-23.055],[31.102,-23.055],[32.866,-21.996],[33.395,-20.761],[33.395,-20.022]]]},"properties":{"NAME":"Great Zimbabwe","SUBJECTO":"Great Zimbabwe","BORDERPRECISION":1}},
{"type":"Feature","geometry":{"type":"Polygon","coordinates":[[[40.4,-11.23],[40.62,-10.766],[39.658,-9.796],[39.27,-7.801],[39.566,-7.044],[38.922,-6.34],[39.267,-4.776],[40.234,-3.192],[42.44,-0.512],[43.724,0.8],[45.541,1.967],[47.636,4.096],[46.449,4.08],[44.281,3.358],[43.415,2.515],[39.417,-1.375],[37.732,-4.575],[38.238,-9.292],[39.248,-11.145],[40.4,-11.23]]]},"properties":{"NAME":"Islamic city-states","SUBJECTO":"Islamic city-states","BORDERPRECISION":1}},
{"type":"Feature","geometry":{"type":"Polygon","coordinates":[[[16.482,48.196],[16.535,46.365],[15.912,45.631],[16.808,44.935],[19.785,44.936],[22.077,44.446],[22.664,44.642],[23.056,45.034],[26.517,45.818],[27.449,46.525],[24.132,48.811],[22.881,49.225],[21.317,49.864],[19.381,49.803],[17.353,48.963],[16.482,48.196]]]},"properties":{"NAME":"Hungary","SUBJECTO":"Hungary","BORDERPRECISION":1}},
{"type":"Feature","geometry":{"type":"Polygon","coordinates":[[[13.368,45.694],[12.145,45.763],[12.176,45.214],[13.368,45.694]]]},"properties":{"NAME":"Venice","SUBJECTO":"Venice","BORDERPRECISION":1}},
{"type":"Feature","geometry":{"type":"Polygon","coordinates":[[[9.432,42.794],[8.609,42.487],[8.727,41.561],[9.453,42.048],[9.432,42.794]]]},"properties":{"NAME":"Corsica","SUBJECTO":"Corsica","BORDERPRECISION":1}},
{"type":"Feature","geometry":{"type":"MultiPolygon","coordinates":[[[[115.956,-3.199],[114.635,-1.659],[112.801,-1.875],[111.333,-1.37],[110.102,-3.079],[111.436,-2.974],[112.578,-3.423],[112.795,-2.971],[114.712,-4.206],[115.568,-3.804],[115.956,-3.199]]],[[[109.217,-7.014],[109.115,-7.739],[110.778,-8.32],[113.074,-8.347],[112.275,-7.027],[111.045,-6.852],[109.217,-7.014]]]]},"properties":{"NAME":"East Java","SUBJECTO":"East Java","BORDERPRECISION":1}},
{"type":"Feature","geometry":{"type":"Polygon","coordinates":[[[102.044,37.738],[108.972,37.738],[109.889,37.942],[110.5,39.878],[109.379,41.202],[108.361,41.508],[103.063,41.202],[101.432,41.202],[98.987,41.813],[96.236,41.508],[92.263,42.119],[91.346,42.119],[88.188,41.406],[86.911,41.406],[85.233,40.998],[85.131,40.183],[85.844,39.572],[88.289,38.961],[92.569,38.757],[96.236,38.757],[99.802,37.84],[102.044,37.738]]]},"properties":{"NAME":"Xixia","SUBJECTO":"Xixia","BORDERPRECISION":1}},
{"type":"Feature","geometry":{"type":"MultiPolygon","coordinates":[[[[80.563,5.932],[81.203,6.079],[81.866,7.085],[80.662,9.299],[79.675,8.805],[79.854,7.061],[80.563,5.932]]],[[[75.44,11.75],[76.075,10.554],[76.704,8.706],[77.341,8.053],[77.9,8.258],[79.826,10.359],[79.711,11.445],[80.224,12.831],[80.089,15.175],[80.46,15.773],[78.203,14.814],[76.675,13.286],[75.44,11.75]]]]},"properties":{"NAME":"Chola state","SUBJECTO":"Chola state","BORDERPRECISION":1}},
{"type":"Feature","geometry":{"type":"Polygon","coordinates":[[[88.289,38.961],[88.086,38.146],[79.833,35.497],[79.808,33.058],[80.079,31.884],[79.808,31.161],[80.054,29.982],[80.673,29.683],[81.108,30.191],[82.036,30.191],[83.543,29.285],[85.862,28.201],[85.088,27.692],[86.409,27.33],[89.575,27.299],[91.83,27.277],[94.153,27.668],[94.492,26.507],[96.428,26.701],[98.637,27.479],[100.682,28.691],[100.493,30.088],[100.687,31.395],[103.155,33.283],[103.203,34.105],[102.088,34.866],[101.688,36.307],[102.044,37.738],[99.802,37.84],[96.236,38.757],[92.569,38.757],[88.289,38.961]]]},"properties":{"NAME":"Tibet","SUBJECTO":"Tibet","BORDERPRECISION":1}},
{"type":"Feature","geometry":{"type":"Polygon","coordinates":[[[102.044,37.738],[101.688,36.307],[102.088,34.866],[103.203,34.105],[103.155,33.283],[100.687,31.395],[100.493,30.088],[100.682,28.691],[101.219,26.991],[102.961,26.797],[105.188,25.829],[106.585,22.919],[107.418,21.186],[109.117,21.399],[110.077,20.867],[111.086,21.479],[112.75,21.756],[113.717,22.482],[116.341,22.913],[118.813,24.849],[119.47,25.772],[119.429,26.591],[120.352,27.177],[121.359,28.386],[121.77,29.834],[121.606,31.828],[120.661,32.543],[119.974,34.135],[119.021,34.692],[120.139,36.195],[121.847,36.86],[120.658,37.736],[119.599,37.117],[118.875,37.949],[117.589,38.284],[117.51,38.766],[115.696,39.572],[111.417,39.572],[110.5,39.878],[109.889,37.942],[108.972,37.738],[102.044,37.738]]]},"properties":{"NAME":"Song Empire","SUBJECTO":"Song Empire","BORDERPRECISION":1}},
{"type":"Feature","geometry":{"type":"Polygon","coordinates":[[[101.219,26.991],[98.583,25.401],[98.627,25.204],[99.482,21.659],[101.008,21.423],[103.787,20.222],[104.558,20.167],[104.849,21.764],[106.585,22.919],[105.188,25.829],[102.961,26.797],[101.219,26.991]]]},"properties":{"NAME":"Nan Chao","SUBJECTO":"Nan Chao","BORDERPRECISION":1}},
{"type":"Feature","geometry":{"type":"Polygon","coordinates":[[[106.585,22.919],[104.849,21.764],[104.558,20.167],[103.787,20.222],[103.058,17.999],[104.111,17.999],[104.933,17.451],[105.4,16.331],[106.451,16.188],[107.375,16.691],[106.433,17.55],[105.533,18.844],[105.843,19.702],[106.807,20.905],[107.418,21.186],[106.585,22.919]]]},"properties":{"NAME":"Đại Việt","SUBJECTO":"Đại Việt","BORDERPRECISION":1}},
{"type":"Feature","geometry":{"type":"Polygon","coordinates":[[[106.451,16.188],[107.462,14.988],[107.898,13.682],[107.898,12.568],[106.93,11.842],[106.773,10.639],[107.412,10.367],[109.073,11.635],[109.307,12.906],[108.786,15.091],[108.236,16.08],[107.375,16.691],[106.451,16.188]]]},"properties":{"NAME":"Champa City States","SUBJECTO":"Champa City States","BORDERPRECISION":1}},
{"type":"Feature","geometry":{"type":"Polygon","coordinates":[[[97.418,16.483],[97.734,18.376],[97.532,18.882],[96.699,19.124],[94.244,18.587],[94.465,17.264],[94.143,16.215],[95.33,15.678],[96.469,16.513],[97.418,16.483]]]},"properties":{"NAME":"Mon state","SUBJECTO":"Mon state","BORDERPRECISION":1}},
{"type":"Feature","geometry":{"type":"Polygon","coordinates":[[[99.482,21.659],[97.532,18.882],[97.734,18.376],[97.418,16.483],[97.99,14.207],[101.606,15.569],[103.058,17.999],[103.787,20.222],[101.008,21.423],[99.482,21.659]]]},"properties":{"NAME":"Harapunchai","SUBJECTO":"Harapunchai","BORDERPRECISION":1}},
{"type":"Feature","geometry":{"type":"Polygon","coordinates":[[[96.699,19.124],[96.476,21.764],[95.895,22.635],[94.879,22.684],[94.298,22.296],[93.966,19.194],[94.244,18.587],[96.699,19.124]]]},"properties":{"NAME":"Pyu state","SUBJECTO":"Pyu state","BORDERPRECISION":1}},
{"type":"Feature","geometry":{"type":"Polygon","coordinates":[[[140.87,-2.795],[137.854,-1.614],[136.271,-2.418],[135.246,-3.539],[134.283,-2.855],[133.907,-1.006],[132.254,-0.527],[131.211,-1.025],[132.719,-2.934],[132.713,-3.888],[134.041,-3.948],[134.777,-4.309],[137.385,-5.123],[137.824,-5.427],[139.156,-7.725],[139.977,-8.238],[140.948,-9.274],[142.607,-9.377],[143.331,-9],[143.437,-8.358],[144.38,-7.758],[145.82,-8.098],[146.646,-9.279],[147.874,-10.179],[149.783,-10.41],[149.83,-9.711],[148.589,-9.16],[148.035,-8.246],[147.376,-7.796],[146.909,-6.895],[147.376,-6.125],[145.593,-5.423],[145.728,-4.997],[143.446,-3.61],[140.87,-2.795]]]},"properties":{"NAME":"Papuans","SUBJECTO":"Papuans","BORDERPRECISION":1}},
{"type":"Feature","geometry":{"type":"Polygon","coordinates":[[[110.5,39.878],[111.417,39.572],[115.696,39.572],[117.51,38.766],[118.978,39.224],[121.011,40.851],[122.108,40.354],[121.239,39.554],[122.027,39.256],[124.111,39.875],[129.825,41.861],[131.865,43.29],[133.399,44.671],[133.709,45.414],[133.028,46.529],[131.913,46.529],[127.578,44.423],[123.614,43.99],[120.084,43.804],[113.828,43.247],[108.361,41.508],[109.379,41.202],[110.5,39.878]]]},"properties":{"NAME":"Liao","SUBJECTO":"Liao","BORDERPRECISION":1}},
{"type":"Feature","geometry":{"type":"Polygon","coordinates":[[[99.858,2.904],[98.146,4.07],[97.384,5.18],[96.187,5.146],[95.561,4.534],[96.72,3.705],[97.597,2.251],[98.71,2.854],[99.858,2.904]]]},"properties":{"NAME":"minor Hindu and Buddhist states","SUBJECTO":"minor Hindu and Buddhist states","BORDERPRECISION":1}},
{"type":"Feature","geometry":{"type":"Polygon","coordinates":[[[42.764,16.645],[42.796,15.47],[43.384,13.565],[43.841,12.664],[44.964,12.825],[45.826,13.405],[46.601,13.401],[48.036,14.045],[48.879,14.169],[47.064,15.748],[46.277,17.118],[45.24,17.694],[42.764,16.645]]]},"properties":{"NAME":"Yemen","SUBJECTO":"Yemen","BORDERPRECISION":1}},
{"type":"Feature","geometry":{"type":"Polygon","coordinates":[[[48.879,14.169],[49.334,14.633],[51.313,15.247],[52.135,15.687],[52.894,16.61],[55.195,17.149],[55.561,17.937],[56.258,17.977],[57.186,18.938],[56.726,19.155],[53.939,19.155],[51.815,18.125],[50.511,17.147],[47.838,16.422],[47.064,15.748],[48.879,14.169]]]},"properties":{"NAME":"Hadramaut","SUBJECTO":"Hadramaut","BORDERPRECISION":1}},
{"type":"Feature","geometry":{"type":"Polygon","coordinates":[[[59.837,22.279],[58.628,23.458],[57.146,23.982],[56.405,24.82],[56.015,25.772],[54.771,24.733],[55.554,23.519],[57.716,22.189],[59.837,22.279]]]},"properties":{"NAME":"Muscat","SUBJECTO":"Muscat","BORDERPRECISION":1}},
{"type":"Feature","geometry":{"type":"Polygon","coordinates":[[[47.064,15.748],[47.838,16.422],[50.511,17.147],[51.815,18.125],[53.939,19.155],[56.726,19.155],[57.186,18.938],[57.839,19.035],[57.806,20.172],[58.512,20.421],[59.837,22.279],[57.716,22.189],[55.554,23.519],[54.771,24.733],[53.687,23.987],[51.586,24.003],[50.857,23.88],[48.617,25.687],[44.083,30.337],[40.029,34.391],[38.372,35.141],[37.212,33.566],[36.525,31.162],[36.593,29.787],[37.421,27.834],[40.18,24.028],[41.138,22.406],[41.812,21.713],[41.923,20.767],[40.82,19.685],[41.629,18.047],[42.764,16.645],[45.24,17.694],[46.277,17.118],[47.064,15.748]]]},"properties":{"NAME":null,"SUBJECTO":null,"BORDERPRECISION":1}},
{"type":"Feature","geometry":{"type":"Polygon","coordinates":[[[68.072,23.675],[68.865,24.481],[70.289,27.578],[71.156,28.878],[71.32,31.29],[71.404,32.532],[67.378,30.117],[65.025,28.321],[63.6,28.073],[64.158,26.772],[64.059,25.401],[64.425,25.173],[66.621,25.317],[66.702,24.752],[68.072,23.675]]]},"properties":{"NAME":"Kwarizm-Shah","SUBJECTO":"Kwarizm-Shah","BORDERPRECISION":1}},
{"type":"Feature","geometry":{"type":"Polygon","coordinates":[[[71.404,32.532],[72.21,33.372],[69.333,35.686],[67.342,37.213],[66.529,38.116],[64.632,38.839],[63.121,39.809],[55.487,39.345],[54.929,39.159],[54.868,36.806],[55.611,35.939],[56.54,35.939],[61.928,29.745],[62.857,28.445],[63.6,28.073],[65.025,28.321],[67.378,30.117],[71.404,32.532]]]},"properties":{"NAME":"Ghaznavid Emirate","SUBJECTO":"Ghaznavid Emirate","BORDERPRECISION":1}},
{"type":"Feature","geometry":{"type":"Polygon","coordinates":[[[41.68,41.793],[43.114,41.712],[43.325,40.953],[45.432,41.459],[45.26,42.439],[43.546,42.835],[41.123,43.019],[41.68,41.793]]]},"properties":{"NAME":"Georgia","SUBJECTO":"Georgia","BORDERPRECISION":1}},
{"type":"Feature","geometry":{"type":"Polygon","coordinates":[[[43.325,40.953],[42.693,40.701],[41.808,38.678],[41.007,38.341],[42.019,38.13],[44.842,36.782],[46.822,37.667],[46.822,38.341],[46.148,39.689],[45.432,41.459],[43.325,40.953]]]},"properties":{"NAME":"Armenia","SUBJECTO":"Armenia","BORDERPRECISION":1}},
{"type":"Feature","geometry":{"type":"Polygon","coordinates":[[[51.586,24.003],[50.778,24.471],[49.937,25.956],[50.122,26.738],[48.855,27.523],[47.911,29.89],[50.132,30.066],[51.35,28.036],[52.891,27.052],[54.646,26.391],[55.9,27.105],[56.79,26.974],[57.255,25.793],[59.031,25.308],[61.344,25.027],[63.404,25.165],[64.059,25.401],[64.158,26.772],[63.6,28.073],[62.857,28.445],[61.928,29.745],[56.54,35.939],[55.611,35.939],[54.868,36.806],[54.067,36.942],[51.796,36.432],[50.561,36.686],[50.039,37.225],[48.837,37.511],[48.825,38.31],[49.807,40.581],[48.222,42.279],[46.738,41.712],[46.907,40.616],[46.148,39.689],[46.822,38.341],[46.822,37.667],[44.842,36.782],[42.019,38.13],[41.007,38.341],[37.594,37.161],[37.026,35.75],[38.372,35.141],[40.029,34.391],[44.083,30.337],[48.617,25.687],[50.857,23.88],[51.586,24.003]]]},"properties":{"NAME":"Buwayhid Emirates","SUBJECTO":"Buwayhid Emirates","BORDERPRECISION":1}},
{"type":"Feature","geometry":{"type":"MultiPolygon","coordinates":[[[[41.68,41.793],[40.361,40.963],[38.651,40.922],[36.383,41.238],[35.958,41.686],[33.556,41.983],[30.745,41.04],[27.764,40.287],[26.765,40.377],[26.128,39.879],[26.708,39.182],[27.16,37.36],[29.002,36.695],[29.298,36.173],[30.473,36.188],[31.371,36.712],[33.171,35.971],[34.485,36.627],[35.709,36.212],[35.852,34.493],[37.026,35.75],[37.594,37.161],[41.007,38.341],[41.808,38.678],[42.693,40.701],[43.325,40.953],[43.114,41.712],[41.68,41.793]]],[[[27.495,42.401],[23.267,42.049],[22.492,40.498],[25.993,40.852],[26.614,40.398],[27.474,40.963],[28.828,40.915],[27.495,42.401]]],[[[22.695,39.834],[20.091,39.603],[21.228,37.905],[22.39,36.524],[22.639,37.492],[23.556,38.352],[23.169,38.667],[22.602,38.856],[22.871,39.024],[22.72,39.287],[22.695,39.834]]],[[[15.449,41.857],[15.666,40.092],[16.083,39.012],[17.084,40.525],[15.449,41.857]]]]},"properties":{"NAME":"Byzantine Empire","SUBJECTO":"Byzantine Empire","BORDERPRECISION":1}},
{"type":"Feature","geometry":{"type":"MultiPolygon","coordinates":[[[[15.449,41.857],[14.739,42.047],[13.569,41.856],[13.761,41.207],[15.666,40.092],[15.449,41.857]]],[[[14.622,36.776],[15.387,38.206],[12.454,37.766],[14.622,36.776]]]]},"properties":{"NAME":"Dutchy of Benevento","SUBJECTO":"Dutchy of Benevento","BORDERPRECISION":1}},
{"type":"Feature","geometry":{"type":"Polygon","coordinates":[[[38.372,35.141],[37.026,35.75],[35.852,34.493],[34.843,32.671],[34.501,31.621],[33.558,30.968],[32.077,31.014],[30.996,31.469],[29.249,30.754],[26.143,31.491],[23.153,32.139],[22.543,32.722],[21.673,32.816],[20.366,32.298],[20.117,30.957],[18.915,30.205],[17.422,30.996],[15.843,31.285],[15.01,32.363],[14.157,32.679],[12.565,32.74],[10.413,33.631],[10.019,34.081],[11.125,35.241],[10.133,37.105],[8.637,36.885],[5.144,36.668],[3.741,36.837],[1.58,36.514],[1.237,35.886],[0.871,33.074],[0.458,32.547],[2.453,32.669],[5.681,32.815],[7.892,32.593],[12.533,30.805],[17.002,28.751],[21.679,28.082],[25.438,28.008],[27.428,27.197],[29.345,24.028],[30.819,23.659],[32.514,23.733],[35.19,24.4],[33.929,26.564],[34.058,27.79],[34.886,28.357],[37.218,25.167],[37.201,24.658],[38.329,23.835],[39.102,22.4],[39.167,21.219],[39.764,20.407],[40.82,19.685],[41.923,20.767],[41.812,21.713],[41.138,22.406],[40.18,24.028],[37.421,27.834],[36.593,29.787],[36.525,31.162],[37.212,33.566],[38.372,35.141]]]},"properties":{"NAME":"Fatimid Caliphate","SUBJECTO":"Fatimid Caliphate","BORDERPRECISION":1}},
{"type":"Feature","geometry":{"type":"Polygon","coordinates":[[[8.343,44.22],[7.514,45.383],[8.493,46.117],[8.411,47.462],[7.27,47.462],[6.252,47.957],[5.667,47.108],[5.841,45.385],[6.943,44.869],[7.397,43.764],[8.343,44.22]]]},"properties":{"NAME":"Burgandy","SUBJECTO":"Burgandy","BORDERPRECISION":1}},
{"type":"Feature","geometry":{"type":"Polygon","coordinates":[[[15.912,45.631],[14.354,45.323],[15.412,43.935],[16.64,43.39],[16.808,44.935],[15.912,45.631]]]},"properties":{"NAME":"Croatia","SUBJECTO":"Croatia","BORDERPRECISION":1}},
{"type":"Feature","geometry":{"type":"Polygon","coordinates":[[[16.808,44.935],[16.64,43.39],[19.607,41.762],[19.369,40.26],[20.091,39.603],[22.695,39.834],[22.492,40.498],[23.267,42.049],[27.495,42.401],[28.446,43.476],[28.686,44.488],[29.579,45.058],[29.361,45.208],[28.019,45.315],[27.954,44.25],[26.452,44.25],[25.473,43.728],[24.232,43.793],[22.664,44.642],[22.077,44.446],[19.785,44.936],[16.808,44.935]]]},"properties":{"NAME":"Bulgar Khanate","SUBJECTO":"Bulgar Khanate","BORDERPRECISION":1}},
{"type":"Feature","geometry":{"type":"Polygon","coordinates":[[[39.209,55.561],[39.226,56.959],[38.37,58.264],[36.622,58.604],[28.588,56.776],[28.424,55.655],[27.691,54.88],[24.169,54.28],[24.266,52.97],[26.501,52.736],[27.419,50.854],[31.586,51.298],[31.654,50.341],[32.133,50.641],[36.658,51.946],[37.065,53.169],[38.9,54.88],[39.209,55.561]]]},"properties":{"NAME":"Other Rus Principalities","SUBJECTO":"Other Rus Principalities","BORDERPRECISION":1}},
{"type":"Feature","geometry":{"type":"Polygon","coordinates":[[[22.881,49.225],[22.509,50.637],[23.406,52.369],[24.266,52.97],[24.169,54.28],[20.428,53.778],[18.59,53.1],[14.134,52.409],[14.647,50.764],[12.772,50.438],[12.12,49.541],[13.058,48.563],[14.892,48.196],[16.482,48.196],[17.353,48.963],[19.381,49.803],[21.317,49.864],[22.881,49.225]]]},"properties":{"NAME":"Poland","SUBJECTO":"Poland","BORDERPRECISION":1}},
{"type":"Feature","geometry":{"type":"Polygon","coordinates":[[[17.097,16.219],[14.667,16.23],[12.878,16.06],[12.639,14.468],[13.833,13.433],[15.819,13.119],[17.654,13.194],[18.769,13.512],[19.406,14.468],[19.167,15.184],[18.451,15.741],[17.097,16.219]]]},"properties":{"NAME":"Kanem","SUBJECTO":"Kanem","BORDERPRECISION":1}},
{"type":"Feature","geometry":{"type":"Polygon","coordinates":[[[29.345,24.028],[29.277,18.846],[29.516,17.652],[30.79,15.503],[31.666,16.617],[33.815,16.776],[34.452,16.458],[35.328,15.423],[37.079,17.095],[37.895,18.56],[37.398,18.915],[37.128,21.227],[36.66,22.167],[35.746,22.914],[35.19,24.4],[32.514,23.733],[30.819,23.659],[29.345,24.028]]]},"properties":{"NAME":"Makkura","SUBJECTO":"Makkura","BORDERPRECISION":1}},
{"type":"Feature","geometry":{"type":"Polygon","coordinates":[[[30.79,15.503],[30.472,13.512],[30.787,11.227],[31.745,10.248],[32.847,10.105],[34.452,10.248],[35.407,11.283],[35.646,12.796],[35.328,15.423],[34.452,16.458],[33.815,16.776],[31.666,16.617],[30.79,15.503]]]},"properties":{"NAME":"Alwa","SUBJECTO":"Alwa","BORDERPRECISION":1}},
{"type":"Feature","geometry":{"type":"Polygon","coordinates":[[[8.358,3.317],[8.576,3.067],[8.827,3.612],[8.478,3.557],[8.358,3.317]]]},"properties":{"NAME":null,"SUBJECTO":null,"BORDERPRECISION":1}},
{"type":"Feature","geometry":{"type":"Polygon","coordinates":[[[-13.62,14.895],[-13.65,15.786],[-14.386,16.522],[-15.397,16.43],[-16.04,15.97],[-16.111,14.654],[-15.673,13.856],[-14.661,13.764],[-13.62,14.895]]]},"properties":{"NAME":"Takrur","SUBJECTO":"Takrur","BORDERPRECISION":1}},
{"type":"Feature","geometry":{"type":"Polygon","coordinates":[[[-11.699,17.114],[-11.804,15.755],[-8.878,14.293],[-6.998,14.397],[-4.803,15.546],[-5.012,16.696],[-7.833,17.636],[-11.699,17.114]]]},"properties":{"NAME":"Ghana","SUBJECTO":"Ghana","BORDERPRECISION":1}},
{"type":"Feature","geometry":{"type":"Polygon","coordinates":[[[-8.74,13.894],[-9.58,13.328],[-9.58,12.385],[-9.131,11.913],[-7.634,11.347],[-5.089,11.536],[-4.565,12.762],[-4.958,13.341],[-7.783,13.894],[-8.74,13.894]]]},"properties":{"NAME":"Mali","SUBJECTO":"Mali","BORDERPRECISION":1}},
{"type":"Feature","geometry":{"type":"Polygon","coordinates":[[[-77.992,-10.234],[-77.292,-8.983],[-77.717,-8.264],[-79.148,-8.093],[-77.992,-10.234]]]},"properties":{"NAME":"Chimú Empire","SUBJECTO":"Chimú Empire","BORDERPRECISION":1}},
{"type":"Feature","geometry":{"type":"Polygon","coordinates":[[[-77.992,-10.234],[-76.238,-13.502],[-76.242,-14.106],[-75.231,-15.222],[-74.05,-16.045],[-71.612,-17.221],[-69.536,-13.823],[-71.231,-12.727],[-75.576,-10.613],[-77.338,-7.676],[-77.515,-6.97],[-78.84,-6.645],[-79.397,-6.087],[-80.343,-6.526],[-79.148,-8.093],[-77.717,-8.264],[-77.292,-8.983],[-77.992,-10.234]]]},"properties":{"NAME":"Huari Empire","SUBJECTO":"Huari Empire","BORDERPRECISION":1}},
{"type":"Feature","geometry":{"type":"Polygon","coordinates":[[[-71.612,-17.221],[-70.584,-18.083],[-70.209,-19.067],[-70.111,-21.748],[-70.573,-23.166],[-70.398,-25.249],[-70.935,-27.727],[-71.43,-29.1],[-71.682,-30.6],[-71.52,-32.181],[-70.027,-30.678],[-69.283,-29.352],[-68.06,-26.468],[-68.034,-26.029],[-67.825,-22.475],[-67.356,-19.194],[-67.238,-18.364],[-67.942,-15.428],[-69.536,-13.823],[-71.612,-17.221]]]},"properties":{"NAME":"Tiahuanaco Empire","SUBJECTO":"Tiahuanaco Empire","BORDERPRECISION":1}},
{"type":"Feature","geometry":{"type":"Polygon","coordinates":[[[-88.327,17.157],[-87.877,18.381],[-87.651,20.19],[-86.936,20.976],[-87.201,21.529],[-88.334,21.59],[-90,21.161],[-90,19.382],[-91.22,19.102],[-92.107,18.516],[-88.327,17.157]]]},"properties":{"NAME":"Maya city-states","SUBJECTO":"Maya city-states","BORDERPRECISION":1}},
{"type":"Feature","geometry":{"type":"Polygon","coordinates":[[[-69.536,-13.823],[-67.942,-15.428],[-67.238,-18.364],[-67.356,-19.194],[-66.595,-19.145],[-65.906,-18.311],[-64.662,-16.805],[-64.194,-14.695],[-69.045,-8.236],[-70.158,-5.735],[-66.408,3.042],[-62.659,4.153],[-58.558,3.978],[-55.862,1.696],[-55.804,0.876],[-57.972,-0.589],[-58.44,-2.288],[-56.331,-4.335],[-54.163,-4.627],[-49.066,-4.744],[-46.281,-3.553],[-53.123,-14.275],[-48.469,-23.749],[-49.487,-24.553],[-49.839,-26.797],[-48.797,-28.476],[-48.516,-25.876],[-48.725,-25.426],[-46.206,-23.883],[-45.459,-23.856],[-44.561,-22.99],[-41.958,-22.921],[-40.984,-22.086],[-40.933,-21.279],[-39.691,-19.409],[-39.666,-18.227],[-39.142,-17.775],[-38.948,-16.002],[-39.126,-14.325],[-38.799,-12.627],[-38.266,-12.887],[-37.187,-10.845],[-35.599,-9.628],[-34.891,-7.612],[-35.464,-5.268],[-37.181,-4.954],[-38.786,-3.604],[-40.231,-2.851],[-42.316,-2.818],[-43.334,-2.432],[-44.222,-2.777],[-44.796,-1.736],[-47.237,-0.68],[-48.043,-0.816],[-49.221,-2.108],[-50.643,-1.882],[-51.529,-0.429],[-49.884,1.214],[-50.688,2.216],[-51.209,4.071],[-51.71,4.228],[-53.027,5.427],[-54.286,5.882],[-56.746,6.003],[-58.575,6.984],[-58.617,7.499],[-59.834,8.44],[-61.696,8.61],[-63.065,8.325],[-65.965,8.18],[-70.682,8.557],[-71.182,9.277],[-72.114,9.904],[-71.688,10.769],[-72.38,11.81],[-73.362,11.325],[-74.219,11.368],[-75.45,10.628],[-75.703,9.426],[-76.764,8.693],[-78.266,9.386],[-79.5,9.638],[-80.962,8.865],[-82.23,9.047],[-83.914,11.251],[-83.662,13.705],[-83.314,14.768],[-84.65,15.933],[-88.664,15.726],[-88.327,17.157],[-92.107,18.516],[-94.242,18.24],[-93.588,15.741],[-91.516,14.059],[-90,13.798],[-87.949,13.172],[-86.014,11.368],[-85.778,10.138],[-85.089,9.583],[-83.615,9.152],[-82.956,8.257],[-81.664,8.165],[-80.814,7.27],[-79.717,8.883],[-79.068,9.034],[-78.184,8.413],[-78.265,7.886],[-77.4,6.67],[-77.5,5.514],[-77.106,3.792],[-77.802,2.577],[-78.468,2.467],[-78.984,1.297],[-80.086,0.818],[-80.339,-0.663],[-80.966,-1.033],[-80.741,-2.119],[-80.144,-3.414],[-81.304,-4.332],[-80.343,-6.526],[-79.397,-6.087],[-78.84,-6.645],[-77.515,-6.97],[-77.338,-7.676],[-75.576,-10.613],[-71.231,-12.727],[-69.536,-13.823]]]},"properties":{"NAME":null,"SUBJECTO":null,"BORDERPRECISION":1}},
{"type":"Feature","geometry":{"type":"Polygon","coordinates":[[[-94.242,18.24],[-96.012,18.929],[-97.504,21.189],[-97.709,21.801],[-100.255,22.572],[-100.892,20.741],[-105.291,20.67],[-105.67,20.352],[-104.948,19.438],[-103.494,18.354],[-101.993,18.027],[-101.221,17.418],[-98.856,16.597],[-97.881,16.052],[-96.333,15.75],[-95.13,16.299],[-93.588,15.741],[-94.242,18.24]],[[-100.016,21.298],[-99.061,21.617],[-98.265,21.378],[-97.548,20.582],[-97.787,19.467],[-99.3,18.353],[-100.494,18.353],[-100.653,18.91],[-100.016,21.298]]]},"properties":{"NAME":"Mesoamerican city-states and chiefdoms","SUBJECTO":"Mesoamerican city-states and chiefdoms","BORDERPRECISION":1}},
{"type":"Feature","geometry":{"type":"Polygon","coordinates":[[[-100.016,21.298],[-100.653,18.91],[-100.494,18.353],[-99.3,18.353],[-97.787,19.467],[-97.548,20.582],[-98.265,21.378],[-99.061,21.617],[-100.016,21.298]]]},"properties":{"NAME":"Toltec Empire","SUBJECTO":"Toltec Empire","BORDERPRECISION":1}},
{"type":"Feature","geometry":{"type":"MultiPolygon","coordinates":[[[[-2.75,51.644],[-2.914,53.267],[-4.318,53.091],[-4.124,52.373],[-2.75,51.644]]],[[[-7.428,55.064],[-8.59,54.203],[-9.891,52.194],[-9.819,51.435],[-6.406,52.214],[-6.043,52.893],[-6.443,53.899],[-5.662,54.322],[-6.018,55.093],[-7.428,55.064]]]]},"properties":{"NAME":"Celtic kingdoms","SUBJECTO":"Celtic kingdoms","BORDERPRECISION":1}},
{"type":"Feature","geometry":{"type":"Polygon","coordinates":[[[-2.886,54.169],[-1.897,54.336],[-1.942,55.556],[-2.742,55.957],[-2.15,57.572],[-4.15,57.835],[-4.915,56.935],[-4.122,54.762],[-2.886,54.169]]]},"properties":{"NAME":"Scotland","SUBJECTO":"Scotland","BORDERPRECISION":1}},
{"type":"Feature","geometry":{"type":"Polygon","coordinates":[[[-4.15,57.835],[-5.763,57.62],[-5.633,55.94],[-4.638,55.428],[-4.122,54.762],[-4.915,56.935],[-4.15,57.835]]]},"properties":{"NAME":null,"SUBJECTO":null,"BORDERPRECISION":1}},
{"type":"Feature","geometry":{"type":"Polygon","coordinates":[[[13.252,79.801],[11.76,78.88],[15.099,77.115],[17.267,76.813],[19.116,78.455],[20.908,78.809],[17.834,79.809],[13.252,79.801]]]},"properties":{"NAME":null,"SUBJECTO":null,"BORDERPRECISION":1}},
{"type":"Feature","geometry":{"type":"Polygon","coordinates":[[[28.588,56.776],[26.52,59.421],[23.416,59.119],[24.346,57.16],[23.215,56.981],[21.677,57.464],[20.965,56.609],[21.137,54.845],[18.279,54.724],[14.473,53.877],[12.653,54.321],[11.408,53.859],[10.142,54.337],[10.571,53.046],[11.672,52.353],[14.134,52.409],[18.59,53.1],[20.428,53.778],[24.169,54.28],[27.691,54.88],[28.424,55.655],[28.588,56.776]]]},"properties":{"NAME":null,"SUBJECTO":null,"BORDERPRECISION":1}},
{"type":"Feature","geometry":{"type":"MultiPolygon","coordinates":[[[[11.736,57.698],[11.877,57.325],[16.063,56.396],[16.744,58.312],[19.037,59.863],[17.146,60.953],[17.868,62.789],[14.344,62.948],[12.597,61.029],[12.488,58.563],[11.736,57.698]]],[[[22.149,63.137],[21.211,61.871],[21.56,60.512],[23.665,59.836],[27.966,60.504],[24.609,61.315],[22.957,61.389],[22.149,63.137]]]]},"properties":{"NAME":"Sweden","SUBJECTO":"Sweden","BORDERPRECISION":1}},
{"type":"Feature","geometry":{"type":"Polygon","coordinates":[[[14.07,53.918],[13.778,54.044],[13.828,53.83],[14.07,53.918]]]},"properties":{"NAME":null,"SUBJECTO":null,"BORDERPRECISION":1}},
{"type":"Feature","geometry":{"type":"MultiPolygon","coordinates":[[[[11.877,57.325],[13.302,55.301],[14.653,56.121],[16.063,56.396],[11.877,57.325]]],[[[10.142,54.337],[9.421,54.976],[10.147,55.765],[9.312,56.481],[8.183,56.431],[8.884,54.229],[10.142,54.337]]]]},"properties":{"NAME":"Denmark","SUBJECTO":"Denmark","BORDERPRECISION":1}},
{"type":"Feature","geometry":{"type":"MultiPolygon","coordinates":[[[[16.482,48.196],[14.892,48.196],[13.058,48.563],[12.12,49.541],[12.772,50.438],[14.647,50.764],[14.134,52.409],[11.672,52.353],[10.571,53.046],[10.142,54.337],[8.884,54.229],[8.429,53.612],[7.166,53.592],[4.641,52.756],[3.681,51.321],[3.82,50.039],[5.361,49.697],[6.252,47.957],[7.27,47.462],[8.411,47.462],[8.493,46.117],[7.514,45.383],[8.343,44.22],[9.909,44.11],[10.743,42.851],[11.96,42.007],[12.697,43.935],[12.176,45.214],[12.145,45.763],[13.368,45.694],[13.8,45.566],[14.175,45.01],[14.354,45.323],[15.912,45.631],[16.535,46.365],[16.482,48.196]]],[[[14.739,42.047],[14.076,42.634],[13.569,41.856],[14.739,42.047]]]]},"properties":{"NAME":"Holy Roman Empire","SUBJECTO":"Holy Roman Empire","BORDERPRECISION":1}},
{"type":"Feature","geometry":{"type":"Polygon","coordinates":[[[22.87,38.837],[23.121,38.867],[23.638,38.523],[23.79,38.719],[23.242,39.044],[22.87,38.837]]]},"properties":{"NAME":null,"SUBJECTO":null,"BORDERPRECISION":1}},
{"type":"Feature","geometry":{"type":"Polygon","coordinates":[[[24.656,37.901],[25.318,37.402],[25.272,37.565],[24.763,38.003],[24.656,37.901]]]},"properties":{"NAME":null,"SUBJECTO":null,"BORDERPRECISION":1}},
{"type":"Feature","geometry":{"type":"Polygon","coordinates":[[[-14.51,28.05],[-13.881,28.199],[-14.147,28.391],[-14.51,28.05]]]},"properties":{"NAME":"Guanches","SUBJECTO":"Guanches","BORDERPRECISION":1}},
{"type":"Feature","geometry":{"type":"Polygon","coordinates":[[[19.334,57.956],[19.105,57.975],[19.142,57.908],[19.334,57.956]]]},"properties":{"NAME":"Sweden","SUBJECTO":"Sweden","BORDERPRECISION":1}},
{"type":"Feature","geometry":{"type":"Polygon","coordinates":[[[-68.195,12.221],[-68.364,12.305],[-68.285,12.102],[-68.195,12.221]]]},"properties":{"NAME":null,"SUBJECTO":null,"BORDERPRECISION":1}},
{"type":"Feature","geometry":{"type":"Polygon","coordinates":[[[-60.941,14.741],[-61.232,14.809],[-61.034,14.466],[-60.941,14.741]]]},"properties":{"NAME":"Arawaks","SUBJECTO":"Arawaks","BORDERPRECISION":1}},
{"type":"Feature","geometry":{"type":"Polygon","coordinates":[[[-68.966,12.199],[-69.078,12.349],[-69.158,12.311],[-69.062,12.188],[-68.832,12.049],[-68.824,12.16],[-68.966,12.199]]]},"properties":{"NAME":null,"SUBJECTO":null,"BORDERPRECISION":1}},
{"type":"Feature","geometry":{"type":"Polygon","coordinates":[[[-168.223,53.59],[-168.374,53.235],[-167.865,53.323],[-168.223,53.59]]]},"properties":{"NAME":null,"SUBJECTO":null,"BORDERPRECISION":1}},
{"type":"Feature","geometry":{"type":"Polygon","coordinates":[[[-97.709,21.801],[-97.823,24.208],[-97.26,25.811],[-97.632,27.228],[-96.603,28.384],[-97.758,28.695],[-102.568,29.992],[-102.568,32.428],[-102.568,38.88],[-109.049,38.88],[-121.17,38.88],[-123.648,38.88],[-121.932,37.009],[-121.927,36.338],[-120.677,35.189],[-120.529,34.508],[-118.604,34.096],[-117.497,33.325],[-116.705,31.591],[-115.602,29.685],[-114.067,28.423],[-114.478,27.244],[-112.411,26.193],[-112.166,25.011],[-110.225,23.4],[-110.205,24.315],[-110.798,24.88],[-112.87,28.335],[-114.683,30.143],[-114.839,31.815],[-113.052,31.139],[-112.654,29.919],[-111.692,28.496],[-110.604,27.856],[-110.382,27.214],[-109.132,26.289],[-108.013,24.981],[-105.54,22.285],[-105.291,20.67],[-100.892,20.741],[-100.255,22.572],[-97.709,21.801]]]},"properties":{"NAME":null,"SUBJECTO":null,"BORDERPRECISION":1}},
{"type":"Feature","geometry":{"type":"Polygon","coordinates":[[[-166.61,53.707],[-166.771,54.001],[-167.148,53.94],[-166.927,53.459],[-166.61,53.707]]]},"properties":{"NAME":null,"SUBJECTO":null,"BORDERPRECISION":1}},
{"type":"Feature","geometry":{"type":"Polygon","coordinates":[[[-164.949,54.427],[-164.564,54.334],[-164.072,54.657],[-164.561,54.831],[-164.949,54.427]]]},"properties":{"NAME":null,"SUBJECTO":null,"BORDERPRECISION":1}},
{"type":"Feature","geometry":{"type":"Polygon","coordinates":[[[-162.968,54.949],[-162.788,55.152],[-163.091,55.273],[-163.262,55.171],[-162.968,54.949]]]},"properties":{"NAME":null,"SUBJECTO":null,"BORDERPRECISION":1}},
{"type":"Feature","geometry":{"type":"Polygon","coordinates":[[[-161.609,55.845],[-162.585,55.389],[-162.218,55.132],[-161.575,55.479],[-161.609,55.845]]]},"properties":{"NAME":null,"SUBJECTO":null,"BORDERPRECISION":1}},
{"type":"Feature","geometry":{"type":"Polygon","coordinates":[[[-135.441,57.428],[-135.466,57.229],[-134.946,56.454],[-134.764,56.794],[-135.002,57.326],[-135.441,57.428]]]},"properties":{"NAME":null,"SUBJECTO":null,"BORDERPRECISION":1}},
{"type":"Feature","geometry":{"type":"Polygon","coordinates":[[[-154.661,57.234],[-153.492,57.051],[-152.679,57.765],[-154.189,57.631],[-154.661,57.234]]]},"properties":{"NAME":null,"SUBJECTO":null,"BORDERPRECISION":1}},
{"type":"Feature","geometry":{"type":"Polygon","coordinates":[[[-136.237,57.727],[-135.115,57.675],[-135.325,58.093],[-136.3,58.18],[-136.237,57.727]]]},"properties":{"NAME":null,"SUBJECTO":null,"BORDERPRECISION":1}},
{"type":"Feature","geometry":{"type":"Polygon","coordinates":[[[-117.686,73.215],[-117.336,74.167],[-123.148,74.441],[-117.686,73.215]]]},"properties":{"NAME":null,"SUBJECTO":null,"BORDERPRECISION":1}},
{"type":"Feature","geometry":{"type":"Polygon","coordinates":[[[-60.26,46.938],[-61.381,46.331],[-61.025,45.67],[-60.26,46.938]]]},"properties":{"NAME":null,"SUBJECTO":null,"BORDERPRECISION":1}},
{"type":"Feature","geometry":{"type":"Polygon","coordinates":[[[-58.128,49.496],[-59.157,47.67],[-56.804,47.616],[-56.079,47.865],[-52.729,47.455],[-54.13,48.836],[-56.662,50.056],[-58.128,49.496]]]},"properties":{"NAME":"Boethuk","SUBJECTO":"Boethuk","BORDERPRECISION":1}},
{"type":"Feature","geometry":{"type":"Polygon","coordinates":[[[-100.619,75.789],[-98.002,75.162],[-97.817,76.476],[-101.885,76.333],[-100.619,75.789]]]},"properties":{"NAME":null,"SUBJECTO":null,"BORDERPRECISION":1}},
{"type":"Feature","geometry":{"type":"Polygon","coordinates":[[[-113.16,77.792],[-110.62,77.537],[-110.71,78.023],[-113.16,77.792]]]},"properties":{"NAME":null,"SUBJECTO":null,"BORDERPRECISION":1}},
{"type":"Feature","geometry":{"type":"Polygon","coordinates":[[[-97.31,78.822],[-97.46,78.101],[-95.097,78.438],[-97.31,78.822]]]},"properties":{"NAME":null,"SUBJECTO":null,"BORDERPRECISION":1}},
{"type":"Feature","geometry":{"type":"Polygon","coordinates":[[[-171.858,63.5],[-169.903,63.075],[-169.333,63.397],[-170.482,63.688],[-171.858,63.5]]]},"properties":{"NAME":null,"SUBJECTO":null,"BORDERPRECISION":1}},
{"type":"Feature","geometry":{"type":"Polygon","coordinates":[[[-115.377,76.383],[-115.186,75.154],[-112.203,74.5],[-109.07,75.133],[-105.773,75.23],[-105.917,76.022],[-111.386,75.66],[-115.377,76.383]]]},"properties":{"NAME":null,"SUBJECTO":null,"BORDERPRECISION":1}},
{"type":"Feature","geometry":{"type":"Polygon","coordinates":[[[-121.711,76.177],[-120.1,75.978],[-118.736,76.938],[-121.578,76.702],[-121.711,76.177]]]},"properties":{"NAME":null,"SUBJECTO":null,"BORDERPRECISION":1}},
{"type":"Feature","geometry":{"type":"Polygon","coordinates":[[[-101.168,78.269],[-99.892,78.658],[-102.569,79.016],[-104.162,78.298],[-101.168,78.269]]]},"properties":{"NAME":null,"SUBJECTO":null,"BORDERPRECISION":1}},
{"type":"Feature","geometry":{"type":"Polygon","coordinates":[[[-155.931,20.284],[-156.034,19.106],[-154.948,19.483],[-155.931,20.284]]]},"properties":{"NAME":"Polynesians","SUBJECTO":"Polynesians","BORDERPRECISION":1}},
{"type":"Feature","geometry":{"type":"Polygon","coordinates":[[[-60.222,53.325],[-62.486,54.513],[-64.357,50.306],[-60.138,50.412],[-58.524,51.379],[-56.964,51.488],[-55.659,52.187],[-56.127,53.466],[-58.788,52.573],[-60.171,53.299],[-60.222,53.325]]]},"properties":{"NAME":"Innu","SUBJECTO":"Innu","BORDERPRECISION":1}},
{"type":"Feature","geometry":{"type":"Polygon","coordinates":[[[-0.524,42.758],[-1.915,43.305],[-3.356,43.395],[-2.717,42.425],[-2.583,41.359],[-1.004,41.919],[-0.524,42.758]]]},"properties":{"NAME":"Navarre","SUBJECTO":"Navarre","BORDERPRECISION":1}},
{"type":"Feature","geometry":{"type":"Polygon","coordinates":[[[-3.356,43.395],[-5.086,43.495],[-4.444,40.894],[-2.583,41.359],[-2.717,42.425],[-3.356,43.395]]]},"properties":{"NAME":"Castilla","SUBJECTO":"Castilla","BORDERPRECISION":1}},
{"type":"Feature","geometry":{"type":"Polygon","coordinates":[[[142.338,-10.915],[141.679,-12.468],[141.468,-14.757],[141.711,-15.227],[140.801,-17.562],[140.25,-17.798],[139.248,-17.432],[137.074,-16.031],[136.687,-16.026],[135.388,-14.897],[135.881,-14.203],[135.831,-13.485],[136.664,-12.625],[135.445,-12.176],[134.94,-12.336],[133.559,-11.951],[130.463,-12.759],[129.427,-14.306],[129.196,-14.993],[127.963,-14.703],[126.853,-13.784],[125.863,-14.695],[125.156,-14.805],[124.425,-15.658],[124.277,-16.523],[122.738,-16.583],[122.085,-17.398],[122.196,-18.244],[120.872,-19.677],[117.597,-20.758],[116.419,-20.837],[113.625,-22.566],[113.762,-23.481],[113.433,-24.874],[114.183,-26.017],[113.433,-26.572],[113.965,-28.033],[114.63,-28.903],[115.058,-30.804],[115.747,-32.208],[115.647,-33.365],[115.047,-34.422],[116.561,-35.189],[118.207,-35.09],[119.771,-34.12],[123.623,-33.915],[124.248,-33.144],[126.059,-32.434],[127.265,-32.381],[129.185,-31.798],[131.28,-31.635],[131.993,-32.066],[133.837,-32.342],[135.153,-34.05],[135.528,-35.055],[137.457,-33.314],[138.101,-34.356],[139.368,-35.614],[140.012,-37.642],[140.652,-38.164],[143.365,-38.97],[144.97,-38.066],[145.934,-38.881],[146.821,-38.841],[148.037,-38.098],[149.504,-37.929],[149.985,-37.347],[150.222,-35.694],[150.762,-35.253],[151.364,-33.521],[152.176,-32.877],[152.972,-31.418],[152.94,-30.699],[153.493,-28.841],[152.946,-27.341],[153.069,-26.228],[151.73,-24.157],[150.802,-23.6],[150.754,-22.812],[149.557,-22.433],[149.101,-21.06],[148.19,-20.172],[146.322,-19.082],[145.925,-18.257],[145.869,-17.195],[145.326,-16.49],[145.184,-15.048],[143.743,-14.466],[143.173,-12.121],[142.338,-10.915]]]},"properties":{"NAME":"Australian aboriginal hunter-gatherers","SUBJECTO":"Australian aboriginal hunter-gatherers","BORDERPRECISION":1}},
{"type":"Feature","geometry":{"type":"Polygon","coordinates":[[[146.713,-43.722],[147.815,-42.965],[148.27,-41.093],[146.382,-41.308],[144.776,-40.843],[145.723,-43.24],[146.713,-43.722]]]},"properties":{"NAME":"Tasmanian hunter-gatherers","SUBJECTO":"Tasmanian hunter-gatherers","BORDERPRECISION":1}},
{"type":"Feature","geometry":{"type":"Polygon","coordinates":[[[105.403,72.749],[98.459,69.791],[75.856,61.427],[62.806,56.955],[59.094,56.432],[65.312,55.047],[65.848,55.103],[78.362,56.41],[88.845,56.461],[93.7,56.485],[99.537,55.281],[99.485,55.659],[107.962,59.818],[114.016,59.547],[115.393,57.653],[116.962,59.883],[127.809,61.804],[137.178,61.334],[142.721,59.239],[145.404,59.326],[148.416,59.097],[149.045,59.587],[151.14,59.44],[152.504,58.769],[153.924,58.922],[154.316,59.983],[155.734,60.555],[157.098,61.633],[158.841,61.784],[160.645,60.718],[164.138,62.533],[163.329,60.695],[159.649,58.954],[158.326,58.027],[156.777,57.58],[155.628,56.268],[155.465,54.92],[156.696,50.958],[157.898,51.666],[158.461,52.826],[159.897,53.241],[159.931,54.086],[162.008,54.738],[161.503,55.287],[162.512,57.033],[161.804,58.102],[162.907,58.891],[163.389,59.814],[164.585,59.665],[165.78,60.354],[170.344,60.28],[169.481,61.193],[172.441,63.078],[171.768,65.859],[168.135,67.458],[155.892,68.169],[130.867,69.901],[124.544,71.586],[123.501,73.505],[120.579,72.835],[118.46,73.519],[111.762,73.658],[105.403,72.749]]]},"properties":{"NAME":"Paleo-Siberian hunter-gatherers","SUBJECTO":"Paleo-Siberian hunter-gatherers","BORDERPRECISION":1}},
{"type":"Feature","geometry":{"type":"Polygon","coordinates":[[[19.821,69.37],[18.4,67.235],[18.534,66.432],[17.261,64.206],[20.873,64.033],[20.921,64.714],[22.646,65.935],[25.252,65.417],[23.131,63.783],[27.232,63.354],[30.604,64.938],[34.293,65.396],[35.772,66.259],[39.19,66.039],[41.255,66.937],[40.826,67.66],[35.437,69.15],[29.729,69.698],[30.799,70.308],[28.308,70.949],[24.571,70.741],[23.204,69.943],[19.821,69.37]]]},"properties":{"NAME":"Sámi","SUBJECTO":"Sámi","BORDERPRECISION":1}},
{"type":"Feature","geometry":{"type":"Polygon","coordinates":[[[-82.177,22.366],[-81.351,22.151],[-81.363,23.121],[-82.959,23.025],[-84.256,22.539],[-84.706,21.77],[-82.853,22.638],[-81.663,22.507],[-82.177,22.366]]]},"properties":{"NAME":"Guanahatabeyes","SUBJECTO":"Guanahatabeyes","BORDERPRECISION":1}},
{"type":"Feature","geometry":{"type":"MultiPolygon","coordinates":[[[[-81.363,23.121],[-81.351,22.151],[-78.514,21.306],[-78.45,20.969],[-77.099,20.533],[-77.663,19.903],[-75.519,19.907],[-74.173,20.19],[-74.345,20.323],[-75.759,20.752],[-75.604,21.013],[-75.751,21.121],[-76.209,21.196],[-77.34,21.512],[-78.171,22.12],[-79.76,22.759],[-81.363,23.121]]],[[[-73.493,19.753],[-72.676,19.392],[-72.759,19.074],[-72.298,18.662],[-74.442,18.524],[-71.978,18.262],[-71.401,17.704],[-70.621,18.507],[-68.373,18.575],[-68.477,18.715],[-68.657,18.873],[-69.069,19.076],[-69.509,19.208],[-69.747,19.354],[-69.993,19.684],[-70.289,19.652],[-70.882,19.93],[-71.843,19.731],[-73.493,19.753]]],[[[-78.325,18.35],[-77.291,17.806],[-76.301,17.992],[-76.426,18.119],[-77.156,18.397],[-77.769,18.51],[-78.325,18.35]]],[[[-65.775,18.396],[-67.211,18.438],[-67.162,18.33],[-67.152,17.987],[-65.724,18.333],[-65.775,18.396]]]]},"properties":{"NAME":"Taino","SUBJECTO":"Taino","BORDERPRECISION":1}},
{"type":"Feature","geometry":{"type":"MultiPolygon","coordinates":[[[[-43.72,60.004],[-42.785,60.529],[-42.271,62.194],[-40.516,63.782],[-39.695,65.187],[-42.793,65.403],[-43.848,64.206],[-44.258,61.87],[-43.72,60.004]]],[[[-50.539,67.488],[-52.303,66.909],[-53.103,65.873],[-52.078,65.372],[-51.366,63.726],[-49.857,62.967],[-48.915,61.421],[-46.158,60.937],[-46.133,61.759],[-47.656,62.795],[-49.062,64.786],[-49.473,67.033],[-50.539,67.488]]],[[[-62.811,81.156],[-66.522,80.711],[-64.623,79.949],[-65.485,79.158],[-72.383,78.526],[-71.184,77.26],[-67.037,75.936],[-62.449,76.338],[-63.358,78.236],[-62.811,81.156]]],[[[-123.148,74.441],[-125.341,72.969],[-125.617,71.99],[-123.468,71.199],[-120.843,71.53],[-120.454,72.299],[-117.686,73.215],[-123.148,74.441]]],[[[-180,68.917],[-180,67.963],[-180,66.963],[-180,65.963],[-180,65.382],[-180,65.311],[-180,65.259],[-179.379,65.996],[-178.116,65.482],[-173.077,64.384],[-172.562,65.515],[-170.613,66.038],[-171.958,66.956],[-173.875,67.159],[-180,68.917]]],[[[-60.124,53.517],[-57.515,54.466],[-59.694,55.154],[-61.928,56.273],[-61.476,57.104],[-62.51,57.972],[-76.462,56.578],[-77.234,55.607],[-79.545,54.692],[-78.742,52.744],[-74.197,52.927],[-71.033,55.196],[-65.643,55.263],[-62.486,54.513],[-60.222,53.325],[-60.124,53.517]]],[[[-60.171,53.299],[-58.788,52.573],[-56.127,53.466],[-57.561,54.131],[-60.171,53.299]]],[[[170.344,60.28],[173.481,61.601],[179.288,62.815],[178.147,64.157],[180,64.953],[180,65.052],[180,65.311],[180,65.382],[180,65.963],[180,66.963],[180,67.963],[180,68.92],[175.611,69.779],[170.452,70.019],[170.833,68.922],[169.389,68.717],[167.32,69.659],[161.961,69.528],[159.444,69.765],[158.409,70.814],[156.043,70.987],[152.134,70.664],[150.694,71.347],[146.915,72.202],[141.294,72.787],[137.63,71.075],[132.284,71.661],[130.779,70.678],[126.216,72.382],[127.72,73.402],[123.501,73.505],[124.544,71.586],[130.867,69.901],[155.892,68.169],[168.135,67.458],[171.768,65.859],[172.441,63.078],[169.481,61.193],[170.344,60.28]]],[[[-119.979,69.378],[-122.326,69.884],[-125.974,69.43],[-127.352,70.38],[-129.013,69.72],[-131.673,69.276],[-135.439,69.526],[-137.729,69.016],[-143.308,70.197],[-145.273,70.116],[-149.286,70.539],[-156.905,71.346],[-160.24,70.858],[-162.879,69.999],[-164.067,69.065],[-166.844,68.405],[-163.739,67.218],[-161.936,67.088],[-162.275,66.071],[-164.463,66.596],[-168.18,65.694],[-166.139,65.355],[-166.586,64.73],[-163.025,64.442],[-160.939,63.985],[-150.129,63.324],[-144.68,63.192],[-140.052,62.495],[-132.435,62.497],[-124.936,64.835],[-118.196,62.711],[-114.565,60.6],[-111.284,58.553],[-102.144,57.214],[-93.825,56.863],[-92.404,56.975],[-93.074,58.551],[-94.684,58.878],[-94.753,59.95],[-93.423,61.858],[-91.417,62.853],[-91.027,63.395],[-90,63.57],[-89.87,63.575],[-89.862,63.647],[-90.006,63.904],[-89.995,64.033],[-87.824,64.347],[-97.361,65.124],[-110.86,65.944],[-120.403,67.947],[-119.979,69.378]]]]},"properties":{"NAME":"Arctic marine mammal hunters","SUBJECTO":"Arctic marine mammal hunters","BORDERPRECISION":1}},
{"type":"Feature","geometry":{"type":"MultiPolygon","coordinates":[[[[-62.51,57.972],[-64.671,60.181],[-65.861,58.795],[-67.772,58.249],[-69.214,58.748],[-70.028,60.883],[-73.395,62.355],[-75.695,62.216],[-77.362,62.517],[-77.507,60.415],[-78.337,58.551],[-76.772,57.663],[-76.462,56.578],[-62.51,57.972]]],[[[-87.824,64.347],[-88.171,65.13],[-85.987,66.163],[-83.139,66.373],[-81.295,67.499],[-82.687,68.697],[-81.48,69.189],[-84.314,69.826],[-86.488,67.378],[-89.736,68.534],[-90,68.375],[-90,69.489],[-91.658,70.286],[-93.271,71.559],[-95.411,71.859],[-96.7,70.838],[-96.127,69.941],[-92.956,69.084],[-96.208,68.074],[-101.913,67.705],[-105.636,68.355],[-107.662,67.963],[-112.503,67.693],[-115.285,68.892],[-119.979,69.378],[-120.403,67.947],[-110.86,65.944],[-97.361,65.124],[-87.824,64.347]]],[[[-89.698,74.615],[-80.349,74.616],[-79.495,75.28],[-81.703,75.875],[-86.618,75.432],[-90.056,75.951],[-90.417,75.959],[-91.054,74.977],[-89.698,74.615]]],[[[-85.058,65.609],[-86.243,64.542],[-85.463,63.206],[-82.11,64.644],[-85.058,65.609]]],[[[-97.407,69.749],[-99.365,68.974],[-96.213,68.537],[-97.407,69.749]]],[[[-110.079,72.562],[-114.647,73.355],[-118.986,72.034],[-117.314,71.475],[-117.568,69.992],[-115.907,69.351],[-113.925,69.249],[-113.152,68.596],[-110.448,68.653],[-106.854,69.451],[-104.188,68.898],[-101.808,69.136],[-101.055,70.031],[-103.864,70.701],[-105.313,72.65],[-110.079,72.562]]],[[[-101.042,72.769],[-98.939,71.392],[-96.85,71.88],[-96.689,72.817],[-98.394,73.131],[-101.042,72.769]]],[[[-95.069,74.064],[-95.058,72.283],[-92.001,72.841],[-90,74],[-95.069,74.064]]],[[[-72.73,64.015],[-71.319,63.061],[-69.155,62.42],[-65.94,61.79],[-66.496,63.077],[-64.735,63.067],[-64.474,63.744],[-67.614,65.912],[-65.034,65.953],[-62.845,65.614],[-61.211,66.635],[-68.665,68.716],[-66.668,69.186],[-69.463,69.96],[-71.253,71.351],[-73.275,71.161],[-75.322,72.548],[-80.489,73.037],[-81.532,73.688],[-88.099,73.636],[-89.639,72.782],[-89.997,71.541],[-87.949,71.351],[-87.948,70.385],[-82.269,69.86],[-78.713,70.011],[-73.185,68.296],[-72.305,67.264],[-75.789,65.197],[-77.358,65.376],[-78.127,64.651],[-76.526,64.23],[-74.559,64.78],[-72.73,64.015]]],[[[-87.453,82.14],[-89.193,81.096],[-84.793,80.782],[-86.322,80.114],[-85.807,78.906],[-87.273,76.504],[-78.212,76.547],[-78.367,78.033],[-71.454,79.846],[-66.482,81.303],[-62.427,82.634],[-76.382,83.152],[-87.453,82.14]]],[[[-89.042,80.167],[-92.025,81.259],[-96.433,79.933],[-92.702,78.434],[-90,78.263],[-86.997,79.445],[-89.042,80.167]]]]},"properties":{"NAME":"Dorset","SUBJECTO":"Dorset","BORDERPRECISION":1}},
{"type":"Feature","geometry":{"type":"Polygon","coordinates":[[[-160.939,63.985],[-161.133,63.563],[-165.431,62.43],[-165.898,61.27],[-164.027,59.798],[-162.378,60.163],[-162.004,58.827],[-160.431,59.002],[-158.291,58.73],[-157.665,57.604],[-160.457,56.2],[-159.077,55.992],[-156.685,57.401],[-154.649,58.076],[-153.455,58.877],[-154.282,59.249],[-151.783,59.995],[-151.388,59.213],[-149.326,60.027],[-148.493,61.064],[-144.406,60.093],[-141.135,59.839],[-140.052,62.495],[-144.68,63.192],[-150.129,63.324],[-160.939,63.985]]]},"properties":{"NAME":"Thule","SUBJECTO":"Thule","BORDERPRECISION":1}},
{"type":"Feature","geometry":{"type":"Polygon","coordinates":[[[-140.052,62.495],[-141.135,59.839],[-139.573,59.9],[-139.2,59.277],[-137.577,58.604],[-134.123,58.239],[-131.767,56.01],[-131.191,56.035],[-130.004,53.938],[-127.866,52.413],[-125.758,53.131],[-122.491,54.244],[-111.284,58.553],[-118.196,62.711],[-124.936,64.835],[-132.435,62.497],[-140.052,62.495]]]},"properties":{"NAME":"Athabaskan","SUBJECTO":"Athabaskan","BORDERPRECISION":1}},
{"type":"Feature","geometry":{"type":"Polygon","coordinates":[[[-62.486,54.513],[-65.643,55.263],[-71.033,55.196],[-74.197,52.927],[-78.742,52.744],[-78.491,52.256],[-79.594,51.266],[-80.361,51.304],[-81.747,52.17],[-82.341,52.981],[-82.202,54.969],[-84.468,55.167],[-87.467,55.912],[-89.726,56.934],[-90.695,57.17],[-92.404,56.975],[-93.825,56.863],[-102.144,57.214],[-111.284,58.553],[-122.491,54.244],[-115.034,52.033],[-114.467,52],[-105.191,51.453],[-98.922,50.232],[-95.566,49.996],[-87.79,49.931],[-85.036,49.094],[-81.931,48.902],[-72.322,46.295],[-71.034,46.746],[-69.507,48.459],[-67.318,49.425],[-66.373,50.314],[-64.357,50.306],[-62.486,54.513]]]},"properties":{"NAME":"Subarctic forest hunter-gatherers","SUBJECTO":"Subarctic forest hunter-gatherers","BORDERPRECISION":1}},
{"type":"Feature","geometry":{"type":"Polygon","coordinates":[[[-69.283,-29.352],[-67.482,-31.656],[-63.563,-30.037],[-57.353,-29.681],[-54.365,-30.593],[-53.544,-31.446],[-52.14,-31.741],[-50.582,-30.416],[-48.797,-28.476],[-49.839,-26.797],[-49.487,-24.553],[-48.469,-23.749],[-53.123,-14.275],[-60.268,-13.81],[-64.194,-14.695],[-64.662,-16.805],[-65.906,-18.311],[-66.097,-20.138],[-67.123,-25.032],[-68.034,-26.029],[-68.06,-26.468],[-69.283,-29.352]]]},"properties":{"NAME":"Savanna hunter-gatherers","SUBJECTO":"Savanna hunter-gatherers","BORDERPRECISION":1}},
{"type":"Feature","geometry":{"type":"MultiPolygon","coordinates":[[[[-69.115,-51.352],[-71.165,-51.561],[-72.044,-48.766],[-72.191,-45.99],[-71.634,-43.196],[-70.579,-40.579],[-72.068,-40.547],[-72.728,-41.553],[-72.53,-43.063],[-72.999,-43.334],[-73.571,-46.265],[-74.564,-45.872],[-75.011,-46.774],[-73.979,-47.032],[-74.312,-48.745],[-74.075,-50.473],[-73.408,-52.024],[-71.872,-53.696],[-70.734,-52.802],[-69.483,-52.361],[-69.115,-51.352]]],[[[-69.214,-54.934],[-66.983,-54.341],[-68.305,-52.943],[-69.407,-52.566],[-70.333,-53.473],[-69.214,-54.934]]]]},"properties":{"NAME":"Patagonian shellfish and marine mammal hunters","SUBJECTO":"Patagonian shellfish and marine mammal hunters","BORDERPRECISION":1}},
{"type":"Feature","geometry":{"type":"MultiPolygon","coordinates":[[[[-68.034,-26.029],[-67.123,-25.032],[-66.097,-20.138],[-65.906,-18.311],[-66.595,-19.145],[-67.356,-19.194],[-67.825,-22.475],[-68.034,-26.029]]],[[[-71.52,-32.181],[-71.616,-33.706],[-72.629,-35.646],[-73.144,-37.156],[-73.673,-37.501],[-73.194,-39.565],[-73.905,-40.839],[-73.594,-41.697],[-72.728,-41.553],[-72.068,-40.547],[-71.517,-39.706],[-69.437,-37.159],[-67.65,-33.577],[-67.482,-31.656],[-69.283,-29.352],[-70.027,-30.678],[-71.52,-32.181]]]]},"properties":{"NAME":"Andean hunter-gatherers","SUBJECTO":"Andean hunter-gatherers","BORDERPRECISION":1}},
{"type":"Feature","geometry":{"type":"Polygon","coordinates":[[[-64.194,-14.695],[-60.268,-13.81],[-53.123,-14.275],[-46.281,-3.553],[-49.066,-4.744],[-54.163,-4.627],[-56.331,-4.335],[-58.44,-2.288],[-57.972,-0.589],[-55.804,0.876],[-55.862,1.696],[-58.558,3.978],[-62.659,4.153],[-66.408,3.042],[-70.158,-5.735],[-69.045,-8.236],[-64.194,-14.695]]]},"properties":{"NAME":"Amazon hunter-gatherers","SUBJECTO":"Amazon hunter-gatherers","BORDERPRECISION":1}},
{"type":"Feature","geometry":{"type":"MultiPolygon","coordinates":[[[[-71.182,9.277],[-70.682,8.557],[-65.965,8.18],[-63.065,8.325],[-61.696,8.61],[-60.793,9.388],[-61.531,9.851],[-64.068,10.627],[-64.884,10.136],[-66.478,10.679],[-67.98,10.542],[-68.695,11.38],[-69.748,11.533],[-71.098,11.12],[-71.496,10.646],[-71.182,9.277]]],[[[-49.138,-1.568],[-48.402,-0.391],[-50.501,-0.262],[-50.476,-1.679],[-49.138,-1.568]]]]},"properties":{"NAME":"Caribbean hunter-gatherers","SUBJECTO":"Caribbean hunter-gatherers","BORDERPRECISION":1}},
{"type":"Feature","geometry":{"type":"Polygon","coordinates":[[[-69.167,-51.149],[-69.041,-50.562],[-67.833,-49.968],[-67.578,-49.059],[-66.078,-48.142],[-65.776,-47.23],[-67.328,-46.532],[-67.472,-45.922],[-66.695,-45.131],[-65.436,-44.89],[-65.307,-43.601],[-63.6,-42.704],[-63.729,-42.101],[-64.992,-42.193],[-64.939,-40.827],[-62.964,-41.137],[-62.068,-39.556],[-61.361,-39.031],[-59.515,-38.875],[-57.809,-38.386],[-56.698,-36.944],[-57.419,-35.997],[-57.348,-34.508],[-56.338,-34.995],[-54.074,-34.648],[-52.351,-32.675],[-52.14,-31.741],[-53.544,-31.446],[-54.365,-30.593],[-57.353,-29.681],[-63.563,-30.037],[-67.482,-31.656],[-67.65,-33.577],[-69.437,-37.159],[-71.517,-39.706],[-72.068,-40.547],[-70.579,-40.579],[-71.634,-43.196],[-72.191,-45.99],[-72.044,-48.766],[-71.165,-51.561],[-69.115,-51.352],[-69.167,-51.149]]]},"properties":{"NAME":"Pampas cultures","SUBJECTO":"Pampas cultures","BORDERPRECISION":1}},
{"type":"Feature","geometry":{"type":"MultiPolygon","coordinates":[[[[-121.17,38.88],[-121.362,39.687],[-120.474,43.57],[-120.307,44.299],[-120.483,48.962],[-125.758,53.131],[-127.866,52.413],[-127.247,50.968],[-124.939,50.596],[-124.795,50.035],[-122.606,48.835],[-122.826,48.023],[-124.675,48.386],[-123.995,45.764],[-124.63,43.014],[-124.153,41.58],[-124.365,40.334],[-123.648,38.88],[-121.17,38.88]]],[[[-126.522,49.822],[-125.967,49.174],[-123.902,48.471],[-123.861,49.158],[-125.719,50.409],[-126.522,49.822]]]]},"properties":{"NAME":"North American Pacifi foraging, hunting and fishing peoples","SUBJECTO":"North American Pacifi foraging, hunting and fishing peoples","BORDERPRECISION":1}},
{"type":"Feature","geometry":{"type":"Polygon","coordinates":[[[-102.568,32.428],[-98.19,29.181],[-97.758,28.695],[-96.603,28.384],[-94.118,29.693],[-94.118,31.93],[-95.82,32.715],[-97.139,34.471],[-96.406,35.646],[-94.619,36.097],[-94.118,35.876],[-94.118,39.732],[-94.235,46.721],[-95.566,49.996],[-98.922,50.232],[-105.191,51.453],[-114.467,52],[-114.126,47.952],[-111.668,41.935],[-109.049,38.88],[-102.568,38.88],[-102.568,32.428]]]},"properties":{"NAME":"Plain bison hunters","SUBJECTO":"Plain bison hunters","BORDERPRECISION":1}},
{"type":"Feature","geometry":{"type":"Polygon","coordinates":[[[-125.758,53.131],[-120.483,48.962],[-120.307,44.299],[-120.474,43.57],[-119.018,43.113],[-115.093,42.512],[-111.668,41.935],[-114.126,47.952],[-114.467,52],[-115.034,52.033],[-122.491,54.244],[-125.758,53.131]]]},"properties":{"NAME":"Plateau fichers and hunter gatherers","SUBJECTO":"Plateau fichers and hunter gatherers","BORDERPRECISION":1}},
{"type":"Feature","geometry":{"type":"MultiPolygon","coordinates":[[[[-109.049,38.88],[-111.668,41.935],[-115.093,42.512],[-119.018,43.113],[-120.474,43.57],[-121.362,39.687],[-121.17,38.88],[-109.049,38.88]]],[[[-97.758,28.695],[-98.19,29.181],[-102.568,32.428],[-102.568,29.992],[-97.758,28.695]]]]},"properties":{"NAME":"Desert hunter-gatherers","SUBJECTO":"Desert hunter-gatherers","BORDERPRECISION":1}},
{"type":"Feature","geometry":{"type":"Polygon","coordinates":[[[47.636,4.096],[48.472,5.201],[49.046,6.416],[50.779,9.368],[51.181,11.777],[50.697,11.948],[49.304,11.246],[47.391,11.159],[46.677,10.7],[45.909,10.832],[44.281,10.396],[43.104,11.531],[41.527,10.28],[40.191,10.007],[39.752,7.951],[38.879,7.854],[38.605,6.597],[35.578,5.527],[33.022,6.865],[32.349,9.528],[32.847,10.105],[31.745,10.248],[30.787,11.227],[30.6,11.116],[24.074,11.182],[23.2,11.775],[20.673,11.956],[18.628,10.169],[15.657,11.306],[14.582,12.673],[8.266,12.367],[2.346,13.286],[0.518,13.3],[-4.958,13.341],[-4.565,12.762],[-5.089,11.536],[-7.634,11.347],[-9.131,11.913],[-9.58,12.385],[-9.58,13.328],[-8.74,13.894],[-13.62,14.895],[-14.661,13.764],[-15.673,13.856],[-16.111,14.654],[-17.033,14.565],[-16.471,13.723],[-16.772,12.597],[-15.809,11.843],[-14.591,10.467],[-13.68,9.916],[-12.264,7.351],[-9.937,5.863],[-9.248,5.172],[-7.529,4.337],[-5,5.238],[-3.942,5.266],[-2.031,4.698],[1.558,6.237],[3.949,6.579],[5.359,5.368],[12.605,7.732],[22.225,6.196],[33.93,2.844],[34.406,2.49],[43.415,2.515],[44.281,3.358],[46.449,4.08],[47.636,4.096]]]},"properties":{"NAME":"West African cereal farmers","SUBJECTO":"West African cereal farmers","BORDERPRECISION":1}},
{"type":"Feature","geometry":{"type":"Polygon","coordinates":[[[28.617,-19.948],[12.906,-19.702],[14.415,-22.268],[14.396,-23.075],[14.909,-25.018],[14.843,-25.622],[15.454,-27.616],[16.788,-29.139],[18.179,-31.805],[18.487,-34.398],[20.256,-34.623],[21.669,-34.506],[22.682,-34.103],[24.43,-34.335],[26.659,-33.847],[28.922,-32.298],[30.391,-30.814],[31.563,-29.21],[32.235,-28.744],[32.767,-27.517],[32.896,-26.372],[33.347,-25.304],[34.884,-24.722],[35.297,-23.825],[35.261,-22.274],[34.719,-20.043],[33.395,-20.022],[33.395,-20.761],[32.866,-21.996],[31.102,-23.055],[29.338,-23.055],[28.455,-22.525],[28.279,-21.467],[28.617,-19.948]]]},"properties":{"NAME":"Khoiasan","SUBJECTO":"Khoiasan","BORDERPRECISION":1}},
{"type":"Feature","geometry":{"type":"Polygon","coordinates":[[[-95.566,49.996],[-94.235,46.721],[-94.118,39.732],[-94.118,35.876],[-94.619,36.097],[-96.406,35.646],[-97.139,34.471],[-95.82,32.715],[-94.118,31.93],[-94.118,29.693],[-92.117,29.542],[-90.779,29.109],[-89.233,30.406],[-87.775,30.263],[-86.389,30.473],[-85.305,29.664],[-83.886,30.048],[-82.647,28.907],[-82.429,27.826],[-80.592,28.492],[-81.512,30.727],[-80.581,32.497],[-76.622,34.763],[-75.729,35.882],[-76.215,37.943],[-75.668,37.898],[-74.153,39.765],[-73.741,40.977],[-70.302,41.759],[-70.868,42.871],[-70.216,43.8],[-68.804,44.393],[-67.169,44.711],[-66.502,45.186],[-64.905,45.463],[-66.189,44.141],[-65.713,43.56],[-61.032,45.379],[-64.535,46.272],[-65.213,48.121],[-64.952,49.207],[-66.03,49.166],[-69.254,48.12],[-71.034,46.746],[-72.322,46.295],[-81.931,48.902],[-85.036,49.094],[-87.79,49.931],[-95.566,49.996]],[[-86.276,42.442],[-87.224,41.635],[-87.783,42.204],[-87.908,43.192],[-86.72,45.867],[-85.382,46.075],[-84.952,45.408],[-86.002,44.917],[-86.514,43.681],[-86.276,42.442]],[[-84.634,45.751],[-83.794,46.257],[-80.807,45.955],[-79.918,44.967],[-81.095,44.799],[-81.808,43.318],[-83.386,44.313],[-83.431,45.275],[-84.634,45.751]],[[-80.276,42.741],[-80.073,42.153],[-81.811,41.495],[-82.484,41.96],[-81.439,42.587],[-80.276,42.741]],[[-92.256,46.647],[-89.517,48.004],[-88.095,49.005],[-86.384,48.725],[-85.027,47.94],[-84.442,46.817],[-87.273,46.512],[-87.76,46.864],[-90.832,46.944],[-92.256,46.647]]]},"properties":{"NAME":"Eastern North Amercian hunter-gatherers","SUBJECTO":"Eastern North Amercian hunter-gatherers","BORDERPRECISION":1}},
{"type":"Feature","geometry":{"type":"Polygon","coordinates":[[[-118.196,62.711],[-111.284,58.553],[-114.565,60.6],[-118.196,62.711]]]},"properties":{"NAME":null,"SUBJECTO":null,"BORDERPRECISION":1}},
{"type":"Feature","geometry":{"type":"Polygon","coordinates":[[[-89.726,56.934],[-90,57.178],[-90.695,57.17],[-89.726,56.934]]]},"properties":{"NAME":null,"SUBJECTO":null,"BORDERPRECISION":1}},
{"type":"Feature","geometry":{"type":"Polygon","coordinates":[[[-89.862,63.647],[-89.995,64.033],[-90.006,63.904],[-89.862,63.647]]]},"properties":{"NAME":null,"SUBJECTO":null,"BORDERPRECISION":1}},
{"type":"Feature","geometry":{"type":"Polygon","coordinates":[[[-90,63.57],[-90,63.561],[-89.87,63.575],[-90,63.57]]]},"properties":{"NAME":null,"SUBJECTO":null,"BORDERPRECISION":1}},
{"type":"Feature","geometry":{"type":"Polygon","coordinates":[[[-91.417,62.853],[-90,62.946],[-91.027,63.395],[-91.417,62.853]]]},"properties":{"NAME":null,"SUBJECTO":null,"BORDERPRECISION":1}},
{"type":"Feature","geometry":{"type":"Polygon","coordinates":[[[-2.01,47.746],[-1.999,48.677],[-3.091,48.872],[-4.78,48.355],[-4.35,48.391],[-4.588,48.251],[-4.351,48.205],[-4.313,48.101],[-4.7,48.064],[-4.391,47.942],[-4.364,47.829],[-2.466,47.494],[-2.576,47.325],[-2.576,47.324],[-2.01,47.746]]]},"properties":{"NAME":"Britany","SUBJECTO":"Britany","BORDERPRECISION":1}},
{"type":"Feature","geometry":{"type":"Polygon","coordinates":[[[33.395,-20.022],[34.719,-20.043],[37.275,-17.713],[39.471,-16.717],[40.386,-15.736],[40.849,-14.579],[40.603,-13.531],[40.4,-11.23],[39.248,-11.145],[38.238,-9.292],[37.732,-4.575],[39.417,-1.375],[43.415,2.515],[34.406,2.49],[33.93,2.844],[22.225,6.196],[12.605,7.732],[5.359,5.368],[5.607,4.632],[6.844,4.292],[8.875,4.62],[9.923,2.824],[9.851,1.877],[9.203,-0.634],[8.815,-0.896],[9.656,-2.419],[11.773,-4.537],[12.372,-6.258],[13.387,-8.156],[13.204,-9.637],[13.816,-10.976],[13.649,-12.197],[12.585,-13.464],[12.06,-15.594],[11.782,-15.868],[11.775,-17.596],[12.08,-18.491],[12.906,-19.702],[28.617,-19.948],[29.69,-18.82],[32.69,-18.644],[33.395,-19.173],[33.395,-20.022]]]},"properties":{"NAME":"Bantou","SUBJECTO":"Bantou","BORDERPRECISION":1}},
{"type":"Feature","geometry":{"type":"Polygon","coordinates":[[[90.886,75.602],[91.635,75.653],[90,75.602],[89.796,75.524],[90.886,75.602]]]},"properties":{"NAME":null,"SUBJECTO":null,"BORDERPRECISION":1}},
{"type":"Feature","geometry":{"type":"Polygon","coordinates":[[[54.994,73.536],[56.96,73.357],[60.887,75.247],[66.548,75.98],[65.926,76.507],[59.018,75.799],[54.018,73.734],[54.994,73.536]]]},"properties":{"NAME":null,"SUBJECTO":null,"BORDERPRECISION":1}},
{"type":"Feature","geometry":{"type":"Polygon","coordinates":[[[54.736,73.258],[51.482,71.845],[54.308,71.206],[55.721,71.642],[54.736,73.258]]]},"properties":{"NAME":null,"SUBJECTO":null,"BORDERPRECISION":1}},
{"type":"Feature","geometry":{"type":"Polygon","coordinates":[[[-82.429,27.826],[-82.31,26.825],[-81.098,25.125],[-80.314,25.244],[-80.05,26.551],[-80.592,28.492],[-82.429,27.826]]]},"properties":{"NAME":"Caloosahatchee cultureure","SUBJECTO":"Caloosahatchee cultureure","BORDERPRECISION":1}},
{"type":"Feature","geometry":{"type":"Polygon","coordinates":[[[-4.153,53.226],[-4.277,53.398],[-4.567,53.273],[-4.351,53.124],[-4.153,53.226]]]},"properties":{"NAME":null,"SUBJECTO":null,"BORDERPRECISION":1}},
{"type":"Feature","geometry":{"type":"Polygon","coordinates":[[[-5.104,55.439],[-5.155,55.673],[-5.4,55.601],[-5.104,55.439]]]},"properties":{"NAME":null,"SUBJECTO":null,"BORDERPRECISION":1}},
{"type":"Feature","geometry":{"type":"Polygon","coordinates":[[[-6.122,55.879],[-6.327,55.589],[-6.025,55.681],[-6.122,55.879]]]},"properties":{"NAME":null,"SUBJECTO":null,"BORDERPRECISION":1}},
{"type":"Feature","geometry":{"type":"Polygon","coordinates":[[[-5.947,55.83],[-5.746,56.064],[-5.968,56.024],[-6.079,55.906],[-5.947,55.83]]]},"properties":{"NAME":null,"SUBJECTO":null,"BORDERPRECISION":1}},
{"type":"Feature","geometry":{"type":"Polygon","coordinates":[[[-7.467,56.941],[-7.376,56.979],[-7.446,57.056],[-7.554,56.966],[-7.467,56.941]]]},"properties":{"NAME":null,"SUBJECTO":null,"BORDERPRECISION":1}},
{"type":"Feature","geometry":{"type":"Polygon","coordinates":[[[-7.223,57.337],[-7.425,57.382],[-7.381,57.109],[-7.23,57.095],[-7.223,57.337]]]},"properties":{"NAME":null,"SUBJECTO":null,"BORDERPRECISION":1}},
{"type":"Feature","geometry":{"type":"Polygon","coordinates":[[[-7.269,57.399],[-7.205,57.461],[-7.351,57.489],[-7.388,57.424],[-7.269,57.399]]]},"properties":{"NAME":null,"SUBJECTO":null,"BORDERPRECISION":1}},
{"type":"Feature","geometry":{"type":"Polygon","coordinates":[[[-7.189,57.687],[-7.477,57.562],[-7.154,57.509],[-7.189,57.687]]]},"properties":{"NAME":null,"SUBJECTO":null,"BORDERPRECISION":1}},
{"type":"Feature","geometry":{"type":"Polygon","coordinates":[[[-7.006,57.881],[-6.994,57.919],[-7.074,57.896],[-7.006,57.881]]]},"properties":{"NAME":null,"SUBJECTO":null,"BORDERPRECISION":1}},
{"type":"Feature","geometry":{"type":"Polygon","coordinates":[[[-6.802,58.203],[-6.794,58.218],[-6.854,58.25],[-6.873,58.206],[-6.802,58.203]]]},"properties":{"NAME":null,"SUBJECTO":null,"BORDERPRECISION":1}},
{"type":"Feature","geometry":{"type":"Polygon","coordinates":[[[-6.204,58.356],[-7.032,58.238],[-6.474,57.94],[-6.204,58.356]]]},"properties":{"NAME":null,"SUBJECTO":null,"BORDERPRECISION":1}},
{"type":"Feature","geometry":{"type":"Polygon","coordinates":[[[-2.918,58.732],[-2.877,58.82],[-3.037,58.818],[-2.918,58.732]]]},"properties":{"NAME":null,"SUBJECTO":null,"BORDERPRECISION":1}},
{"type":"Feature","geometry":{"type":"Polygon","coordinates":[[[-3.231,58.776],[-3.136,58.804],[-3.336,58.927],[-3.431,58.871],[-3.231,58.776]]]},"properties":{"NAME":null,"SUBJECTO":null,"BORDERPRECISION":1}},
{"type":"Feature","geometry":{"type":"Polygon","coordinates":[[[-2.793,58.951],[-3.077,59.122],[-3.195,58.911],[-2.793,58.951]]]},"properties":{"NAME":null,"SUBJECTO":null,"BORDERPRECISION":1}},
{"type":"Feature","geometry":{"type":"Polygon","coordinates":[[[-2.681,59.196],[-2.621,59.236],[-2.496,59.245],[-2.414,59.314],[-2.593,59.291],[-2.681,59.196]]]},"properties":{"NAME":null,"SUBJECTO":null,"BORDERPRECISION":1}},
{"type":"Feature","geometry":{"type":"Polygon","coordinates":[[[-2.89,59.295],[-3.049,59.329],[-3.003,59.264],[-2.972,59.287],[-2.89,59.295]]]},"properties":{"NAME":null,"SUBJECTO":null,"BORDERPRECISION":1}},
{"type":"Feature","geometry":{"type":"Polygon","coordinates":[[[-1.296,60.491],[-1.32,60.356],[-1.655,60.226],[-1.126,60.152],[-1.041,60.447],[-1.296,60.491]]]},"properties":{"NAME":null,"SUBJECTO":null,"BORDERPRECISION":1}},
{"type":"Feature","geometry":{"type":"Polygon","coordinates":[[[-1.029,60.496],[-0.991,60.72],[-1.177,60.637],[-1.029,60.496]]]},"properties":{"NAME":null,"SUBJECTO":null,"BORDERPRECISION":1}},
{"type":"Feature","geometry":{"type":"Polygon","coordinates":[[[-0.82,60.689],[-0.768,60.829],[-0.939,60.794],[-0.966,60.688],[-0.82,60.689]]]},"properties":{"NAME":null,"SUBJECTO":null,"BORDERPRECISION":1}},
{"type":"Feature","geometry":{"type":"Polygon","coordinates":[[[-6.707,61.937],[-6.719,62.029],[-7.192,62.308],[-7.232,62.172],[-6.707,61.937]]]},"properties":{"NAME":null,"SUBJECTO":null,"BORDERPRECISION":1}},
{"type":"Feature","geometry":{"type":"Polygon","coordinates":[[[-4.778,54.056],[-4.394,54.186],[-4.527,54.367],[-4.778,54.056]]]},"properties":{"NAME":null,"SUBJECTO":null,"BORDERPRECISION":1}},
{"type":"Feature","geometry":{"type":"Polygon","coordinates":[[[129.716,28.451],[129.158,28.235],[129.369,28.116],[129.716,28.451]]]},"properties":{"NAME":null,"SUBJECTO":null,"BORDERPRECISION":1}},
{"type":"Feature","geometry":{"type":"Polygon","coordinates":[[[129.963,29.957],[129.942,30],[129.924,29.984],[129.963,29.957]]]},"properties":{"NAME":null,"SUBJECTO":null,"BORDERPRECISION":1}},
{"type":"Feature","geometry":{"type":"Polygon","coordinates":[[[129.896,29.874],[129.877,29.831],[129.923,29.825],[129.896,29.874]]]},"properties":{"NAME":null,"SUBJECTO":null,"BORDERPRECISION":1}},
{"type":"Feature","geometry":{"type":"Polygon","coordinates":[[[130.906,30.355],[131.074,30.689],[130.945,30.683],[130.906,30.355]]]},"properties":{"NAME":null,"SUBJECTO":null,"BORDERPRECISION":1}},
{"type":"Feature","geometry":{"type":"Polygon","coordinates":[[[130.559,30.236],[130.672,30.373],[130.511,30.459],[130.387,30.397],[130.559,30.236]]]},"properties":{"NAME":null,"SUBJECTO":null,"BORDERPRECISION":1}},
{"type":"Feature","geometry":{"type":"Polygon","coordinates":[[[121.735,25.139],[121.002,25.002],[120.116,23.631],[120.329,22.519],[120.879,22.341],[121.84,24.476],[121.735,25.139]]]},"properties":{"NAME":"Taiwanese Tribes","SUBJECTO":"Taiwanese Tribes","BORDERPRECISION":1}},
{"type":"Feature","geometry":{"type":"Polygon","coordinates":[[[128.901,32.643],[128.649,32.778],[128.61,32.612],[128.901,32.643]]]},"properties":{"NAME":null,"SUBJECTO":null,"BORDERPRECISION":1}},
{"type":"Feature","geometry":{"type":"Polygon","coordinates":[[[123.871,24.252],[123.922,24.371],[123.767,24.414],[123.679,24.316],[123.871,24.252]]]},"properties":{"NAME":null,"SUBJECTO":null,"BORDERPRECISION":1}},
{"type":"Feature","geometry":{"type":"Polygon","coordinates":[[[125.356,24.777],[125.262,24.879],[125.252,24.738],[125.356,24.777]]]},"properties":{"NAME":null,"SUBJECTO":null,"BORDERPRECISION":1}},
{"type":"Feature","geometry":{"type":"Polygon","coordinates":[[[124.262,24.457],[124.078,24.42],[124.122,24.345],[124.23,24.338],[124.262,24.457]]]},"properties":{"NAME":null,"SUBJECTO":null,"BORDERPRECISION":1}},
{"type":"Feature","geometry":{"type":"Polygon","coordinates":[[[128.253,26.639],[128.247,26.84],[127.959,26.544],[128.253,26.639]]]},"properties":{"NAME":null,"SUBJECTO":null,"BORDERPRECISION":1}},
{"type":"Feature","geometry":{"type":"Polygon","coordinates":[[[126.762,26.387],[126.702,26.349],[126.781,26.298],[126.81,26.347],[126.762,26.387]]]},"properties":{"NAME":null,"SUBJECTO":null,"BORDERPRECISION":1}},
{"type":"Feature","geometry":{"type":"Polygon","coordinates":[[[128.951,27.676],[129.03,27.774],[128.899,27.898],[128.897,27.726],[128.951,27.676]]]},"properties":{"NAME":null,"SUBJECTO":null,"BORDERPRECISION":1}},
{"type":"Feature","geometry":{"type":"Polygon","coordinates":[[[128.609,27.359],[128.696,27.449],[128.524,27.414],[128.609,27.359]]]},"properties":{"NAME":null,"SUBJECTO":null,"BORDERPRECISION":1}},
{"type":"Feature","geometry":{"type":"Polygon","coordinates":[[[129.992,28.282],[130.032,28.353],[129.943,28.322],[129.992,28.282]]]},"properties":{"NAME":null,"SUBJECTO":null,"BORDERPRECISION":1}},
{"type":"Feature","geometry":{"type":"Polygon","coordinates":[[[129.336,28.075],[129.34,28.111],[129.224,28.184],[129.219,28.098],[129.336,28.075]]]},"properties":{"NAME":null,"SUBJECTO":null,"BORDERPRECISION":1}},
{"type":"Feature","geometry":{"type":"Polygon","coordinates":[[[129.733,29.61],[129.753,29.648],[129.71,29.652],[129.733,29.61]]]},"properties":{"NAME":null,"SUBJECTO":null,"BORDERPRECISION":1}},
{"type":"Feature","geometry":{"type":"Polygon","coordinates":[[[27.449,46.525],[29.361,45.208],[29.579,45.058],[29.683,45.375],[29.536,45.452],[29.63,45.75],[30.069,45.861],[30.833,46.577],[28.642,48.377],[28.611,48.403],[27.489,49.726],[27.419,50.854],[26.501,52.736],[24.266,52.97],[23.406,52.369],[22.509,50.637],[22.881,49.225],[24.132,48.811],[27.449,46.525]]]},"properties":{"NAME":"Principality of Galicia-Volhynia","SUBJECTO":"Principality of Galicia-Volhynia","BORDERPRECISION":1}},
{"type":"Feature","geometry":{"type":"Polygon","coordinates":[[[27.419,50.854],[27.489,49.726],[28.611,48.403],[28.676,48.402],[32.505,48.36],[32.822,49.611],[31.654,50.341],[31.586,51.298],[27.419,50.854]]]},"properties":{"NAME":"Principality of Kyiv","SUBJECTO":"Principality of Kyiv","BORDERPRECISION":1}},
{"type":"Feature","geometry":{"type":"Polygon","coordinates":[[[29.63,45.75],[29.73,45.77],[30.069,45.861],[29.63,45.75]]]},"properties":{"NAME":null,"SUBJECTO":null,"BORDERPRECISION":1}},
{"type":"Feature","geometry":{"type":"Polygon","coordinates":[[[22.664,44.642],[24.232,43.793],[25.473,43.728],[26.452,44.25],[27.954,44.25],[28.019,45.315],[29.361,45.208],[27.449,46.525],[26.517,45.818],[23.056,45.034],[22.664,44.642]]]},"properties":{"NAME":null,"SUBJECTO":null,"BORDERPRECISION":1}},
{"type":"Feature","geometry":{"type":"Polygon","coordinates":[[[72.21,33.372],[76.812,33.182],[76.611,35.925],[73.256,37.221],[69.333,35.686],[72.21,33.372]]]},"properties":{"NAME":"Buyiids","SUBJECTO":"Buyiids","BORDERPRECISION":1}},
{"type":"Feature","geometry":{"type":"Polygon","coordinates":[[[36.622,58.604],[36.016,60.611],[38.257,60.904],[40.17,59.409],[41.045,62.56],[41.548,62.565],[39.694,64.489],[36.884,65.068],[37.411,63.749],[35.082,64.288],[34.462,65.062],[31.145,61.518],[28.537,60.509],[27.894,59.346],[26.52,59.421],[28.588,56.776],[36.622,58.604]]]},"properties":{"NAME":"Principality of Novgorod","SUBJECTO":"Principality of Novgorod","BORDERPRECISION":1}},
{"type":"Feature","geometry":{"type":"Polygon","coordinates":[[[105.403,72.749],[113.625,75.273],[113.533,76.094],[108.244,76.646],[103.393,77.558],[99.467,75.967],[94.694,76.184],[91.635,75.653],[90.886,75.602],[89.796,75.524],[86.958,74.782],[87.691,73.9],[80.464,73.314],[79.223,72.271],[76.333,71.72],[73.217,71.458],[74.25,70.573],[73.915,69.154],[74.742,67.686],[72.209,66.173],[70.84,66.551],[72.838,67.646],[73.394,68.382],[72.526,69.069],[72.68,70.824],[71.798,71.432],[72.714,72.77],[69.343,72.834],[68.316,71.635],[66.818,71.105],[67.422,70.223],[66.584,68.886],[62.281,69.705],[60.369,69.468],[57.024,68.449],[53.889,68.787],[48.081,67.562],[45.863,68.383],[43.822,68.327],[44.384,66.612],[42.211,66.41],[39.951,65.581],[39.694,64.489],[41.548,62.565],[46.729,62.611],[48.096,58.392],[47.518,57.709],[53.976,57.709],[55.709,57.198],[59.094,56.432],[62.806,56.955],[75.856,61.427],[98.459,69.791],[105.403,72.749]]]},"properties":{"NAME":"Finno-Ugric taiga hunter-gatherers","SUBJECTO":"Finno-Ugric taiga hunter-gatherers","BORDERPRECISION":1}},
{"type":"Feature","geometry":{"type":"Polygon","coordinates":[[[39.209,55.561],[42.32,55.002],[42.017,56.775],[44.989,57.974],[47.518,57.709],[48.096,58.392],[46.729,62.611],[41.548,62.565],[41.045,62.56],[40.17,59.409],[38.257,60.904],[36.016,60.611],[36.622,58.604],[38.37,58.264],[39.226,56.959],[39.209,55.561]]]},"properties":{"NAME":"Principality of Vladimir-Suzdal","SUBJECTO":"Principality of Vladimir-Suzdal","BORDERPRECISION":1}},
{"type":"Feature","geometry":{"type":"Polygon","coordinates":[[[45.432,41.459],[46.148,39.689],[46.907,40.616],[46.738,41.712],[48.222,42.279],[47.565,43.008],[47.565,43.844],[46.846,44.446],[47.556,45.453],[49.535,46.542],[51.369,47.09],[53.185,46.865],[52.61,45.4],[51.513,45.373],[50.874,44.626],[51.171,43.718],[52.52,42.073],[53.985,42.106],[54.818,40.88],[53.257,40.765],[53.559,39.843],[55.472,40.246],[57.255,41.646],[57.63,42.069],[59.181,44.431],[58.232,44.851],[58.721,45.848],[59.625,45.795],[60.271,46.7],[61.473,46.459],[62.748,47.447],[65.848,55.103],[65.312,55.047],[59.094,56.432],[55.709,57.198],[54.344,53.402],[50.865,51.547],[44.826,52.12],[42.547,53.677],[42.32,55.002],[39.209,55.561],[38.9,54.88],[37.065,53.169],[36.658,51.946],[32.133,50.641],[31.654,50.341],[32.822,49.611],[32.505,48.36],[28.676,48.402],[28.642,48.377],[30.833,46.577],[33.639,45.927],[33.395,44.6],[35.067,44.862],[34.907,46.273],[37.422,47.077],[37.97,46.441],[37.474,44.692],[38.924,44.212],[40.252,43.268],[41.123,43.019],[43.546,42.835],[45.26,42.439],[45.432,41.459]]]},"properties":{"NAME":"Cuman Khanates","SUBJECTO":"Cuman Khanates","BORDERPRECISION":1}},
{"type":"Feature","geometry":{"type":"Polygon","coordinates":[[[47.518,57.709],[44.989,57.974],[42.017,56.775],[42.32,55.002],[42.547,53.677],[44.826,52.12],[50.865,51.547],[54.344,53.402],[55.709,57.198],[53.976,57.709],[47.518,57.709]]]},"properties":{"NAME":"Volga Bulgars","SUBJECTO":"Volga Bulgars","BORDERPRECISION":1}},
{"type":"Feature","geometry":{"type":"Polygon","coordinates":[[[108.361,41.508],[113.828,43.247],[120.084,43.804],[123.614,43.99],[127.578,44.423],[131.913,46.529],[133.028,46.529],[133.709,45.414],[133.399,44.671],[131.865,43.29],[132.953,42.67],[134.139,42.993],[136.034,44.398],[137.721,45.997],[140.081,48.503],[140.847,51.564],[115.393,57.653],[114.016,59.547],[107.962,59.818],[99.485,55.659],[99.537,55.281],[93.7,56.485],[88.845,56.461],[86.911,41.406],[88.188,41.406],[91.346,42.119],[92.263,42.119],[96.236,41.508],[98.987,41.813],[101.432,41.202],[103.063,41.202],[108.361,41.508]],[[109.861,55.575],[109.5,54.061],[107.763,52.714],[106.452,52.656],[108.473,54.277],[109.861,55.575]]]},"properties":{"NAME":"Mongol Empire","SUBJECTO":"Mongol Empire","BORDERPRECISION":1}},
{"type":"Feature","geometry":{"type":"Polygon","coordinates":[[[124.111,39.875],[125.296,39.364],[124.736,38.28],[126.629,37.591],[126.371,34.789],[128.452,34.846],[129.439,35.476],[129.342,37.257],[127.277,39.222],[127.672,39.866],[129.478,40.682],[129.825,41.861],[124.111,39.875]]]},"properties":{"NAME":"Goryeo","SUBJECTO":"Goryeo","BORDERPRECISION":1}},
{"type":"Feature","geometry":{"type":"Polygon","coordinates":[[[142.721,59.239],[137.178,61.334],[127.809,61.804],[116.962,59.883],[115.393,57.653],[140.847,51.564],[141.121,53.052],[140.102,53.802],[138.417,54.092],[137.979,53.465],[136.351,53.701],[136.492,54.455],[134.985,54.854],[137.229,55.983],[140.587,58.239],[142.721,59.239]]]},"properties":{"NAME":"Tungusic Tribes","SUBJECTO":"Tungusic Tribes","BORDERPRECISION":1}},
{"type":"Feature","geometry":{"type":"Polygon","coordinates":[[[94.492,26.507],[93.716,24.955],[98.627,25.204],[98.583,25.401],[101.219,26.991],[100.682,28.691],[98.637,27.479],[96.428,26.701],[94.492,26.507]]]},"properties":{"NAME":"Kamarupa","SUBJECTO":"Kamarupa","BORDERPRECISION":1}},
{"type":"Feature","geometry":{"type":"Polygon","coordinates":[[[103.058,17.999],[101.606,15.569],[97.99,14.207],[98.597,12.737],[99.93,13.261],[100.909,13.447],[100.872,12.679],[101.919,12.585],[102.658,12.066],[103.04,10.898],[104.979,9.981],[104.742,8.494],[106.482,9.552],[106.773,10.639],[106.93,11.842],[107.898,12.568],[107.898,13.682],[107.462,14.988],[106.451,16.188],[105.4,16.331],[104.933,17.451],[104.111,17.999],[103.058,17.999]]]},"properties":{"NAME":"Khmer Empire","SUBJECTO":"Khmer Empire","BORDERPRECISION":1}},
{"type":"Feature","geometry":{"type":"Polygon","coordinates":[[[98.627,25.204],[93.716,24.955],[93.622,24.768],[91.41,22.721],[92.176,20.887],[93.334,20.025],[93.966,19.194],[94.298,22.296],[94.879,22.684],[95.895,22.635],[96.476,21.764],[96.699,19.124],[97.532,18.882],[99.482,21.659],[98.627,25.204]]]},"properties":{"NAME":"Bagan","SUBJECTO":"Bagan","BORDERPRECISION":1}},
{"type":"Feature","geometry":{"type":"Polygon","coordinates":[[[98.597,12.737],[98.633,10.101],[98.177,8.6],[99.025,7.871],[99.663,6.71],[100.207,6.539],[100.746,7.011],[100.132,8.532],[99.071,9.898],[99.895,12.079],[99.93,13.261],[98.597,12.737]]]},"properties":{"NAME":"minor Hindu and Buddhist states","SUBJECTO":"minor Hindu and Buddhist states","BORDERPRECISION":1}},
{"type":"Feature","geometry":{"type":"MultiPolygon","coordinates":[[[[111.333,-1.37],[110.706,-0.604],[110.968,1.226],[109.282,1.883],[108.814,0.808],[109.179,-0.869],[109.941,-1.643],[110.102,-3.079],[111.333,-1.37]]],[[[109.217,-7.014],[108.556,-6.921],[106.945,-6.026],[106.024,-6.081],[105.633,-6.755],[106.484,-7.503],[108.16,-7.856],[109.115,-7.739],[109.217,-7.014]]],[[[97.597,2.251],[98.601,1.707],[99.113,0.221],[99.697,-0.152],[100.65,-1.631],[100.812,-2.336],[102.462,-4.182],[104.568,-6.071],[105.187,-5.542],[105.728,-5.827],[105.711,-4.105],[105.943,-3.215],[104.352,-1.89],[104.298,-1.363],[103.238,-0.659],[103.722,0.015],[102.472,0.623],[101.06,2.081],[99.858,2.904],[98.71,2.854],[97.597,2.251]]],[[[100.207,6.539],[100.664,3.904],[101.336,2.781],[103.428,1.381],[104.176,1.389],[103.308,3.026],[103.342,4.805],[102.325,6.099],[100.746,7.011],[100.207,6.539]]]]},"properties":{"NAME":"Srivijaya Empire","SUBJECTO":"Srivijaya Empire","BORDERPRECISION":1}},
{"type":"Feature","geometry":{"type":"Polygon","coordinates":[[[149.554,-6.406],[151.056,-6.015],[152.059,-5.498],[151.588,-4.902],[149.554,-6.406]]]},"properties":{"NAME":null,"SUBJECTO":null,"BORDERPRECISION":1}},
{"type":"Feature","geometry":{"type":"Polygon","coordinates":[[[123.492,-10.352],[124.154,-10.205],[125.212,-9.395],[125.08,-8.772],[123.665,-9.748],[123.492,-10.352]]]},"properties":{"NAME":null,"SUBJECTO":null,"BORDERPRECISION":1}},
{"type":"Feature","geometry":{"type":"Polygon","coordinates":[[[127.631,-0.017],[128.632,1.022],[127.689,0.925],[127.631,-0.017]]]},"properties":{"NAME":null,"SUBJECTO":null,"BORDERPRECISION":1}},
{"type":"Feature","geometry":{"type":"Polygon","coordinates":[[[122.949,-8.377],[121.279,-8.717],[120.565,-8.388],[119.935,-8.936],[121.694,-8.996],[122.949,-8.377]]]},"properties":{"NAME":null,"SUBJECTO":null,"BORDERPRECISION":1}},
{"type":"Feature","geometry":{"type":"Polygon","coordinates":[[[130.784,-3.879],[130.369,-3.13],[129.168,-3.139],[128.153,-2.97],[128.376,-3.547],[128.915,-3.254],[129.487,-3.596],[129.914,-3.385],[130.784,-3.879]]]},"properties":{"NAME":null,"SUBJECTO":null,"BORDERPRECISION":1}},
{"type":"Feature","geometry":{"type":"Polygon","coordinates":[[[138.176,-8.554],[138.895,-7.783],[138.193,-7.676],[138.176,-8.554]]]},"properties":{"NAME":null,"SUBJECTO":null,"BORDERPRECISION":1}},
{"type":"Feature","geometry":{"type":"Polygon","coordinates":[[[126.66,-3.875],[127.112,-3.722],[126.727,-3.233],[126.15,-3.628],[126.66,-3.875]]]},"properties":{"NAME":null,"SUBJECTO":null,"BORDERPRECISION":1}},
{"type":"Feature","geometry":{"type":"Polygon","coordinates":[[[120.28,-10.378],[120.462,-9.926],[119.789,-9.458],[119.41,-9.872],[120.28,-10.378]]]},"properties":{"NAME":null,"SUBJECTO":null,"BORDERPRECISION":1}},
{"type":"Feature","geometry":{"type":"Polygon","coordinates":[[[121.094,12.201],[121.304,13.129],[120.547,13.153],[121.094,12.201]]]},"properties":{"NAME":null,"SUBJECTO":null,"BORDERPRECISION":1}},
{"type":"Feature","geometry":{"type":"Polygon","coordinates":[[[125.323,11.124],[125.246,12.293],[124.952,12.527],[124.33,12.208],[124.875,11.834],[125.323,11.124]]]},"properties":{"NAME":null,"SUBJECTO":null,"BORDERPRECISION":1}},
{"type":"Feature","geometry":{"type":"Polygon","coordinates":[[[121.873,10.468],[122.897,11.15],[121.994,11.758],[121.873,10.468]]]},"properties":{"NAME":null,"SUBJECTO":null,"BORDERPRECISION":1}},
{"type":"Feature","geometry":{"type":"Polygon","coordinates":[[[118.865,10.024],[119.564,10.502],[119.345,11.003],[118.865,10.024]]]},"properties":{"NAME":null,"SUBJECTO":null,"BORDERPRECISION":1}},
{"type":"Feature","geometry":{"type":"Polygon","coordinates":[[[122.942,9.048],[123.312,10.738],[122.92,10.852],[122.396,9.478],[122.942,9.048]]]},"properties":{"NAME":null,"SUBJECTO":null,"BORDERPRECISION":1}},
{"type":"Feature","geometry":{"type":"Polygon","coordinates":[[[117.271,8.451],[117.857,8.833],[117.536,9.049],[117.271,8.451]]]},"properties":{"NAME":null,"SUBJECTO":null,"BORDERPRECISION":1}},
{"type":"Feature","geometry":{"type":"MultiPolygon","coordinates":[[[[115.956,-3.199],[116.349,-2.417],[116.046,-1.934],[117.046,-0.935],[117.534,0.611],[118.517,1.166],[117.074,3.507],[118.391,4.374],[119.043,5.17],[118.377,5.639],[117.37,5.789],[117.507,6.393],[116.596,6.899],[115.787,5.74],[114.878,4.856],[113.815,4.263],[112.759,3.009],[111.372,2.599],[110.968,1.226],[110.706,-0.604],[111.333,-1.37],[112.801,-1.875],[114.635,-1.659],[115.956,-3.199]]],[[[125.911,6.849],[126.322,7.149],[126.272,8.426],[125.934,9.175],[123.465,7.791],[124.224,6.09],[125.073,5.723],[125.28,6.594],[125.911,6.849]]],[[[120.636,0.922],[119.914,0.54],[118.684,-2.901],[118.791,-3.663],[119.461,-3.808],[119.477,-5.804],[120.248,-5.586],[120.144,-3.076],[121.873,-4.96],[122.641,-4.284],[122.258,-3.211],[121.265,-2.101],[122.223,-1.654],[121.461,-0.989],[120.507,-1.448],[119.873,-0.465],[120.636,0.922]]]]},"properties":{"NAME":"Malays","SUBJECTO":"Malays","BORDERPRECISION":1}},
{"type":"Feature","geometry":{"type":"Polygon","coordinates":[[[-13.62,14.895],[-8.74,13.894],[-7.783,13.894],[-4.958,13.341],[0.518,13.3],[0.32,29.662],[-2.622,30.34],[-1.802,32.427],[-4.773,31.66],[-9.625,30.406],[-10.339,29.146],[-11.576,28.229],[-12.866,27.857],[-13.629,26.591],[-14.367,26.119],[-14.82,24.733],[-15.714,23.873],[-16.806,21.99],[-17.052,21.004],[-16.347,20.523],[-15.983,18.178],[-16.45,16.118],[-17.033,14.565],[-16.111,14.654],[-16.04,15.97],[-15.397,16.43],[-14.386,16.522],[-13.65,15.786],[-13.62,14.895]],[[-11.699,17.114],[-7.833,17.636],[-5.012,16.696],[-4.803,15.546],[-6.998,14.397],[-8.878,14.293],[-11.804,15.755],[-11.699,17.114]]]},"properties":{"NAME":"Berber Tribes","SUBJECTO":"Berber Tribes","BORDERPRECISION":1}},
{"type":"Feature","geometry":{"type":"Polygon","coordinates":[[[35.328,15.423],[35.646,12.796],[35.407,11.283],[34.452,10.248],[32.847,10.105],[32.349,9.528],[33.022,6.865],[35.578,5.527],[38.605,6.597],[38.879,7.854],[39.752,7.951],[40.191,10.007],[41.527,10.28],[43.104,11.531],[43.475,12.098],[42.079,13.861],[40.739,14.919],[39.518,15.463],[38.686,18.003],[37.895,18.56],[37.079,17.095],[35.328,15.423]]]},"properties":{"NAME":"Ifat","SUBJECTO":"Ifat","BORDERPRECISION":1}},
{"type":"Feature","geometry":{"type":"Polygon","coordinates":[[[0.458,32.547],[-1.802,32.427],[-2.622,30.34],[0.32,29.662],[1.95,30.77],[2.453,32.669],[0.458,32.547]]]},"properties":{"NAME":"Ibadites","SUBJECTO":"Ibadites","BORDERPRECISION":1}},
{"type":"Feature","geometry":{"type":"Polygon","coordinates":[[[2.453,32.669],[1.95,30.77],[0.32,29.662],[0.518,13.3],[2.346,13.286],[8.266,12.367],[14.582,12.673],[15.657,11.306],[18.628,10.169],[20.673,11.956],[23.2,11.775],[24.074,11.182],[30.6,11.116],[30.787,11.227],[30.472,13.512],[30.79,15.503],[29.516,17.652],[29.277,18.846],[29.345,24.028],[27.428,27.197],[25.438,28.008],[21.679,28.082],[17.002,28.751],[12.533,30.805],[7.892,32.593],[5.681,32.815],[2.453,32.669]],[[17.097,16.219],[18.451,15.741],[19.167,15.184],[19.406,14.468],[18.769,13.512],[17.654,13.194],[15.819,13.119],[13.833,13.433],[12.639,14.468],[12.878,16.06],[14.667,16.23],[17.097,16.219]]]},"properties":{"NAME":"Tuareg Nomadic Tribes","SUBJECTO":"Tuareg Nomadic Tribes","BORDERPRECISION":1}},
{"type":"Feature","geometry":{"type":"Polygon","coordinates":[[[14.344,62.948],[17.868,62.789],[20.873,64.033],[17.261,64.206],[18.534,66.432],[18.4,67.235],[19.821,69.37],[19.58,69.181],[17.009,67.248],[14.344,62.948]]]},"properties":{"NAME":"Finno-Ugric taiga hunter-gatherers","SUBJECTO":"Finno-Ugric taiga hunter-gatherers","BORDERPRECISION":1}},
{"type":"Feature","geometry":{"type":"Polygon","coordinates":[[[27.966,60.504],[28.537,60.509],[31.145,61.518],[34.462,65.062],[34.293,65.396],[30.604,64.938],[27.232,63.354],[23.131,63.783],[22.149,63.137],[22.957,61.389],[24.609,61.315],[27.966,60.504]]]},"properties":{"NAME":"Finno-Ugric taiga hunter-gatherers","SUBJECTO":"Finno-Ugric taiga hunter-gatherers","BORDERPRECISION":1}},
{"type":"Feature","geometry":{"type":"Polygon","coordinates":[[[13.761,41.207],[13.569,41.856],[14.076,42.634],[13.601,43.535],[12.697,43.935],[11.96,42.007],[13.761,41.207]]]},"properties":{"NAME":"Papal States","SUBJECTO":"Papal States","BORDERPRECISION":1}},
{"type":"Feature","geometry":{"type":"MultiPolygon","coordinates":[[[[1.58,36.514],[-0.092,35.74],[-1.147,35.629],[-2.035,35.055],[-4.593,35.151],[-5.929,35.728],[-7.004,33.875],[-8.314,33.338],[-9.219,32.58],[-9.813,31.289],[-9.625,30.406],[-4.773,31.66],[-1.802,32.427],[0.458,32.547],[0.871,33.074],[1.237,35.886],[1.58,36.514]]],[[[-2.583,41.359],[-4.444,40.894],[-6.946,40.609],[-6.93,38.945],[-7.304,38.429],[-8.833,38.184],[-8.667,37.121],[-6.632,37.022],[-5.661,36.008],[-4.447,36.722],[-2.239,36.728],[-0.918,37.57],[0.173,38.738],[-0.395,39.434],[0.879,41.022],[1.442,41.18],[1.034,41.878],[-1.004,41.919],[-2.583,41.359]]]]},"properties":{"NAME":"Almohad Caliphate","SUBJECTO":"Almohad Caliphate","BORDERPRECISION":1}},
{"type":"Feature","geometry":{"type":"Polygon","coordinates":[[[-5.086,43.495],[-7.636,43.721],[-9.271,43.049],[-8.84,41.968],[-6.556,41.878],[-6.946,40.609],[-4.444,40.894],[-5.086,43.495]]]},"properties":{"NAME":"León","SUBJECTO":"León","BORDERPRECISION":1}},
{"type":"Feature","geometry":{"type":"Polygon","coordinates":[[[-6.946,40.609],[-6.556,41.878],[-8.84,41.968],[-8.694,40.992],[-9.549,38.775],[-8.833,38.184],[-7.304,38.429],[-6.93,38.945],[-6.946,40.609]]]},"properties":{"NAME":"Portugal","SUBJECTO":"Portugal","BORDERPRECISION":1}},
{"type":"Feature","geometry":{"type":"Polygon","coordinates":[[[-4.351,48.205],[-4.7,48.064],[-4.313,48.101],[-4.351,48.205]]]},"properties":{"NAME":"Kingdom of France","SUBJECTO":"France","BORDERPRECISION":1}},
{"type":"Feature","geometry":{"type":"MultiPolygon","coordinates":[[[[-2.75,51.644],[-3.521,50.617],[0.192,50.731],[1.692,52.311],[-0.319,53.579],[-1.942,55.556],[-1.897,54.336],[-2.886,54.169],[-2.914,53.267],[-2.75,51.644]]],[[[-0.524,42.758],[0.499,42.631],[0.315,43.096],[0.865,44.557],[2.607,44.787],[1.151,45.553],[0.535,48.01],[1.261,49.161],[1.055,49.952],[0.033,49.334],[-1.892,49.526],[-1.591,48.638],[-3.091,48.872],[-4.78,48.355],[-3.091,48.872],[-1.999,48.677],[-2.01,47.746],[-2.576,47.324],[-1.075,46.015],[-1.561,43.524],[-1.915,43.305],[-0.524,42.758]]]]},"properties":{"NAME":"Angevin Empire","SUBJECTO":"Angevin Empire","BORDERPRECISION":1}},
{"type":"Feature","geometry":{"type":"Polygon","coordinates":[[[5.841,45.385],[5.346,44.061],[3.97,43.839],[3.43,44.722],[2.607,44.787],[0.865,44.557],[0.315,43.096],[0.499,42.631],[1.728,42.501],[3.039,42.869],[4.078,43.487],[5.829,43.021],[7.397,43.764],[6.943,44.869],[5.841,45.385]]]},"properties":{"NAME":"Comté de Toulouse","SUBJECTO":"France","BORDERPRECISION":1}},
{"type":"Feature","geometry":{"type":"Polygon","coordinates":[[[6.252,47.957],[5.361,49.697],[3.82,50.039],[3.681,51.321],[1.589,50.822],[1.055,49.952],[1.261,49.161],[0.535,48.01],[1.151,45.553],[2.607,44.787],[3.43,44.722],[3.97,43.839],[5.346,44.061],[5.841,45.385],[5.667,47.108],[6.252,47.957]]]},"properties":{"NAME":"Kingdom of France","SUBJECTO":"France","BORDERPRECISION":1}},
{"type":"Feature","geometry":{"type":"Polygon","coordinates":[[[-1.004,41.919],[1.034,41.878],[1.442,41.18],[3.129,41.857],[3.039,42.869],[1.728,42.501],[0.499,42.631],[-0.524,42.758],[-1.004,41.919]]]},"properties":{"NAME":"Aragón","SUBJECTO":"Aragón","BORDERPRECISION":1}},
{"type":"Feature","geometry":{"type":"Polygon","coordinates":[[[80.673,29.683],[80.103,29.015],[83.079,27.277],[84.509,27.312],[85.088,27.692],[85.862,28.201],[83.543,29.285],[82.036,30.191],[81.108,30.191],[80.673,29.683]]]},"properties":{"NAME":"Nepal","SUBJECTO":"Nepal","BORDERPRECISION":1}},
{"type":"Feature","geometry":{"type":"Polygon","coordinates":[[[86.911,41.406],[88.845,56.461],[78.362,56.41],[65.848,55.103],[62.748,47.447],[61.473,46.459],[61.613,45.571],[60.784,44.953],[59.181,44.431],[57.63,42.069],[57.255,41.646],[55.472,40.246],[53.559,39.843],[54.071,38.897],[54.067,36.942],[54.868,36.806],[54.929,39.159],[55.487,39.345],[63.121,39.809],[64.632,38.839],[66.529,38.116],[67.342,37.213],[69.333,35.686],[73.256,37.221],[76.611,35.925],[76.812,33.182],[79.808,33.058],[79.833,35.497],[88.086,38.146],[88.289,38.961],[85.844,39.572],[85.131,40.183],[85.233,40.998],[86.911,41.406]]]},"properties":{"NAME":"Kara Khitai Khaganate","SUBJECTO":"Kara Khitai Khaganate","BORDERPRECISION":1}},
{"type":"Feature","geometry":{"type":"Polygon","coordinates":[[[89.575,27.299],[93.622,24.768],[93.716,24.955],[94.492,26.507],[94.153,27.668],[91.83,27.277],[89.575,27.299]]]},"properties":{"NAME":"Bhutan","SUBJECTO":"Bhutan","BORDERPRECISION":1}},
{"type":"Feature","geometry":{"type":"Polygon","coordinates":[[[85.088,27.692],[84.509,27.312],[83.079,27.277],[80.103,29.015],[80.673,29.683],[80.054,29.982],[79.808,31.161],[80.079,31.884],[79.808,33.058],[76.812,33.182],[72.21,33.372],[71.404,32.532],[71.32,31.29],[75.476,29.097],[71.907,27.436],[71.907,25.746],[74.05,25.859],[74.965,26.425],[76.994,25.777],[79.463,25.171],[81.446,23.953],[82.223,24.469],[88.966,22.493],[90,22.231],[91.41,22.721],[93.622,24.768],[89.575,27.299],[86.409,27.33],[85.088,27.692]]]},"properties":{"NAME":"Sultanate of Delhi","SUBJECTO":"Sultanate of Delhi","BORDERPRECISION":1}},
{"type":"Feature","geometry":{"type":"Polygon","coordinates":[[[80.46,15.773],[82.235,16.647],[82.354,17.086],[84.263,18.456],[85.113,19.442],[86.119,19.807],[87.641,21.563],[88.723,21.54],[90,22.231],[88.966,22.493],[82.223,24.469],[81.446,23.953],[79.463,25.171],[76.994,25.777],[74.965,26.425],[74.05,25.859],[71.907,25.746],[71.907,27.436],[75.476,29.097],[71.32,31.29],[71.156,28.878],[70.289,27.578],[68.865,24.481],[68.072,23.675],[68.791,23.029],[69.665,22.789],[69.126,21.969],[70.21,20.948],[71.024,20.657],[72.121,21.155],[73.11,20.687],[72.759,20.058],[73.064,18.032],[73.841,15.39],[74.734,13.683],[75.44,11.75],[76.675,13.286],[78.203,14.814],[80.46,15.773]]]},"properties":{"NAME":"Rajput Kingdoms","SUBJECTO":"Rajput Kingdoms","BORDERPRECISION":1}},
{"type":"Feature","geometry":{"type":"Polygon","coordinates":[[[178.176,-18.242],[178.171,-17.342],[177.51,-17.509],[177.333,-18.119],[178.176,-18.242]]]},"properties":{"NAME":"Tuʻi Tonga Empire","SUBJECTO":"Tuʻi Tonga Empire","BORDERPRECISION":1}},
{"type":"Feature","geometry":{"type":"Polygon","coordinates":[[[-109.241,-27.133],[-109.366,-27.063],[-109.428,-27.202],[-109.241,-27.133]]]},"properties":{"NAME":"Polynesians","SUBJECTO":"Polynesians","BORDERPRECISION":1}}
]}