{"type":"FeatureCollection", "features": [
{"type":"Feature","geometry":{"type":"Polygon","coordinates":[[[33.78,35.208],[32.819,35.282],[32.603,34.615],[33.925,34.953],[33.78,35.208]]]},"properties":{"NAME":"Cyprus","SUBJECTO":"Cyprus","BORDERPRECISION":1}},
{"type":"Feature","geometry":{"type":"MultiPolygon","coordinates":[[[[136.811,37.311],[134.427,34.628],[140.317,35.034],[140.872,37.917],[136.811,37.311]]],[[[140.013,41.382],[141.155,41.749],[140.246,42.228],[145.448,43.17],[145.36,43.33],[145.149,43.599],[145.059,43.786],[145.348,44.243],[144.614,43.843],[143.021,44.464],[142.539,44.843],[142.132,45.21],[141.904,45.403],[141.567,44.97],[141.746,44.629],[141.743,44.249],[141.709,43.914],[141.304,43.187],[140.374,43.185],[140.517,43.057],[140.5,42.896],[139.777,42.112],[140.1,41.946],[140.124,41.792],[140.013,41.382]]]]},"properties":{"NAME":"Japan","SUBJECTO":"Japan","BORDERPRECISION":1}},
{"type":"Feature","geometry":{"type":"Polygon","coordinates":[[[120.364,14.531],[122.396,17.114],[120.393,18.044],[120.364,14.531]]]},"properties":{"NAME":"Philippines","SUBJECTO":"Philippines","BORDERPRECISION":1}},
{"type":"Feature","geometry":{"type":"Polygon","coordinates":[[[44.672,-16.236],[43.671,-24.227],[47.258,-24.766],[50.503,-15.314],[49.817,-12.831],[44.672,-16.236]],[[48.015,-17.023],[48.488,-20.041],[47.186,-23.119],[45.292,-22.645],[46.654,-17.733],[48.015,-17.023]]]},"properties":{"NAME":"Madagascar","SUBJECTO":"Madagascar","BORDERPRECISION":1}},
{"type":"Feature","geometry":{"type":"Polygon","coordinates":[[[172.063,-43.923],[171.458,-41.993],[166.523,-46.233],[169.399,-46.71],[172.063,-43.923]]]},"properties":{"NAME":"Maori","SUBJECTO":"Maori","BORDERPRECISION":1}},
{"type":"Feature","geometry":{"type":"Polygon","coordinates":[[[19.821,69.37],[9.832,63.684],[5.149,61.741],[5.615,58.455],[11.736,57.698],[12.597,61.029],[18.534,66.432],[19.821,69.37]]]},"properties":{"NAME":"Denmark-Norway","SUBJECTO":"Denmark-Norway","BORDERPRECISION":1}},
{"type":"Feature","geometry":{"type":"Polygon","coordinates":[[[-1.982,55.59],[-3.319,54.886],[-3.521,50.617],[1.692,52.311],[-1.982,55.59]]]},"properties":{"NAME":"England","SUBJECTO":"England","BORDERPRECISION":1}},
{"type":"Feature","geometry":{"type":"Polygon","coordinates":[[[-1.982,55.59],[-2.15,57.572],[-5.763,57.62],[-3.319,54.886],[-1.982,55.59]]]},"properties":{"NAME":"Scottland","SUBJECTO":"Scottland","BORDERPRECISION":1}},
{"type":"Feature","geometry":{"type":"Polygon","coordinates":[[[-7.492,37.208],[-8.806,41.889],[-9.549,38.775],[-7.492,37.208]]]},"properties":{"NAME":"Portugal","SUBJECTO":"Portugal","BORDERPRECISION":1}},
{"type":"Feature","geometry":{"type":"Polygon","coordinates":[[[140.948,-9.274],[147.376,-6.125],[140.87,-2.795],[140.948,-9.274]]]},"properties":{"NAME":"Papua New Guinea","SUBJECTO":"Papua New Guinea","BORDERPRECISION":1}},
{"type":"Feature","geometry":{"type":"Polygon","coordinates":[[[169.769,-83.418],[159.315,-80.027],[162.346,-75.107],[170.729,-71.904],[157.307,-69.156],[145.586,-67.223],[134.205,-66.18],[118.286,-67.07],[102.631,-65.926],[81.814,-67.302],[67.365,-71.706],[69.374,-67.843],[52.452,-65.988],[32.748,-69.35],[23.707,-70.586],[8.485,-70.084],[-7.2,-70.895],[-16.396,-73.445],[-18.405,-75.686],[-33.163,-77.386],[-38.031,-80.94],[-60.207,-82.331],[-74.889,-80.708],[-74.502,-78.081],[-64.457,-75.686],[-67.625,-72.749],[-81.766,-74.024],[-99.788,-72.998],[-134.773,-74.643],[-158.185,-77.811],[-145.668,-80.515],[-148.759,-85.074],[-180,-84.322],[-180,-85.322],[-180,-86.322],[-180,-87.322],[-180,-88.322],[-180,-89.322],[-180,-90],[-179.204,-90],[-178.204,-90],[-177.204,-90],[-176.204,-90],[-175.204,-90],[-174.204,-90],[-173.204,-90],[-172.204,-90],[-171.204,-90],[-170.204,-90],[-169.204,-90],[-168.204,-90],[-167.204,-90],[-166.204,-90],[-165.204,-90],[-164.204,-90],[-163.204,-90],[-162.204,-90],[-161.204,-90],[-160.204,-90],[-159.204,-90],[-158.204,-90],[-157.204,-90],[-156.204,-90],[-155.204,-90],[-154.204,-90],[-153.204,-90],[-152.204,-90],[-151.204,-90],[-150.204,-90],[-149.204,-90],[-148.204,-90],[-147.204,-90],[-146.204,-90],[-145.204,-90],[-144.204,-90],[-143.204,-90],[-142.204,-90],[-141.204,-90],[-140.204,-90],[-139.204,-90],[-138.204,-90],[-137.204,-90],[-136.204,-90],[-135.204,-90],[-134.204,-90],[-133.204,-90],[-132.204,-90],[-131.204,-90],[-130.204,-90],[-129.204,-90],[-128.204,-90],[-127.204,-90],[-126.204,-90],[-125.204,-90],[-124.204,-90],[-123.204,-90],[-122.204,-90],[-121.204,-90],[-120.204,-90],[-119.204,-90],[-118.204,-90],[-117.204,-90],[-116.204,-90],[-115.204,-90],[-114.204,-90],[-113.204,-90],[-112.204,-90],[-111.204,-90],[-110.204,-90],[-109.204,-90],[-108.204,-90],[-107.204,-90],[-106.204,-90],[-105.204,-90],[-104.204,-90],[-103.204,-90],[-102.204,-90],[-101.204,-90],[-100.204,-90],[-99.204,-90],[-98.204,-90],[-97.204,-90],[-96.204,-90],[-95.204,-90],[-94.204,-90],[-93.204,-90],[-92.204,-90],[-91.204,-90],[-90,-90],[-89.204,-90],[-88.204,-90],[-87.204,-90],[-86.204,-90],[-85.204,-90],[-84.204,-90],[-83.204,-90],[-82.204,-90],[-81.204,-90],[-80.204,-90],[-79.204,-90],[-78.204,-90],[-77.204,-90],[-76.204,-90],[-75.204,-90],[-74.204,-90],[-73.204,-90],[-72.204,-90],[-71.204,-90],[-70.204,-90],[-69.204,-90],[-68.204,-90],[-67.204,-90],[-66.204,-90],[-65.204,-90],[-64.204,-90],[-63.204,-90],[-62.204,-90],[-61.204,-90],[-60.204,-90],[-59.204,-90],[-58.204,-90],[-57.204,-90],[-56.204,-90],[-55.204,-90],[-54.204,-90],[-53.204,-90],[-52.204,-90],[-51.204,-90],[-50.204,-90],[-49.204,-90],[-48.204,-90],[-47.204,-90],[-46.204,-90],[-45.204,-90],[-44.204,-90],[-43.204,-90],[-42.204,-90],[-41.204,-90],[-40.204,-90],[-39.204,-90],[-38.204,-90],[-37.204,-90],[-36.204,-90],[-35.204,-90],[-34.204,-90],[-33.204,-90],[-32.204,-90],[-31.204,-90],[-30.204,-90],[-29.204,-90],[-28.204,-90],[-27.204,-90],[-26.204,-90],[-25.204,-90],[-24.204,-90],[-23.204,-90],[-22.204,-90],[-21.204,-90],[-20.204,-90],[-19.204,-90],[-18.204,-90],[-17.204,-90],[-16.204,-90],[-15.204,-90],[-14.204,-90],[-13.204,-90],[-12.204,-90],[-11.204,-90],[-10.204,-90],[-9.204,-90],[-8.204,-90],[-7.204,-90],[-6.204,-90],[-5.204,-90],[-4.204,-90],[-3.204,-90],[-2.204,-90],[-1.204,-90],[-0.204,-90],[0.778,-90],[1.778,-90],[2.778,-90],[3.778,-90],[4.778,-90],[5.778,-90],[6.778,-90],[7.778,-90],[8.778,-90],[9.778,-90],[10.778,-90],[11.778,-90],[12.778,-90],[13.778,-90],[14.778,-90],[15.778,-90],[16.778,-90],[17.778,-90],[18.778,-90],[19.778,-90],[20.778,-90],[21.778,-90],[22.778,-90],[23.778,-90],[24.778,-90],[25.778,-90],[26.778,-90],[27.778,-90],[28.778,-90],[29.778,-90],[30.778,-90],[31.778,-90],[32.778,-90],[33.778,-90],[34.778,-90],[35.778,-90],[36.778,-90],[37.778,-90],[38.778,-90],[39.778,-90],[40.778,-90],[41.778,-90],[42.778,-90],[43.778,-90],[44.778,-90],[45.778,-90],[46.778,-90],[47.778,-90],[48.778,-90],[49.778,-90],[50.778,-90],[51.778,-90],[52.778,-90],[53.778,-90],[54.778,-90],[55.778,-90],[56.778,-90],[57.778,-90],[58.778,-90],[59.778,-90],[60.778,-90],[61.778,-90],[62.778,-90],[63.778,-90],[64.778,-90],[65.778,-90],[66.778,-90],[67.778,-90],[68.778,-90],[69.778,-90],[70.778,-90],[71.778,-90],[72.778,-90],[73.778,-90],[74.778,-90],[75.778,-90],[76.778,-90],[77.778,-90],[78.778,-90],[79.778,-90],[80.778,-90],[81.778,-90],[82.778,-90],[83.778,-90],[84.778,-90],[85.778,-90],[86.778,-90],[87.778,-90],[88.778,-90],[89.778,-90],[89.796,-90],[90,-90],[91.778,-90],[92.778,-90],[93.778,-90],[94.778,-90],[95.778,-90],[96.778,-90],[97.778,-90],[98.778,-90],[99.778,-90],[100.778,-90],[101.778,-90],[102.778,-90],[103.778,-90],[104.778,-90],[105.778,-90],[106.778,-90],[107.778,-90],[108.778,-90],[109.778,-90],[110.778,-90],[111.778,-90],[112.778,-90],[113.778,-90],[114.778,-90],[115.778,-90],[116.778,-90],[117.778,-90],[118.778,-90],[119.778,-90],[120.778,-90],[121.778,-90],[122.778,-90],[123.778,-90],[124.778,-90],[125.778,-90],[126.778,-90],[127.778,-90],[128.778,-90],[129.778,-90],[130.778,-90],[131.778,-90],[132.778,-90],[133.778,-90],[134.778,-90],[135.778,-90],[136.778,-90],[137.778,-90],[138.778,-90],[139.778,-90],[140.778,-90],[141.778,-90],[142.778,-90],[143.778,-90],[144.778,-90],[145.778,-90],[146.778,-90],[147.778,-90],[148.778,-90],[149.778,-90],[150.778,-90],[151.778,-90],[152.778,-90],[153.778,-90],[154.778,-90],[155.778,-90],[156.778,-90],[157.778,-90],[158.778,-90],[159.778,-90],[160.778,-90],[161.778,-90],[162.778,-90],[163.778,-90],[164.778,-90],[165.778,-90],[166.778,-90],[167.778,-90],[168.778,-90],[169.778,-90],[170.778,-90],[171.778,-90],[172.778,-90],[173.778,-90],[174.778,-90],[175.778,-90],[176.778,-90],[177.778,-90],[178.778,-90],[180,-90],[180,-89.319],[180,-88.319],[180,-87.319],[180,-86.319],[180,-85.319],[180,-84.34],[169.769,-83.418]]]},"properties":{"NAME":null,"SUBJECTO":null,"BORDERPRECISION":1}},
{"type":"Feature","geometry":{"type":"Polygon","coordinates":[[[12.378,44.732],[11.17,45.067],[11.96,42.007],[13.761,41.207],[14.076,42.634],[12.378,44.732]]]},"properties":{"NAME":"Papal States","SUBJECTO":"Papal States","BORDERPRECISION":1}},
{"type":"Feature","geometry":{"type":"Polygon","coordinates":[[[48.015,-17.023],[46.654,-17.733],[45.292,-22.645],[47.186,-23.119],[48.488,-20.041],[48.015,-17.023]]]},"properties":{"NAME":"Expansionist Kingdom of Merina","SUBJECTO":"Expansionist Kingdom of Merina","BORDERPRECISION":1}},
{"type":"Feature","geometry":{"type":"Polygon","coordinates":[[[12.372,-6.258],[13.084,-9.287],[14.329,-9.368],[14.576,-4.772],[12.372,-6.258]]]},"properties":{"NAME":"Congo","SUBJECTO":"Congo","BORDERPRECISION":1}},
{"type":"Feature","geometry":{"type":"Polygon","coordinates":[[[102.671,12.038],[106.854,10.576],[107.385,12.354],[107.48,13.257],[102.671,12.038]]]},"properties":{"NAME":"Cambodia","SUBJECTO":"Cambodia","BORDERPRECISION":1}},
{"type":"Feature","geometry":{"type":"Polygon","coordinates":[[[7.397,43.764],[5.533,46.097],[5.361,49.697],[1.796,50.921],[-1.999,48.677],[-2.576,47.324],[-1.915,43.305],[-0.907,42.881],[3.039,42.869],[7.397,43.764]]]},"properties":{"NAME":"France","SUBJECTO":"France","BORDERPRECISION":1}},
{"type":"Feature","geometry":{"type":"MultiPolygon","coordinates":[[[[12.378,44.732],[13.368,45.694],[11.17,45.067],[12.378,44.732]]],[[[16.701,43.847],[15.494,43.888],[16.64,43.39],[16.701,43.847]]]]},"properties":{"NAME":"Venice","SUBJECTO":"Venice","BORDERPRECISION":1}},
{"type":"Feature","geometry":{"type":"Polygon","coordinates":[[[40.4,-11.23],[38.922,-6.34],[40.234,-3.192],[44.301,1.291],[39.417,-1.375],[37.732,-4.575],[38.238,-9.292],[40.4,-11.23]]]},"properties":{"NAME":"Islamic city-states","SUBJECTO":"Islamic city-states","BORDERPRECISION":1}},
{"type":"Feature","geometry":{"type":"Polygon","coordinates":[[[109.43,18.097],[110.263,18.626],[110.617,20.017],[108.577,19.187],[109.43,18.097]]]},"properties":{"NAME":null,"SUBJECTO":null,"BORDERPRECISION":1}},
{"type":"Feature","geometry":{"type":"Polygon","coordinates":[[[98.217,15.019],[98.184,15.214],[98.137,15.19],[98.217,15.019]]]},"properties":{"NAME":"Ayutthaya","SUBJECTO":"Ayutthaya","BORDERPRECISION":1}},
{"type":"Feature","geometry":{"type":"Polygon","coordinates":[[[53.08,72.907],[51.482,71.845],[54.308,71.206],[55.518,72.478],[53.08,72.907]]]},"properties":{"NAME":null,"SUBJECTO":null,"BORDERPRECISION":1}},
{"type":"Feature","geometry":{"type":"Polygon","coordinates":[[[11.736,57.698],[11.877,57.325],[16.063,56.396],[21.034,62.477],[23.665,59.836],[29.687,60.131],[26.479,65.572],[18.534,66.432],[12.597,61.029],[11.736,57.698]]]},"properties":{"NAME":"Sweden","SUBJECTO":"Sweden","BORDERPRECISION":1}},
{"type":"Feature","geometry":{"type":"Polygon","coordinates":[[[80.563,5.932],[81.866,7.085],[80.662,9.299],[79.675,8.805],[80.563,5.932]]]},"properties":{"NAME":"Sinhalese kingdoms","SUBJECTO":"Sinhalese kingdoms","BORDERPRECISION":1}},
{"type":"Feature","geometry":{"type":"Polygon","coordinates":[[[96.118,3.951],[96.602,5.077],[95.464,5.57],[95.561,4.534],[96.118,3.951]]]},"properties":{"NAME":"Aceh","SUBJECTO":"Aceh","BORDERPRECISION":1}},
{"type":"Feature","geometry":{"type":"Polygon","coordinates":[[[103.311,-0.818],[98.625,3.658],[101.136,-1.366],[103.311,-0.818]]]},"properties":{"NAME":"Malacca","SUBJECTO":"Malacca","BORDERPRECISION":1}},
{"type":"Feature","geometry":{"type":"MultiPolygon","coordinates":[[[[140.87,-2.795],[137.854,-1.614],[135.246,-3.539],[140.948,-9.274],[140.87,-2.795]]],[[[96.118,3.951],[98.601,1.707],[100.812,-2.336],[104.568,-6.071],[105.943,-3.215],[103.311,-0.818],[101.136,-1.366],[98.625,3.658],[96.602,5.077],[96.118,3.951]]],[[[108.999,0.198],[110.102,-3.079],[115.568,-3.804],[117.534,0.611],[116.596,6.899],[110.818,1.244],[108.999,0.198]]]]},"properties":{"NAME":"Malaysian Islamic states","SUBJECTO":"Malaysian Islamic states","BORDERPRECISION":1}},
{"type":"Feature","geometry":{"type":"Polygon","coordinates":[[[36.86,52.095],[40.415,51.354],[44.809,54.662],[36.598,54.255],[36.86,52.095]]]},"properties":{"NAME":"Ryazan","SUBJECTO":"Ryazan","BORDERPRECISION":1}},
{"type":"Feature","geometry":{"type":"Polygon","coordinates":[[[45.382,42.623],[41.31,43.557],[41.123,43.019],[41.484,41.437],[45.382,42.623]]]},"properties":{"NAME":"Georgia","SUBJECTO":"Georgia","BORDERPRECISION":1}},
{"type":"Feature","geometry":{"type":"Polygon","coordinates":[[[18.685,54.254],[22.234,54.127],[21.905,56.35],[27.606,56.707],[27.661,58.938],[27.702,59.298],[23.416,59.119],[21.677,57.464],[21.137,54.845],[18.685,54.254]]]},"properties":{"NAME":"Teutonic Knights","SUBJECTO":"Teutonic Knights","BORDERPRECISION":1}},
{"type":"Feature","geometry":{"type":"Polygon","coordinates":[[[27.606,56.707],[28.813,56.883],[27.661,58.938],[27.606,56.707]]]},"properties":{"NAME":"Pskov","SUBJECTO":"Pskov","BORDERPRECISION":1}},
{"type":"Feature","geometry":{"type":"Polygon","coordinates":[[[29.687,60.131],[27.702,59.298],[27.661,58.938],[28.813,56.883],[32.417,57.278],[36.598,54.255],[44.809,54.662],[45.965,57.735],[56.674,58.259],[61.881,59.852],[62.662,61.101],[59.062,68.497],[53.889,68.787],[35.082,64.288],[32.644,67.046],[26.479,65.572],[29.687,60.131]]]},"properties":{"NAME":"Grand Duchy of Moscow","SUBJECTO":"Grand Duchy of Moscow","BORDERPRECISION":1}},
{"type":"Feature","geometry":{"type":"Polygon","coordinates":[[[36.598,54.255],[32.417,57.278],[28.813,56.883],[27.606,56.707],[21.905,56.35],[22.234,54.127],[18.685,54.254],[17.658,54.685],[15.765,52.265],[18.927,49.622],[25.666,48.692],[26.54,45.25],[31.951,46.865],[32.016,46.881],[38.136,49.049],[36.86,52.095],[36.598,54.255]]]},"properties":{"NAME":"Poland-Lithuania","SUBJECTO":"Poland-Lithuania","BORDERPRECISION":1}},
{"type":"Feature","geometry":{"type":"Polygon","coordinates":[[[16.701,43.847],[23.543,45.856],[26.54,45.25],[25.666,48.692],[18.927,49.622],[14.354,45.323],[15.494,43.888],[16.701,43.847]]]},"properties":{"NAME":"Imperial Hungary","SUBJECTO":"Imperial Hungary","BORDERPRECISION":1}},
{"type":"Feature","geometry":{"type":"Polygon","coordinates":[[[-1.915,43.305],[-2.143,43.331],[-2.13,41.817],[-0.907,42.881],[-1.915,43.305]]]},"properties":{"NAME":"Navarre","SUBJECTO":"Navarre","BORDERPRECISION":1}},
{"type":"Feature","geometry":{"type":"Polygon","coordinates":[[[-7.492,37.208],[-1.94,36.952],[-2.13,41.817],[-2.143,43.331],[-7.636,43.721],[-8.806,41.889],[-7.492,37.208]]]},"properties":{"NAME":"Castille","SUBJECTO":"Castille","BORDERPRECISION":1}},
{"type":"Feature","geometry":{"type":"Polygon","coordinates":[[[-2.193,35.054],[-5.929,35.728],[-8.314,33.338],[-1.802,32.427],[-2.193,35.054]]]},"properties":{"NAME":"Wattasid Caliphate","SUBJECTO":"Wattasid Caliphate","BORDERPRECISION":1}},
{"type":"Feature","geometry":{"type":"Polygon","coordinates":[[[-1.802,32.427],[6.503,32.733],[6.923,36.818],[1.058,36.462],[-2.193,35.054],[-1.802,32.427]]]},"properties":{"NAME":"Zayyanid Caliphate","SUBJECTO":"Zayyanid Caliphate","BORDERPRECISION":1}},
{"type":"Feature","geometry":{"type":"Polygon","coordinates":[[[6.503,32.733],[12.533,30.805],[12.117,32.879],[10.133,37.105],[6.923,36.818],[6.503,32.733]]]},"properties":{"NAME":"Hafsid Caliphate","SUBJECTO":"Hafsid Caliphate","BORDERPRECISION":1}},
{"type":"Feature","geometry":{"type":"Polygon","coordinates":[[[12.533,30.805],[17.002,28.751],[27.428,27.197],[29.345,24.028],[35.19,24.4],[34.886,28.357],[40.82,19.685],[41.812,21.713],[37.421,27.834],[36.525,31.162],[38.036,34.597],[38.61,38.368],[35.891,36.771],[35.873,34.422],[33.558,30.968],[29.249,30.754],[20.366,32.298],[18.915,30.205],[12.117,32.879],[12.533,30.805]]]},"properties":{"NAME":"Mamluke Sultanate","SUBJECTO":"Mamluke Sultanate","BORDERPRECISION":1}},
{"type":"Feature","geometry":{"type":"Polygon","coordinates":[[[43.497,9.729],[44.281,10.396],[42.81,11.778],[41.507,10.76],[42.465,9.507],[43.497,9.729]]]},"properties":{"NAME":"Adal","SUBJECTO":"Adal","BORDERPRECISION":1}},
{"type":"Feature","geometry":{"type":"Polygon","coordinates":[[[41.507,10.76],[41.138,13.856],[38.853,15.625],[36.421,14.888],[35.61,12.235],[35.978,7.444],[38.319,6.496],[42.465,9.507],[41.507,10.76]]]},"properties":{"NAME":"Ethiopia","SUBJECTO":"Ethiopia","BORDERPRECISION":1}},
{"type":"Feature","geometry":{"type":"Polygon","coordinates":[[[33.694,16.436],[33.03,18.279],[31.63,17.394],[32.146,16.289],[33.694,16.436]]]},"properties":{"NAME":"Alwa","SUBJECTO":"Alwa","BORDERPRECISION":1}},
{"type":"Feature","geometry":{"type":"Polygon","coordinates":[[[32.146,16.289],[31.777,12.382],[34.578,12.751],[33.694,16.436],[32.146,16.289]]]},"properties":{"NAME":"Funj","SUBJECTO":"Funj","BORDERPRECISION":1}},
{"type":"Feature","geometry":{"type":"Polygon","coordinates":[[[28.018,-21.229],[28.644,-24.914],[31.372,-25.283],[33.36,-20.843],[33.395,-20.583],[33.471,-20.023],[32.956,-16.069],[30.082,-16.364],[28.141,-19.94],[28.018,-21.229]]]},"properties":{"NAME":"Mwenemutapa","SUBJECTO":"Mwenemutapa","BORDERPRECISION":1}},
{"type":"Feature","geometry":{"type":"Polygon","coordinates":[[[16.196,-9.121],[15.236,-9.883],[16.196,-10.194],[16.196,-9.121]]]},"properties":{"NAME":"Ndongo","SUBJECTO":"Ndongo","BORDERPRECISION":1}},
{"type":"Feature","geometry":{"type":"Polygon","coordinates":[[[3.949,6.579],[6.089,4.328],[6.764,5.827],[7.365,7.913],[5.338,8.724],[4.823,7.93],[3.949,6.579]]]},"properties":{"NAME":"Benin","SUBJECTO":"Benin","BORDERPRECISION":1}},
{"type":"Feature","geometry":null,"properties":{"NAME":"Oyo","SUBJECTO":"Oyo","BORDERPRECISION":1}},
{"type":"Feature","geometry":null,"properties":{"NAME":"Akan","SUBJECTO":"Akan","BORDERPRECISION":1}},
{"type":"Feature","geometry":{"type":"Polygon","coordinates":[[[-9.389,12.235],[-5.095,12.849],[-0.839,15.183],[1.602,12.485],[3.394,13.123],[-0.397,18.942],[-5.903,17.795],[-9.389,12.235]]]},"properties":{"NAME":"Songhai","SUBJECTO":"Songhai","BORDERPRECISION":1}},
{"type":"Feature","geometry":{"type":"Polygon","coordinates":[[[-5.903,17.795],[-9.094,18.647],[-16.056,18.674],[-16.471,13.723],[-10.949,11.427],[-9.389,12.235],[-5.903,17.795]]]},"properties":{"NAME":"Mali","SUBJECTO":"Mali","BORDERPRECISION":1}},
{"type":"Feature","geometry":{"type":"Polygon","coordinates":[[[-8.314,33.338],[-9.663,29.955],[-14.367,26.119],[-17.052,21.004],[-16.056,18.674],[-9.094,18.647],[-5.903,17.795],[-0.397,18.942],[3.394,13.123],[3.692,13.077],[10.07,14.225],[11.765,16.215],[15.008,15.036],[14.713,12.507],[18.628,10.169],[20.673,11.956],[24.074,11.182],[30.6,11.116],[33.022,6.865],[35.578,5.527],[38.319,6.496],[35.978,7.444],[35.61,12.235],[36.421,14.888],[38.853,15.625],[41.138,13.856],[41.507,10.76],[42.81,11.778],[42.079,13.861],[39.518,15.463],[38.527,18.161],[37.165,20.764],[35.19,24.4],[29.345,24.028],[27.428,27.197],[17.002,28.751],[12.533,30.805],[6.503,32.733],[-1.802,32.427],[-8.314,33.338]],[[33.694,16.436],[34.578,12.751],[31.777,12.382],[32.146,16.289],[31.63,17.394],[33.03,18.279],[33.694,16.436]]]},"properties":{"NAME":null,"SUBJECTO":null,"BORDERPRECISION":1}},
{"type":"Feature","geometry":{"type":"Polygon","coordinates":[[[3.692,13.077],[4.666,11.513],[10.727,11.291],[10.07,14.225],[3.692,13.077]]]},"properties":{"NAME":"Hausa States","SUBJECTO":"Hausa States","BORDERPRECISION":1}},
{"type":"Feature","geometry":{"type":"Polygon","coordinates":[[[10.07,14.225],[10.727,11.291],[14.713,12.507],[15.008,15.036],[11.765,16.215],[10.07,14.225]]]},"properties":{"NAME":"Bornu-Kanem","SUBJECTO":"Bornu-Kanem","BORDERPRECISION":1}},
{"type":"Feature","geometry":{"type":"Polygon","coordinates":[[[46.878,13.474],[46.659,15.425],[45.24,17.694],[42.764,16.645],[43.841,12.664],[46.878,13.474]]]},"properties":{"NAME":"Yemen","SUBJECTO":"Yemen","BORDERPRECISION":1}},
{"type":"Feature","geometry":{"type":"Polygon","coordinates":[[[46.878,13.474],[55.195,17.149],[57.839,19.035],[59.837,22.279],[58.18,21.849],[50.511,17.147],[46.659,15.425],[46.878,13.474]]]},"properties":{"NAME":"Hadramaut","SUBJECTO":"Hadramaut","BORDERPRECISION":1}},
{"type":"Feature","geometry":{"type":"Polygon","coordinates":[[[59.837,22.279],[57.146,23.982],[50.968,24.436],[58.18,21.849],[59.837,22.279]]]},"properties":{"NAME":"Muscat","SUBJECTO":"Muscat","BORDERPRECISION":1}},
{"type":"Feature","geometry":{"type":"Polygon","coordinates":[[[40.82,19.685],[42.764,16.645],[45.24,17.694],[46.659,15.425],[50.511,17.147],[58.18,21.849],[50.968,24.436],[47.845,29.503],[44.083,30.337],[40.029,34.391],[38.036,34.597],[36.525,31.162],[37.421,27.834],[41.812,21.713],[40.82,19.685]]]},"properties":{"NAME":"Arabs","SUBJECTO":"Arabs","BORDERPRECISION":1}},
{"type":"Feature","geometry":{"type":"Polygon","coordinates":[[[41.484,41.437],[38.61,38.368],[38.036,34.597],[40.029,34.391],[44.083,30.337],[47.845,29.503],[54.646,26.391],[60.48,25.298],[59.984,26.512],[57.19,30.763],[53.984,36.782],[48.837,37.511],[49.807,40.581],[47.493,43.583],[45.382,42.623],[41.484,41.437]]]},"properties":{"NAME":"Emirate of the White Sheep Turks","SUBJECTO":"Emirate of the White Sheep Turks","BORDERPRECISION":1}},
{"type":"Feature","geometry":{"type":"Polygon","coordinates":[[[72.816,31.058],[74.585,30.689],[78.277,24.296],[82.546,23.245],[85.273,24.203],[86.231,27.004],[84.968,27.613],[83.079,27.277],[80.673,29.683],[77.534,32.09],[77.978,34.873],[75.333,34.946],[72.816,31.058]]]},"properties":{"NAME":"Sultanate of Delhi","SUBJECTO":"Sultanate of Delhi","BORDERPRECISION":1}},
{"type":"Feature","geometry":{"type":"Polygon","coordinates":[[[82.546,23.245],[83.619,21.723],[84.304,20.752],[85.379,19.605],[91.41,22.721],[91.717,24.093],[91.547,26.285],[86.231,27.004],[85.273,24.203],[82.546,23.245]]]},"properties":{"NAME":"Bengal","SUBJECTO":"Bengal","BORDERPRECISION":1}},
{"type":"Feature","geometry":{"type":"Polygon","coordinates":[[[80.673,29.683],[84.968,27.613],[86.231,27.004],[91.547,26.285],[97.34,28.182],[98.637,27.479],[100.682,28.691],[102.406,33.721],[101.688,36.307],[95.519,37.102],[89.917,35.186],[77.978,34.873],[77.534,32.09],[80.673,29.683]]]},"properties":{"NAME":"Tibet","SUBJECTO":"Tibet","BORDERPRECISION":1}},
{"type":"Feature","geometry":{"type":"Polygon","coordinates":[[[36.86,52.095],[38.136,49.049],[44.364,49.429],[41.31,43.557],[45.382,42.623],[47.493,43.583],[47.556,45.453],[52.854,46.938],[56.674,58.259],[45.965,57.735],[44.809,54.662],[40.415,51.354],[36.86,52.095]]]},"properties":{"NAME":"Golden Horde","SUBJECTO":"Golden Horde","BORDERPRECISION":1}},
{"type":"Feature","geometry":{"type":"Polygon","coordinates":[[[73.494,16.288],[76.704,8.706],[79.826,10.359],[80.46,15.773],[77.922,16.246],[73.494,16.288]]]},"properties":{"NAME":"Vijayanagara","SUBJECTO":"Vijayanagara","BORDERPRECISION":1}},
{"type":"Feature","geometry":{"type":"Polygon","coordinates":[[[91.41,22.721],[92.827,20.424],[91.717,24.093],[91.41,22.721]]]},"properties":{"NAME":"Arakan","SUBJECTO":"Arakan","BORDERPRECISION":1}},
{"type":"Feature","geometry":{"type":"Polygon","coordinates":[[[106.854,10.576],[109.048,11.934],[107.385,12.354],[106.854,10.576]]]},"properties":{"NAME":"Champa","SUBJECTO":"Champa","BORDERPRECISION":1}},
{"type":"Feature","geometry":{"type":"Polygon","coordinates":[[[105.574,17.881],[102.98,20.966],[101.657,19.661],[105.574,17.881]]]},"properties":{"NAME":"Laos","SUBJECTO":"Laos","BORDERPRECISION":1}},
{"type":"Feature","geometry":{"type":"Polygon","coordinates":[[[107.385,12.354],[109.048,11.934],[108.236,16.08],[105.533,18.844],[107.466,20.976],[102.98,20.966],[105.574,17.881],[107.48,13.257],[107.385,12.354]]]},"properties":{"NAME":"Đại Việt","SUBJECTO":"Đại Việt","BORDERPRECISION":1}},
{"type":"Feature","geometry":{"type":"Polygon","coordinates":[[[98.637,27.479],[99.841,20.482],[101.657,19.661],[102.98,20.966],[107.466,20.976],[110.077,20.867],[116.341,22.913],[121.359,28.386],[121.606,31.828],[119.021,34.692],[117.589,38.284],[121.011,40.851],[125.382,39.409],[129.641,41.656],[131.865,43.29],[119.604,42.03],[102.926,39.018],[95.592,38.945],[95.519,37.102],[101.688,36.307],[102.406,33.721],[100.682,28.691],[98.637,27.479]]]},"properties":{"NAME":"Ming Empire","SUBJECTO":"Ming Empire","BORDERPRECISION":1}},
{"type":"Feature","geometry":{"type":"Polygon","coordinates":[[[107.48,13.257],[105.574,17.881],[101.657,19.661],[99.841,20.482],[98.67,18.397],[97.573,16.445],[98.738,11.435],[98.177,8.6],[101.264,3.225],[103.334,3.394],[99.071,9.898],[102.671,12.038],[107.48,13.257]],[[98.217,15.019],[98.137,15.19],[98.184,15.214],[98.217,15.019]]]},"properties":{"NAME":"Ayutthaya","SUBJECTO":"Ayutthaya","BORDERPRECISION":1}},
{"type":"Feature","geometry":{"type":"Polygon","coordinates":[[[91.717,24.093],[92.827,20.424],[94.465,17.264],[98.67,18.397],[99.841,20.482],[98.637,27.479],[97.34,28.182],[91.547,26.285],[91.717,24.093]]]},"properties":{"NAME":"Burmese kingdoms","SUBJECTO":"Burmese kingdoms","BORDERPRECISION":1}},
{"type":"Feature","geometry":{"type":"Polygon","coordinates":[[[98.67,18.397],[94.465,17.264],[97.573,16.445],[98.67,18.397]]]},"properties":{"NAME":"Pegu","SUBJECTO":"Pegu","BORDERPRECISION":1}},
{"type":"Feature","geometry":{"type":"Polygon","coordinates":[[[8.884,54.229],[1.796,50.921],[5.361,49.697],[5.533,46.097],[7.397,43.764],[11.96,42.007],[11.17,45.067],[13.368,45.694],[13.673,45.715],[14.354,45.323],[18.927,49.622],[15.765,52.265],[17.658,54.685],[14.473,53.877],[10.142,54.337],[8.884,54.229]]]},"properties":{"NAME":"Holy Roman Empire","SUBJECTO":"Holy Roman Empire","BORDERPRECISION":1}},
{"type":"Feature","geometry":{"type":"Polygon","coordinates":[[[-14.51,28.05],[-13.881,28.199],[-14.147,28.391],[-14.51,28.05]]]},"properties":{"NAME":"Guanches","SUBJECTO":"Guanches","BORDERPRECISION":1}},
{"type":"Feature","geometry":{"type":"Polygon","coordinates":[[[-22.612,80.872],[-32.513,83.577],[-67.143,80.562],[-65.153,79.313],[-52.059,74.705],[-48.399,67.15],[-50.519,63.093],[-43.144,59.819],[-39.992,65.533],[-28.376,68.417],[-29.338,73.281],[-22.612,80.872]]]},"properties":{"NAME":null,"SUBJECTO":null,"BORDERPRECISION":1}},
{"type":"Feature","geometry":{"type":"Polygon","coordinates":[[[-155.931,20.284],[-156.034,19.106],[-154.948,19.483],[-155.931,20.284]]]},"properties":{"NAME":"Polynesians","SUBJECTO":"Polynesians","BORDERPRECISION":1}},
{"type":"Feature","geometry":{"type":"Polygon","coordinates":[[[19.334,57.956],[19.105,57.975],[19.142,57.908],[19.334,57.956]]]},"properties":{"NAME":null,"SUBJECTO":null,"BORDERPRECISION":1}},
{"type":"Feature","geometry":{"type":"Polygon","coordinates":[[[18.206,56.912],[18.712,57.242],[18.809,57.704],[18.111,57.519],[18.206,56.912]]]},"properties":{"NAME":null,"SUBJECTO":null,"BORDERPRECISION":1}},
{"type":"Feature","geometry":{"type":"Polygon","coordinates":[[[9.617,47.496],[9.189,47.651],[9.14,47.665],[9.011,47.671],[8.976,47.666],[8.937,47.659],[9.617,47.496]]]},"properties":{"NAME":"Swiss Confederation","SUBJECTO":"Swiss Confederation","BORDERPRECISION":1}},
{"type":"Feature","geometry":{"type":"Polygon","coordinates":[[[142.338,-10.915],[140.801,-17.562],[135.388,-14.897],[133.559,-11.951],[126.853,-13.784],[122.738,-16.583],[120.872,-19.677],[116.419,-20.837],[113.625,-22.566],[113.433,-26.572],[115.747,-32.208],[118.207,-35.09],[126.059,-32.434],[131.28,-31.635],[137.457,-33.314],[140.012,-37.642],[143.365,-38.97],[149.504,-37.929],[152.972,-31.418],[153.069,-26.228],[150.754,-22.812],[146.322,-19.082],[145.184,-15.048],[142.338,-10.915]]]},"properties":{"NAME":"Australian aboriginal hunter-gatherers","SUBJECTO":"Australian aboriginal hunter-gatherers","BORDERPRECISION":1}},
{"type":"Feature","geometry":{"type":"Polygon","coordinates":[[[146.713,-43.722],[148.27,-41.093],[144.776,-40.843],[146.713,-43.722]]]},"properties":{"NAME":"Tasmanian hunter-gatherers","SUBJECTO":"Tasmanian hunter-gatherers","BORDERPRECISION":1}},
{"type":"Feature","geometry":{"type":"Polygon","coordinates":[[[-50.476,-1.679],[-49.347,-1.645],[-48.886,-1.421],[-48.402,-0.391],[-50.611,-1.438],[-50.476,-1.679]]]},"properties":{"NAME":"Caribbean hunter-gatherers","SUBJECTO":"Caribbean hunter-gatherers","BORDERPRECISION":1}},
{"type":"Feature","geometry":{"type":"Polygon","coordinates":[[[-1.3,10.852],[-6.829,10.113],[-15.099,11.813],[-15.416,11.335],[-15.029,11.158],[-15.018,10.917],[-14.575,10.784],[-14.591,10.467],[-13.68,9.916],[-13.626,9.623],[-13.282,9.275],[-13.141,9.027],[-13.174,8.773],[-12.927,8.627],[-13.212,8.347],[-12.274,7.631],[-12.264,7.351],[-7.529,4.337],[-3.942,5.266],[0.536,5.72],[4.823,7.93],[5.338,8.724],[7.365,7.913],[6.764,5.827],[12.605,7.732],[22.225,6.196],[34.406,2.49],[43.415,2.515],[47.636,4.096],[50.779,9.368],[51.181,11.777],[44.281,10.396],[43.497,9.729],[42.465,9.507],[38.319,6.496],[35.578,5.527],[33.022,6.865],[30.6,11.116],[24.074,11.182],[20.673,11.956],[18.628,10.169],[14.713,12.507],[10.727,11.291],[4.666,11.513],[3.692,13.077],[3.394,13.123],[1.602,12.485],[-1.3,10.852]]]},"properties":{"NAME":"West African cereal farmers","SUBJECTO":"West African cereal farmers","BORDERPRECISION":1}},
{"type":"Feature","geometry":{"type":"Polygon","coordinates":[[[28.141,-19.94],[12.906,-19.702],[14.533,-22.496],[14.947,-26.01],[15.153,-26.333],[15.137,-26.829],[15.292,-27.153],[15.454,-27.616],[16.788,-29.139],[18.179,-31.805],[17.868,-32.994],[18.073,-33.223],[18.459,-33.832],[18.293,-34.246],[19.279,-34.504],[19.321,-34.733],[26.659,-33.847],[32.235,-28.744],[32.896,-26.372],[32.5,-26.068],[35.512,-23.939],[35.297,-23.825],[35.512,-22.185],[35.261,-22.274],[34.994,-21.271],[35.107,-20.984],[34.673,-20.515],[34.719,-20.043],[33.471,-20.023],[33.395,-20.583],[33.395,-20.761],[33.36,-20.843],[31.372,-25.283],[28.644,-24.914],[28.018,-21.229],[28.141,-19.94]]]},"properties":{"NAME":"Khoiasan","SUBJECTO":"Khoiasan","BORDERPRECISION":1}},
{"type":"Feature","geometry":{"type":"Polygon","coordinates":[[[145.348,44.243],[143.021,44.464],[144.614,43.843],[145.348,44.243]]]},"properties":{"NAME":"Ainus","SUBJECTO":"Ainus","BORDERPRECISION":1}},
{"type":"Feature","geometry":{"type":"Polygon","coordinates":[[[144.54,48.753],[142.944,51.617],[142.153,50.89],[142.854,49.128],[144.54,48.753]]]},"properties":{"NAME":"Ainus","SUBJECTO":"Ainus","BORDERPRECISION":1}},
{"type":"Feature","geometry":{"type":"MultiPolygon","coordinates":[[[[61.881,59.852],[67.89,61.685],[75.239,62.134],[85.083,58.163],[93.975,56.893],[102.586,57.296],[118.11,56.893],[126.437,54.917],[136.487,53.655],[134.894,54.72],[142.846,59.273],[145.404,59.326],[145.653,58.975],[145.957,58.983],[146.023,59.196],[148.747,59.297],[148.728,59.476],[149.73,59.595],[150.12,59.389],[151.524,59.344],[151.135,58.732],[152.191,58.926],[152.504,58.769],[154.906,59.103],[153.943,59.569],[155.734,60.555],[155.667,60.778],[156.418,61.121],[156.423,61.401],[159.106,61.707],[159.231,61.546],[160.118,61.751],[159.816,60.981],[160.236,60.947],[160.007,60.591],[162.749,61.609],[162.711,61.763],[163.009,62.178],[162.99,62.326],[165.067,62.436],[163.576,61.33],[163.831,61.233],[156.777,57.58],[155.465,54.92],[156.696,50.958],[158.39,52.203],[158.461,52.826],[159.922,53.3],[159.633,53.706],[162.008,54.738],[161.503,55.287],[162.722,56.342],[162.555,56.011],[163.166,56.106],[162.512,57.033],[163.128,57.552],[161.804,58.102],[162.907,58.891],[162.753,58.966],[163.255,59.29],[163.043,59.462],[163.767,59.884],[163.65,59.792],[164.111,60.078],[164.585,59.665],[164.882,59.734],[164.933,59.962],[166.203,60.353],[166.027,59.709],[169.154,60.435],[169.877,59.875],[170.273,60.013],[170.268,60.145],[177.19,62.67],[177.135,62.55],[179.242,62.526],[178.078,63.429],[178.403,63.664],[177.813,64.047],[178.011,64.192],[175.9,64.547],[176.156,64.678],[175.965,64.904],[176.18,64.868],[176.332,64.773],[177.135,64.927],[177.026,64.844],[177.251,64.856],[177.427,64.607],[180,64.953],[180,65.052],[180,65.311],[180,65.382],[180,65.963],[180,66.963],[180,67.963],[180,68.92],[170.056,69.611],[170.431,69.559],[159.444,69.765],[159.573,69.999],[148.711,71.629],[149.722,71.895],[144.801,71.591],[145.815,72.098],[144.82,72.143],[145.6,72.426],[141.294,72.787],[139.05,72.164],[139.848,72.236],[138.114,71.385],[138.175,71.362],[126.111,72.28],[128.525,72.952],[118.338,73.186],[118.46,73.519],[110.178,73.798],[110.4,73.743],[105.279,72.752],[113.625,75.273],[113.113,75.494],[113.723,75.869],[106.404,76.432],[107.24,76.898],[104.485,76.995],[105.47,77.329],[95.982,75.902],[96.139,76.086],[86.978,74.299],[87.394,74.179],[87.691,73.9],[86.124,73.451],[86.757,73.787],[80.838,73.553],[80.982,72.447],[82.321,72.222],[82.436,72.051],[83.202,71.826],[83.561,71.624],[83.076,70.582],[82.046,70.419],[82.215,71.204],[82.88,71.491],[81.671,71.574],[79.223,72.271],[76.607,71.518],[78.137,71.374],[75.671,71.199],[75.297,71.897],[75.583,72.171],[73.217,71.458],[73.915,69.154],[77.406,68.936],[77.483,67.803],[78.536,67.612],[72.209,66.173],[69.085,66.688],[71.544,66.714],[71.4,66.949],[73.394,68.382],[72.437,70.187],[72.774,70.455],[71.798,71.432],[72.845,72.495],[66.775,70.736],[67.285,70.706],[66.884,69.623],[68.106,69.429],[68.258,68.941],[69.109,68.83],[59.062,68.497],[62.662,61.101],[61.881,59.852]]],[[[54.479,73.519],[57.823,73.781],[57.405,74.052],[58.882,74.391],[58.603,74.504],[60.623,74.935],[60.334,75.033],[68.937,76.606],[59.018,75.799],[54.479,73.519]]]]},"properties":{"NAME":"Siberians","SUBJECTO":"Siberians","BORDERPRECISION":1}},
{"type":"Feature","geometry":{"type":"Polygon","coordinates":[[[24.324,35.208],[24.693,34.94],[25.512,35.295],[24.388,35.373],[23.529,35.57],[23.568,35.255],[24.324,35.208]]]},"properties":{"NAME":null,"SUBJECTO":null,"BORDERPRECISION":1}},
{"type":"Feature","geometry":{"type":"Polygon","coordinates":[[[41.31,43.557],[44.364,49.429],[38.136,49.049],[32.016,46.881],[41.123,43.019],[41.31,43.557]]]},"properties":{"NAME":"Crimean Khanate","SUBJECTO":"Ottoman Empire","BORDERPRECISION":1}},
{"type":"Feature","geometry":{"type":"Polygon","coordinates":[[[-2.576,47.324],[-1.999,48.677],[-4.35,48.391],[-2.576,47.324]]]},"properties":{"NAME":"Britany","SUBJECTO":"Britany","BORDERPRECISION":1}},
{"type":"Feature","geometry":{"type":"Polygon","coordinates":[[[-50.611,-1.438],[-50.476,-1.679],[-49.347,-1.645],[-48.886,-1.421],[-48.402,-0.391],[-48.886,-1.421],[-49.347,-1.645],[-50.476,-1.679],[-50.611,-1.438]]]},"properties":{"NAME":null,"SUBJECTO":null,"BORDERPRECISION":1}},
{"type":"Feature","geometry":{"type":"Polygon","coordinates":[[[44.301,1.291],[47.636,4.096],[43.415,2.515],[39.417,-1.375],[44.301,1.291]]]},"properties":{"NAME":null,"SUBJECTO":null,"BORDERPRECISION":1}},
{"type":"Feature","geometry":null,"properties":{"NAME":null,"SUBJECTO":null,"BORDERPRECISION":1}},
{"type":"Feature","geometry":{"type":"Polygon","coordinates":[[[40.618,-14.484],[40.603,-13.531],[40.534,-13.308],[40.618,-14.484]]]},"properties":{"NAME":null,"SUBJECTO":null,"BORDERPRECISION":1}},
{"type":"Feature","geometry":{"type":"Polygon","coordinates":[[[40.527,-15.183],[40.781,-14.922],[40.849,-14.579],[40.527,-15.183]]]},"properties":{"NAME":null,"SUBJECTO":null,"BORDERPRECISION":1}},
{"type":"Feature","geometry":{"type":"Polygon","coordinates":[[[34.673,-20.515],[40.61,-15.355],[34.719,-20.043],[34.673,-20.515]]]},"properties":{"NAME":null,"SUBJECTO":null,"BORDERPRECISION":1}},
{"type":"Feature","geometry":{"type":"Polygon","coordinates":[[[12.906,-19.702],[11.85,-18.022],[14.533,-22.496],[12.906,-19.702]]]},"properties":{"NAME":null,"SUBJECTO":null,"BORDERPRECISION":1}},
{"type":"Feature","geometry":null,"properties":{"NAME":null,"SUBJECTO":null,"BORDERPRECISION":1}},
{"type":"Feature","geometry":null,"properties":{"NAME":null,"SUBJECTO":null,"BORDERPRECISION":1}},
{"type":"Feature","geometry":{"type":"Polygon","coordinates":[[[10.525,-3.237],[9.931,-2.711],[12.227,-5.362],[10.525,-3.237]]]},"properties":{"NAME":null,"SUBJECTO":null,"BORDERPRECISION":1}},
{"type":"Feature","geometry":{"type":"Polygon","coordinates":[[[9.656,-2.419],[9.243,-1.772],[9.656,-2.419],[10.06,-2.571],[9.894,-2.444],[9.656,-2.419]]]},"properties":{"NAME":null,"SUBJECTO":null,"BORDERPRECISION":1}},
{"type":"Feature","geometry":{"type":"Polygon","coordinates":[[[8.981,-1.099],[8.815,-0.896],[9.112,-1.353],[9.465,-1.593],[8.981,-1.099]]]},"properties":{"NAME":null,"SUBJECTO":null,"BORDERPRECISION":1}},
{"type":"Feature","geometry":null,"properties":{"NAME":null,"SUBJECTO":null,"BORDERPRECISION":1}},
{"type":"Feature","geometry":{"type":"Polygon","coordinates":[[[9.557,1.127],[9.37,1.171],[9.622,1.089],[9.557,1.127]]]},"properties":{"NAME":null,"SUBJECTO":null,"BORDERPRECISION":1}},
{"type":"Feature","geometry":null,"properties":{"NAME":null,"SUBJECTO":null,"BORDERPRECISION":1}},
{"type":"Feature","geometry":{"type":"Polygon","coordinates":[[[4.823,7.93],[0.536,5.72],[3.949,6.579],[4.823,7.93]]]},"properties":{"NAME":null,"SUBJECTO":null,"BORDERPRECISION":1}},
{"type":"Feature","geometry":null,"properties":{"NAME":null,"SUBJECTO":null,"BORDERPRECISION":1}},
{"type":"Feature","geometry":{"type":"Polygon","coordinates":[[[-13.212,8.347],[-12.869,7.973],[-12.274,7.631],[-13.212,8.347]]]},"properties":{"NAME":null,"SUBJECTO":null,"BORDERPRECISION":1}},
{"type":"Feature","geometry":{"type":"Polygon","coordinates":[[[-13.174,8.773],[-13.145,8.722],[-12.927,8.627],[-13.174,8.773]]]},"properties":{"NAME":null,"SUBJECTO":null,"BORDERPRECISION":1}},
{"type":"Feature","geometry":{"type":"Polygon","coordinates":[[[-13.626,9.623],[-13.141,9.027],[-13.282,9.275],[-13.626,9.623]]]},"properties":{"NAME":null,"SUBJECTO":null,"BORDERPRECISION":1}},
{"type":"Feature","geometry":{"type":"Polygon","coordinates":[[[-14.591,10.467],[-14.058,10.08],[-13.68,9.916],[-14.591,10.467]]]},"properties":{"NAME":null,"SUBJECTO":null,"BORDERPRECISION":1}},
{"type":"Feature","geometry":{"type":"Polygon","coordinates":[[[-15.018,10.917],[-14.821,10.803],[-14.575,10.784],[-15.018,10.917]]]},"properties":{"NAME":null,"SUBJECTO":null,"BORDERPRECISION":1}},
{"type":"Feature","geometry":{"type":"Polygon","coordinates":[[[-15.416,11.335],[-15.341,11.221],[-15.029,11.158],[-15.416,11.335]]]},"properties":{"NAME":null,"SUBJECTO":null,"BORDERPRECISION":1}},
{"type":"Feature","geometry":{"type":"Polygon","coordinates":[[[-1.3,10.852],[1.602,12.485],[-0.839,15.183],[-5.095,12.849],[-9.389,12.235],[-10.949,11.427],[-16.471,13.723],[-16.696,12.413],[-16.279,12.21],[-15.099,11.813],[-6.829,10.113],[-1.3,10.852]]]},"properties":{"NAME":null,"SUBJECTO":null,"BORDERPRECISION":1}},
{"type":"Feature","geometry":{"type":"Polygon","coordinates":[[[-16.696,12.413],[-16.571,12.312],[-16.279,12.21],[-16.696,12.413]]]},"properties":{"NAME":null,"SUBJECTO":null,"BORDERPRECISION":1}},
{"type":"Feature","geometry":{"type":"Polygon","coordinates":[[[35.261,-22.274],[35.107,-20.984],[34.994,-21.271],[35.261,-22.274]]]},"properties":{"NAME":null,"SUBJECTO":null,"BORDERPRECISION":1}},
{"type":"Feature","geometry":{"type":"Polygon","coordinates":[[[35.297,-23.825],[35.425,-23.456],[35.512,-22.185],[35.297,-23.825]]]},"properties":{"NAME":null,"SUBJECTO":null,"BORDERPRECISION":1}},
{"type":"Feature","geometry":{"type":"Polygon","coordinates":[[[32.5,-26.068],[34.884,-24.722],[35.512,-23.939],[32.5,-26.068]]]},"properties":{"NAME":null,"SUBJECTO":null,"BORDERPRECISION":1}},
{"type":"Feature","geometry":null,"properties":{"NAME":null,"SUBJECTO":null,"BORDERPRECISION":1}},
{"type":"Feature","geometry":{"type":"Polygon","coordinates":[[[18.293,-34.246],[18.487,-34.398],[19.279,-34.504],[18.293,-34.246]]]},"properties":{"NAME":null,"SUBJECTO":null,"BORDERPRECISION":1}},
{"type":"Feature","geometry":{"type":"Polygon","coordinates":[[[17.868,-32.994],[18.459,-33.832],[18.073,-33.223],[17.868,-32.994]]]},"properties":{"NAME":null,"SUBJECTO":null,"BORDERPRECISION":1}},
{"type":"Feature","geometry":{"type":"Polygon","coordinates":[[[15.454,-27.616],[18.179,-31.805],[16.788,-29.139],[15.454,-27.616]]]},"properties":{"NAME":null,"SUBJECTO":null,"BORDERPRECISION":1}},
{"type":"Feature","geometry":null,"properties":{"NAME":null,"SUBJECTO":null,"BORDERPRECISION":1}},
{"type":"Feature","geometry":null,"properties":{"NAME":null,"SUBJECTO":null,"BORDERPRECISION":1}},
{"type":"Feature","geometry":null,"properties":{"NAME":null,"SUBJECTO":null,"BORDERPRECISION":1}},
{"type":"Feature","geometry":{"type":"Polygon","coordinates":[[[9.032,4.138],[8.953,4.283],[9.032,4.138],[9.284,4.017],[9.78,3.853],[9.651,4.018],[9.284,4.017],[9.032,4.138]]]},"properties":{"NAME":null,"SUBJECTO":null,"BORDERPRECISION":1}},
{"type":"Feature","geometry":{"type":"Polygon","coordinates":[[[8.263,4.746],[8.925,4.525],[8.328,4.841],[8.263,4.746]]]},"properties":{"NAME":null,"SUBJECTO":null,"BORDERPRECISION":1}},
{"type":"Feature","geometry":null,"properties":{"NAME":null,"SUBJECTO":null,"BORDERPRECISION":1}},
{"type":"Feature","geometry":{"type":"Polygon","coordinates":[[[33.36,-20.843],[33.395,-20.761],[33.395,-20.583],[33.36,-20.843]]]},"properties":{"NAME":null,"SUBJECTO":null,"BORDERPRECISION":1}},
{"type":"Feature","geometry":{"type":"Polygon","coordinates":[[[13.084,-9.287],[13.204,-9.637],[13.418,-9.986],[13.639,-10.303],[11.85,-18.022],[12.906,-19.702],[28.141,-19.94],[30.082,-16.364],[32.956,-16.069],[33.471,-20.023],[34.719,-20.043],[40.61,-15.355],[40.527,-15.183],[40.849,-14.579],[40.618,-14.484],[40.534,-13.308],[40.366,-12.991],[40.4,-11.23],[38.238,-9.292],[37.732,-4.575],[39.417,-1.375],[43.415,2.515],[34.406,2.49],[22.225,6.196],[12.605,7.732],[6.764,5.827],[6.089,4.328],[8.328,4.613],[8.263,4.746],[8.328,4.841],[8.925,4.525],[8.953,4.283],[9.032,4.138],[9.284,4.017],[9.651,4.018],[9.78,3.853],[9.586,3.675],[9.765,3.383],[9.37,1.171],[9.557,1.127],[9.622,1.089],[9.35,0.535],[9.602,0.332],[9.854,0.174],[8.815,-0.896],[8.981,-1.099],[9.465,-1.593],[9.243,-1.772],[9.656,-2.419],[9.894,-2.444],[10.06,-2.571],[9.931,-2.711],[10.525,-3.237],[12.227,-5.362],[12.339,-6.19],[12.372,-6.258],[14.576,-4.772],[14.329,-9.368],[13.084,-9.287]],[[16.196,-9.121],[16.196,-10.194],[15.236,-9.883],[16.196,-9.121]]]},"properties":{"NAME":"Bantou","SUBJECTO":"Bantou","BORDERPRECISION":1}},
{"type":"Feature","geometry":{"type":"Polygon","coordinates":[[[67.89,61.685],[64.679,55.974],[68.591,54.282],[78.805,54.394],[82.536,57.08],[75.664,58.615],[75.239,62.134],[67.89,61.685]]]},"properties":{"NAME":"Khanate of Sibir","SUBJECTO":"Khanate of Sibir","BORDERPRECISION":1}},
{"type":"Feature","geometry":{"type":"Polygon","coordinates":[[[-123.629,40.103],[-123.676,40.113],[-123.745,40.127],[-123.743,39.997],[-123.63,39.943],[-123.378,39.918],[-123.179,39.92],[-123.166,40.144],[-123.168,40.145],[-123.315,40.138],[-123.322,40.112],[-123.341,40.117],[-123.525,40.127],[-123.629,40.103]]]},"properties":{"NAME":"Wailaki","SUBJECTO":"Wailaki","BORDERPRECISION":1}},
{"type":"Feature","geometry":{"type":"Polygon","coordinates":[[[-75.455,-6.205],[-75.473,-6.166],[-76.853,-6.062],[-76.959,-8.36],[-76.892,-8.641],[-75.48,-6.687],[-75.443,-6.288],[-75.455,-6.205]]]},"properties":{"NAME":"Kichwa Lamista","SUBJECTO":"Kichwa Lamista","BORDERPRECISION":1}},
{"type":"Feature","geometry":{"type":"Polygon","coordinates":[[[-101.838,25.681],[-101.864,25.678],[-102.639,25.283],[-102.643,25.171],[-102.067,22.299],[-101.111,21.861],[-100.59,21.85],[-100.198,22.469],[-99.653,23.549],[-99.435,24.587],[-101.838,25.681]]]},"properties":{"NAME":"Guachichil","SUBJECTO":"Guachichil","BORDERPRECISION":1}},
{"type":"Feature","geometry":{"type":"Polygon","coordinates":[[[-102.668,18.095],[-101.948,17.987],[-101.736,18.077],[-100.273,18.714],[-100.03,19.59],[-100.948,21],[-101.938,20.736],[-102.501,20.747],[-103.481,20.84],[-104.058,20.6],[-104.178,20.458],[-104.259,20.069],[-104.122,19.571],[-104.072,19.517],[-103.841,18.712],[-103.789,18.646],[-103.722,18.571],[-103.714,18.563],[-102.668,18.095]]]},"properties":{"NAME":"P’urhépecha","SUBJECTO":"P’urhépecha","BORDERPRECISION":1}},
{"type":"Feature","geometry":{"type":"Polygon","coordinates":[[[-65.39,-12.488],[-65.49,-12.538],[-65.025,-12.99],[-64.987,-12.957],[-65.39,-12.488]]]},"properties":{"NAME":"Cayubaba","SUBJECTO":"Cayubaba","BORDERPRECISION":1}},
{"type":"Feature","geometry":{"type":"MultiPolygon","coordinates":[[[[-63.773,-3.384],[-63.983,-3.277],[-64.634,-3.878],[-63.773,-3.384]]],[[[-64.812,-2.459],[-65.563,-1.889],[-66.609,-1.781],[-67.544,-1.684],[-69.385,-1.494],[-69.398,-1.247],[-69.398,-1.092],[-69.554,-0.952],[-69.862,-0.37],[-69.871,-0.351],[-70.578,-0.392],[-70.787,-0.679],[-70.906,-0.739],[-71.146,-0.769],[-71.229,-0.768],[-71.242,-0.767],[-71.823,-0.811],[-71.858,-0.866],[-71.841,-1.036],[-71.133,-1.449],[-70.82,-1.549],[-69.696,-1.563],[-69.389,-1.507],[-67.542,-1.693],[-66.632,-1.785],[-65.565,-1.893],[-65.592,-2.24],[-64.774,-2.617],[-64.812,-2.459]]]]},"properties":{"NAME":"Miranha","SUBJECTO":"Miranha","BORDERPRECISION":1}},
{"type":"Feature","geometry":{"type":"Polygon","coordinates":[[[-62.27,-28.403],[-62.394,-28.501],[-62.483,-28.926],[-62.016,-28.952],[-61.933,-28.299],[-62.27,-28.403]]]},"properties":{"NAME":"Abipones","SUBJECTO":"Abipones","BORDERPRECISION":1}},
{"type":"Feature","geometry":{"type":"Polygon","coordinates":[[[-123.507,40.708],[-123.511,40.832],[-123.533,40.708],[-123.507,40.708]]]},"properties":{"NAME":"Tsnungwe","SUBJECTO":"Tsnungwe","BORDERPRECISION":1}},
{"type":"Feature","geometry":{"type":"Polygon","coordinates":[[[-76.005,38.64],[-76.137,38.621],[-76.034,38.571],[-75.939,38.787],[-75.871,39.487],[-76.103,40.938],[-76.068,41.594],[-78.675,41.534],[-78.989,40.66],[-78.677,40.288],[-76.479,39.719],[-77.148,39.389],[-76.387,38.339],[-76.538,38.785],[-76.15,39.067],[-76.112,38.845],[-76.005,38.64]]]},"properties":{"NAME":"Susquehannock","SUBJECTO":"Susquehannock","BORDERPRECISION":1}},
{"type":"Feature","geometry":{"type":"Polygon","coordinates":[[[-78.392,-1.591],[-78.435,-1.572],[-78.509,-2.295],[-78.392,-1.591]]]},"properties":{"NAME":"Puruwá","SUBJECTO":"Puruwá","BORDERPRECISION":1}},
{"type":"Feature","geometry":{"type":"Polygon","coordinates":[[[-173.724,64.383],[-173.123,64.675],[-174.037,64.554],[-174.069,64.533],[-174.041,64.429],[-173.724,64.383]]]},"properties":{"NAME":"Ungazigmit (Chaplino) Yupik","SUBJECTO":"Ungazigmit (Chaplino) Yupik","BORDERPRECISION":1}},
{"type":"Feature","geometry":{"type":"Polygon","coordinates":[[[-123.526,41.168],[-123.467,41.095],[-123.457,41.166],[-123.137,41.499],[-123.367,41.758],[-123.416,41.85],[-123.564,41.855],[-123.565,41.855],[-123.637,41.855],[-123.672,41.719],[-123.672,41.716],[-123.685,41.653],[-123.731,41.572],[-123.763,41.558],[-123.792,41.545],[-123.571,41.172],[-123.526,41.168]]]},"properties":{"NAME":"Karuk","SUBJECTO":"Karuk","BORDERPRECISION":1}},
{"type":"Feature","geometry":{"type":"Polygon","coordinates":[[[-63.777,4.879],[-63.803,4.902],[-65.318,2.997],[-62.124,3.663],[-62.096,3.705],[-62.455,4.2],[-63.075,4.552],[-63.777,4.879]]]},"properties":{"NAME":"Yanomami","SUBJECTO":"Yanomami","BORDERPRECISION":1}},
{"type":"Feature","geometry":{"type":"MultiPolygon","coordinates":[[[[-60.532,-24.653],[-60.411,-24.728],[-60.879,-24.15],[-60.927,-24.147],[-60.563,-24.649],[-60.532,-24.653]]],[[[-59.998,-24.05],[-60.379,-23.989],[-60.861,-24.151],[-59.123,-24.392],[-59.998,-24.05]]]]},"properties":{"NAME":"Pilagal'ek","SUBJECTO":"Pilagal'ek","BORDERPRECISION":1}},
{"type":"Feature","geometry":{"type":"Polygon","coordinates":[[[-75.903,-5.266],[-75.922,-5.153],[-76.173,-5.19],[-75.971,-5.47],[-75.903,-5.266]]]},"properties":{"NAME":"Shiwilu","SUBJECTO":"Shiwilu","BORDERPRECISION":1}},
{"type":"Feature","geometry":{"type":"Polygon","coordinates":[[[-77.629,8.683],[-77.675,8.678],[-77.74,8.664],[-77.424,8.483],[-77.468,8.565],[-77.629,8.683]]]},"properties":{"NAME":"Wounaan","SUBJECTO":"Wounaan","BORDERPRECISION":1}},
{"type":"Feature","geometry":{"type":"MultiPolygon","coordinates":[[[[-128.503,55.726],[-128.535,55.735],[-128.438,55.659],[-128.464,55.713],[-128.496,55.725],[-128.503,55.726]]],[[[-128.181,55.514],[-128.255,55.563],[-128.383,55.226],[-128.154,55.141],[-128.123,55.143],[-127.92,55.168],[-127.905,55.223],[-127.983,55.274],[-127.929,55.389],[-128.163,55.501],[-128.17,55.503],[-128.181,55.514]]]]},"properties":{"NAME":"Gitanyow Lax’yip","SUBJECTO":"Gitanyow Lax’yip","BORDERPRECISION":1}},
{"type":"Feature","geometry":{"type":"MultiPolygon","coordinates":[[[[-125.533,49.335],[-125.494,49.312],[-125.455,49.302],[-125.404,49.304],[-125.518,49.367],[-125.533,49.335]]],[[[-125.559,49.406],[-125.455,49.507],[-125.536,49.46],[-125.538,49.454],[-125.559,49.406]]],[[[-125.444,49.518],[-125.389,49.522],[-125.39,49.526],[-125.414,49.542],[-125.42,49.542],[-125.444,49.518]]],[[[-124.564,49.112],[-124.531,49.112],[-124.53,49.116],[-124.536,49.122],[-124.573,49.139],[-124.657,49.02],[-124.651,49.012],[-124.564,49.112]]],[[[-124.578,49.146],[-124.574,49.145],[-124.612,49.162],[-124.578,49.146]]]]},"properties":{"NAME":"Hupacasath","SUBJECTO":"Hupacasath","BORDERPRECISION":1}},
{"type":"Feature","geometry":{"type":"Polygon","coordinates":[[[-87.158,12.522],[-86.742,12.101],[-86.749,12.505],[-87.158,12.522]]]},"properties":{"NAME":"Subtiaba","SUBJECTO":"Subtiaba","BORDERPRECISION":1}},
{"type":"Feature","geometry":{"type":"Polygon","coordinates":[[[-76.801,37.513],[-76.786,37.55],[-77,37.717],[-77.123,37.68],[-77.123,37.63],[-77.117,37.619],[-76.967,37.515],[-76.801,37.513]]]},"properties":{"NAME":"Pamunkey","SUBJECTO":"Pamunkey","BORDERPRECISION":1}},
{"type":"Feature","geometry":{"type":"Polygon","coordinates":[[[-79.615,35.817],[-79.572,35.849],[-79.573,35.849],[-79.898,35.913],[-79.942,35.824],[-79.615,35.817]]]},"properties":{"NAME":"Sissipahaw","SUBJECTO":"Sissipahaw","BORDERPRECISION":1}},
{"type":"Feature","geometry":{"type":"Polygon","coordinates":[[[-78.399,0.607],[-78.306,0.567],[-77.805,0.366],[-77.802,0.366],[-77.551,0.563],[-78.057,0.874],[-78.297,1.054],[-78.418,0.663],[-78.399,0.607]]]},"properties":{"NAME":"Pasto","SUBJECTO":"Pasto","BORDERPRECISION":1}},
{"type":"Feature","geometry":{"type":"Polygon","coordinates":[[[-58.269,-16.362],[-58.353,-16.638],[-58.237,-17.195],[-58.218,-17.239],[-58.106,-17.503],[-57.962,-17.803],[-57.941,-17.847],[-54.828,-17.627],[-52.399,-19.437],[-49.824,-16.834],[-52.984,-15.375],[-54.168,-15.117],[-58.269,-16.362]]]},"properties":{"NAME":"Boe","SUBJECTO":"Boe","BORDERPRECISION":1}},
{"type":"Feature","geometry":{"type":"MultiPolygon","coordinates":[[[[-105.334,22.022],[-105.313,22.081],[-105.511,22.161],[-105.418,21.683],[-105.334,22.022]]],[[[-105.962,22.71],[-105.898,23.144],[-106.108,23.437],[-106.442,24.018],[-106.607,24.016],[-106.624,23.992],[-106.821,23.708],[-106.819,23.653],[-105.962,22.71]]],[[[-105.264,21.447],[-105.267,21.45],[-105.266,21.447],[-105.264,21.447]]]]},"properties":{"NAME":"Totorames","SUBJECTO":"Totorames","BORDERPRECISION":1}},
{"type":"Feature","geometry":{"type":"MultiPolygon","coordinates":[[[[-71.149,-1.78],[-71.4,-1.686],[-71.479,-1.656],[-70.784,-2.187],[-70.533,-2.31],[-70.711,-2.075],[-70.796,-1.97],[-71.149,-1.78]]],[[[-71.939,-2.794],[-71.932,-3.178],[-71.902,-3.174],[-71.372,-2.705],[-71.939,-2.794]]]]},"properties":{"NAME":"Dyo'xaiya-o-Ivo'tsa (Okaina)","SUBJECTO":"Dyo'xaiya-o-Ivo'tsa (Okaina)","BORDERPRECISION":1}},
{"type":"Feature","geometry":{"type":"MultiPolygon","coordinates":[[[[-65.111,6.534],[-65.23,6.559],[-65.253,6.391],[-65.059,6.451],[-65.111,6.534]]],[[[-65.835,6.177],[-65.632,6.26],[-65.83,6.194],[-65.835,6.177]]]]},"properties":{"NAME":"Hoti","SUBJECTO":"Hoti","BORDERPRECISION":1}},
{"type":"Feature","geometry":{"type":"Polygon","coordinates":[[[-122.11,50.449],[-121.844,49.55],[-121.31,48.392],[-121.108,48.375],[-120.901,50.456],[-121.522,50.791],[-121.907,50.609],[-122.11,50.449]]]},"properties":{"NAME":"Nłeʔkepmx Tmíxʷ (Nlaka'pamux)","SUBJECTO":"Nłeʔkepmx Tmíxʷ (Nlaka'pamux)","BORDERPRECISION":1}},
{"type":"Feature","geometry":{"type":"MultiPolygon","coordinates":[[[[-77.759,-10.659],[-77.756,-10.665],[-75.452,-14.36],[-74.259,-15.844],[-72.303,-16.174],[-71.05,-16.952],[-69.38,-15.226],[-69.056,-15.315],[-68.277,-15.763],[-66.925,-16.111],[-66.886,-16.121],[-66.893,-16.159],[-67.03,-17.432],[-68.648,-23.067],[-67.132,-23.484],[-65.138,-23.071],[-65.125,-23.028],[-64.945,-21.243],[-64.259,-18.794],[-64.503,-16.854],[-64.494,-16.518],[-64.774,-15.733],[-65.582,-16.112],[-66.771,-15.673],[-66.831,-15.599],[-67.564,-14.646],[-67.677,-14.579],[-67.878,-14.469],[-70.232,-13.288],[-70.796,-13.303],[-70.98,-13.342],[-71.156,-13.319],[-71.317,-13.216],[-71.499,-13.08],[-71.63,-12.976],[-72.86,-12.332],[-75.641,-10.118],[-75.652,-9.948],[-76.892,-8.641],[-76.959,-8.36],[-77.188,-8.095],[-77.2,-8.09],[-77.577,-7.516],[-77.635,-7.015],[-77.639,-6.98],[-77.613,-6.373],[-78.189,-6.033],[-79.326,-5.754],[-79.746,-5.765],[-78.192,-9.87],[-77.759,-10.659]]],[[[-65.115,-23.359],[-65.099,-23.565],[-65.06,-24.052],[-65.054,-23.976],[-65.085,-23.562],[-65.092,-23.473],[-65.116,-23.352],[-65.115,-23.359]]],[[[-65.029,-24.31],[-65.041,-24.296],[-65.374,-27.563],[-65.293,-27.647],[-64.56,-26.057],[-65.029,-24.31]]]]},"properties":{"NAME":"Quechua","SUBJECTO":"Quechua","BORDERPRECISION":1}},
{"type":"Feature","geometry":{"type":"MultiPolygon","coordinates":[[[[-114.686,35.885],[-114.685,35.892],[-114.715,35.93],[-114.697,35.858],[-114.687,35.863],[-114.686,35.885]]],[[[-114.668,35.613],[-114.661,35.551],[-114.659,35.554],[-114.662,35.574],[-114.665,35.59],[-114.668,35.613]]]]},"properties":{"NAME":"Nüwüwü (Chemehuevi)","SUBJECTO":"Nüwüwü (Chemehuevi)","BORDERPRECISION":1}},
{"type":"Feature","geometry":{"type":"Polygon","coordinates":[[[-99.123,24.667],[-98.476,25.096],[-99.655,25.581],[-99.123,24.667]]]},"properties":{"NAME":"Rayados (Borrados)","SUBJECTO":"Rayados (Borrados)","BORDERPRECISION":1}},
{"type":"Feature","geometry":{"type":"Polygon","coordinates":[[[-77.54,37.304],[-77.529,37.298],[-77.344,37.308],[-77.235,37.378],[-77.317,37.443],[-77.479,37.417],[-77.54,37.304]]]},"properties":{"NAME":"Arrohatec","SUBJECTO":"Arrohatec","BORDERPRECISION":1}},
{"type":"Feature","geometry":{"type":"Polygon","coordinates":[[[-48.318,-9.207],[-48.286,-10.075],[-47.69,-9.984],[-47.796,-9.176],[-48.318,-9.207]]]},"properties":{"NAME":"Akwê","SUBJECTO":"Akwê","BORDERPRECISION":1}},
{"type":"Feature","geometry":{"type":"Polygon","coordinates":[[[-79.42,-0.173],[-79.405,-0.486],[-79.108,-0.325],[-79.42,-0.173]]]},"properties":{"NAME":"Tsa'chila","SUBJECTO":"Tsa'chila","BORDERPRECISION":1}},
{"type":"Feature","geometry":{"type":"Polygon","coordinates":[[[-83.255,8.717],[-82.957,8.171],[-81.213,8.833],[-81.244,8.836],[-81.35,8.837],[-81.441,8.859],[-81.527,8.899],[-81.69,9.045],[-82.159,9.016],[-82.91,8.744],[-83.564,8.81],[-83.263,8.422],[-83.278,8.558],[-83.255,8.717]]]},"properties":{"NAME":"Buglé and Ngäbé","SUBJECTO":"Buglé and Ngäbé","BORDERPRECISION":1}},
{"type":"Feature","geometry":{"type":"Polygon","coordinates":[[[-160.029,63.664],[-160.192,63.567],[-158.206,63.712],[-158.828,64.933],[-159.765,63.969],[-160.029,63.664]]]},"properties":{"NAME":"Koyukon","SUBJECTO":"Koyukon","BORDERPRECISION":1}},
{"type":"Feature","geometry":{"type":"Polygon","coordinates":[[[-122.916,41.071],[-122.918,41.074],[-122.932,41.062],[-122.911,41.047],[-122.913,41.064],[-122.916,41.071]]]},"properties":{"NAME":"New River Shasta","SUBJECTO":"New River Shasta","BORDERPRECISION":1}},
{"type":"Feature","geometry":{"type":"Polygon","coordinates":[[[-44.966,-4.096],[-45.047,-4.108],[-44.861,-5.532],[-44.966,-4.096]]]},"properties":{"NAME":"Krenyê","SUBJECTO":"Krenyê","BORDERPRECISION":1}},
{"type":"Feature","geometry":{"type":"Polygon","coordinates":[[[-121.722,46.815],[-121.727,46.816],[-121.846,46.83],[-122.12,46.682],[-122.14,46.615],[-121.681,46.79],[-121.722,46.815]]]},"properties":{"NAME":"Nisqually","SUBJECTO":"Nisqually","BORDERPRECISION":1}},
{"type":"Feature","geometry":{"type":"MultiPolygon","coordinates":[[[[-76.871,38.056],[-76.665,37.897],[-76.654,37.916],[-76.642,37.935],[-76.619,37.995],[-76.832,38.059],[-76.845,38.06],[-76.871,38.056]]],[[[-76.7,37.855],[-76.875,38.056],[-77.099,37.978],[-77.018,37.814],[-76.98,37.808],[-76.754,37.828],[-76.718,37.846],[-76.7,37.855]]]]},"properties":{"NAME":"Rappahannock","SUBJECTO":"Rappahannock","BORDERPRECISION":1}},
{"type":"Feature","geometry":{"type":"Polygon","coordinates":[[[-73.833,6.347],[-73.814,6.336],[-72.913,6.862],[-73.833,6.347]]]},"properties":{"NAME":"Guane","SUBJECTO":"Guane","BORDERPRECISION":1}},
{"type":"Feature","geometry":{"type":"Polygon","coordinates":[[[-128.522,53.292],[-128.498,53.279],[-128.464,53.257],[-127.802,52.821],[-127.772,52.777],[-127.754,52.764],[-127.287,52.815],[-127.264,52.848],[-127.255,52.87],[-127.256,52.889],[-127.259,52.942],[-127.265,53.038],[-127.283,53.207],[-127.283,53.291],[-127.484,53.434],[-127.611,53.522],[-127.633,53.536],[-128.034,54.007],[-128.03,54.035],[-128.025,54.067],[-127.986,54.109],[-127.972,54.13],[-127.965,54.172],[-128.434,54.323],[-128.552,54.284],[-128.619,54.32],[-128.597,53.311],[-128.522,53.292]]]},"properties":{"NAME":"x̣àʼisla w̓áwís (Haisla)","SUBJECTO":"x̣àʼisla w̓áwís (Haisla)","BORDERPRECISION":1}},
{"type":"Feature","geometry":{"type":"Polygon","coordinates":[[[-112.654,29.919],[-112.435,29.599],[-112.002,29.859],[-111.84,29.826],[-111.805,29.818],[-111.549,29.737],[-111.195,29.728],[-111.138,29.734],[-110.734,29.774],[-109.47,31.012],[-109.917,32.6],[-112.794,33.875],[-114.335,31.588],[-114.001,31.635],[-113.99,31.648],[-113.682,31.486],[-113.633,31.328],[-113.259,31.227],[-113.071,30.943],[-112.964,30.492],[-112.848,30.306],[-112.813,30.244],[-112.751,30.133],[-112.654,29.919]]]},"properties":{"NAME":"O'odham Jeweḍ","SUBJECTO":"O'odham Jeweḍ","BORDERPRECISION":1}},
{"type":"Feature","geometry":{"type":"MultiPolygon","coordinates":[[[[-124.123,46.343],[-123.907,46.416],[-123.87,46.418],[-123.631,46.417],[-123.967,46.59],[-124.135,46.621],[-124.152,46.427],[-124.139,46.347],[-124.123,46.343]]],[[[-123.515,46.41],[-123.431,46.403],[-123.491,46.423],[-123.515,46.41]]]]},"properties":{"NAME":"Chinook","SUBJECTO":"Chinook","BORDERPRECISION":1}},
{"type":"Feature","geometry":{"type":"MultiPolygon","coordinates":[[[[-124.144,46.763],[-123.967,46.59],[-123.631,46.417],[-123.515,46.41],[-123.491,46.423],[-122.304,46.646],[-122.12,46.682],[-121.846,46.83],[-121.495,47.069],[-121.356,47.232],[-121.317,47.277],[-121.218,47.494],[-121.295,47.972],[-121.299,48.064],[-121.31,48.392],[-121.844,49.55],[-122.052,49.477],[-122.108,49.474],[-122.124,49.482],[-123.275,50.107],[-123.937,50.404],[-123.958,50.419],[-123.995,50.445],[-124.141,50.546],[-124.418,50.837],[-125.1,50.58],[-122.606,48.835],[-124.263,48.29],[-124.265,48.121],[-124.245,48.078],[-123.7,47.786],[-124.346,47.518],[-124.278,47.229],[-124.228,47.072],[-124.222,47.03],[-124.173,46.884],[-124.144,46.763]]],[[[-124.718,49.491],[-125.665,50.373],[-126.019,49.845],[-125.963,49.825],[-125.735,49.66],[-125.726,49.629],[-125.719,49.602],[-125.711,49.574],[-125.515,49.532],[-125.422,49.547],[-125.414,49.542],[-125.39,49.526],[-125.389,49.525],[-125.359,49.477],[-125.083,49.476],[-124.677,49.289],[-124.402,49.032],[-123.973,48.655],[-123.968,48.65],[-123.89,48.585],[-123.869,48.567],[-123.792,48.475],[-123.861,49.158],[-124.718,49.491]]]]},"properties":{"NAME":"Coast Salish","SUBJECTO":"Coast Salish","BORDERPRECISION":1}},
{"type":"Feature","geometry":{"type":"Polygon","coordinates":[[[-98.151,16.175],[-97.454,15.988],[-97.358,16.367],[-97.464,16.941],[-98.404,16.341],[-98.151,16.175]]]},"properties":{"NAME":"Ñuu Savi (Mixtecapan)","SUBJECTO":"Ñuu Savi (Mixtecapan)","BORDERPRECISION":1}},
{"type":"Feature","geometry":{"type":"MultiPolygon","coordinates":[[[[-130.111,54.729],[-130.116,54.724],[-129.273,54.889],[-129.161,54.88],[-128.831,54.891],[-128.89,54.997],[-128.889,55.054],[-128.882,55.066],[-128.881,55.069],[-128.879,55.068],[-128.825,55.093],[-128.824,55.104],[-128.809,55.106],[-128.783,55.148],[-128.783,55.151],[-128.835,55.191],[-128.815,55.195],[-128.807,55.193],[-128.786,55.186],[-128.699,55.152],[-128.682,55.157],[-128.648,55.145],[-128.635,55.14],[-128.437,55.171],[-128.383,55.226],[-128.255,55.563],[-128.438,55.659],[-128.535,55.735],[-128.496,55.725],[-128.464,55.713],[-128.485,55.759],[-128.523,55.779],[-128.501,55.792],[-128.456,55.943],[-128.477,55.958],[-128.453,55.972],[-130.033,56.576],[-130.151,56.58],[-130.089,56.475],[-130.212,56.375],[-130.22,56.112],[-130.199,56.105],[-130.195,56.104],[-130.04,56.05],[-130.031,56.04],[-130.004,56.009],[-130.005,55.966],[-129.986,55.257],[-130.111,54.729]]],[[[-130.065,55.102],[-130.037,55.186],[-130.111,55.095],[-130.065,55.102]]]]},"properties":{"NAME":"Nisg̱a'a","SUBJECTO":"Nisg̱a'a","BORDERPRECISION":1}},
{"type":"Feature","geometry":{"type":"MultiPolygon","coordinates":[[[[-87.653,41.968],[-87.655,41.972],[-87.568,41.797],[-87.653,41.968]]],[[[-86.022,38.749],[-85.461,39.203],[-85.111,39.487],[-85.075,39.516],[-84.692,39.874],[-83.117,41.602],[-83.403,41.84],[-83.731,41.862],[-86.578,41.928],[-86.6,41.951],[-87.219,41.636],[-87.585,38.591],[-86.025,38.746],[-86.022,38.749]]],[[[-98.013,34.012],[-99.891,34.584],[-102.54,30.764],[-102.92,28.304],[-101.02,27.878],[-98.998,29.908],[-97.277,31.277],[-96.2,31.773],[-95.688,31.982],[-94.634,32.6],[-98.013,34.012]]]]},"properties":{"NAME":"Kiikaapoi (Kickapoo)","SUBJECTO":"Kiikaapoi (Kickapoo)","BORDERPRECISION":1}},
{"type":"Feature","geometry":{"type":"Polygon","coordinates":[[[-64.439,-24.805],[-64.317,-24.67],[-64.289,-24.578],[-64.459,-24.667],[-64.464,-24.833],[-64.439,-24.805]]]},"properties":{"NAME":"Kolla","SUBJECTO":"Kolla","BORDERPRECISION":1}},
{"type":"Feature","geometry":{"type":"MultiPolygon","coordinates":[[[[-67.344,0.274],[-67.403,0.273],[-67.335,0.228],[-67.344,0.274]]],[[[-67.183,-0.033],[-67.741,-0.341],[-67.13,-0.661],[-65.496,-0.693],[-67.183,-0.033]]]]},"properties":{"NAME":"Dâw","SUBJECTO":"Dâw","BORDERPRECISION":1}},
{"type":"Feature","geometry":{"type":"Polygon","coordinates":[[[-121.663,39.258],[-121.834,39.578],[-121.899,39.493],[-121.943,39.345],[-121.955,39.28],[-121.761,39.062],[-121.761,38.924],[-121.666,38.782],[-121.644,38.765],[-121.609,38.714],[-121.589,38.644],[-121.531,38.53],[-120.866,38.471],[-120.68,38.471],[-120.53,38.587],[-120.522,38.59],[-120.872,39.741],[-121.195,39.498],[-121.266,39.461],[-121.355,39.317],[-121.448,39.298],[-121.632,39.26],[-121.663,39.258]]]},"properties":{"NAME":"Nisenan","SUBJECTO":"Nisenan","BORDERPRECISION":1}},
{"type":"Feature","geometry":{"type":"Polygon","coordinates":[[[-121.269,43.733],[-121.375,43.554],[-120.674,42.649],[-120.834,43.796],[-121.269,43.733]]]},"properties":{"NAME":"Yahooskin","SUBJECTO":"Yahooskin","BORDERPRECISION":1}},
{"type":"Feature","geometry":{"type":"Polygon","coordinates":[[[-64.741,-7.288],[-64.758,-7.279],[-64.868,-7.376],[-65.223,-7.413],[-65.304,-7.408],[-65.308,-7.408],[-65.562,-7.395],[-65.581,-7.396],[-66.861,-7.348],[-66.953,-7.39],[-67,-7.48],[-67.031,-7.404],[-67.554,-8.178],[-67.667,-8.466],[-67.685,-8.488],[-64.756,-8.627],[-64.572,-8.588],[-64.566,-8.577],[-64.598,-7.921],[-64.577,-7.672],[-64.672,-7.615],[-64.683,-7.542],[-64.735,-7.303],[-64.741,-7.288]]]},"properties":{"NAME":"Popũkare","SUBJECTO":"Popũkare","BORDERPRECISION":1}},
{"type":"Feature","geometry":{"type":"MultiPolygon","coordinates":[[[[-124.677,49.289],[-124.697,49.255],[-124.536,49.122],[-124.53,49.116],[-124.516,49.099],[-124.402,49.032],[-124.677,49.289]]],[[[-125.422,49.547],[-125.432,49.54],[-125.42,49.542],[-125.414,49.542],[-125.422,49.547]]]]},"properties":{"NAME":"K’ómoks","SUBJECTO":"K’ómoks","BORDERPRECISION":1}},
{"type":"Feature","geometry":{"type":"Polygon","coordinates":[[[-58.667,5.281],[-58.267,5.509],[-59.301,6.331],[-60.017,6.626],[-59.126,5.156],[-58.863,5.207],[-58.667,5.281]]]},"properties":{"NAME":"Akawaio/Akawayo","SUBJECTO":"Akawaio/Akawayo","BORDERPRECISION":1}},
{"type":"Feature","geometry":{"type":"Polygon","coordinates":[[[-115.796,46.77],[-115.623,46.745],[-115.619,46.745],[-117.535,47.195],[-116.898,46.849],[-116.74,46.857],[-116.433,46.83],[-116.203,46.687],[-116.032,46.687],[-115.796,46.77]]]},"properties":{"NAME":"Schitsu’umsh (Coeur d’Alene)","SUBJECTO":"Schitsu’umsh (Coeur d’Alene)","BORDERPRECISION":1}},
{"type":"Feature","geometry":{"type":"Polygon","coordinates":[[[-77.058,38.105],[-77.054,38.146],[-77.13,38.161],[-77.171,38.168],[-77.188,38.178],[-77.204,38.187],[-77.228,38.197],[-77.273,38.238],[-77.292,38.239],[-77.407,38.223],[-77.408,38.222],[-77.408,38.098],[-77.125,38.002],[-77.058,38.105]]]},"properties":{"NAME":"Nandtaughtacund","SUBJECTO":"Nandtaughtacund","BORDERPRECISION":1}},
{"type":"Feature","geometry":{"type":"Polygon","coordinates":[[[-99.437,17.286],[-99.339,17.24],[-99.093,17.125],[-99.725,17.647],[-99.437,17.286]]]},"properties":{"NAME":"Nahua (Guerrero)","SUBJECTO":"Nahua (Guerrero)","BORDERPRECISION":1}},
{"type":"Feature","geometry":{"type":"Polygon","coordinates":[[[-119.366,50.235],[-120.901,50.456],[-121.108,48.375],[-120.969,48.115],[-120.937,48.071],[-119.107,47.537],[-118.673,47.541],[-118.617,47.54],[-118.28,47.657],[-118.547,50.017],[-119.366,50.235]]]},"properties":{"NAME":"Syilx tmixʷ (Okanagan)","SUBJECTO":"Syilx tmixʷ (Okanagan)","BORDERPRECISION":1}},
{"type":"Feature","geometry":{"type":"Polygon","coordinates":[[[-71.052,1.132],[-71.112,0.551],[-71.085,0.48],[-70.948,0.243],[-70.918,0.209],[-70.554,0.571],[-71.015,1.143],[-71.052,1.132]]]},"properties":{"NAME":"Karapana/Muteamasa","SUBJECTO":"Karapana/Muteamasa","BORDERPRECISION":1}},
{"type":"Feature","geometry":{"type":"Polygon","coordinates":[[[-74.975,2.985],[-75.003,3.118],[-75.338,2.506],[-74.975,2.985]]]},"properties":{"NAME":"Tama Dujo","SUBJECTO":"Tama Dujo","BORDERPRECISION":1}},
{"type":"Feature","geometry":{"type":"MultiPolygon","coordinates":[[[[-92.912,17.616],[-92.926,17.589],[-92.885,17.212],[-92.014,17.772],[-92.218,17.816],[-92.752,17.739],[-92.912,17.616]]],[[[-91.629,17.929],[-91.473,17.991],[-91.461,18.159],[-91.629,17.929]]],[[[-91.285,17.245],[-91.298,17.257],[-91.335,17.251],[-91.285,17.245]]],[[[-91.156,17.063],[-91.246,17.134],[-91.049,16.923],[-90.67,16.698],[-91.156,17.063]]],[[[-90.711,16.032],[-90.406,16.083],[-90.788,16.036],[-90.711,16.032]]],[[[-90.925,16.035],[-90.878,16.036],[-91.191,16.047],[-90.925,16.035]]]]},"properties":{"NAME":"Winikon bä lojon/Xk’ukwits/Ajlumob/Otulob (Ch'ol)","SUBJECTO":"Winikon bä lojon/Xk’ukwits/Ajlumob/Otulob (Ch'ol)","BORDERPRECISION":1}},
{"type":"Feature","geometry":{"type":"Polygon","coordinates":[[[-111.805,29.818],[-111.784,29.755],[-111.721,29.674],[-111.549,29.737],[-111.805,29.818]]]},"properties":{"NAME":"Tohono O'odham","SUBJECTO":"Tohono O'odham","BORDERPRECISION":1}},
{"type":"Feature","geometry":{"type":"Polygon","coordinates":[[[-123.519,40.697],[-123.532,40.7],[-123.707,40.708],[-123.958,40.737],[-124.151,40.514],[-124.142,40.511],[-123.711,40.269],[-123.476,40.306],[-123.362,40.339],[-123.373,40.373],[-123.411,40.415],[-123.444,40.501],[-123.473,40.555],[-123.475,40.607],[-123.519,40.697]]]},"properties":{"NAME":"Nongatl","SUBJECTO":"Nongatl","BORDERPRECISION":1}},
{"type":"Feature","geometry":{"type":"Polygon","coordinates":[[[-47.007,-5.71],[-47.141,-6.074],[-46.721,-6.029],[-47.007,-5.71]]]},"properties":{"NAME":"Krĩcatijê","SUBJECTO":"Krĩcatijê","BORDERPRECISION":1}},
{"type":"Feature","geometry":{"type":"Polygon","coordinates":[[[-124.641,48.648],[-124.048,48.503],[-124.192,48.734],[-124.207,48.742],[-124.379,48.771],[-124.405,48.797],[-124.406,48.798],[-124.609,48.721],[-124.61,48.723],[-124.641,48.648]]]},"properties":{"NAME":"Pacheedaht","SUBJECTO":"Pacheedaht","BORDERPRECISION":1}},
{"type":"Feature","geometry":{"type":"MultiPolygon","coordinates":[[[[-75.616,-2.413],[-75.634,-2.391],[-75.588,-2.457],[-75.616,-2.413]]],[[[-75.888,-2.691],[-75.422,-3.206],[-75.819,-2.704],[-76.054,-2.535],[-76.051,-2.538],[-75.9,-2.676],[-75.892,-2.683],[-75.888,-2.691]]],[[[-76.158,-2.456],[-76.171,-2.114],[-76.173,-2.112],[-76.18,-2.114],[-76.193,-2.115],[-76.196,-2.116],[-76.207,-2.107],[-76.21,-2.111],[-76.259,-2.08],[-76.262,-2.079],[-76.265,-2.077],[-76.268,-2.075],[-76.273,-2.071],[-76.276,-2.071],[-76.279,-2.071],[-76.281,-2.071],[-76.284,-2.071],[-76.287,-2.072],[-76.296,-2.07],[-76.297,-2.07],[-76.322,-2.053],[-76.327,-2.05],[-76.33,-2.05],[-76.344,-2.051],[-76.347,-2.047],[-76.357,-2.042],[-76.358,-2.041],[-76.361,-2.044],[-76.361,-2.045],[-76.393,-2.048],[-76.394,-2.048],[-76.404,-2.037],[-76.404,-2.034],[-76.407,-2.026],[-76.421,-2.022],[-76.421,-2.026],[-76.425,-2.027],[-76.425,-2.01],[-76.43,-2.006],[-76.439,-2.005],[-76.448,-2.005],[-76.458,-2.008],[-76.468,-2.015],[-76.472,-2.013],[-76.471,-2.007],[-76.473,-2.003],[-76.486,-1.991],[-76.49,-1.987],[-76.511,-1.974],[-76.517,-1.972],[-76.526,-1.968],[-76.562,-1.958],[-76.563,-1.957],[-76.566,-1.954],[-76.567,-1.953],[-76.583,-1.934],[-76.593,-1.927],[-76.609,-1.926],[-76.628,-1.918],[-76.631,-1.912],[-76.635,-1.902],[-76.637,-1.897],[-76.641,-1.889],[-76.641,-1.888],[-76.641,-1.887],[-76.64,-1.88],[-76.65,-1.867],[-76.853,-1.977],[-76.858,-2.007],[-76.852,-2.005],[-76.849,-2.006],[-76.847,-2.005],[-76.843,-2.007],[-76.842,-2.008],[-76.84,-2.01],[-76.838,-2.008],[-76.839,-2.007],[-76.837,-2.007],[-76.836,-2.007],[-76.835,-2.009],[-76.835,-2.01],[-76.835,-2.013],[-76.834,-2.012],[-76.834,-2.013],[-76.834,-2.017],[-76.833,-2.017],[-76.831,-2.019],[-76.83,-2.019],[-76.829,-2.019],[-76.827,-2.02],[-76.826,-2.021],[-76.826,-2.022],[-76.825,-2.023],[-76.825,-2.024],[-76.825,-2.026],[-76.824,-2.027],[-76.823,-2.027],[-76.823,-2.028],[-76.821,-2.029],[-76.82,-2.03],[-76.818,-2.036],[-76.817,-2.036],[-76.816,-2.036],[-76.816,-2.037],[-76.814,-2.037],[-76.814,-2.036],[-76.813,-2.037],[-76.812,-2.038],[-76.812,-2.039],[-76.812,-2.04],[-76.811,-2.041],[-76.811,-2.042],[-76.81,-2.043],[-76.81,-2.044],[-76.808,-2.045],[-76.807,-2.046],[-76.806,-2.048],[-76.806,-2.049],[-76.805,-2.051],[-76.804,-2.052],[-76.805,-2.054],[-76.805,-2.055],[-76.804,-2.055],[-76.803,-2.056],[-76.801,-2.058],[-76.8,-2.058],[-76.801,-2.059],[-76.8,-2.06],[-76.798,-2.063],[-76.797,-2.065],[-76.798,-2.067],[-76.797,-2.067],[-76.798,-2.068],[-76.799,-2.068],[-76.8,-2.073],[-76.795,-2.079],[-76.862,-2.131],[-76.862,-2.153],[-76.861,-2.154],[-76.86,-2.155],[-76.858,-2.157],[-76.858,-2.158],[-76.86,-2.161],[-76.86,-2.169],[-76.86,-2.173],[-76.861,-2.176],[-76.844,-2.189],[-76.844,-2.191],[-76.845,-2.192],[-76.841,-2.193],[-76.84,-2.189],[-76.839,-2.188],[-76.842,-2.199],[-76.841,-2.2],[-76.834,-2.201],[-76.833,-2.202],[-76.833,-2.203],[-76.83,-2.21],[-76.829,-2.211],[-76.829,-2.213],[-76.821,-2.23],[-76.82,-2.231],[-76.817,-2.231],[-76.805,-2.231],[-76.801,-2.237],[-76.794,-2.24],[-76.793,-2.241],[-76.794,-2.246],[-76.794,-2.249],[-76.793,-2.249],[-76.79,-2.252],[-76.787,-2.256],[-76.786,-2.259],[-76.785,-2.264],[-76.781,-2.271],[-76.776,-2.276],[-76.768,-2.276],[-76.763,-2.277],[-76.759,-2.278],[-76.755,-2.279],[-76.75,-2.285],[-76.741,-2.288],[-76.739,-2.289],[-76.727,-2.293],[-76.725,-2.294],[-76.717,-2.299],[-76.692,-2.294],[-76.681,-2.287],[-76.409,-2.121],[-76.237,-2.421],[-76.158,-2.456]]]]},"properties":{"NAME":"Shiwiar","SUBJECTO":"Shiwiar","BORDERPRECISION":1}},
{"type":"Feature","geometry":{"type":"Polygon","coordinates":[[[-66.772,6.147],[-66.807,6.175],[-67.009,6.085],[-67.278,5.451],[-67.212,4.444],[-66.845,4.052],[-66.443,4.166],[-66.287,5.875],[-66.772,6.147]]]},"properties":{"NAME":"Uwottüja","SUBJECTO":"Uwottüja","BORDERPRECISION":1}},
{"type":"Feature","geometry":{"type":"Polygon","coordinates":[[[-123.792,41.545],[-123.84,41.528],[-123.916,41.529],[-123.926,41.525],[-123.929,41.556],[-123.955,41.609],[-124.003,41.648],[-124.036,41.66],[-124.066,41.662],[-124.077,41.655],[-124.132,41.623],[-123.992,41.015],[-124.002,41.169],[-124.003,41.17],[-124.001,41.171],[-123.884,41.172],[-123.875,41.168],[-123.816,41.139],[-123.728,41.129],[-123.611,41.129],[-123.575,41.16],[-123.571,41.172],[-123.792,41.545]]]},"properties":{"NAME":"Yurok","SUBJECTO":"Yurok","BORDERPRECISION":1}},
{"type":"Feature","geometry":{"type":"Polygon","coordinates":[[[-85.044,42.34],[-85.411,43.41],[-86.494,43.597],[-86.6,41.951],[-86.578,41.928],[-84.543,41.959],[-84.07,42.065],[-85.044,42.34]]]},"properties":{"NAME":"Peoria","SUBJECTO":"Peoria","BORDERPRECISION":1}},
{"type":"Feature","geometry":{"type":"Polygon","coordinates":[[[-120.522,38.59],[-120.523,38.585],[-120.383,38.31],[-120.359,38.298],[-119.82,38.113],[-120.43,40.37],[-120.871,39.746],[-120.872,39.741],[-120.522,38.59]]]},"properties":{"NAME":"Wašišiw Ɂítdeʔ (Washoe)","SUBJECTO":"Wašišiw Ɂítdeʔ (Washoe)","BORDERPRECISION":1}},
{"type":"Feature","geometry":{"type":"MultiPolygon","coordinates":[[[[-70.764,42.726],[-70.979,42.693],[-70.853,42.606],[-70.59,42.692],[-70.652,42.716],[-70.764,42.726]]],[[[-71.405,42.615],[-71.48,42.615],[-71.435,42.591],[-71.405,42.615]]]]},"properties":{"NAME":"Pawtucket","SUBJECTO":"Pawtucket","BORDERPRECISION":1}},
{"type":"Feature","geometry":{"type":"Polygon","coordinates":[[[-77.228,38.197],[-77.215,38.198],[-77.204,38.187],[-77.188,38.178],[-77.13,38.161],[-77.054,38.146],[-77.041,38.111],[-76.905,38.133],[-76.956,38.266],[-77.146,38.375],[-77.244,38.333],[-77.277,38.255],[-77.273,38.238],[-77.228,38.197]]]},"properties":{"NAME":"Cuttatawomen","SUBJECTO":"Cuttatawomen","BORDERPRECISION":1}},
{"type":"Feature","geometry":{"type":"Polygon","coordinates":[[[-122.191,40.541],[-122.188,40.58],[-122.182,40.626],[-122.18,40.634],[-122.145,40.662],[-122.035,40.773],[-122.015,40.9],[-122.052,41.264],[-122.057,41.199],[-122.146,41.082],[-122.21,41.015],[-122.568,41.161],[-122.576,41.176],[-122.614,41.213],[-122.868,41.12],[-122.917,41.075],[-122.916,41.071],[-122.913,41.064],[-122.909,41.045],[-122.911,41.012],[-123.068,40.926],[-123.434,40.612],[-123.475,40.607],[-123.473,40.555],[-123.444,40.501],[-123.411,40.415],[-123.373,40.373],[-123.362,40.339],[-123.357,40.334],[-123.264,40.261],[-123.182,40.185],[-123.157,40.169],[-123.141,40.155],[-123.112,40.134],[-122.212,40.273],[-122.204,40.278],[-122.198,40.282],[-122.212,40.324],[-122.212,40.328],[-122.211,40.332],[-122.197,40.346],[-122.19,40.348],[-122.184,40.357],[-122.194,40.377],[-122.231,40.46],[-122.194,40.535],[-122.191,40.541]]]},"properties":{"NAME":"Wintʰu• Po•m (Northern Wintu)","SUBJECTO":"Wintʰu• Po•m (Northern Wintu)","BORDERPRECISION":1}},
{"type":"Feature","geometry":{"type":"MultiPolygon","coordinates":[[[[-102.067,22.299],[-102.086,21.311],[-101.938,20.736],[-100.948,21],[-100.726,21.545],[-101.111,21.861],[-102.067,22.299]]],[[[-102.383,21.534],[-102.239,21.531],[-102.741,21.843],[-102.454,21.485],[-102.383,21.534]]]]},"properties":{"NAME":"Guamares","SUBJECTO":"Guamares","BORDERPRECISION":1}},
{"type":"Feature","geometry":{"type":"Polygon","coordinates":[[[-120.834,43.796],[-120.674,42.649],[-120.674,42.605],[-120.372,41.574],[-120.454,40.581],[-120.43,40.37],[-119.82,38.113],[-119.811,37.736],[-119.494,37.396],[-119.449,37.38],[-118.883,37.148],[-118.368,36.854],[-118.107,36.147],[-118.005,35.901],[-117.753,35.602],[-117.543,38.778],[-116.82,41.545],[-116.841,43.968],[-116.924,44.006],[-119.883,44.974],[-120.85,44.005],[-120.834,43.796]]]},"properties":{"NAME":"Numu (Northern Paiute)","SUBJECTO":"Numu (Northern Paiute)","BORDERPRECISION":1}},
{"type":"Feature","geometry":{"type":"Polygon","coordinates":[[[-66.436,-9.248],[-65.601,-9.709],[-65.512,-9.044],[-66.436,-9.248]]]},"properties":{"NAME":"Kaxarari","SUBJECTO":"Kaxarari","BORDERPRECISION":1}},
{"type":"Feature","geometry":{"type":"Polygon","coordinates":[[[-41.773,-17.95],[-41.759,-18.147],[-39.852,-18.083],[-39.655,-16.783],[-41.773,-17.95]]]},"properties":{"NAME":"Maxakalí","SUBJECTO":"Maxakalí","BORDERPRECISION":1}},
{"type":"Feature","geometry":{"type":"Polygon","coordinates":[[[-58.54,4.167],[-58.658,4.197],[-58.34,3.516],[-58.54,4.167]]]},"properties":{"NAME":"Macuxi","SUBJECTO":"Macuxi","BORDERPRECISION":1}},
{"type":"Feature","geometry":{"type":"MultiPolygon","coordinates":[[[[-120.585,36.491],[-121.208,37.038],[-120.898,36.371],[-120.741,36.431],[-120.585,36.491]]],[[[-121.42,36.486],[-121.291,36.409],[-121.034,36.334],[-121.616,36.603],[-121.42,36.486]]]]},"properties":{"NAME":"Popeloutchom (Amah Mutsun)","SUBJECTO":"Popeloutchom (Amah Mutsun)","BORDERPRECISION":1}},
{"type":"Feature","geometry":{"type":"MultiPolygon","coordinates":[[[[-118.502,33.983],[-118.48,33.922],[-118.348,34.414],[-118.731,34.692],[-118.752,34.843],[-120.105,35.544],[-120.118,35.538],[-121.128,35.608],[-118.502,33.983]]],[[[-118.604,34.948],[-118.522,35.112],[-118.58,35.233],[-118.669,34.898],[-118.604,34.948]]]]},"properties":{"NAME":"Chumash","SUBJECTO":"Chumash","BORDERPRECISION":1}},
{"type":"Feature","geometry":{"type":"Polygon","coordinates":[[[-70.98,-13.342],[-71.317,-13.216],[-71.156,-13.319],[-70.98,-13.342]]]},"properties":{"NAME":"Q'ero","SUBJECTO":"Q'ero","BORDERPRECISION":1}},
{"type":"Feature","geometry":{"type":"Polygon","coordinates":[[[-92.027,30.613],[-92.037,30.614],[-92.048,30.603],[-92.056,30.413],[-92.027,30.613]]]},"properties":{"NAME":"Opelousas","SUBJECTO":"Opelousas","BORDERPRECISION":1}},
{"type":"Feature","geometry":{"type":"MultiPolygon","coordinates":[[[[-83.731,41.862],[-84.543,41.959],[-86.578,41.928],[-83.731,41.862]]],[[[-84.692,39.874],[-80.469,41.14],[-80.449,41.506],[-80.445,41.633],[-80.514,41.989],[-83.117,41.602],[-84.692,39.874]]],[[[-86.022,38.749],[-86.025,38.746],[-85.461,39.203],[-86.022,38.749]]]]},"properties":{"NAME":"Kaskaskia","SUBJECTO":"Kaskaskia","BORDERPRECISION":1}},
{"type":"Feature","geometry":{"type":"Polygon","coordinates":[[[-75.641,-10.118],[-75.047,-10.537],[-74.881,-8.887],[-74.998,-8.905],[-75.035,-8.911],[-75.17,-9.04],[-75.46,-9.574],[-75.652,-9.948],[-75.641,-10.118]]]},"properties":{"NAME":"Yanesha","SUBJECTO":"Yanesha","BORDERPRECISION":1}},
{"type":"Feature","geometry":{"type":"Polygon","coordinates":[[[-77,37.717],[-76.786,37.55],[-76.763,37.536],[-76.726,37.531],[-76.627,37.568],[-76.574,37.711],[-76.612,37.755],[-76.674,37.787],[-76.72,37.817],[-76.754,37.828],[-76.98,37.808],[-77.023,37.788],[-77.043,37.764],[-77,37.717]]]},"properties":{"NAME":"Opiscopank","SUBJECTO":"Opiscopank","BORDERPRECISION":1}},
{"type":"Feature","geometry":{"type":"Polygon","coordinates":[[[-121.295,47.972],[-121.282,47.995],[-121.299,48.064],[-121.295,47.972]]]},"properties":{"NAME":"Stillaguamish","SUBJECTO":"Stillaguamish","BORDERPRECISION":1}},
{"type":"Feature","geometry":{"type":"MultiPolygon","coordinates":[[[[-65.293,-27.647],[-65.133,-27.874],[-63.628,-28.017],[-63.467,-25.573],[-64.519,-25.694],[-64.56,-26.057],[-65.293,-27.647]]],[[[-64.464,-24.833],[-64.468,-24.937],[-64.365,-24.83],[-64.439,-24.805],[-64.464,-24.833]]]]},"properties":{"NAME":"Lule","SUBJECTO":"Lule","BORDERPRECISION":1}},
{"type":"Feature","geometry":{"type":"MultiPolygon","coordinates":[[[[-57.962,-17.803],[-57.955,-17.835],[-57.941,-17.847],[-57.962,-17.803]]],[[[-62.279,-13.817],[-62.527,-13.913],[-62.802,-14.415],[-60.238,-14.633],[-58.819,-17.066],[-58.106,-17.503],[-58.218,-17.239],[-58.226,-17.234],[-58.237,-17.195],[-58.353,-16.638],[-59.408,-14.725],[-60.381,-13.955],[-60.734,-13.665],[-61.845,-13.671],[-62.279,-13.817]]]]},"properties":{"NAME":"Chiquitano","SUBJECTO":"Chiquitano","BORDERPRECISION":1}},
{"type":"Feature","geometry":{"type":"Polygon","coordinates":[[[-114.687,35.863],[-114.671,35.878],[-114.686,35.885],[-114.687,35.863]]]},"properties":{"NAME":"Pipa Aha Macav (Mojave)","SUBJECTO":"Pipa Aha Macav (Mojave)","BORDERPRECISION":1}},
{"type":"Feature","geometry":{"type":"Polygon","coordinates":[[[-123.995,50.445],[-123.985,50.474],[-124,50.487],[-123.997,50.501],[-123.985,50.507],[-123.968,50.58],[-123.934,50.623],[-123.888,50.636],[-123.847,50.687],[-124.141,50.546],[-123.995,50.445]]]},"properties":{"NAME":"Klahoose","SUBJECTO":"Klahoose","BORDERPRECISION":1}},
{"type":"Feature","geometry":{"type":"MultiPolygon","coordinates":[[[[-97.277,31.277],[-97.568,30.678],[-97.554,30.661],[-96.63,30.527],[-96.2,31.773],[-97.277,31.277]]],[[[-105.066,32.627],[-105.06,32.628],[-105.646,34.708],[-105.844,34.185],[-105.066,32.627]]],[[[-112.142,35.024],[-111.954,34.804],[-111.969,34.992],[-112.142,35.024]]],[[[-104.684,29.286],[-104.62,29.245],[-104.705,29.312],[-104.684,29.286]]]]},"properties":{"NAME":"Jumanos","SUBJECTO":"Jumanos","BORDERPRECISION":1}},
{"type":"Feature","geometry":{"type":"Polygon","coordinates":[[[-123.166,40.144],[-123.179,39.92],[-123.311,39.896],[-123.378,39.918],[-123.63,39.943],[-123.623,39.935],[-123.498,39.674],[-123.481,39.584],[-123.406,39.536],[-123.344,39.49],[-123.312,39.444],[-122.995,39.35],[-122.988,39.345],[-122.843,39.303],[-122.783,39.368],[-122.764,39.408],[-122.762,39.411],[-122.742,39.485],[-123.112,40.134],[-123.141,40.155],[-123.156,40.149],[-123.164,40.145],[-123.166,40.144]]]},"properties":{"NAME":"Northern Yuki","SUBJECTO":"Northern Yuki","BORDERPRECISION":1}},
{"type":"Feature","geometry":{"type":"Polygon","coordinates":[[[-85.733,11.085],[-85.642,9.979],[-85.292,10.342],[-84.816,11.274],[-85.265,12.698],[-85.792,13.395],[-87.204,13.564],[-87.21,13.564],[-87.428,13.607],[-87.845,13.403],[-87.416,12.723],[-86.793,12.682],[-85.929,11.663],[-85.895,11.17],[-85.733,11.085]]]},"properties":{"NAME":"Chorotega","SUBJECTO":"Chorotega","BORDERPRECISION":1}},
{"type":"Feature","geometry":{"type":"Polygon","coordinates":[[[-88.445,16.441],[-88.291,16.817],[-89.11,16.475],[-89.353,16.552],[-90.437,16.568],[-90.492,16.542],[-90.406,16.083],[-90.711,16.032],[-90.956,15.666],[-90.945,15.63],[-90.879,15.482],[-90.817,15.454],[-90.335,15.4],[-90.071,15.164],[-89.347,15.278],[-89.229,15.322],[-88.893,15.563],[-88.912,15.896],[-88.445,16.441]]]},"properties":{"NAME":"Q'eqchi'","SUBJECTO":"Q'eqchi'","BORDERPRECISION":1}},
{"type":"Feature","geometry":{"type":"MultiPolygon","coordinates":[[[[-79.412,-4.609],[-79.4,-4.604],[-79.392,-4.601],[-79.393,-4.519],[-79.552,-4.508],[-79.412,-4.609]]],[[[-79.901,-4.398],[-79.983,-4.332],[-79.984,-4.354],[-79.901,-4.398]]],[[[-79.347,-4.518],[-79.389,-4.519],[-79.389,-4.599],[-79.347,-4.518]]]]},"properties":{"NAME":"Calvas","SUBJECTO":"Calvas","BORDERPRECISION":1}},
{"type":"Feature","geometry":{"type":"Polygon","coordinates":[[[-79.515,32.968],[-79.342,33.134],[-79.472,33.219],[-79.515,32.968]]]},"properties":{"NAME":"Sewee","SUBJECTO":"Sewee","BORDERPRECISION":1}},
{"type":"Feature","geometry":{"type":"MultiPolygon","coordinates":[[[[-76.154,-3.785],[-76.182,-3.78],[-76.325,-3.873],[-75.777,-4.68],[-75.838,-4.551],[-75.945,-4.209],[-76.154,-3.785]]],[[[-75.734,-5.105],[-75.713,-5.086],[-75.766,-5.042],[-75.823,-5.114],[-75.734,-5.105]]]]},"properties":{"NAME":"Kandozi","SUBJECTO":"Kandozi","BORDERPRECISION":1}},
{"type":"Feature","geometry":{"type":"Polygon","coordinates":[[[-109.664,33.04],[-109.602,33.149],[-110.058,33.161],[-109.9,32.626],[-109.664,33.04]]]},"properties":{"NAME":"Ndee/Nnēē: (Western Apache)","SUBJECTO":"Ndee/Nnēē: (Western Apache)","BORDERPRECISION":1}},
{"type":"Feature","geometry":{"type":"Polygon","coordinates":[[[-126.535,51.853],[-126.551,51.862],[-127.529,51.775],[-127.617,51.392],[-127.178,51.535],[-126.932,51.502],[-126.793,51.433],[-126.784,51.424],[-126.034,51.765],[-126.059,51.844],[-126.516,51.856],[-126.535,51.853]]]},"properties":{"NAME":"Wuikinuxv (Oweekeno)","SUBJECTO":"Wuikinuxv (Oweekeno)","BORDERPRECISION":1}},
{"type":"Feature","geometry":{"type":"Polygon","coordinates":[[[-65.057,-11.939],[-64.676,-12.108],[-64.733,-12.05],[-64.892,-11.99],[-65.028,-11.943],[-65.057,-11.939]]]},"properties":{"NAME":"Moregena","SUBJECTO":"Moregena","BORDERPRECISION":1}},
{"type":"Feature","geometry":{"type":"Polygon","coordinates":[[[-64.289,-11.189],[-64.188,-11.216],[-64.288,-11.184],[-64.289,-11.189]]]},"properties":{"NAME":"Oro Win/Oro Towati’","SUBJECTO":"Oro Win/Oro Towati’","BORDERPRECISION":1}},
{"type":"Feature","geometry":{"type":"MultiPolygon","coordinates":[[[[-146.04,61.229],[-146.357,61.365],[-147.068,61.477],[-147.919,61.317],[-148.12,61.237],[-148.306,61.086],[-145.89,60.515],[-145.755,60.574],[-145.522,60.78],[-145.425,60.865],[-145.821,61.136],[-146.04,61.229]]],[[[-148.832,60.558],[-148.99,60.454],[-150.325,59.652],[-149.326,60.027],[-148.832,60.558]]],[[[-151.172,59.306],[-151.314,59.273],[-151.466,59.205],[-151.172,59.306]]],[[[-151.605,59.191],[-151.662,59.191],[-151.703,59.181],[-151.605,59.191]]],[[[-154.172,59.062],[-154.371,59.083],[-155.321,58.498],[-155.44,58.466],[-156.161,58.324],[-157.413,58.196],[-157.597,58.14],[-154.649,58.076],[-154.172,59.062]]]]},"properties":{"NAME":"Alutiiq (Sugpiaq)","SUBJECTO":"Alutiiq (Sugpiaq)","BORDERPRECISION":1}},
{"type":"Feature","geometry":{"type":"MultiPolygon","coordinates":[[[[-114.836,50.058],[-112.676,46.735],[-111.399,45.939],[-111.261,46.275],[-112.429,48.121],[-114.851,50.162],[-114.836,50.058]]],[[[-118.423,52.203],[-115.089,50.382],[-117.926,52.284],[-118.423,52.203]]]]},"properties":{"NAME":"Niitsítpiis-stahkoii ᖹᐟᒧᐧᐨᑯᐧ ᓴᐦᖾᐟ (Blackfoot / Niitsítapi ᖹᐟᒧᐧᒣᑯ)","SUBJECTO":"Niitsítpiis-stahkoii ᖹᐟᒧᐧᐨᑯᐧ ᓴᐦᖾᐟ (Blackfoot / Niitsítapi ᖹᐟᒧᐧᒣᑯ)","BORDERPRECISION":1}},
{"type":"Feature","geometry":{"type":"Polygon","coordinates":[[[-73.946,40.447],[-74.033,40.461],[-75.588,41.386],[-76.103,40.938],[-75.871,39.487],[-75.075,38.741],[-73.946,40.447]]]},"properties":{"NAME":"Lənape Haki-nk (Lenni-Lenape)","SUBJECTO":"Lənape Haki-nk (Lenni-Lenape)","BORDERPRECISION":1}},
{"type":"Feature","geometry":{"type":"Polygon","coordinates":[[[-63.589,-11.868],[-63.833,-12.27],[-63.831,-12.271],[-63.826,-12.274],[-63.824,-12.275],[-63.27,-11.787],[-63.508,-11.849],[-63.589,-11.868]]]},"properties":{"NAME":"Puruborá","SUBJECTO":"Puruborá","BORDERPRECISION":1}},
{"type":"Feature","geometry":{"type":"Polygon","coordinates":[[[-118.617,47.54],[-118.638,47.529],[-118.769,47.058],[-118.005,47.346],[-118.28,47.657],[-118.617,47.54]]]},"properties":{"NAME":"Spokane","SUBJECTO":"Spokane","BORDERPRECISION":1}},
{"type":"Feature","geometry":{"type":"Polygon","coordinates":[[[-80.007,33.608],[-80.15,33.676],[-80.425,33.785],[-80.544,33.692],[-80.759,33.513],[-80.851,33.477],[-80.895,33.447],[-80.87,33.41],[-79.532,33.29],[-79.558,33.373],[-80.007,33.608]]]},"properties":{"NAME":"Santee","SUBJECTO":"Santee","BORDERPRECISION":1}},
{"type":"Feature","geometry":{"type":"MultiPolygon","coordinates":[[[[-51.626,-3.541],[-52.469,-3.493],[-52.157,-3.773],[-51.673,-3.725],[-51.654,-3.697],[-51.618,-3.573],[-51.626,-3.541]]],[[[-52.387,-5.984],[-52.557,-5.44],[-52.513,-4.484],[-52.367,-4.06],[-52.728,-3.962],[-52.525,-6.93],[-52.521,-6.929],[-52.387,-5.984]]],[[[-52.967,-9.903],[-52.979,-9.902],[-53.097,-10.673],[-53.083,-10.675],[-52.967,-9.903]]],[[[-53.889,-11.04],[-53.593,-10.95],[-53.573,-10.616],[-53.889,-11.04]]]]},"properties":{"NAME":"Yudjá","SUBJECTO":"Yudjá","BORDERPRECISION":1}},
{"type":"Feature","geometry":{"type":"Polygon","coordinates":[[[-72.171,-0.427],[-72.249,-0.414],[-72.246,-0.418],[-72.159,-0.435],[-72.171,-0.427]]]},"properties":{"NAME":"pʌʌsíʌhʌ (Andoque/Paasiaja)","SUBJECTO":"pʌʌsíʌhʌ (Andoque/Paasiaja)","BORDERPRECISION":1}},
{"type":"Feature","geometry":{"type":"Polygon","coordinates":[[[-73.386,41.139],[-73.384,41.139],[-73.493,41.612],[-73.969,42.147],[-75.628,41.64],[-75.588,41.386],[-74.033,40.461],[-73.386,41.139]]]},"properties":{"NAME":"Munsee Lenape","SUBJECTO":"Munsee Lenape","BORDERPRECISION":1}},
{"type":"Feature","geometry":{"type":"Polygon","coordinates":[[[-120.537,37.629],[-121.38,37.992],[-122.145,37.884],[-121.846,37.796],[-121.352,37.176],[-121.208,37.038],[-120.585,36.491],[-120.306,35.916],[-120.214,35.695],[-120.212,35.693],[-120.212,35.684],[-120.168,35.616],[-120.105,35.544],[-118.752,34.843],[-118.696,34.864],[-118.681,34.883],[-118.669,34.898],[-118.58,35.233],[-118.517,35.552],[-118.513,35.601],[-118.575,35.823],[-118.693,35.923],[-118.629,36.429],[-118.687,36.41],[-118.789,36.426],[-118.939,36.502],[-118.972,36.58],[-119.594,37.21],[-119.615,37.309],[-120.271,37.408],[-120.537,37.629]]]},"properties":{"NAME":"Yokuts","SUBJECTO":"Yokuts","BORDERPRECISION":1}},
{"type":"Feature","geometry":{"type":"MultiPolygon","coordinates":[[[[-71.841,-1.036],[-71.854,-1.115],[-71.479,-1.656],[-71.4,-1.686],[-71.133,-1.449],[-71.841,-1.036]]],[[[-71.823,-0.811],[-71.877,-0.777],[-71.858,-0.866],[-71.823,-0.811]]]]},"properties":{"NAME":"Féénemɨnaa","SUBJECTO":"Féénemɨnaa","BORDERPRECISION":1}},
{"type":"Feature","geometry":{"type":"MultiPolygon","coordinates":[[[[-68.201,4.626],[-68.201,4.568],[-67.212,4.444],[-67.278,5.451],[-67.285,6.183],[-68.201,4.626]]],[[[-70.994,2.484],[-70.928,2.826],[-71.036,2.851],[-70.994,2.484]]]]},"properties":{"NAME":"Puinave","SUBJECTO":"Puinave","BORDERPRECISION":1}},
{"type":"Feature","geometry":{"type":"Polygon","coordinates":[[[-76.318,36.966],[-76.17,36.968],[-76.294,36.988],[-76.314,36.981],[-76.318,36.966]]]},"properties":{"NAME":"Chesapeake","SUBJECTO":"Chesapeake","BORDERPRECISION":1}},
{"type":"Feature","geometry":{"type":"Polygon","coordinates":[[[-39.702,-15.585],[-39.602,-15.224],[-39.78,-15.145],[-39.702,-15.585]]]},"properties":{"NAME":"Pataxó Hã-Hã-Hãe","SUBJECTO":"Pataxó Hã-Hã-Hãe","BORDERPRECISION":1}},
{"type":"Feature","geometry":{"type":"Polygon","coordinates":[[[-90.956,15.666],[-91.044,15.763],[-91.156,15.517],[-90.928,15.481],[-90.945,15.63],[-90.956,15.666]]]},"properties":{"NAME":"Ixil","SUBJECTO":"Ixil","BORDERPRECISION":1}},
{"type":"Feature","geometry":{"type":"Polygon","coordinates":[[[-157.589,58.164],[-157.597,58.14],[-157.413,58.196],[-155.44,58.466],[-155.321,58.498],[-154.454,59.107],[-155.516,60.053],[-155.94,60.555],[-156.835,61.834],[-160.948,62.231],[-160.617,63.373],[-160.489,63.445],[-160.222,63.578],[-159.939,63.88],[-160.815,63.86],[-160.837,63.859],[-160.89,63.857],[-165.898,61.27],[-157.589,58.164]]]},"properties":{"NAME":"Yup’ik/Cup’ik","SUBJECTO":"Yup’ik/Cup’ik","BORDERPRECISION":1}},
{"type":"Feature","geometry":{"type":"Polygon","coordinates":[[[-62.171,-8.176],[-62.167,-8.171],[-62.213,-7.513],[-62.229,-7.518],[-62.233,-7.533],[-62.287,-7.82],[-62.274,-8.145],[-62.171,-8.176]]]},"properties":{"NAME":"Kawahib (Jiahui)","SUBJECTO":"Kawahib (Jiahui)","BORDERPRECISION":1}},
{"type":"Feature","geometry":{"type":"Polygon","coordinates":[[[-68.398,-13.409],[-68.467,-14.064],[-68.366,-13.447],[-68.398,-13.409]]]},"properties":{"NAME":"Toromona","SUBJECTO":"Toromona","BORDERPRECISION":1}},
{"type":"Feature","geometry":{"type":"Polygon","coordinates":[[[-124.61,48.723],[-124.609,48.721],[-124.411,48.803],[-124.506,48.848],[-124.512,48.851],[-124.547,48.873],[-124.554,48.878],[-124.604,48.951],[-124.602,48.959],[-124.592,48.961],[-124.518,49.001],[-124.56,49.105],[-124.659,48.993],[-124.669,48.99],[-124.698,48.989],[-124.712,48.982],[-124.728,48.937],[-125.06,48.783],[-124.655,48.653],[-124.61,48.723]]]},"properties":{"NAME":"ditidaqiic̓aq disib̓aʔk (Ditidaht)","SUBJECTO":"ditidaqiic̓aq disib̓aʔk (Ditidaht)","BORDERPRECISION":1}},
{"type":"Feature","geometry":{"type":"MultiPolygon","coordinates":[[[[-110.215,70.14],[-113.32,70.06],[-117.478,69.953],[-110.448,68.653],[-103.864,70.701],[-110.102,72.977],[-110.166,72.647],[-110.187,72.539],[-110.215,70.324],[-110.215,70.14]]],[[[-73.994,66.266],[-71.319,63.061],[-64.474,63.744],[-61.211,66.635],[-68.665,68.716],[-71.253,71.351],[-88.099,73.636],[-87.948,70.385],[-73.185,68.296],[-73.994,66.266]]],[[[-109.578,75.008],[-109.645,76.769],[-109.814,76.285],[-109.863,75.631],[-109.863,75.251],[-109.863,74.957],[-109.578,75.008]]],[[[-120.85,69.569],[-120.872,69.574],[-121.127,68.183],[-120.663,67.755],[-120.287,67.489],[-117.493,66.665],[-109.418,65.053],[-101.208,64.231],[-94.378,60.79],[-87.435,64.569],[-86.488,67.378],[-92.956,69.084],[-101.913,67.705],[-112.503,67.693],[-120.85,69.569]]],[[[-78.844,53.281],[-78.843,53.12],[-74.775,54.75],[-68.796,55.07],[-60.174,53.418],[-63.705,59.465],[-63.993,59.678],[-64.136,59.783],[-64.16,59.807],[-77.362,62.517],[-78.337,58.551],[-76.439,56.81],[-78.844,53.281]]],[[[-59.717,53.431],[-59.869,53.387],[-56.986,53.239],[-56.239,53.518],[-59.717,53.431]]]]},"properties":{"NAME":"Inuit","SUBJECTO":"Inuit","BORDERPRECISION":1}},
{"type":"Feature","geometry":{"type":"Polygon","coordinates":[[[-123.985,50.474],[-123.941,50.449],[-123.942,50.44],[-123.958,50.419],[-123.937,50.404],[-123.831,50.387],[-123.816,50.384],[-123.782,50.373],[-123.712,50.363],[-123.495,50.22],[-123.488,50.209],[-123.275,50.107],[-122.124,49.482],[-122.052,49.477],[-121.844,49.55],[-122.11,50.449],[-121.907,50.609],[-122.95,50.677],[-123.579,50.706],[-123.887,50.918],[-123.847,50.687],[-123.888,50.636],[-123.968,50.58],[-123.985,50.507],[-124,50.487],[-123.985,50.474]]]},"properties":{"NAME":"St̓át̓imc Tmicw (St'at'imc)","SUBJECTO":"St̓át̓imc Tmicw (St'at'imc)","BORDERPRECISION":1}},
{"type":"Feature","geometry":{"type":"Polygon","coordinates":[[[-96.2,31.773],[-96.63,30.527],[-95.599,30.356],[-94.92,31.176],[-94.921,31.297],[-95.688,31.982],[-96.2,31.773]]]},"properties":{"NAME":"Tonkawa","SUBJECTO":"Tonkawa","BORDERPRECISION":1}},
{"type":"Feature","geometry":{"type":"MultiPolygon","coordinates":[[[[-125.833,51.596],[-125.901,51.67],[-125.921,51.655],[-125.997,51.496],[-125.712,51.315],[-125.833,51.596]]],[[[-125.558,51.903],[-125.457,51.875],[-125.481,51.935],[-125.487,51.937],[-125.558,51.903]]]]},"properties":{"NAME":"Da’naxda’xw Awaetlatla","SUBJECTO":"Da’naxda’xw Awaetlatla","BORDERPRECISION":1}},
{"type":"Feature","geometry":{"type":"MultiPolygon","coordinates":[[[[-121.616,36.603],[-121.808,36.56],[-121.807,36.41],[-121.769,36.444],[-121.783,36.518],[-121.619,36.531],[-121.42,36.486],[-121.616,36.603]]],[[[-121.998,36.636],[-121.973,36.678],[-121.986,36.678],[-121.998,36.673],[-121.998,36.636]]]]},"properties":{"NAME":"Rumsen","SUBJECTO":"Rumsen","BORDERPRECISION":1}},
{"type":"Feature","geometry":{"type":"MultiPolygon","coordinates":[[[[-124.43,48.347],[-124.575,48.37],[-124.572,48.368],[-124.548,48.355],[-124.544,48.353],[-124.386,48.106],[-124.374,48.099],[-124.328,48.094],[-124.265,48.121],[-124.263,48.29],[-124.43,48.347]]],[[[-124.579,48.371],[-124.629,48.379],[-124.6,48.37],[-124.581,48.37],[-124.579,48.371]]]]},"properties":{"NAME":"S'Klallam","SUBJECTO":"S'Klallam","BORDERPRECISION":1}},
{"type":"Feature","geometry":{"type":"MultiPolygon","coordinates":[[[[-92.803,16.221],[-92.796,16.214],[-92.934,16.511],[-92.898,16.375],[-92.803,16.221]]],[[[-93.194,16.669],[-93.477,16.739],[-93.582,16.712],[-93.194,16.669]]],[[[-93.587,16.726],[-93.487,16.75],[-93.881,16.914],[-93.587,16.726]]]]},"properties":{"NAME":"Batsil Winik' Otik (Tzotzil)","SUBJECTO":"Batsil Winik' Otik (Tzotzil)","BORDERPRECISION":1}},
{"type":"Feature","geometry":{"type":"Polygon","coordinates":[[[-74.402,0.531],[-75.247,0.766],[-74.82,0.398],[-74.403,0.479],[-74.402,0.531]]]},"properties":{"NAME":"kòréβahώ (korebaju/Koreguaje)","SUBJECTO":"kòréβahώ (korebaju/Koreguaje)","BORDERPRECISION":1}},
{"type":"Feature","geometry":{"type":"Polygon","coordinates":[[[-124.44,47.666],[-124.436,47.662],[-124.431,47.665],[-124.452,47.685],[-124.44,47.666]]]},"properties":{"NAME":"ChalAt’i’lo t’sikAti (Chalat’)","SUBJECTO":"ChalAt’i’lo t’sikAti (Chalat’)","BORDERPRECISION":1}},
{"type":"Feature","geometry":{"type":"MultiPolygon","coordinates":[[[[-122.052,41.264],[-122.063,41.274],[-122.065,41.269],[-122.057,41.199],[-122.052,41.264]]],[[[-122.808,41.176],[-122.868,41.12],[-122.614,41.213],[-122.808,41.176]]],[[[-123.42,40.954],[-123.068,40.926],[-122.911,41.012],[-122.937,41.056],[-123.451,41.07],[-123.42,40.954]]]]},"properties":{"NAME":"Shasta","SUBJECTO":"Shasta","BORDERPRECISION":1}},
{"type":"Feature","geometry":{"type":"Polygon","coordinates":[[[-65.582,-16.112],[-66.068,-14.612],[-66.496,-15.031],[-66.754,-15.48],[-66.771,-15.673],[-65.582,-16.112]]]},"properties":{"NAME":"Yuracaré","SUBJECTO":"Yuracaré","BORDERPRECISION":1}},
{"type":"Feature","geometry":{"type":"MultiPolygon","coordinates":[[[[-127.769,50.28],[-127.62,50.191],[-126.834,50.131],[-126.764,50.105],[-126.464,49.938],[-126.438,49.925],[-126.019,49.845],[-125.665,50.373],[-127.769,50.28]]],[[[-125.412,50.549],[-125.1,50.58],[-124.418,50.837],[-124.495,51.109],[-124.796,51.283],[-124.805,51.283],[-124.822,51.285],[-124.951,51.296],[-125.195,51.272],[-125.712,51.315],[-125.997,51.496],[-125.921,51.655],[-125.901,51.67],[-126.034,51.765],[-126.784,51.424],[-127.662,51.279],[-125.412,50.549]]],[[[-125.515,49.532],[-125.475,49.532],[-125.455,49.532],[-125.432,49.54],[-125.422,49.547],[-125.515,49.532]]]]},"properties":{"NAME":"Kwakwaka’wakw","SUBJECTO":"Kwakwaka’wakw","BORDERPRECISION":1}},
{"type":"Feature","geometry":{"type":"Polygon","coordinates":[[[-75.503,37.909],[-75.551,37.92],[-75.658,37.937],[-75.923,37.571],[-75.746,37.518],[-75.478,37.899],[-75.503,37.909]]]},"properties":{"NAME":"Occohannock","SUBJECTO":"Occohannock","BORDERPRECISION":1}},
{"type":"Feature","geometry":{"type":"MultiPolygon","coordinates":[[[[-122.988,39.345],[-122.943,39.186],[-122.828,39.081],[-122.816,39.098],[-122.795,39.118],[-122.763,39.133],[-122.753,39.162],[-122.843,39.303],[-122.988,39.345]]],[[[-122.86,39.033],[-122.927,39.021],[-122.889,38.905],[-122.86,39.026],[-122.86,39.033]]],[[[-122.801,38.948],[-122.885,38.902],[-122.887,38.889],[-122.838,38.848],[-122.827,38.863],[-122.8,38.947],[-122.801,38.948]]]]},"properties":{"NAME":"Eastern Pomo","SUBJECTO":"Eastern Pomo","BORDERPRECISION":1}},
{"type":"Feature","geometry":{"type":"Polygon","coordinates":[[[-118.673,47.541],[-118.638,47.529],[-118.617,47.54],[-118.673,47.541]]]},"properties":{"NAME":"San Poil","SUBJECTO":"San Poil","BORDERPRECISION":1}},
{"type":"Feature","geometry":{"type":"Polygon","coordinates":[[[-79.571,35.849],[-79.573,35.849],[-79.572,35.849],[-79.557,35.846],[-79.554,35.848],[-79.571,35.849]]]},"properties":{"NAME":"Eno","SUBJECTO":"Eno","BORDERPRECISION":1}},
{"type":"Feature","geometry":{"type":"MultiPolygon","coordinates":[[[[-122.552,37.843],[-122.563,37.815],[-122.508,37.811],[-122.47,37.835],[-122.552,37.843]]],[[[-122.467,38.01],[-122.448,37.999],[-122.449,38.012],[-122.47,38.03],[-122.467,38.01]]],[[[-122.49,38.165],[-122.475,38.066],[-122.437,38.103],[-122.403,38.138],[-122.361,38.165],[-122.366,38.204],[-122.468,38.373],[-122.796,38.833],[-122.805,38.837],[-122.827,38.847],[-122.838,38.848],[-122.852,38.849],[-122.897,38.847],[-122.903,38.846],[-123.509,38.772],[-123.527,38.766],[-123.013,38.199],[-122.984,38.133],[-122.49,38.165]]]]},"properties":{"NAME":"Graton Rancheria","SUBJECTO":"Graton Rancheria","BORDERPRECISION":1}},
{"type":"Feature","geometry":{"type":"Polygon","coordinates":[[[-73.684,-3.893],[-73.618,-3.47],[-74.813,-2.228],[-75.005,-2.034],[-75.114,-1.951],[-75.203,-1.895],[-75.295,-1.86],[-75.959,-2.028],[-76.043,-2.047],[-76.393,-1.579],[-76.416,-1.568],[-76.421,-1.57],[-76.424,-1.567],[-76.464,-1.556],[-76.468,-1.556],[-76.472,-1.551],[-76.506,-1.543],[-76.507,-1.547],[-76.512,-1.541],[-76.528,-1.531],[-76.537,-1.524],[-76.543,-1.515],[-76.587,-1.495],[-76.593,-1.505],[-76.594,-1.515],[-76.594,-1.517],[-76.599,-1.512],[-76.757,-1.429],[-76.825,-1.621],[-76.849,-1.618],[-76.851,-1.615],[-76.954,-1.625],[-76.955,-1.627],[-76.962,-1.626],[-76.853,-1.972],[-76.65,-1.867],[-76.64,-1.88],[-76.641,-1.887],[-76.641,-1.889],[-76.637,-1.897],[-76.634,-1.901],[-76.635,-1.902],[-76.631,-1.912],[-76.629,-1.911],[-76.628,-1.918],[-76.609,-1.926],[-76.596,-1.925],[-76.593,-1.927],[-76.583,-1.934],[-76.575,-1.939],[-76.567,-1.953],[-76.566,-1.954],[-76.562,-1.958],[-76.526,-1.968],[-76.52,-1.97],[-76.517,-1.972],[-76.511,-1.974],[-76.5,-1.977],[-76.49,-1.987],[-76.486,-1.991],[-76.474,-1.997],[-76.473,-2.003],[-76.471,-2.007],[-76.47,-2.008],[-76.472,-2.013],[-76.468,-2.015],[-76.459,-2.008],[-76.458,-2.008],[-76.448,-2.005],[-76.441,-2.004],[-76.439,-2.005],[-76.43,-2.006],[-76.425,-2.008],[-76.425,-2.01],[-76.425,-2.027],[-76.421,-2.022],[-76.407,-2.026],[-76.406,-2.027],[-76.403,-2.035],[-76.404,-2.037],[-76.394,-2.048],[-76.393,-2.048],[-76.361,-2.045],[-76.361,-2.044],[-76.358,-2.041],[-76.358,-2.04],[-76.357,-2.042],[-76.347,-2.047],[-76.344,-2.048],[-76.344,-2.051],[-76.33,-2.05],[-76.327,-2.05],[-76.323,-2.052],[-76.322,-2.053],[-76.297,-2.07],[-76.296,-2.069],[-76.296,-2.07],[-76.287,-2.072],[-76.286,-2.071],[-76.284,-2.071],[-76.281,-2.071],[-76.279,-2.071],[-76.276,-2.071],[-76.275,-2.07],[-76.273,-2.071],[-76.268,-2.075],[-76.265,-2.076],[-76.265,-2.077],[-76.262,-2.079],[-76.26,-2.079],[-76.259,-2.08],[-76.21,-2.111],[-76.209,-2.109],[-76.207,-2.107],[-76.196,-2.116],[-76.194,-2.111],[-76.193,-2.115],[-76.18,-2.114],[-76.179,-2.112],[-76.173,-2.112],[-76.171,-2.114],[-75.737,-2.216],[-74.985,-3.178],[-74.781,-3.428],[-74.276,-3.915],[-74.162,-4.005],[-74.032,-4.032],[-73.703,-3.929],[-73.684,-3.893]]]},"properties":{"NAME":"Sapara","SUBJECTO":"Sapara","BORDERPRECISION":1}},
{"type":"Feature","geometry":{"type":"MultiPolygon","coordinates":[[[[-121.127,68.183],[-125.419,68.073],[-121.937,67.639],[-120.905,67.626],[-120.663,67.755],[-121.127,68.183]]],[[[-129.919,67.942],[-128.613,68.073],[-130.244,68.068],[-130.169,67.917],[-129.919,67.942]]]]},"properties":{"NAME":"K’asho Got’ine","SUBJECTO":"K’asho Got’ine","BORDERPRECISION":1}},
{"type":"Feature","geometry":{"type":"Polygon","coordinates":[[[-93.063,15.321],[-92.306,14.662],[-92.233,14.722],[-92.763,15.537],[-92.976,15.709],[-93.096,15.798],[-93.063,15.321]]]},"properties":{"NAME":"Tapachulteco (mixe-zoque)","SUBJECTO":"Tapachulteco (mixe-zoque)","BORDERPRECISION":1}},
{"type":"Feature","geometry":{"type":"Polygon","coordinates":[[[-69.613,-25.028],[-70.323,-27.7],[-69.111,-25.214],[-69.542,-24.93],[-69.613,-25.028]]]},"properties":{"NAME":"Kolla-Atacameño","SUBJECTO":"Kolla-Atacameño","BORDERPRECISION":1}},
{"type":"Feature","geometry":{"type":"Polygon","coordinates":[[[-38.721,-9.541],[-38.615,-9.554],[-38.13,-9.198],[-38.592,-9.267],[-38.721,-9.541]]]},"properties":{"NAME":"Pankararu","SUBJECTO":"Pankararu","BORDERPRECISION":1}},
{"type":"Feature","geometry":{"type":"Polygon","coordinates":[[[-77.468,8.565],[-77.455,8.641],[-77.577,8.796],[-77.758,9.031],[-77.829,9.094],[-78.994,9.533],[-79.103,9.553],[-78.761,9.342],[-78.707,9.338],[-78.562,9.308],[-78.473,9.265],[-78.272,9.192],[-78.269,9.191],[-77.984,9.032],[-77.767,8.839],[-77.629,8.683],[-77.468,8.565]]]},"properties":{"NAME":"Guna Yala","SUBJECTO":"Guna Yala","BORDERPRECISION":1}},
{"type":"Feature","geometry":{"type":"Polygon","coordinates":[[[-63.524,-29.638],[-62.483,-28.926],[-62.394,-28.501],[-62.387,-28.401],[-63.628,-28.017],[-65.133,-27.874],[-64.207,-29.547],[-64.013,-29.588],[-63.524,-29.638]]]},"properties":{"NAME":"Tonokoté","SUBJECTO":"Tonokoté","BORDERPRECISION":1}},
{"type":"Feature","geometry":{"type":"Polygon","coordinates":[[[-73.519,9.636],[-72.545,7.641],[-71.585,8.808],[-72.936,10.04],[-73.519,9.636]]]},"properties":{"NAME":"Barí","SUBJECTO":"Barí","BORDERPRECISION":1}},
{"type":"Feature","geometry":{"type":"Polygon","coordinates":[[[-47.95,-6.092],[-47.443,-5.527],[-47.759,-5.246],[-48.29,-5.753],[-47.998,-6.028],[-47.95,-6.092]]]},"properties":{"NAME":"Apinayé","SUBJECTO":"Apinayé","BORDERPRECISION":1}},
{"type":"Feature","geometry":{"type":"MultiPolygon","coordinates":[[[[-58.64,-34.027],[-58.613,-34.024],[-58.749,-33.976],[-58.64,-34.027]]],[[[-59.898,-33.523],[-60.25,-33.273],[-60.038,-33.457],[-59.898,-33.523]]]]},"properties":{"NAME":"Guenoa-Muinanes","SUBJECTO":"Guenoa-Muinanes","BORDERPRECISION":1}},
{"type":"Feature","geometry":{"type":"Polygon","coordinates":[[[-59.088,-24.387],[-59.102,-24.389],[-59.123,-24.392],[-60.861,-24.151],[-61.018,-24],[-61.117,-23.84],[-61.371,-23.429],[-60.996,-24.036],[-60.879,-24.15],[-60.411,-24.728],[-60.517,-24.731],[-61.794,-25.437],[-61.414,-26.65],[-59.118,-28.368],[-57.923,-26.139],[-58.488,-24.374],[-58.784,-24.387],[-59.088,-24.387]]]},"properties":{"NAME":"Qom","SUBJECTO":"Qom","BORDERPRECISION":1}},
{"type":"Feature","geometry":{"type":"Polygon","coordinates":[[[-126.793,51.433],[-126.843,51.437],[-126.932,51.502],[-127.178,51.535],[-127.62,51.383],[-127.662,51.279],[-126.784,51.424],[-126.793,51.433]]]},"properties":{"NAME":"Gwa’Sala-‘Nakwaxda’xw","SUBJECTO":"Gwa’Sala-‘Nakwaxda’xw","BORDERPRECISION":1}},
{"type":"Feature","geometry":{"type":"Polygon","coordinates":[[[-114.126,45.614],[-114.29,45.47],[-114.277,45.429],[-114.016,45.599],[-114.126,45.614]]]},"properties":{"NAME":"Lemhi-Shoshone","SUBJECTO":"Lemhi-Shoshone","BORDERPRECISION":1}},
{"type":"Feature","geometry":{"type":"Polygon","coordinates":[[[-59.767,0.096],[-61.563,-1.162],[-60.642,-1.988],[-59.767,0.096]]]},"properties":{"NAME":"Kinja","SUBJECTO":"Kinja","BORDERPRECISION":1}},
{"type":"Feature","geometry":{"type":"Polygon","coordinates":[[[-107.404,24.296],[-106.883,23.723],[-106.821,23.708],[-106.624,23.992],[-106.621,24.014],[-106.607,24.016],[-106.442,24.018],[-106.66,24.372],[-107.384,25.226],[-107.556,25.627],[-108.321,25.477],[-108.31,25.392],[-107.607,24.644],[-107.503,24.366],[-107.404,24.296]]]},"properties":{"NAME":"Tahues","SUBJECTO":"Tahues","BORDERPRECISION":1}},
{"type":"Feature","geometry":{"type":"Polygon","coordinates":[[[-72.239,-44.994],[-72.59,-44],[-73.002,-43.838],[-74.016,-47.182],[-73.935,-47.175],[-72.531,-45.927],[-72.351,-45.665],[-72.3,-45.513],[-72.239,-44.994]]]},"properties":{"NAME":"Chono","SUBJECTO":"Chono","BORDERPRECISION":1}},
{"type":"Feature","geometry":{"type":"Polygon","coordinates":[[[-53.835,-9.654],[-53.83,-9.651],[-54.511,-8.831],[-53.835,-9.654]]]},"properties":{"NAME":"Panará","SUBJECTO":"Panará","BORDERPRECISION":1}},
{"type":"Feature","geometry":{"type":"Polygon","coordinates":[[[-110.671,28.445],[-110.779,28.413],[-110.997,27.981],[-110.045,27.102],[-109.916,27.185],[-109.599,27.475],[-109.357,27.833],[-109.864,28.054],[-110.671,28.445]]]},"properties":{"NAME":"Yoeme (Yaqui)","SUBJECTO":"Yoeme (Yaqui)","BORDERPRECISION":1}},
{"type":"Feature","geometry":{"type":"Polygon","coordinates":[[[-54.501,-5.485],[-54.826,-5.724],[-54.626,-6.01],[-54.358,-5.757],[-54.501,-5.485]]]},"properties":{"NAME":"Kuruaya","SUBJECTO":"Kuruaya","BORDERPRECISION":1}},
{"type":"Feature","geometry":{"type":"Polygon","coordinates":[[[-62.266,-11.711],[-62.274,-11.719],[-61.981,-11.822],[-62.266,-11.711]]]},"properties":{"NAME":"Arikapú","SUBJECTO":"Arikapú","BORDERPRECISION":1}},
{"type":"Feature","geometry":{"type":"Polygon","coordinates":[[[-62.213,-7.513],[-62.167,-8.171],[-62.165,-8.408],[-62.163,-8.682],[-61.681,-6.556],[-61.698,-6.573],[-61.706,-6.582],[-61.775,-6.676],[-61.8,-6.709],[-62.028,-7.117],[-62.103,-7.147],[-62.19,-7.381],[-62.198,-7.463],[-62.213,-7.513]]]},"properties":{"NAME":"Kawahib (Tenharim)","SUBJECTO":"Kawahib (Tenharim)","BORDERPRECISION":1}},
{"type":"Feature","geometry":{"type":"Polygon","coordinates":[[[-104.926,21.598],[-104.69,21.821],[-103.752,21.516],[-103.728,21.688],[-103.598,22.035],[-103.664,22.106],[-103.696,22.111],[-103.686,22.134],[-103.67,22.61],[-104.038,22.713],[-105.313,22.081],[-105.334,22.022],[-105.418,21.683],[-105.267,21.45],[-105.264,21.447],[-105.259,21.427],[-105.23,21.35],[-104.926,21.598]]]},"properties":{"NAME":"Wixárika (Huichol)","SUBJECTO":"Wixárika (Huichol)","BORDERPRECISION":1}},
{"type":"Feature","geometry":{"type":"Polygon","coordinates":[[[-54.072,47.183],[-53.887,47.015],[-54.13,48.836],[-58.285,49.085],[-54.992,47.75],[-54.899,47.644],[-54.68,47.455],[-54.072,47.183]]]},"properties":{"NAME":"Beothuk","SUBJECTO":"Beothuk","BORDERPRECISION":1}},
{"type":"Feature","geometry":{"type":"MultiPolygon","coordinates":[[[[-53.767,5.66],[-53.903,5.201],[-52.598,5.12],[-53.767,5.66]]],[[[-55.626,5.093],[-55.382,5.148],[-56.289,5.111],[-55.626,5.093]]],[[[-59.423,7.291],[-60.851,8.144],[-61.317,8.143],[-61.577,7.089],[-60.017,6.626],[-59.301,6.331],[-59.423,7.291]]]]},"properties":{"NAME":"Kalina/Kariña","SUBJECTO":"Kalina/Kariña","BORDERPRECISION":1}},
{"type":"Feature","geometry":{"type":"Polygon","coordinates":[[[-84.188,15.604],[-84.184,15.649],[-84.279,15.632],[-84.905,15.609],[-84.906,15.606],[-84.894,15.195],[-84.893,15.193],[-84.892,15.166],[-84.889,15.125],[-85.199,14.41],[-85.204,14.361],[-85.207,14.31],[-85.219,14.289],[-85.262,14.265],[-85.31,14.249],[-85.37,14.208],[-85.192,14.027],[-84.197,12.723],[-84.192,12.715],[-83.997,12.122],[-84.03,11.955],[-83.921,11.605],[-84.188,15.604]]]},"properties":{"NAME":"Miskito","SUBJECTO":"Miskito","BORDERPRECISION":1}},
{"type":"Feature","geometry":{"type":"Polygon","coordinates":[[[-68.193,-11.492],[-68.734,-11.661],[-70.285,-12.573],[-70.374,-12.846],[-70.038,-13.187],[-68.386,-13.138],[-67.396,-13.078],[-66.441,-12.79],[-66.291,-12.658],[-66.213,-12.517],[-67.086,-11.251],[-68.193,-11.492]]]},"properties":{"NAME":"Esse ejja","SUBJECTO":"Esse ejja","BORDERPRECISION":1}},
{"type":"Feature","geometry":{"type":"MultiPolygon","coordinates":[[[[-96.912,28.144],[-97.554,30.661],[-97.568,30.678],[-98.998,29.908],[-101.02,27.878],[-97.601,25.163],[-96.912,28.144]]],[[[-102.54,30.764],[-104.239,32.893],[-105.06,32.628],[-105.066,32.627],[-104.705,29.312],[-104.62,29.245],[-104.507,29.157],[-104.145,28.815],[-103.703,28.545],[-103.327,28.371],[-102.92,28.304],[-102.54,30.764]]]]},"properties":{"NAME":"Ndé Kónitsąąíí Gokíyaa (Lipan Apache)","SUBJECTO":"Ndé Kónitsąąíí Gokíyaa (Lipan Apache)","BORDERPRECISION":1}},
{"type":"Feature","geometry":{"type":"Polygon","coordinates":[[[-60.768,2.602],[-60.189,3.871],[-60.046,4.089],[-59.301,4.31],[-59.126,5.156],[-60.017,6.626],[-61.577,7.089],[-63.027,4.789],[-62.455,4.2],[-62.096,3.705],[-62.087,3.689],[-60.768,2.602]]]},"properties":{"NAME":"Pemón","SUBJECTO":"Pemón","BORDERPRECISION":1}},
{"type":"Feature","geometry":{"type":"Polygon","coordinates":[[[-73.888,-1.059],[-73.6,-1.753],[-73.677,-2.046],[-73.667,-2.233],[-73.458,-3.197],[-72.726,-3.177],[-72.51,-3.245],[-72.026,-3.369],[-71.924,-3.209],[-71.932,-3.178],[-71.939,-2.794],[-71.372,-2.705],[-71.101,-2.662],[-70.67,-2.597],[-70.544,-2.604],[-70.282,-3.181],[-70.276,-3.173],[-70.534,-2.603],[-70.784,-2.187],[-71.479,-1.656],[-71.854,-1.115],[-72.246,-0.418],[-72.249,-0.414],[-72.633,-0.223],[-72.68,-0.22],[-72.908,-0.175],[-74.403,0.479],[-74.82,0.398],[-74.193,-0.583],[-74.083,-0.916],[-73.966,-1.002],[-73.894,-1.044],[-73.888,-1.059]]]},"properties":{"NAME":"Muina Murui / Murui-Muinanɨ","SUBJECTO":"Muina Murui / Murui-Muinanɨ","BORDERPRECISION":1}},
{"type":"Feature","geometry":{"type":"Polygon","coordinates":[[[-76.845,38.06],[-76.845,38.069],[-76.855,38.083],[-76.905,38.133],[-77.041,38.111],[-77.058,38.105],[-77.125,38.002],[-77.099,37.978],[-76.875,38.056],[-76.871,38.056],[-76.845,38.06]]]},"properties":{"NAME":"Pissaseck","SUBJECTO":"Pissaseck","BORDERPRECISION":1}},
{"type":"Feature","geometry":{"type":"MultiPolygon","coordinates":[[[[-77.29,-4.122],[-77.323,-2.342],[-77.329,-2.304],[-77.567,-1.792],[-78.038,-1.551],[-79.091,-3.696],[-79.103,-3.739],[-78.225,-3.575],[-77.551,-4.548],[-77.29,-4.122]]],[[[-77.274,-4.671],[-77.026,-4.606],[-77.333,-4.639],[-77.274,-4.671]]]]},"properties":{"NAME":"Shuar-Wampis","SUBJECTO":"Shuar-Wampis","BORDERPRECISION":1}},
{"type":"Feature","geometry":{"type":"Polygon","coordinates":[[[-74.138,-5.762],[-74.01,-5.55],[-74.114,-5.715],[-74.138,-5.762]]]},"properties":{"NAME":"Kapanawa","SUBJECTO":"Kapanawa","BORDERPRECISION":1}},
{"type":"Feature","geometry":{"type":"Polygon","coordinates":[[[-80.895,33.447],[-81.019,33.42],[-81.048,33.417],[-80.87,33.41],[-80.895,33.447]]]},"properties":{"NAME":"Pee Dee","SUBJECTO":"Pee Dee","BORDERPRECISION":1}},
{"type":"Feature","geometry":{"type":"Polygon","coordinates":[[[-72.423,41.419],[-72.431,41.414],[-72.352,41.341],[-72.351,41.341],[-72.423,41.419]]]},"properties":{"NAME":"Hammonassets","SUBJECTO":"Hammonassets","BORDERPRECISION":1}},
{"type":"Feature","geometry":{"type":"Polygon","coordinates":[[[-76.872,37.227],[-76.89,37.231],[-76.994,37.3],[-77.207,37.17],[-77.212,37.16],[-76.994,37.103],[-76.723,37.173],[-76.745,37.183],[-76.796,37.21],[-76.872,37.227]]]},"properties":{"NAME":"Quiyoughcohannock","SUBJECTO":"Quiyoughcohannock","BORDERPRECISION":1}},
{"type":"Feature","geometry":{"type":"MultiPolygon","coordinates":[[[[-78.677,40.288],[-78.989,40.66],[-80.169,41.12],[-80.469,41.14],[-84.692,39.874],[-85.075,39.516],[-85.111,39.487],[-85.461,39.203],[-86.025,38.746],[-87.585,38.591],[-89.281,36.512],[-88.764,36.544],[-88.708,36.548],[-88.62,36.553],[-87.748,36.661],[-87.472,36.768],[-80.926,38.359],[-80.925,38.359],[-80.073,39.11],[-78.741,40.147],[-78.677,40.288]]],[[[-94.186,34.878],[-97.724,37.988],[-103.851,38.52],[-103.256,37.63],[-99.891,34.584],[-98.013,34.012],[-94.634,32.6],[-94.077,31.211],[-92.484,31.34],[-92.131,31.839],[-92.131,31.841],[-92.112,32.055],[-92.102,32.077],[-92.034,32.241],[-90.772,34.168],[-94.186,34.878]]]]},"properties":{"NAME":"𐓏𐒰𐓓𐒰𐓓𐒷  𐒼𐓂𐓊𐒻  𐓆𐒻𐒿𐒷  𐓀𐒰^𐓓𐒰^(Osage)","SUBJECTO":"𐓏𐒰𐓓𐒰𐓓𐒷  𐒼𐓂𐓊𐒻  𐓆𐒻𐒿𐒷  𐓀𐒰^𐓓𐒰^(Osage)","BORDERPRECISION":1}},
{"type":"Feature","geometry":{"type":"Polygon","coordinates":[[[-70.853,42.606],[-70.979,42.693],[-71.149,42.668],[-71.405,42.615],[-71.435,42.591],[-71.357,42.147],[-70.853,42.323],[-70.856,42.33],[-70.853,42.606]]]},"properties":{"NAME":"Massa-adchu-es-et (Massachusett)","SUBJECTO":"Massa-adchu-es-et (Massachusett)","BORDERPRECISION":1}},
{"type":"Feature","geometry":{"type":"Polygon","coordinates":[[[-71.904,4.983],[-71.43,4.883],[-71.672,6.267],[-71.73,6.264],[-72.412,5.898],[-71.904,4.983]]]},"properties":{"NAME":"Amorúa","SUBJECTO":"Amorúa","BORDERPRECISION":1}},
{"type":"Feature","geometry":{"type":"Polygon","coordinates":[[[-106.78,26.792],[-106.796,26.878],[-106.973,28.78],[-108.771,29.24],[-108.633,28.574],[-108.701,28.251],[-108.208,27.617],[-107.985,26.316],[-106.647,26.399],[-106.78,26.792]]]},"properties":{"NAME":"Rarámuri (Tarahumara-Guarijio)","SUBJECTO":"Rarámuri (Tarahumara-Guarijio)","BORDERPRECISION":1}},
{"type":"Feature","geometry":{"type":"Polygon","coordinates":[[[-128.456,55.943],[-128.501,55.792],[-128.485,55.759],[-128.464,55.713],[-128.438,55.659],[-128.255,55.563],[-128.181,55.514],[-128.163,55.501],[-127.929,55.389],[-127.905,55.223],[-127.92,55.168],[-127.924,55.152],[-128.123,55.143],[-128.154,55.141],[-128.437,55.171],[-128.635,55.14],[-128.807,55.051],[-128.842,55.028],[-128.89,54.997],[-128.831,54.891],[-127.651,54.785],[-127.562,54.788],[-127.561,54.79],[-127.531,55.142],[-127.789,56.695],[-128.185,56.763],[-128.792,56.828],[-129.368,56.571],[-130.033,56.576],[-128.453,55.972],[-128.456,55.943]]]},"properties":{"NAME":"Gitx̱san Lax̱yip","SUBJECTO":"Gitx̱san Lax̱yip","BORDERPRECISION":1}},
{"type":"Feature","geometry":{"type":"Polygon","coordinates":[[[-75.838,-4.551],[-75.759,-4.69],[-75.533,-4.861],[-75.527,-4.862],[-74.787,-4.449],[-74.889,-3.937],[-75.601,-3.68],[-75.945,-4.209],[-75.838,-4.551]]]},"properties":{"NAME":"Kacha Edze (Urarina)","SUBJECTO":"Kacha Edze (Urarina)","BORDERPRECISION":1}},
{"type":"Feature","geometry":{"type":"Polygon","coordinates":[[[-71.98,-8.637],[-71.966,-8.635],[-71.926,-8.629],[-71.894,-8.622],[-71.793,-8.028],[-71.944,-8.441],[-71.975,-8.498],[-71.98,-8.637]]]},"properties":{"NAME":"Katukina","SUBJECTO":"Katukina","BORDERPRECISION":1}},
{"type":"Feature","geometry":{"type":"Polygon","coordinates":[[[-92.102,32.077],[-92.077,32.064],[-91.693,32.217],[-92.034,32.241],[-92.102,32.077]]]},"properties":{"NAME":"Tunica","SUBJECTO":"Tunica","BORDERPRECISION":1}},
{"type":"Feature","geometry":{"type":"Polygon","coordinates":[[[-119.449,37.38],[-119.58,37.221],[-119.594,37.21],[-118.972,36.58],[-118.789,36.426],[-118.687,36.41],[-118.634,36.441],[-118.632,36.466],[-118.646,36.599],[-118.883,37.148],[-119.449,37.38]]]},"properties":{"NAME":"Western Mono/Monache","SUBJECTO":"Western Mono/Monache","BORDERPRECISION":1}},
{"type":"Feature","geometry":{"type":"Polygon","coordinates":[[[-77.479,37.417],[-77.317,37.443],[-77.41,37.559],[-77.503,37.615],[-77.592,37.581],[-77.628,37.457],[-77.479,37.417]]]},"properties":{"NAME":"Powhatan","SUBJECTO":"Powhatan","BORDERPRECISION":1}},
{"type":"Feature","geometry":{"type":"Polygon","coordinates":[[[-75.939,38.787],[-76.033,38.3],[-75.923,38.219],[-75.883,38.227],[-75.57,38.304],[-75.334,38.356],[-75.276,38.366],[-75.184,38.383],[-75.091,38.385],[-75.075,38.741],[-75.871,39.487],[-75.939,38.787]]]},"properties":{"NAME":"Nentego (Nanticoke)","SUBJECTO":"Nentego (Nanticoke)","BORDERPRECISION":1}},
{"type":"Feature","geometry":{"type":"Polygon","coordinates":[[[-107.607,24.644],[-108.32,25.367],[-108.365,25.198],[-107.503,24.366],[-107.607,24.644]]]},"properties":{"NAME":"Achires","SUBJECTO":"Achires","BORDERPRECISION":1}},
{"type":"Feature","geometry":{"type":"Polygon","coordinates":[[[-38.888,-8.379],[-38.73,-8.341],[-38.737,-8.222],[-38.946,-8.199],[-38.888,-8.379]]]},"properties":{"NAME":"Atikum-Umã","SUBJECTO":"Atikum-Umã","BORDERPRECISION":1}},
{"type":"Feature","geometry":{"type":"Polygon","coordinates":[[[-72.978,-7.532],[-73.065,-7.454],[-73.173,-7.558],[-73.137,-7.653],[-73.052,-7.572],[-73.05,-7.57],[-73.046,-7.567],[-73.042,-7.566],[-73.016,-7.547],[-73.005,-7.547],[-72.992,-7.541],[-72.987,-7.534],[-72.983,-7.536],[-72.978,-7.533],[-72.978,-7.532]]]},"properties":{"NAME":"Puyanawa","SUBJECTO":"Puyanawa","BORDERPRECISION":1}},
{"type":"Feature","geometry":{"type":"MultiPolygon","coordinates":[[[[-60.996,-24.036],[-60.927,-24.147],[-60.879,-24.15],[-60.996,-24.036]]],[[[-61.117,-23.84],[-61.018,-24],[-60.861,-24.151],[-60.379,-23.989],[-60.144,-23.238],[-62.245,-22.494],[-62.244,-22.498],[-61.371,-23.429],[-61.117,-23.84]]]]},"properties":{"NAME":"Nivaclé","SUBJECTO":"Nivaclé","BORDERPRECISION":1}},
{"type":"Feature","geometry":{"type":"Polygon","coordinates":[[[-58.951,-24.34],[-58.786,-24.372],[-58.506,-24.353],[-58.561,-24.287],[-58.959,-24.337],[-58.951,-24.34]]]},"properties":{"NAME":"Enxet","SUBJECTO":"Enxet","BORDERPRECISION":1}},
{"type":"Feature","geometry":{"type":"Polygon","coordinates":[[[-113.162,34.475],[-112.951,34.28],[-112.447,35.19],[-112.445,35.224],[-112.518,35.233],[-113.162,34.475]]]},"properties":{"NAME":"Yavapaiv Apache","SUBJECTO":"Yavapaiv Apache","BORDERPRECISION":1}},
{"type":"Feature","geometry":{"type":"Polygon","coordinates":[[[-118.005,35.901],[-118.063,35.682],[-118.517,35.552],[-118.58,35.233],[-118.522,35.112],[-117.796,34.992],[-117.616,35.061],[-117.753,35.602],[-118.005,35.901]]]},"properties":{"NAME":"Kawaiisu","SUBJECTO":"Kawaiisu","BORDERPRECISION":1}},
{"type":"Feature","geometry":{"type":"Polygon","coordinates":[[[-134.479,67.683],[-133.96,67.701],[-133.895,68.011],[-136.433,68.008],[-136.055,67.869],[-135.138,67.659],[-134.631,67.677],[-134.519,67.699],[-134.479,67.683]]]},"properties":{"NAME":"Gwitch'in Settlement Region","SUBJECTO":"Gwitch'in Settlement Region","BORDERPRECISION":1}},
{"type":"Feature","geometry":{"type":"Polygon","coordinates":[[[-97.454,15.988],[-97.176,15.916],[-97.358,16.367],[-97.454,15.988]]]},"properties":{"NAME":"Kitsé Cha’tnio (Chatino)","SUBJECTO":"Kitsé Cha’tnio (Chatino)","BORDERPRECISION":1}},
{"type":"Feature","geometry":{"type":"Polygon","coordinates":[[[-120.537,37.629],[-120.507,37.635],[-120.664,38.038],[-120.686,38.059],[-120.774,38.337],[-120.866,38.471],[-121.531,38.53],[-121.96,38.054],[-121.576,37.983],[-121.38,37.992],[-120.537,37.629]]]},"properties":{"NAME":"Miwkoʔ Waaliʔ","SUBJECTO":"Miwkoʔ Waaliʔ","BORDERPRECISION":1}},
{"type":"Feature","geometry":{"type":"Polygon","coordinates":[[[-39.852,-18.083],[-41.759,-18.147],[-46.006,-22.93],[-40.187,-20.069],[-39.676,-18.257],[-39.852,-18.083]]]},"properties":{"NAME":"Puri","SUBJECTO":"Puri","BORDERPRECISION":1}},
{"type":"Feature","geometry":{"type":"Polygon","coordinates":[[[-72.741,41.902],[-72.787,41.895],[-72.938,41.792],[-72.944,41.766],[-72.92,41.757],[-72.763,41.75],[-72.698,41.909],[-72.741,41.902]]]},"properties":{"NAME":"Tunxis","SUBJECTO":"Tunxis","BORDERPRECISION":1}},
{"type":"Feature","geometry":{"type":"Polygon","coordinates":[[[-110.734,29.774],[-110.417,29.275],[-108.633,28.574],[-108.771,29.24],[-109.47,31.012],[-110.734,29.774]]]},"properties":{"NAME":"Ópata (Tegüima-Eudebe-Hoba)","SUBJECTO":"Ópata (Tegüima-Eudebe-Hoba)","BORDERPRECISION":1}},
{"type":"Feature","geometry":{"type":"Polygon","coordinates":[[[-55.626,5.093],[-55.319,5.139],[-55.382,5.148],[-55.626,5.093]]]},"properties":{"NAME":"Matawai","SUBJECTO":"Matawai","BORDERPRECISION":1}},
{"type":"Feature","geometry":{"type":"Polygon","coordinates":[[[-110.297,23.468],[-110.317,24.223],[-110.336,23.584],[-110.297,23.468]]]},"properties":{"NAME":"Pericú","SUBJECTO":"Pericú","BORDERPRECISION":1}},
{"type":"Feature","geometry":{"type":"Polygon","coordinates":[[[-112.794,33.875],[-112.951,34.28],[-113.162,34.475],[-114.242,34.393],[-115.677,33.726],[-115.735,33.784],[-116.436,33.217],[-116.048,31.675],[-115.561,31.364],[-115.026,30.724],[-114.952,30.704],[-114.779,30.779],[-114.734,30.814],[-114.335,31.588],[-112.794,33.875]]]},"properties":{"NAME":"Xawiƚƚ kwñchawaay (Cocopah)","SUBJECTO":"Xawiƚƚ kwñchawaay (Cocopah)","BORDERPRECISION":1}},
{"type":"Feature","geometry":{"type":"Polygon","coordinates":[[[-77.635,-7.015],[-77.2,-8.09],[-77.188,-8.095],[-77.639,-6.98],[-77.635,-7.015]]]},"properties":{"NAME":"Huancas","SUBJECTO":"Huancas","BORDERPRECISION":1}},
{"type":"Feature","geometry":{"type":"Polygon","coordinates":[[[-124.564,49.112],[-124.56,49.105],[-124.518,49.001],[-124.531,49.112],[-124.564,49.112]]]},"properties":{"NAME":"Snuneymuxw","SUBJECTO":"Snuneymuxw","BORDERPRECISION":1}},
{"type":"Feature","geometry":{"type":"Polygon","coordinates":[[[-121.681,46.79],[-122.14,46.615],[-122.304,46.646],[-123.491,46.423],[-123.431,46.403],[-123.124,46.367],[-122.756,46.36],[-121.571,46.706],[-121.528,46.854],[-121.681,46.79]]]},"properties":{"NAME":"Cowlitz","SUBJECTO":"Cowlitz","BORDERPRECISION":1}},
{"type":"Feature","geometry":{"type":"Polygon","coordinates":[[[-118.107,36.147],[-118.306,36.591],[-118.576,36.563],[-118.632,36.466],[-118.634,36.441],[-118.629,36.429],[-118.693,35.923],[-118.641,35.898],[-118.575,35.823],[-118.513,35.601],[-118.063,35.682],[-118.005,35.901],[-118.107,36.147]]]},"properties":{"NAME":"Tübatulabal","SUBJECTO":"Tübatulabal","BORDERPRECISION":1}},
{"type":"Feature","geometry":{"type":"Polygon","coordinates":[[[-62.782,-12.016],[-62.582,-12.331],[-62.76,-12.007],[-62.782,-12.016]]]},"properties":{"NAME":"Tupari","SUBJECTO":"Tupari","BORDERPRECISION":1}},
{"type":"Feature","geometry":{"type":"Polygon","coordinates":[[[-67.677,-14.579],[-67.535,-14.594],[-67.53,-14.593],[-67.351,-13.434],[-67.402,-13.107],[-68.243,-13.365],[-68.366,-13.447],[-68.467,-14.064],[-67.878,-14.469],[-67.677,-14.579]]]},"properties":{"NAME":"Tacana","SUBJECTO":"Tacana","BORDERPRECISION":1}},
{"type":"Feature","geometry":{"type":"Polygon","coordinates":[[[-117.503,33.617],[-117.359,33.755],[-117.38,33.772],[-117.619,33.485],[-117.503,33.617]]]},"properties":{"NAME":"Tongva","SUBJECTO":"Tongva","BORDERPRECISION":1}},
{"type":"Feature","geometry":{"type":"Polygon","coordinates":[[[-104.122,19.571],[-104.349,19.627],[-104.405,19.303],[-104.189,19.281],[-104.072,19.517],[-104.122,19.571]]]},"properties":{"NAME":"Nahuas","SUBJECTO":"Nahuas","BORDERPRECISION":1}},
{"type":"Feature","geometry":{"type":"Polygon","coordinates":[[[-79.251,-4.753],[-78.658,-5.321],[-78.902,-4.793],[-79.076,-4.547],[-79.224,-4.685],[-79.251,-4.753]]]},"properties":{"NAME":"Pacamoro","SUBJECTO":"Pacamoro","BORDERPRECISION":1}},
{"type":"Feature","geometry":{"type":"Polygon","coordinates":[[[-80.416,-0.568],[-80.741,-2.119],[-79.866,-2.987],[-80.416,-0.568]]]},"properties":{"NAME":"Manteño-Huancavilca","SUBJECTO":"Manteño-Huancavilca","BORDERPRECISION":1}},
{"type":"Feature","geometry":{"type":"Polygon","coordinates":[[[-71.148,-5.298],[-71.318,-5.542],[-71.099,-5.986],[-70.864,-5.723],[-71.148,-5.298]]]},"properties":{"NAME":"Matses (Matis)","SUBJECTO":"Matses (Matis)","BORDERPRECISION":1}},
{"type":"Feature","geometry":{"type":"Polygon","coordinates":[[[-68.796,55.07],[-70.202,54.504],[-74.048,49.249],[-72.41,47.781],[-70.713,48.355],[-70.656,48.361],[-70.492,48.343],[-70.218,48.278],[-69.992,48.219],[-69.915,48.199],[-69.826,48.168],[-66.373,50.314],[-60.138,50.412],[-56.002,52.723],[-56.986,53.239],[-59.869,53.387],[-60.174,53.418],[-68.796,55.07]]]},"properties":{"NAME":"Nitassinan (Innu)","SUBJECTO":"Nitassinan (Innu)","BORDERPRECISION":1}},
{"type":"Feature","geometry":{"type":"Polygon","coordinates":[[[-60.734,-13.665],[-61.064,-13.053],[-61.845,-13.671],[-60.734,-13.665]]]},"properties":{"NAME":"Guarasugwe","SUBJECTO":"Guarasugwe","BORDERPRECISION":1}},
{"type":"Feature","geometry":{"type":"Polygon","coordinates":[[[-121.495,47.069],[-121.466,46.94],[-121.528,46.854],[-121.571,46.706],[-121.072,45.615],[-120.125,45.753],[-119.861,45.86],[-119.687,45.927],[-119.529,46.192],[-119.568,46.357],[-119.525,46.624],[-118.13,46.592],[-119.071,47.006],[-119.107,47.537],[-120.937,48.071],[-121.122,47.884],[-121.07,47.763],[-121.288,47.262],[-121.356,47.232],[-121.495,47.069]]]},"properties":{"NAME":"Yakama","SUBJECTO":"Yakama","BORDERPRECISION":1}},
{"type":"Feature","geometry":{"type":"Polygon","coordinates":[[[-89.776,13.997],[-89.789,14.038],[-90.069,13.73],[-88.801,13.304],[-88.526,13.797],[-89.089,14.065],[-89.628,14.394],[-89.616,13.998],[-89.776,13.997]]]},"properties":{"NAME":"Nahua","SUBJECTO":"Nahua","BORDERPRECISION":1}},
{"type":"Feature","geometry":{"type":"Polygon","coordinates":[[[-78.272,9.192],[-78.418,9.222],[-78.473,9.265],[-78.562,9.308],[-78.668,9.299],[-78.707,9.338],[-78.761,9.342],[-78.814,9.183],[-78.555,9.08],[-78.121,8.934],[-78.095,8.974],[-78.269,9.191],[-78.272,9.192]]]},"properties":{"NAME":"Guna of Madugandí","SUBJECTO":"Guna of Madugandí","BORDERPRECISION":1}},
{"type":"Feature","geometry":{"type":"Polygon","coordinates":[[[-47.769,-8.355],[-46.995,-8.781],[-46.282,-8.409],[-46.391,-7.717],[-47.375,-7.853],[-47.769,-8.355]]]},"properties":{"NAME":"Mehin","SUBJECTO":"Mehin","BORDERPRECISION":1}},
{"type":"Feature","geometry":{"type":"MultiPolygon","coordinates":[[[[-125.455,49.302],[-125.391,49.297],[-125.404,49.304],[-125.455,49.302]]],[[[-125.533,49.335],[-125.541,49.339],[-125.494,49.312],[-125.533,49.335]]]]},"properties":{"NAME":"ƛaʔuukʷiʔatḥ (Tla-o-qui-aht)","SUBJECTO":"ƛaʔuukʷiʔatḥ (Tla-o-qui-aht)","BORDERPRECISION":1}},
{"type":"Feature","geometry":{"type":"Polygon","coordinates":[[[-85.929,11.663],[-86.193,11.538],[-85.895,11.17],[-85.929,11.663]]]},"properties":{"NAME":"Nicarao/Nahoa","SUBJECTO":"Nicarao/Nahoa","BORDERPRECISION":1}},
{"type":"Feature","geometry":{"type":"Polygon","coordinates":[[[-59.655,13.311],[-59.657,13.271],[-59.603,13.08],[-59.429,13.165],[-59.655,13.311]]]},"properties":{"NAME":"Kalinago (Island Carib)","SUBJECTO":"Kalinago (Island Carib)","BORDERPRECISION":1}},
{"type":"Feature","geometry":{"type":"Polygon","coordinates":[[[-118.423,52.203],[-117.926,52.284],[-119.256,53.082],[-119.406,53.057],[-120.114,52.629],[-118.547,50.017],[-118.28,47.657],[-118.005,47.346],[-117.535,47.195],[-115.619,46.745],[-114.409,46.411],[-113.895,46.362],[-112.676,46.735],[-114.836,50.058],[-114.851,50.162],[-115.089,50.382],[-118.423,52.203]]]},"properties":{"NAME":"Ktunaxa ɁamakɁis","SUBJECTO":"Ktunaxa ɁamakɁis","BORDERPRECISION":1}},
{"type":"Feature","geometry":{"type":"Polygon","coordinates":[[[-77.323,-2.342],[-77.29,-4.122],[-77.551,-4.548],[-77.333,-4.639],[-77.026,-4.606],[-76.607,-4.604],[-76.569,-4.607],[-75.766,-5.042],[-75.713,-5.086],[-75.529,-4.865],[-75.533,-4.861],[-75.759,-4.69],[-75.777,-4.68],[-76.325,-3.873],[-76.122,-3.575],[-75.601,-3.68],[-74.889,-3.937],[-74.784,-3.941],[-74.276,-3.915],[-74.781,-3.428],[-75.422,-3.206],[-75.888,-2.691],[-75.9,-2.676],[-76.051,-2.538],[-76.06,-2.532],[-76.122,-2.491],[-76.237,-2.421],[-76.409,-2.121],[-76.679,-2.288],[-76.692,-2.294],[-76.717,-2.299],[-76.725,-2.294],[-76.727,-2.293],[-76.739,-2.289],[-76.741,-2.288],[-76.75,-2.285],[-76.755,-2.279],[-76.759,-2.278],[-76.763,-2.277],[-76.768,-2.276],[-76.776,-2.276],[-76.781,-2.271],[-76.785,-2.264],[-76.786,-2.259],[-76.787,-2.256],[-76.79,-2.252],[-76.794,-2.254],[-76.808,-2.266],[-76.854,-2.284],[-76.899,-2.301],[-76.901,-2.293],[-76.936,-2.298],[-76.973,-2.325],[-76.988,-2.323],[-76.995,-2.32],[-76.998,-2.317],[-77.002,-2.317],[-77.009,-2.314],[-77.011,-2.311],[-77.015,-2.307],[-77.018,-2.305],[-77.023,-2.296],[-77.024,-2.294],[-77.026,-2.292],[-77.028,-2.291],[-77.032,-2.289],[-77.034,-2.286],[-77.035,-2.285],[-77.039,-2.278],[-77.044,-2.272],[-77.045,-2.27],[-77.046,-2.269],[-77.051,-2.262],[-77.054,-2.254],[-77.055,-2.251],[-77.059,-2.247],[-77.058,-2.237],[-77.047,-2.216],[-77.043,-2.217],[-77.038,-2.219],[-77.033,-2.221],[-77.01,-2.216],[-77.003,-2.198],[-77.027,-2.124],[-77.567,-1.792],[-77.329,-2.304],[-77.303,-2.313],[-77.323,-2.342]]]},"properties":{"NAME":"Achuar","SUBJECTO":"Achuar","BORDERPRECISION":1}},
{"type":"Feature","geometry":{"type":"Polygon","coordinates":[[[-72.696,-8.101],[-72.698,-8.111],[-72.325,-8.808],[-72.696,-8.101]]]},"properties":{"NAME":"Shawanaua","SUBJECTO":"Shawanaua","BORDERPRECISION":1}},
{"type":"Feature","geometry":{"type":"MultiPolygon","coordinates":[[[[-76.508,37.228],[-76.513,37.226],[-76.582,37.208],[-76.288,37.143],[-76.508,37.228]]],[[[-76.539,37.038],[-76.52,37.022],[-76.505,37.018],[-76.636,37.133],[-76.539,37.038]]]]},"properties":{"NAME":"Kecoughtan","SUBJECTO":"Kecoughtan","BORDERPRECISION":1}},
{"type":"Feature","geometry":{"type":"Polygon","coordinates":[[[-66.213,-12.517],[-66.079,-12.503],[-65.452,-11.835],[-67.086,-11.251],[-66.213,-12.517]]]},"properties":{"NAME":"Pacahuara","SUBJECTO":"Pacahuara","BORDERPRECISION":1}},
{"type":"Feature","geometry":{"type":"Polygon","coordinates":[[[-71.48,42.615],[-71.405,42.615],[-71.149,42.668],[-71.526,42.615],[-71.48,42.615]]]},"properties":{"NAME":"Pennacook","SUBJECTO":"Pennacook","BORDERPRECISION":1}},
{"type":"Feature","geometry":{"type":"Polygon","coordinates":[[[-118.696,34.864],[-118.681,34.834],[-118.14,34.461],[-117.288,34.074],[-115.878,33.904],[-117.616,35.061],[-117.796,34.992],[-117.911,34.798],[-118.681,34.883],[-118.696,34.864]]]},"properties":{"NAME":"Yuhaviatam/Maarenga’yam (Serrano)","SUBJECTO":"Yuhaviatam/Maarenga’yam (Serrano)","BORDERPRECISION":1}},
{"type":"Feature","geometry":{"type":"Polygon","coordinates":[[[-92.194,15.881],[-92.183,15.879],[-92.027,15.883],[-91.191,16.047],[-90.878,16.036],[-90.788,16.036],[-90.406,16.083],[-90.492,16.542],[-90.623,16.663],[-90.67,16.698],[-91.049,16.923],[-91.246,17.134],[-91.335,17.251],[-91.298,17.257],[-91.473,17.991],[-91.629,17.929],[-91.676,17.855],[-91.853,17.788],[-92.014,17.772],[-92.885,17.212],[-93.487,16.75],[-93.587,16.726],[-93.582,16.712],[-93.477,16.739],[-93.146,16.686],[-93.129,16.676],[-92.934,16.511],[-92.796,16.214],[-93.096,15.798],[-92.976,15.709],[-92.6,15.693],[-92.47,15.761],[-92.194,15.881]]]},"properties":{"NAME":"Winik Atel (Tzeltal)","SUBJECTO":"Winik Atel (Tzeltal)","BORDERPRECISION":1}},
{"type":"Feature","geometry":{"type":"Polygon","coordinates":[[[-78.912,42.876],[-80.514,41.989],[-80.445,41.633],[-80.216,41.62],[-78.817,41.535],[-78.675,41.534],[-76.068,41.594],[-75.628,41.64],[-73.969,42.147],[-73.517,43.183],[-73.453,44.009],[-73.39,44.258],[-73.367,44.604],[-73.349,44.95],[-73.747,45.674],[-73.773,45.676],[-76.418,44.429],[-76.549,44.289],[-76.861,44.243],[-77.037,44.141],[-76.937,43.237],[-79.071,43.241],[-79.293,42.859],[-78.912,42.876]]]},"properties":{"NAME":"Ho-de-no-sau-nee-ga (Haudenosaunee)","SUBJECTO":"Ho-de-no-sau-nee-ga (Haudenosaunee)","BORDERPRECISION":1}},
{"type":"Feature","geometry":{"type":"MultiPolygon","coordinates":[[[[-125.389,49.525],[-125.39,49.526],[-125.389,49.522],[-125.359,49.477],[-125.389,49.525]]],[[[-125.719,49.602],[-125.698,49.514],[-125.711,49.574],[-125.719,49.602]]],[[[-125.735,49.66],[-125.804,49.68],[-125.726,49.629],[-125.735,49.66]]],[[[-125.475,49.532],[-125.568,49.495],[-125.509,49.48],[-125.5,49.483],[-125.465,49.525],[-125.455,49.532],[-125.475,49.532]]]]},"properties":{"NAME":"We Wai Kum","SUBJECTO":"We Wai Kum","BORDERPRECISION":1}},
{"type":"Feature","geometry":{"type":"Polygon","coordinates":[[[-124.245,48.078],[-124.323,48.085],[-124.373,48.098],[-124.457,48.121],[-124.727,48.158],[-124.452,47.685],[-124.431,47.665],[-123.7,47.786],[-124.245,48.078]]]},"properties":{"NAME":"Quileute","SUBJECTO":"Quileute","BORDERPRECISION":1}},
{"type":"Feature","geometry":{"type":"MultiPolygon","coordinates":[[[[-94.243,17.445],[-94.267,17.477],[-94.307,17.472],[-94.245,17.439],[-94.243,17.445]]],[[[-94.9,17.359],[-94.601,17.439],[-95.112,17.555],[-94.9,17.359]]]]},"properties":{"NAME":"Popoluca (mixe-zoque)","SUBJECTO":"Popoluca (mixe-zoque)","BORDERPRECISION":1}},
{"type":"Feature","geometry":{"type":"Polygon","coordinates":[[[-71.112,0.551],[-71.118,0.524],[-71.085,0.48],[-71.112,0.551]]]},"properties":{"NAME":"Muteamasa (Karapanã)","SUBJECTO":"Muteamasa (Karapanã)","BORDERPRECISION":1}},
{"type":"Feature","geometry":{"type":"MultiPolygon","coordinates":[[[[-82.441,33.962],[-82.391,33.948],[-81.294,33.56],[-81.019,33.42],[-80.895,33.447],[-80.851,33.477],[-80.544,33.692],[-80.425,33.785],[-80.483,33.851],[-80.529,33.903],[-80.571,33.951],[-80.703,34.1],[-81.837,35.581],[-82.745,33.903],[-82.252,33.743],[-82.382,33.912],[-82.441,33.962]]],[[[-81.007,36.378],[-81.025,36.506],[-81.19,36.255],[-81.007,36.378]]]]},"properties":{"NAME":"ᏣᎳᎫᏪᏘᏱ Tsalaguwetiyi (Cherokee, East)","SUBJECTO":"ᏣᎳᎫᏪᏘᏱ Tsalaguwetiyi (Cherokee, East)","BORDERPRECISION":1}},
{"type":"Feature","geometry":{"type":"Polygon","coordinates":[[[-57.679,0.849],[-57.74,0.817],[-56.98,-1.038],[-57.679,0.849]]]},"properties":{"NAME":"Purehno","SUBJECTO":"Purehno","BORDERPRECISION":1}},
{"type":"Feature","geometry":{"type":"MultiPolygon","coordinates":[[[[-92.077,32.064],[-92.112,32.055],[-92.131,31.841],[-91.197,31.935],[-91.075,32.05],[-91.693,32.217],[-92.077,32.064]]],[[[-92.484,31.34],[-92.228,30.863],[-92.094,30.901],[-91.927,30.948],[-91.563,31.051],[-91.198,31.932],[-92.131,31.839],[-92.484,31.34]]]]},"properties":{"NAME":"Natchez","SUBJECTO":"Natchez","BORDERPRECISION":1}},
{"type":"Feature","geometry":{"type":"Polygon","coordinates":[[[-170.473,66.295],[-170.529,66.318],[-171.485,65.833],[-170.473,66.295]]]},"properties":{"NAME":"Nyvukagmit (Naukan)","SUBJECTO":"Nyvukagmit (Naukan)","BORDERPRECISION":1}},
{"type":"Feature","geometry":{"type":"Polygon","coordinates":[[[-82.91,8.744],[-82.741,9.465],[-83.401,9.461],[-83.497,9.463],[-83.655,9.178],[-83.564,8.81],[-82.91,8.744]]]},"properties":{"NAME":"Tjer-di/Teribe Broram","SUBJECTO":"Tjer-di/Teribe Broram","BORDERPRECISION":1}},
{"type":"Feature","geometry":{"type":"Polygon","coordinates":[[[-112.441,35.286],[-112.445,35.224],[-112.447,35.19],[-112.041,35.382],[-112.493,35.903],[-112.441,35.286]]]},"properties":{"NAME":"Hopitutskwa","SUBJECTO":"Hopitutskwa","BORDERPRECISION":1}},
{"type":"Feature","geometry":{"type":"Polygon","coordinates":[[[-71.015,1.143],[-70.554,0.571],[-68.425,0.737],[-67.914,0.995],[-66.814,2.54],[-66.75,3.139],[-66.748,3.226],[-66.845,4.052],[-67.212,4.444],[-68.201,4.568],[-70.928,2.826],[-70.994,2.484],[-71.034,2.178],[-71.067,1.703],[-71.026,1.176],[-71.015,1.143]]]},"properties":{"NAME":"Walimanai (Baniwa)","SUBJECTO":"Walimanai (Baniwa)","BORDERPRECISION":1}},
{"type":"Feature","geometry":{"type":"Polygon","coordinates":[[[-71.405,41.738],[-71.5,41.714],[-71.513,41.714],[-71.52,41.715],[-71.686,41.819],[-71.75,41.804],[-71.781,41.579],[-71.79,41.481],[-71.808,41.392],[-71.405,41.738]]]},"properties":{"NAME":"Narragansett","SUBJECTO":"Narragansett","BORDERPRECISION":1}},
{"type":"Feature","geometry":{"type":"Polygon","coordinates":[[[-84.03,11.955],[-84.243,11.836],[-84.816,11.274],[-85.292,10.342],[-85.207,10.329],[-84.485,10.419],[-83.991,10.513],[-83.924,10.462],[-83.831,10.402],[-83.4,10.504],[-83.921,11.605],[-84.03,11.955]]]},"properties":{"NAME":"Rama","SUBJECTO":"Rama","BORDERPRECISION":1}},
{"type":"Feature","geometry":{"type":"Polygon","coordinates":[[[-122.774,38.959],[-122.798,38.948],[-122.8,38.947],[-122.827,38.863],[-122.827,38.847],[-122.805,38.837],[-122.78,38.835],[-122.527,38.761],[-122.532,38.984],[-122.585,39.002],[-122.774,38.959]]]},"properties":{"NAME":"Me-Wuk (Lake Miwok)","SUBJECTO":"Me-Wuk (Lake Miwok)","BORDERPRECISION":1}},
{"type":"Feature","geometry":{"type":"Polygon","coordinates":[[[-79.321,33.631],[-79.205,33.459],[-78.627,33.808],[-78.625,33.828],[-79.333,33.815],[-79.321,33.631]]]},"properties":{"NAME":"Waccamaw (Woccon)","SUBJECTO":"Waccamaw (Woccon)","BORDERPRECISION":1}},
{"type":"Feature","geometry":{"type":"MultiPolygon","coordinates":[[[[-64.676,-12.108],[-63.831,-12.271],[-63.833,-12.27],[-64.733,-12.05],[-64.676,-12.108]]],[[[-63.826,-12.274],[-63.206,-12.642],[-63.824,-12.275],[-63.826,-12.274]]],[[[-62.856,-12.851],[-63.054,-12.732],[-63.053,-12.733],[-62.856,-12.851]]]]},"properties":{"NAME":"Wajuru","SUBJECTO":"Wajuru","BORDERPRECISION":1}},
{"type":"Feature","geometry":{"type":"MultiPolygon","coordinates":[[[[-71.672,6.267],[-71.685,6.389],[-71.73,6.264],[-71.672,6.267]]],[[[-71.644,6.755],[-71.674,6.562],[-71.504,6.755],[-71.644,6.755]]]]},"properties":{"NAME":"Betoy","SUBJECTO":"Betoy","BORDERPRECISION":1}},
{"type":"Feature","geometry":{"type":"MultiPolygon","coordinates":[[[[-127.561,54.79],[-127.461,54.942],[-127.531,55.142],[-127.561,54.79]]],[[[-127.651,54.785],[-127.597,54.724],[-127.562,54.788],[-127.651,54.785]]],[[[-128.02,54.023],[-128.034,54.007],[-127.633,53.536],[-127.888,54.155],[-128.02,54.023]]],[[[-127.758,54.592],[-127.711,54.4],[-127.62,54.659],[-127.799,54.608],[-127.758,54.592]]]]},"properties":{"NAME":"Wet'suwet'en Yintikh","SUBJECTO":"Wet'suwet'en Yintikh","BORDERPRECISION":1}},
{"type":"Feature","geometry":{"type":"Polygon","coordinates":[[[-120.68,38.471],[-120.774,38.337],[-120.686,38.059],[-120.383,38.31],[-120.523,38.585],[-120.53,38.587],[-120.68,38.471]]]},"properties":{"NAME":"Me-Wuk (Northern Sierra Miwok)","SUBJECTO":"Me-Wuk (Northern Sierra Miwok)","BORDERPRECISION":1}},
{"type":"Feature","geometry":{"type":"Polygon","coordinates":[[[-110.336,23.584],[-110.317,24.223],[-111.169,25.577],[-111.237,25.572],[-112.148,25.7],[-110.421,23.584],[-110.336,23.584]]]},"properties":{"NAME":"Guaycura","SUBJECTO":"Guaycura","BORDERPRECISION":1}},
{"type":"Feature","geometry":{"type":"Polygon","coordinates":[[[-78.979,0.621],[-78.543,0.71],[-78.972,0.659],[-78.979,0.621]]]},"properties":{"NAME":"Chachi","SUBJECTO":"Chachi","BORDERPRECISION":1}},
{"type":"Feature","geometry":{"type":"Polygon","coordinates":[[[-90.67,16.698],[-90.623,16.663],[-90.685,16.775],[-90.844,16.9],[-91.156,17.063],[-90.67,16.698]]]},"properties":{"NAME":"Hach Winik (Lacandon)","SUBJECTO":"Hach Winik (Lacandon)","BORDERPRECISION":1}},
{"type":"Feature","geometry":{"type":"MultiPolygon","coordinates":[[[[-69.613,-25.028],[-69.591,-24.898],[-70.457,-24.174],[-71.192,-28.215],[-70.323,-27.7],[-69.613,-25.028]]],[[[-70.111,-21.45],[-70.036,-21.43],[-70.112,-21.153],[-70.111,-21.45]]]]},"properties":{"NAME":"Chango","SUBJECTO":"Chango","BORDERPRECISION":1}},
{"type":"Feature","geometry":{"type":"MultiPolygon","coordinates":[[[[-92.056,30.413],[-92.048,30.603],[-92.228,30.863],[-92.484,31.34],[-94.077,31.211],[-94.616,31.246],[-94.92,31.176],[-95.599,30.356],[-95.082,30.107],[-92.184,30.252],[-92.123,30.254],[-92.025,30.308],[-92.056,30.413]]],[[[-92.131,31.839],[-91.198,31.932],[-91.197,31.935],[-92.131,31.841],[-92.131,31.839]]]]},"properties":{"NAME":"Koasati (Coushatta)","SUBJECTO":"Koasati (Coushatta)","BORDERPRECISION":1}},
{"type":"Feature","geometry":{"type":"Polygon","coordinates":[[[-52.387,-5.984],[-52.003,-5.346],[-52.089,-5.452],[-52.096,-5.454],[-52.098,-5.453],[-52.557,-5.44],[-52.387,-5.984]]]},"properties":{"NAME":"Awaeté","SUBJECTO":"Awaeté","BORDERPRECISION":1}},
{"type":"Feature","geometry":{"type":"MultiPolygon","coordinates":[[[[-125.219,49.168],[-125.091,49.169],[-125.222,49.168],[-125.219,49.168]]],[[[-125.045,48.955],[-125.021,48.952],[-124.754,48.965],[-124.748,48.967],[-124.738,48.971],[-124.712,48.982],[-124.698,48.989],[-124.669,48.99],[-124.659,48.993],[-124.666,49],[-124.651,49.012],[-124.657,49.02],[-125.026,49.135],[-125.068,49.083],[-125.089,49.058],[-125.116,49.024],[-125.192,48.871],[-125.182,48.863],[-125.045,48.955]]],[[[-125.404,49.304],[-125.391,49.297],[-124.865,49.298],[-125.083,49.476],[-125.359,49.477],[-125.389,49.522],[-125.444,49.518],[-125.455,49.507],[-125.559,49.406],[-125.547,49.391],[-125.525,49.375],[-125.518,49.367],[-125.404,49.304]]],[[[-124.574,49.145],[-124.573,49.139],[-124.536,49.122],[-124.697,49.255],[-124.73,49.242],[-124.612,49.162],[-124.574,49.145]]]]},"properties":{"NAME":"Tseshaht","SUBJECTO":"Tseshaht","BORDERPRECISION":1}},
{"type":"Feature","geometry":{"type":"Polygon","coordinates":[[[-81.405,30.073],[-81.454,30.373],[-83.629,30.104],[-83.947,30.107],[-83.961,30.105],[-83.983,30.095],[-83.994,30.083],[-83.995,30.083],[-82.142,26.865],[-80.239,27.264],[-81.405,30.073]]]},"properties":{"NAME":"Seminole","SUBJECTO":"Seminole","BORDERPRECISION":1}},
{"type":"Feature","geometry":{"type":"MultiPolygon","coordinates":[[[[-82.06,33.516],[-81.934,33.368],[-82.026,33.545],[-82.06,33.516]]],[[[-81.6,33.074],[-81.662,33.107],[-81.61,33.063],[-81.6,33.074]]]]},"properties":{"NAME":"Westo","SUBJECTO":"Westo","BORDERPRECISION":1}},
{"type":"Feature","geometry":{"type":"Polygon","coordinates":[[[-106.574,28.793],[-106.973,28.78],[-106.796,26.878],[-106.266,27.212],[-105.271,27.244],[-103.883,28.525],[-104.145,28.815],[-104.507,29.157],[-105.116,29.455],[-106.574,28.793]]]},"properties":{"NAME":"Yoli (Concho)","SUBJECTO":"Yoli (Concho)","BORDERPRECISION":1}},
{"type":"Feature","geometry":{"type":"Polygon","coordinates":[[[-171.889,63.687],[-172.052,63.6],[-169.903,63.075],[-169.333,63.397],[-170.482,63.688],[-171.854,63.74],[-171.889,63.687]]]},"properties":{"NAME":"Sivuqaq (St. Lawrence Island) Yupik","SUBJECTO":"Sivuqaq (St. Lawrence Island) Yupik","BORDERPRECISION":1}},
{"type":"Feature","geometry":{"type":"Polygon","coordinates":[[[-79.93,-4.678],[-79.972,-4.668],[-79.715,-5.35],[-79.815,-4.757],[-79.872,-4.722],[-79.93,-4.678]]]},"properties":{"NAME":"Caxas","SUBJECTO":"Caxas","BORDERPRECISION":1}},
{"type":"Feature","geometry":{"type":"Polygon","coordinates":[[[-77.628,37.457],[-77.592,37.581],[-77.551,37.719],[-77.55,37.724],[-77.516,37.838],[-79.434,38.213],[-78.529,37.128],[-77.64,37.187],[-77.636,37.194],[-77.623,37.208],[-77.594,37.287],[-77.628,37.457]]]},"properties":{"NAME":"Monacan","SUBJECTO":"Monacan","BORDERPRECISION":1}},
{"type":"Feature","geometry":{"type":"MultiPolygon","coordinates":[[[[-92.926,17.589],[-93.07,17.838],[-93.104,17.891],[-93.864,17.114],[-93.881,16.915],[-94.922,16.957],[-94.275,16.578],[-93.881,16.914],[-93.487,16.75],[-92.885,17.212],[-92.926,17.589]]],[[[-93.477,16.739],[-93.194,16.669],[-93.146,16.686],[-93.477,16.739]]]]},"properties":{"NAME":"O’ de püt/Angpøn (Zoque)","SUBJECTO":"O’ de püt/Angpøn (Zoque)","BORDERPRECISION":1}},
{"type":"Feature","geometry":{"type":"Polygon","coordinates":[[[-105.271,27.244],[-104.035,25.844],[-102.724,26.901],[-102.527,27.057],[-102.422,27.125],[-103.327,28.371],[-103.703,28.545],[-103.883,28.525],[-105.271,27.244]]]},"properties":{"NAME":"Tobosos","SUBJECTO":"Tobosos","BORDERPRECISION":1}},
{"type":"Feature","geometry":{"type":"Polygon","coordinates":[[[-75.005,-2.034],[-75.026,-1.999],[-75.114,-1.951],[-75.005,-2.034]]]},"properties":{"NAME":"Arabela","SUBJECTO":"Arabela","BORDERPRECISION":1}},
{"type":"Feature","geometry":{"type":"MultiPolygon","coordinates":[[[[-75.69,9.447],[-74.781,8.397],[-75.64,9.726],[-75.69,9.447]]],[[[-74.945,5.23],[-74.96,5.224],[-75.358,4.436],[-75.85,3.46],[-75.926,3.311],[-75.922,3.29],[-75.835,3.463],[-75.347,4.433],[-74.945,5.23]]],[[[-75.743,0.057],[-75.627,0.021],[-75.78,0.076],[-75.743,0.057]]],[[[-76.377,0.285],[-75.868,0.122],[-76.265,0.394],[-76.525,0.255],[-76.377,0.285]]],[[[-76.643,0.248],[-77.108,0.324],[-77.07,0.293],[-76.993,0.253],[-76.643,0.248]]]]},"properties":{"NAME":"Emberá Katío/Eyabida","SUBJECTO":"Emberá Katío/Eyabida","BORDERPRECISION":1}},
{"type":"Feature","geometry":{"type":"MultiPolygon","coordinates":[[[[-127.75,52.762],[-127.754,52.764],[-127.772,52.777],[-127.802,52.821],[-128.464,53.257],[-128.518,53.281],[-128.525,53.284],[-128.597,53.311],[-128.619,54.32],[-128.434,54.323],[-127.965,54.172],[-127.928,54.152],[-127.829,54.239],[-127.711,54.4],[-127.758,54.592],[-127.799,54.608],[-127.62,54.659],[-127.597,54.724],[-127.651,54.785],[-128.831,54.891],[-129.161,54.88],[-129.273,54.889],[-130.116,54.724],[-128.067,52.681],[-127.75,52.762]]],[[[-128.648,55.145],[-128.699,55.152],[-128.786,55.186],[-128.783,55.151],[-128.783,55.148],[-128.807,55.051],[-128.635,55.14],[-128.648,55.145]]]]},"properties":{"NAME":"Ts'msyen La̱xyuup (Tsimshian)","SUBJECTO":"Ts'msyen La̱xyuup (Tsimshian)","BORDERPRECISION":1}},
{"type":"Feature","geometry":{"type":"Polygon","coordinates":[[[-100.59,21.85],[-100.648,21.531],[-99.039,21.271],[-99.059,21.303],[-99.335,22.145],[-100.198,22.469],[-100.59,21.85]]]},"properties":{"NAME":"Hi Ui (Pame/Chichimeco Jonaz)","SUBJECTO":"Hi Ui (Pame/Chichimeco Jonaz)","BORDERPRECISION":1}},
{"type":"Feature","geometry":{"type":"Polygon","coordinates":[[[-60.046,4.089],[-60.189,3.871],[-60.768,2.602],[-59.875,1.861],[-58.38,2.53],[-58.34,3.516],[-58.658,4.197],[-59.301,4.31],[-60.046,4.089]]]},"properties":{"NAME":"Wapishana/Wapixana","SUBJECTO":"Wapishana/Wapixana","BORDERPRECISION":1}},
{"type":"Feature","geometry":{"type":"Polygon","coordinates":[[[-78.297,1.054],[-78.473,1.19],[-78.493,0.773],[-78.418,0.663],[-78.297,1.054]]]},"properties":{"NAME":"Inkal Awá","SUBJECTO":"Inkal Awá","BORDERPRECISION":1}},
{"type":"Feature","geometry":{"type":"MultiPolygon","coordinates":[[[[-123.672,41.716],[-123.672,41.719],[-123.684,41.664],[-123.672,41.716]]],[[[-123.929,41.556],[-123.916,41.529],[-123.84,41.528],[-123.955,41.609],[-123.929,41.556]]],[[[-124.132,41.623],[-124.077,41.655],[-124.075,41.662],[-124.132,41.623]]]]},"properties":{"NAME":"Tolowa Dee-ni’","SUBJECTO":"Tolowa Dee-ni’","BORDERPRECISION":1}},
{"type":"Feature","geometry":{"type":"Polygon","coordinates":[[[-123.728,41.129],[-123.709,41.098],[-123.611,41.129],[-123.728,41.129]]]},"properties":{"NAME":"Hoopa (Reservation)","SUBJECTO":"Hoopa (Reservation)","BORDERPRECISION":1}},
{"type":"Feature","geometry":{"type":"Polygon","coordinates":[[[-91.634,14.144],[-91.446,14.032],[-91.324,14.308],[-91.522,14.302],[-91.634,14.144]]]},"properties":{"NAME":"Tz'utujil","SUBJECTO":"Tz'utujil","BORDERPRECISION":1}},
{"type":"Feature","geometry":{"type":"Polygon","coordinates":[[[-54.359,3.743],[-54.375,3.612],[-54.98,2.568],[-56.174,1.313],[-55.016,0.178],[-54.668,-0.06],[-52.866,-0.187],[-52.89,0.11],[-54.328,1.311],[-54.645,2.405],[-53.885,3.301],[-54.359,3.743]]]},"properties":{"NAME":"Aparai","SUBJECTO":"Aparai","BORDERPRECISION":1}},
{"type":"Feature","geometry":{"type":"Polygon","coordinates":[[[-83.983,30.095],[-84.003,30.086],[-83.995,30.083],[-83.994,30.083],[-83.983,30.095]]]},"properties":{"NAME":"Apalachees","SUBJECTO":"Apalachees","BORDERPRECISION":1}},
{"type":"Feature","geometry":{"type":"Polygon","coordinates":[[[-112.002,29.859],[-112.244,29.334],[-110.997,27.981],[-110.779,28.413],[-111.084,28.719],[-111.581,29.518],[-111.721,29.674],[-111.784,29.755],[-111.84,29.826],[-112.002,29.859]]]},"properties":{"NAME":"Comca’ac (Seri)","SUBJECTO":"Comca’ac (Seri)","BORDERPRECISION":1}},
{"type":"Feature","geometry":{"type":"Polygon","coordinates":[[[-119.256,53.082],[-119.324,53.123],[-119.406,53.057],[-119.256,53.082]]]},"properties":{"NAME":"Tsuu T'ina","SUBJECTO":"Tsuu T'ina","BORDERPRECISION":1}},
{"type":"Feature","geometry":{"type":"Polygon","coordinates":[[[-119.805,54.186],[-119.324,53.123],[-119.256,53.082],[-117.926,52.284],[-115.089,50.382],[-114.851,50.162],[-112.429,48.121],[-113.754,51.479],[-112.083,53.992],[-104.702,52.851],[-101.167,53.923],[-93.083,48.674],[-91.25,50.32],[-93.773,53.407],[-92.136,54.835],[-90.946,57.173],[-93.018,58.448],[-93.088,58.506],[-93.313,58.694],[-94.455,58.738],[-102.603,57.849],[-107.43,54.928],[-112.726,58.381],[-119.805,54.186]]]},"properties":{"NAME":"Michif Piyii (Métis)","SUBJECTO":"Michif Piyii (Métis)","BORDERPRECISION":1}},
{"type":"Feature","geometry":{"type":"Polygon","coordinates":[[[-160.192,63.567],[-160.222,63.578],[-160.489,63.445],[-160.493,63.424],[-159.364,62.742],[-157.575,62.816],[-158.206,63.712],[-160.192,63.567]]]},"properties":{"NAME":"Holikachuk","SUBJECTO":"Holikachuk","BORDERPRECISION":1}},
{"type":"Feature","geometry":{"type":"Polygon","coordinates":[[[-79.053,1.664],[-79.136,1.174],[-79.127,1.046],[-79.081,0.828],[-78.972,0.659],[-78.543,0.71],[-78.493,0.773],[-78.473,1.19],[-78.057,0.874],[-77.551,0.563],[-77.535,0.544],[-77.246,0.371],[-77.108,0.324],[-76.643,0.248],[-76.525,0.255],[-76.265,0.394],[-75.868,0.122],[-75.821,0.09],[-75.78,0.076],[-75.627,0.021],[-75.576,-0.001],[-75.378,-0.085],[-75.374,-0.087],[-75.266,-0.083],[-74.732,-0.321],[-74.442,-0.506],[-74.327,-0.561],[-74.292,-0.57],[-74.193,-0.583],[-74.82,0.398],[-75.247,0.766],[-75.996,1.131],[-75.727,2.698],[-75.727,2.71],[-75.922,3.29],[-75.926,3.311],[-75.899,3.492],[-75.51,4.449],[-74.96,5.224],[-74.945,5.23],[-74.765,5.304],[-74.639,5.508],[-74.612,5.796],[-74.361,6.481],[-73.979,6.914],[-73.889,7.344],[-74.447,7.871],[-74.495,7.955],[-74.781,8.397],[-75.69,9.447],[-77.221,8.449],[-77.424,8.483],[-77.74,8.664],[-78.555,9.08],[-78.814,9.183],[-78.904,9.109],[-78.924,8.974],[-77.106,3.792],[-79.053,1.664]]]},"properties":{"NAME":"Emberá/Eperara/Épera","SUBJECTO":"Emberá/Eperara/Épera","BORDERPRECISION":1}},
{"type":"Feature","geometry":{"type":"Polygon","coordinates":[[[-124.171,40.43],[-124.338,40.306],[-124.273,40.237],[-124.116,40.403],[-124.171,40.43]]]},"properties":{"NAME":"Mattole","SUBJECTO":"Mattole","BORDERPRECISION":1}},
{"type":"Feature","geometry":{"type":"MultiPolygon","coordinates":[[[[-76.525,0.255],[-76.643,0.248],[-76.993,0.253],[-76.758,0.165],[-76.377,0.285],[-76.525,0.255]]],[[[-77.389,0.381],[-77.535,0.544],[-77.551,0.563],[-77.802,0.366],[-77.807,0.359],[-77.855,0.228],[-77.39,0.02],[-77.07,0.293],[-77.108,0.324],[-77.246,0.371],[-77.389,0.381]]]]},"properties":{"NAME":"A'i Cofán/Kofán","SUBJECTO":"A'i Cofán/Kofán","BORDERPRECISION":1}},
{"type":"Feature","geometry":{"type":"MultiPolygon","coordinates":[[[[-80.925,38.359],[-80.162,38.875],[-80.073,39.11],[-80.925,38.359]]],[[[-87.472,36.768],[-87.748,36.661],[-88.62,36.553],[-87.251,33.524],[-86.491,33.581],[-80.926,38.359],[-87.472,36.768]]]]},"properties":{"NAME":"Shawandasse Tula (Shawanwaki/Shawnee)","SUBJECTO":"Shawandasse Tula (Shawanwaki/Shawnee)","BORDERPRECISION":1}},
{"type":"Feature","geometry":{"type":"Polygon","coordinates":[[[-92.934,16.511],[-93.129,16.676],[-92.898,16.375],[-92.934,16.511]]]},"properties":{"NAME":"Chiapaneco","SUBJECTO":"Chiapaneco","BORDERPRECISION":1}},
{"type":"Feature","geometry":{"type":"MultiPolygon","coordinates":[[[[-79.389,-4.599],[-79.389,-4.628],[-79.224,-4.685],[-79.076,-4.547],[-79.097,-4.496],[-79.347,-4.518],[-79.389,-4.599]]],[[[-79.4,-4.604],[-79.392,-4.62],[-79.392,-4.601],[-79.4,-4.604]]]]},"properties":{"NAME":"Malacatos","SUBJECTO":"Malacatos","BORDERPRECISION":1}},
{"type":"Feature","geometry":{"type":"Polygon","coordinates":[[[-116.841,43.968],[-116.82,41.545],[-116.131,41.472],[-114.109,41.566],[-113.426,41.723],[-111.987,41.56],[-110.903,40.97],[-109.316,40.98],[-108.831,41.981],[-108.841,41.989],[-109.336,41.902],[-109.487,42.174],[-111.478,45.748],[-113.26,45.957],[-114.016,45.599],[-114.277,45.429],[-115.362,44.717],[-116.841,43.968]]]},"properties":{"NAME":"Shoshone-Bannock","SUBJECTO":"Shoshone-Bannock","BORDERPRECISION":1}},
{"type":"Feature","geometry":{"type":"Polygon","coordinates":[[[-94.052,16.079],[-94.013,16.054],[-94,16.1],[-94.275,16.578],[-94.922,16.957],[-94.939,17.005],[-94.99,17.151],[-96.323,17.625],[-97.464,16.941],[-97.358,16.367],[-97.176,15.916],[-94.052,16.079]]]},"properties":{"NAME":"Ben 'Zaa/Binnizá/Mén Diiste/Bene Xhon (Zapoteco)","SUBJECTO":"Ben 'Zaa/Binnizá/Mén Diiste/Bene Xhon (Zapoteco)","BORDERPRECISION":1}},
{"type":"Feature","geometry":{"type":"Polygon","coordinates":[[[-116.603,33.367],[-116.712,33.354],[-116.72,33.346],[-116.662,33.266],[-116.579,33.248],[-116.542,33.282],[-116.536,33.337],[-116.567,33.367],[-116.603,33.367]]]},"properties":{"NAME":"Cupeño","SUBJECTO":"Cupeño","BORDERPRECISION":1}},
{"type":"Feature","geometry":{"type":"Polygon","coordinates":[[[-94.939,17.005],[-94.907,17.112],[-94.99,17.151],[-94.939,17.005]]]},"properties":{"NAME":"Ayuukjä'äy (Mixe)","SUBJECTO":"Ayuukjä'äy (Mixe)","BORDERPRECISION":1}},
{"type":"Feature","geometry":{"type":"MultiPolygon","coordinates":[[[[-74.276,-3.915],[-74.784,-3.941],[-74.445,-4.422],[-73.991,-4.343],[-74.162,-4.005],[-74.276,-3.915]]],[[[-76.171,-2.114],[-76.158,-2.456],[-76.122,-2.491],[-76.06,-2.532],[-76.054,-2.535],[-75.819,-2.704],[-75.422,-3.206],[-74.781,-3.428],[-74.985,-3.178],[-75.054,-3.12],[-75.439,-2.602],[-75.588,-2.457],[-75.634,-2.391],[-75.737,-2.216],[-76.171,-2.114]]]]},"properties":{"NAME":"Kichwa del Río Tigre","SUBJECTO":"Kichwa del Río Tigre","BORDERPRECISION":1}},
{"type":"Feature","geometry":{"type":"MultiPolygon","coordinates":[[[[-66.893,-16.159],[-66.925,-16.111],[-68.277,-15.763],[-67.03,-17.432],[-66.893,-16.159]]],[[[-71.062,-17.251],[-71.015,-17.313],[-71.047,-17.182],[-71.062,-17.251]]]]},"properties":{"NAME":"Aymara","SUBJECTO":"Aymara","BORDERPRECISION":1}},
{"type":"Feature","geometry":{"type":"MultiPolygon","coordinates":[[[[-128.807,55.193],[-128.835,55.191],[-128.783,55.151],[-128.786,55.186],[-128.807,55.193]]],[[[-128.809,55.106],[-128.825,55.093],[-128.879,55.068],[-128.882,55.066],[-128.889,55.054],[-128.842,55.028],[-128.807,55.051],[-128.783,55.148],[-128.809,55.106]]]]},"properties":{"NAME":"Kitsumkalum","SUBJECTO":"Kitsumkalum","BORDERPRECISION":1}},
{"type":"Feature","geometry":{"type":"Polygon","coordinates":[[[-119.883,44.974],[-120.125,45.753],[-121.072,45.615],[-121.058,45.503],[-121.065,44.898],[-121.063,44.861],[-121.126,44.8],[-121.151,44.792],[-121.211,44.771],[-121.237,44.74],[-121.246,44.718],[-121.249,44.672],[-121.279,44.62],[-121.28,44.598],[-121.28,44.597],[-121.277,44.565],[-121.287,44.546],[-121.317,44.501],[-121.321,44.493],[-121.328,44.475],[-121.332,44.46],[-121.315,44.429],[-121.314,44.427],[-121.295,44.397],[-121.283,44.357],[-121.268,44.339],[-121.245,44.314],[-121.235,44.297],[-121.25,44.265],[-121.25,44.25],[-121.25,44.243],[-121.257,44.224],[-121.275,44.205],[-121.279,44.202],[-121.296,44.193],[-121.305,44.184],[-121.317,44.17],[-121.321,44.163],[-121.322,44.16],[-121.322,44.157],[-121.326,44.146],[-121.327,44.142],[-121.329,44.134],[-121.33,44.13],[-121.324,44.096],[-121.315,44.061],[-121.318,44.048],[-121.324,44.042],[-121.33,44.035],[-121.335,44.03],[-121.337,44.029],[-121.345,44.023],[-121.347,44.021],[-121.358,44.014],[-121.359,44.013],[-121.367,44.006],[-120.85,44.005],[-119.883,44.974]]]},"properties":{"NAME":"Confederated Tribes of Warm Springs","SUBJECTO":"Confederated Tribes of Warm Springs","BORDERPRECISION":1}},
{"type":"Feature","geometry":{"type":"Polygon","coordinates":[[[-123.774,40.937],[-123.707,40.708],[-123.532,40.7],[-123.533,40.708],[-123.511,40.832],[-123.507,40.833],[-123.467,41.095],[-123.526,41.168],[-123.575,41.16],[-123.611,41.129],[-123.709,41.098],[-123.728,41.129],[-123.816,41.139],[-123.788,40.963],[-123.774,40.937]]]},"properties":{"NAME":"Hoopa","SUBJECTO":"Hoopa","BORDERPRECISION":1}},
{"type":"Feature","geometry":{"type":"Polygon","coordinates":[[[-73.605,-7.202],[-74.498,-7.845],[-74.037,-8.293],[-73.458,-7.438],[-73.521,-7.312],[-73.537,-7.287],[-73.541,-7.282],[-73.605,-7.202]]]},"properties":{"NAME":"Iskonawa","SUBJECTO":"Iskonawa","BORDERPRECISION":1}},
{"type":"Feature","geometry":{"type":"Polygon","coordinates":[[[-71.944,-8.441],[-71.973,-8.479],[-71.975,-8.498],[-71.944,-8.441]]]},"properties":{"NAME":"Yawanawá","SUBJECTO":"Yawanawá","BORDERPRECISION":1}},
{"type":"Feature","geometry":{"type":"Polygon","coordinates":[[[-98.435,16.362],[-98.404,16.341],[-97.464,16.941],[-96.323,17.625],[-95.809,17.837],[-94.814,18.498],[-95.333,18.769],[-95.348,18.772],[-97.369,20.985],[-99.059,21.303],[-99.039,21.271],[-98.909,21.168],[-98.099,20.609],[-98.026,20.557],[-98.111,20.363],[-98.569,20.474],[-98.997,20.799],[-100.03,19.59],[-100.273,18.714],[-100.24,18.587],[-100.237,18.577],[-100.227,18.425],[-100.232,18.398],[-100.268,18.225],[-101.517,18.049],[-101.736,18.077],[-101.948,17.987],[-99.72,16.834],[-99.725,17.647],[-99.093,17.125],[-99.139,16.693],[-98.435,16.362]]]},"properties":{"NAME":"Mexihcah (Triple Alliance)","SUBJECTO":"Mexihcah (Triple Alliance)","BORDERPRECISION":1}},
{"type":"Feature","geometry":{"type":"Polygon","coordinates":[[[-69.862,-0.37],[-69.448,-0.999],[-69.432,-1.023],[-69.412,-1.062],[-69.398,-1.092],[-69.398,-1.247],[-69.388,-1.36],[-69.27,-1.161],[-69.781,-0.312],[-69.871,-0.351],[-69.862,-0.37]]]},"properties":{"NAME":"Juhup-Yuju/Yuhupdëh","SUBJECTO":"Juhup-Yuju/Yuhupdëh","BORDERPRECISION":1}},
{"type":"Feature","geometry":{"type":"Polygon","coordinates":[[[-89.11,16.475],[-88.932,16.788],[-89.353,16.552],[-89.11,16.475]]]},"properties":{"NAME":"Mopan","SUBJECTO":"Mopan","BORDERPRECISION":1}},
{"type":"Feature","geometry":{"type":"Polygon","coordinates":[[[-120.866,38.471],[-120.774,38.337],[-120.68,38.471],[-120.866,38.471]]]},"properties":{"NAME":"Plains Miwok","SUBJECTO":"Plains Miwok","BORDERPRECISION":1}},
{"type":"Feature","geometry":{"type":"Polygon","coordinates":[[[-76.524,36.922],[-76.52,36.943],[-76.816,36.985],[-77.64,37.187],[-78.529,37.128],[-78.866,36.571],[-79.473,35.923],[-79.554,35.848],[-79.557,35.846],[-80.354,35.173],[-80.506,35.079],[-80.668,34.137],[-80.571,33.951],[-80.529,33.903],[-80.481,33.867],[-79.95,33.736],[-79.333,33.815],[-78.625,33.828],[-78.555,33.827],[-76.17,36.968],[-76.318,36.966],[-76.524,36.922]]]},"properties":{"NAME":"Lumbee","SUBJECTO":"Lumbee","BORDERPRECISION":1}},
{"type":"Feature","geometry":{"type":"MultiPolygon","coordinates":[[[[-123.112,40.134],[-122.742,39.485],[-122.521,39.448],[-122.241,39.461],[-122.164,39.889],[-122.16,39.89],[-122.065,39.893],[-121.988,39.903],[-122.21,40.227],[-122.212,40.236],[-122.212,40.272],[-122.212,40.273],[-123.112,40.134]]],[[[-123.182,40.185],[-123.187,40.181],[-123.183,40.177],[-123.157,40.169],[-123.182,40.185]]]]},"properties":{"NAME":"Nomlaki","SUBJECTO":"Nomlaki","BORDERPRECISION":1}},
{"type":"Feature","geometry":{"type":"Polygon","coordinates":[[[-127.62,50.191],[-126.919,50.035],[-126.845,50.046],[-126.834,50.131],[-127.62,50.191]]]},"properties":{"NAME":"Ka:’yu:’k’t’h’/Che:k’tles7et’h’","SUBJECTO":"Ka:’yu:’k’t’h’/Che:k’tles7et’h’","BORDERPRECISION":1}},
{"type":"Feature","geometry":{"type":"Polygon","coordinates":[[[-58.959,-24.337],[-58.561,-24.287],[-59.488,-23.561],[-59.31,-23.898],[-59.219,-24.057],[-58.959,-24.337]]]},"properties":{"NAME":"Enlhet-Enenlhet","SUBJECTO":"Enlhet-Enenlhet","BORDERPRECISION":1}},
{"type":"Feature","geometry":{"type":"Polygon","coordinates":[[[-52.728,-3.962],[-52.367,-4.06],[-52.157,-3.773],[-52.469,-3.493],[-54.709,-3.244],[-54.99,-4.082],[-52.728,-3.962]]]},"properties":{"NAME":"Ukarãngmã","SUBJECTO":"Ukarãngmã","BORDERPRECISION":1}},
{"type":"Feature","geometry":{"type":"MultiPolygon","coordinates":[[[[-92.027,15.883],[-91.545,15.251],[-91.485,15.235],[-91.156,15.517],[-91.044,15.763],[-90.925,16.035],[-91.191,16.047],[-92.027,15.883]]],[[[-92.194,15.881],[-92.196,15.874],[-92.183,15.879],[-92.194,15.881]]]]},"properties":{"NAME":"Q'anjob'al","SUBJECTO":"Q'anjob'al","BORDERPRECISION":1}},
{"type":"Feature","geometry":{"type":"Polygon","coordinates":[[[-121.009,36.311],[-121.034,36.334],[-121.291,36.409],[-121.524,36.063],[-121.548,36.044],[-121.128,35.608],[-120.118,35.538],[-120.168,35.616],[-120.212,35.684],[-120.214,35.695],[-120.306,35.916],[-120.88,36.348],[-120.901,36.355],[-121.009,36.311]]]},"properties":{"NAME":"Salinan","SUBJECTO":"Salinan","BORDERPRECISION":1}},
{"type":"Feature","geometry":{"type":"Polygon","coordinates":[[[-75.923,37.571],[-76.02,37.326],[-75.869,37.281],[-75.746,37.518],[-75.923,37.571]]]},"properties":{"NAME":"Accomack","SUBJECTO":"Accomack","BORDERPRECISION":1}},
{"type":"Feature","geometry":{"type":"Polygon","coordinates":[[[-94.013,16.054],[-93.977,16.03],[-94,16.1],[-94.013,16.054]]]},"properties":{"NAME":"Ikoots/Kunajts/Ikoojts (Huave)","SUBJECTO":"Ikoots/Kunajts/Ikoojts (Huave)","BORDERPRECISION":1}},
{"type":"Feature","geometry":{"type":"Polygon","coordinates":[[[-74.032,-4.032],[-73.805,-4.086],[-73.703,-3.929],[-74.032,-4.032]]]},"properties":{"NAME":"Ikitu","SUBJECTO":"Ikitu","BORDERPRECISION":1}},
{"type":"Feature","geometry":{"type":"Polygon","coordinates":[[[-80.581,32.497],[-80.492,32.506],[-80.793,32.951],[-81.127,33.41],[-81.294,33.56],[-82.391,33.948],[-82.382,33.912],[-82.252,33.743],[-82.109,33.574],[-82.026,33.545],[-81.934,33.368],[-81.662,33.107],[-81.6,33.074],[-81.504,32.973],[-80.89,32.046],[-80.581,32.497]]]},"properties":{"NAME":"Yamassee","SUBJECTO":"Yamassee","BORDERPRECISION":1}},
{"type":"Feature","geometry":{"type":"Polygon","coordinates":[[[-108.841,41.989],[-109.487,42.174],[-109.336,41.902],[-108.841,41.989]]]},"properties":{"NAME":"Apsaalooké (Crow)","SUBJECTO":"Apsaalooké (Crow)","BORDERPRECISION":1}},
{"type":"Feature","geometry":{"type":"Polygon","coordinates":[[[-72.327,41.858],[-71.75,41.804],[-71.686,41.819],[-71.357,42.147],[-71.435,42.591],[-71.48,42.615],[-71.526,42.615],[-71.792,42.578],[-72.041,42.447],[-72.235,42.514],[-73.039,42.578],[-73.045,42.55],[-73.03,42.487],[-73.013,42.422],[-72.85,42.156],[-72.419,42.001],[-72.327,41.858]]]},"properties":{"NAME":"Nipmuc","SUBJECTO":"Nipmuc","BORDERPRECISION":1}},
{"type":"Feature","geometry":{"type":"MultiPolygon","coordinates":[[[[-80.276,37.647],[-80.169,37.868],[-79.966,38.491],[-80.035,38.748],[-80.162,38.875],[-80.925,38.359],[-80.926,38.359],[-86.491,33.581],[-84.898,33.852],[-83.36,33.911],[-82.745,33.903],[-81.837,35.581],[-81.557,35.873],[-81.19,36.255],[-81.025,36.506],[-80.362,37.527],[-80.276,37.647]]],[[[-88.708,36.548],[-88.679,35.312],[-88.687,35.193],[-88.95,33.827],[-87.495,33.507],[-87.251,33.524],[-88.62,36.553],[-88.708,36.548]]]]},"properties":{"NAME":"S’atsoyaha (Yuchi)","SUBJECTO":"S’atsoyaha (Yuchi)","BORDERPRECISION":1}},
{"type":"Feature","geometry":{"type":"Polygon","coordinates":[[[-75.443,-6.288],[-75.48,-6.687],[-75.745,-8.715],[-75.17,-9.04],[-75.035,-8.911],[-75.008,-8.885],[-74.549,-8.653],[-73.879,-8.526],[-74.037,-8.293],[-74.498,-7.845],[-74.837,-6.119],[-74.994,-6.089],[-75.443,-6.288]]]},"properties":{"NAME":"Shipibo-Konibo","SUBJECTO":"Shipibo-Konibo","BORDERPRECISION":1}},
{"type":"Feature","geometry":{"type":"Polygon","coordinates":[[[-70.948,0.243],[-71.004,0.156],[-70.969,0.156],[-70.918,0.209],[-70.948,0.243]]]},"properties":{"NAME":"Eduria (Taiwano)","SUBJECTO":"Eduria (Taiwano)","BORDERPRECISION":1}},
{"type":"Feature","geometry":{"type":"MultiPolygon","coordinates":[[[[-85.411,43.41],[-85.044,42.34],[-84.07,42.065],[-83.19,42.021],[-82.593,42.003],[-81.967,42.299],[-81.73,42.422],[-81.405,42.59],[-80.715,42.597],[-80.553,42.582],[-80.347,42.69],[-79.869,42.825],[-79.739,42.841],[-79.293,42.859],[-79.071,43.241],[-77.621,44.009],[-77.095,44.108],[-77.037,44.141],[-76.861,44.243],[-76.418,44.429],[-73.773,45.676],[-73.452,45.766],[-73.437,45.794],[-73.451,45.807],[-73.977,46.324],[-74.003,46.349],[-74.889,46.638],[-74.925,46.631],[-75.592,46.929],[-84.47,46.652],[-84.512,46.472],[-84.427,45.968],[-84.736,45.88],[-84.808,45.871],[-85.58,44.812],[-85.411,43.41]]],[[[-93.083,48.674],[-91.825,46.937],[-88.095,49.005],[-84.489,46.923],[-87.152,53.143],[-93.773,53.407],[-91.25,50.32],[-93.083,48.674]]],[[[-85.743,45.015],[-85.754,45.009],[-85.613,44.939],[-85.743,45.015]]],[[[-76.639,48.543],[-76.768,48.595],[-76.655,48.468],[-76.639,48.543]]]]},"properties":{"NAME":"Anishinabewaki ᐊᓂᔑᓈᐯᐗᑭ","SUBJECTO":"Anishinabewaki ᐊᓂᔑᓈᐯᐗᑭ","BORDERPRECISION":1}},
{"type":"Feature","geometry":{"type":"MultiPolygon","coordinates":[[[[-54.328,1.311],[-53.885,3.301],[-54.645,2.405],[-54.328,1.311]]],[[[-54.375,3.612],[-55.621,3.394],[-54.98,2.568],[-54.375,3.612]]]]},"properties":{"NAME":"Wayana","SUBJECTO":"Wayana","BORDERPRECISION":1}},
{"type":"Feature","geometry":{"type":"Polygon","coordinates":[[[-38.968,-15.745],[-39.057,-14.922],[-39.308,-15.049],[-38.968,-15.745]]]},"properties":{"NAME":"Tupinambá","SUBJECTO":"Tupinambá","BORDERPRECISION":1}},
{"type":"Feature","geometry":{"type":"Polygon","coordinates":[[[-90.335,15.4],[-90.585,15.315],[-90.513,15.282],[-90.143,15.168],[-90.071,15.164],[-90.335,15.4]]]},"properties":{"NAME":"Poqomchi’","SUBJECTO":"Poqomchi’","BORDERPRECISION":1}},
{"type":"Feature","geometry":{"type":"Polygon","coordinates":[[[-45.453,-19.136],[-45.411,-19.503],[-44.754,-19.481],[-45.029,-19.01],[-45.453,-19.136]]]},"properties":{"NAME":"Kaxixó","SUBJECTO":"Kaxixó","BORDERPRECISION":1}},
{"type":"Feature","geometry":{"type":"Polygon","coordinates":[[[-123.871,39.704],[-123.849,39.529],[-123.816,39.529],[-123.5,39.592],[-123.551,39.657],[-123.875,39.822],[-123.871,39.704]]]},"properties":{"NAME":"Coast Yuki","SUBJECTO":"Coast Yuki","BORDERPRECISION":1}},
{"type":"Feature","geometry":{"type":"Polygon","coordinates":[[[-39.852,-18.083],[-39.676,-18.257],[-39.115,-16.736],[-39.655,-16.783],[-39.852,-18.083]]]},"properties":{"NAME":"Pataxó","SUBJECTO":"Pataxó","BORDERPRECISION":1}},
{"type":"Feature","geometry":{"type":"Polygon","coordinates":[[[-73.493,41.612],[-73.054,41.743],[-73.071,41.786],[-73.041,42.067],[-72.85,42.156],[-73.013,42.422],[-73.03,42.487],[-73.045,42.55],[-73.054,42.591],[-73.356,43.069],[-73.517,43.183],[-73.969,42.147],[-73.493,41.612]]]},"properties":{"NAME":"Mohican","SUBJECTO":"Mohican","BORDERPRECISION":1}},
{"type":"Feature","geometry":{"type":"MultiPolygon","coordinates":[[[[-93.018,58.448],[-93.047,58.501],[-93.088,58.506],[-93.018,58.448]]],[[[-92.136,54.835],[-87.152,53.143],[-84.489,46.923],[-84.481,46.817],[-84.476,46.744],[-84.47,46.652],[-75.592,46.929],[-76.097,47.66],[-76.239,47.866],[-76.276,47.919],[-76.491,48.23],[-76.655,48.468],[-76.768,48.595],[-76.808,48.615],[-77.033,48.729],[-77.768,49.101],[-79.103,50.12],[-79.642,50.792],[-80.052,51.286],[-82.229,54.906],[-82.53,55.078],[-90.946,57.173],[-92.136,54.835]]]]},"properties":{"NAME":"Cree","SUBJECTO":"Cree","BORDERPRECISION":1}},
{"type":"Feature","geometry":{"type":"MultiPolygon","coordinates":[[[[-73.349,44.95],[-73.265,45.133],[-73.298,45.608],[-73.437,45.794],[-73.452,45.766],[-73.747,45.674],[-73.349,44.95]]],[[[-73.453,44.009],[-73.425,44.042],[-73.386,44.172],[-73.39,44.258],[-73.453,44.009]]]]},"properties":{"NAME":"Kanienʼkehá꞉ka (Mohawk)","SUBJECTO":"Kanienʼkehá꞉ka (Mohawk)","BORDERPRECISION":1}},
{"type":"Feature","geometry":{"type":"Polygon","coordinates":[[[-64.335,-9.21],[-64.124,-9.482],[-63.179,-9.318],[-63.364,-8.966],[-64.335,-9.21]]]},"properties":{"NAME":"Yjxa","SUBJECTO":"Yjxa","BORDERPRECISION":1}},
{"type":"Feature","geometry":{"type":"Polygon","coordinates":[[[-101.864,25.678],[-101.411,25.982],[-102.362,27.05],[-102.527,27.057],[-102.724,26.901],[-103.268,25.302],[-102.803,25.295],[-102.639,25.283],[-101.864,25.678]]]},"properties":{"NAME":"Irritilas/Lagunero","SUBJECTO":"Irritilas/Lagunero","BORDERPRECISION":1}},
{"type":"Feature","geometry":{"type":"Polygon","coordinates":[[[-90.879,15.482],[-90.928,15.481],[-91.156,15.517],[-91.485,15.235],[-91.587,15.1],[-91.701,14.541],[-91.522,14.302],[-91.324,14.308],[-91.247,14.501],[-91.282,14.718],[-90.605,14.897],[-90.616,14.931],[-90.513,15.282],[-90.585,15.315],[-90.817,15.454],[-90.879,15.482]]]},"properties":{"NAME":"K'iche'","SUBJECTO":"K'iche'","BORDERPRECISION":1}},
{"type":"Feature","geometry":{"type":"Polygon","coordinates":[[[-83.497,9.463],[-84.148,9.428],[-83.655,9.178],[-83.497,9.463]]]},"properties":{"NAME":"Brunka","SUBJECTO":"Brunka","BORDERPRECISION":1}},
{"type":"Feature","geometry":{"type":"Polygon","coordinates":[[[-76.599,-1.512],[-76.594,-1.515],[-76.593,-1.505],[-76.597,-1.495],[-76.587,-1.495],[-76.543,-1.515],[-76.528,-1.531],[-76.512,-1.541],[-76.506,-1.543],[-76.472,-1.551],[-76.464,-1.556],[-76.424,-1.567],[-76.416,-1.568],[-76.393,-1.579],[-76.088,-0.91],[-76.127,-0.902],[-76.184,-0.924],[-76.336,-0.721],[-76.414,-0.75],[-76.432,-0.777],[-76.463,-0.79],[-77.006,-0.929],[-77.049,-0.913],[-77.506,-1.403],[-77.459,-1.425],[-77.39,-1.44],[-77.305,-1.434],[-77.287,-1.442],[-76.757,-1.429],[-76.599,-1.512]]]},"properties":{"NAME":"Waorani","SUBJECTO":"Waorani","BORDERPRECISION":1}},
{"type":"Feature","geometry":{"type":"Polygon","coordinates":[[[-99.339,17.24],[-99.419,16.765],[-99.139,16.693],[-99.093,17.125],[-99.339,17.24]]]},"properties":{"NAME":"Me̱'pha̱a̱ (Tlapaneco)","SUBJECTO":"Me̱'pha̱a̱ (Tlapaneco)","BORDERPRECISION":1}},
{"type":"Feature","geometry":{"type":"Polygon","coordinates":[[[-77.292,38.239],[-77.277,38.255],[-77.244,38.333],[-77.267,38.409],[-77.294,38.446],[-77.308,38.462],[-77.383,38.484],[-77.408,38.223],[-77.407,38.223],[-77.292,38.239]]]},"properties":{"NAME":"Patawomeck","SUBJECTO":"Patawomeck","BORDERPRECISION":1}},
{"type":"Feature","geometry":{"type":"Polygon","coordinates":[[[-64.013,-29.588],[-64.207,-29.547],[-65.828,-32.459],[-65.702,-32.961],[-64.636,-33.338],[-63.829,-33.536],[-62.683,-31.488],[-63.558,-29.703],[-64.013,-29.588]]]},"properties":{"NAME":"Henîa-Kamiare","SUBJECTO":"Henîa-Kamiare","BORDERPRECISION":1}},
{"type":"Feature","geometry":{"type":"Polygon","coordinates":[[[-77.123,37.63],[-77.123,37.68],[-77.55,37.724],[-77.551,37.719],[-77.503,37.615],[-77.41,37.559],[-77.129,37.62],[-77.123,37.63]]]},"properties":{"NAME":"Youghtanund","SUBJECTO":"Youghtanund","BORDERPRECISION":1}},
{"type":"Feature","geometry":{"type":"Polygon","coordinates":[[[-105.417,35.172],[-104.827,35.192],[-104.773,35.828],[-105.417,35.172]]]},"properties":{"NAME":"Jicarilla Apache","SUBJECTO":"Jicarilla Apache","BORDERPRECISION":1}},
{"type":"Feature","geometry":{"type":"Polygon","coordinates":[[[-91.282,14.718],[-91.247,14.501],[-91.324,14.308],[-91.446,14.032],[-90.961,13.94],[-90.656,14.441],[-90.618,14.562],[-90.608,14.612],[-90.589,14.624],[-90.467,14.725],[-90.605,14.897],[-91.282,14.718]]]},"properties":{"NAME":"Kaqchikel","SUBJECTO":"Kaqchikel","BORDERPRECISION":1}},
{"type":"Feature","geometry":{"type":"Polygon","coordinates":[[[-134.631,67.677],[-134.479,67.683],[-134.519,67.699],[-134.631,67.677]]]},"properties":{"NAME":"Na-cho Nyak Dun","SUBJECTO":"Na-cho Nyak Dun","BORDERPRECISION":1}},
{"type":"Feature","geometry":{"type":"Polygon","coordinates":[[[-79.321,33.631],[-79.39,33.552],[-79.309,33.257],[-79.205,33.459],[-79.321,33.631]]]},"properties":{"NAME":"Chicora","SUBJECTO":"Chicora","BORDERPRECISION":1}},
{"type":"Feature","geometry":{"type":"Polygon","coordinates":[[[-71.499,-13.08],[-70.796,-13.303],[-70.232,-13.288],[-70.038,-13.187],[-70.374,-12.846],[-71.63,-12.976],[-71.499,-13.08]]]},"properties":{"NAME":"Harakbut","SUBJECTO":"Harakbut","BORDERPRECISION":1}},
{"type":"Feature","geometry":{"type":"Polygon","coordinates":[[[-108.557,26.769],[-108.349,25.813],[-108.094,26.106],[-108.557,26.769]]]},"properties":{"NAME":"Cahita","SUBJECTO":"Cahita","BORDERPRECISION":1}},
{"type":"Feature","geometry":{"type":"Polygon","coordinates":[[[-74.781,8.397],[-74.495,7.955],[-75.594,10.027],[-75.64,9.726],[-74.781,8.397]]]},"properties":{"NAME":"Zenú","SUBJECTO":"Zenú","BORDERPRECISION":1}},
{"type":"Feature","geometry":{"type":"Polygon","coordinates":[[[-76.723,37.173],[-76.994,37.103],[-76.816,36.985],[-76.52,36.943],[-76.508,37.004],[-76.549,37.028],[-76.648,37.142],[-76.703,37.186],[-76.723,37.173]]]},"properties":{"NAME":"Warraskoyack","SUBJECTO":"Warraskoyack","BORDERPRECISION":1}},
{"type":"Feature","geometry":{"type":"Polygon","coordinates":[[[-162.562,64.601],[-160.89,63.857],[-160.837,63.859],[-160.821,63.86],[-160.815,63.86],[-159.939,63.88],[-159.765,63.969],[-158.828,64.933],[-154.056,68.547],[-148.787,68.88],[-137.029,68.228],[-136.582,68.186],[-133.722,69.507],[-137.729,69.016],[-156.905,71.346],[-164.067,69.065],[-162.562,64.601]]]},"properties":{"NAME":"Inupiat","SUBJECTO":"Inupiat","BORDERPRECISION":1}},
{"type":"Feature","geometry":{"type":"Polygon","coordinates":[[[-123.888,50.636],[-123.934,50.623],[-123.968,50.58],[-123.888,50.636]]]},"properties":{"NAME":"Lil'wat","SUBJECTO":"Lil'wat","BORDERPRECISION":1}},
{"type":"Feature","geometry":{"type":"Polygon","coordinates":[[[-60.922,-10.964],[-60.922,-10.961],[-61.102,-10.751],[-61.453,-10.889],[-60.922,-10.964]]]},"properties":{"NAME":"Surui Paiter","SUBJECTO":"Surui Paiter","BORDERPRECISION":1}},
{"type":"Feature","geometry":{"type":"Polygon","coordinates":[[[-121.96,38.054],[-122.034,38.064],[-121.576,37.983],[-121.96,38.054]]]},"properties":{"NAME":"Confederated Villages of Lisjan","SUBJECTO":"Confederated Villages of Lisjan","BORDERPRECISION":1}},
{"type":"Feature","geometry":{"type":"Polygon","coordinates":[[[-64.097,-7.264],[-64.065,-7.412],[-63.881,-7.436],[-63.838,-7.364],[-64.097,-7.264]]]},"properties":{"NAME":"Juma (Kawahib)","SUBJECTO":"Juma (Kawahib)","BORDERPRECISION":1}},
{"type":"Feature","geometry":{"type":"Polygon","coordinates":[[[-108.321,25.477],[-108.492,25.648],[-108.768,25.502],[-108.365,25.198],[-108.32,25.367],[-108.31,25.392],[-108.321,25.477]]]},"properties":{"NAME":"Guasaves/Tamazulas","SUBJECTO":"Guasaves/Tamazulas","BORDERPRECISION":1}},
{"type":"Feature","geometry":{"type":"MultiPolygon","coordinates":[[[[-101.02,27.878],[-102.92,28.304],[-103.327,28.371],[-102.422,27.125],[-102.362,27.05],[-101.411,25.982],[-99.655,25.581],[-98.476,25.096],[-97.72,24.821],[-97.601,25.163],[-101.02,27.878]]],[[[-94.424,29.544],[-95.082,30.107],[-95.599,30.356],[-96.63,30.527],[-97.554,30.661],[-96.912,28.144],[-94.424,29.544]]]]},"properties":{"NAME":"Coahuiltecan","SUBJECTO":"Coahuiltecan","BORDERPRECISION":1}},
{"type":"Feature","geometry":{"type":"Polygon","coordinates":[[[-72.03,-5.092],[-71.955,-5.531],[-72.004,-5.231],[-72.03,-5.092]]]},"properties":{"NAME":"Matsés (Mayoruna)","SUBJECTO":"Matsés (Mayoruna)","BORDERPRECISION":1}},
{"type":"Feature","geometry":{"type":"Polygon","coordinates":[[[-102.741,21.843],[-103.595,22.627],[-103.67,22.61],[-103.686,22.134],[-103.664,22.106],[-103.598,22.035],[-103.577,21.805],[-103.728,21.688],[-103.752,21.516],[-103.96,20.888],[-104.026,20.774],[-104.058,20.6],[-103.481,20.84],[-103.309,20.95],[-103.283,20.961],[-103.216,20.989],[-102.97,21.167],[-102.62,21.291],[-102.454,21.485],[-102.741,21.843]]]},"properties":{"NAME":"Caxcan","SUBJECTO":"Caxcan","BORDERPRECISION":1}},
{"type":"Feature","geometry":{"type":"Polygon","coordinates":[[[-75.78,0.076],[-75.821,0.09],[-75.743,0.057],[-75.78,0.076]]]},"properties":{"NAME":"ZioBain (Siona)","SUBJECTO":"ZioBain (Siona)","BORDERPRECISION":1}},
{"type":"Feature","geometry":{"type":"Polygon","coordinates":[[[-66.842,-27.082],[-69.111,-25.214],[-70.323,-27.7],[-71.192,-28.215],[-71.59,-30.474],[-70.563,-30.489],[-66.325,-27.315],[-66.842,-27.082]]]},"properties":{"NAME":"Diaguita","SUBJECTO":"Diaguita","BORDERPRECISION":1}},
{"type":"Feature","geometry":{"type":"Polygon","coordinates":[[[-80.073,39.11],[-80.162,38.875],[-80.035,38.748],[-79.645,38.763],[-79.034,38.817],[-77.625,39.322],[-77.565,39.515],[-78.741,40.147],[-80.073,39.11]]]},"properties":{"NAME":"Massawomeck","SUBJECTO":"Massawomeck","BORDERPRECISION":1}},
{"type":"Feature","geometry":{"type":"Polygon","coordinates":[[[-104.178,20.458],[-104.533,20.434],[-104.561,20.195],[-104.259,20.069],[-104.178,20.458]]]},"properties":{"NAME":"Coyutecos (Nahua)","SUBJECTO":"Coyutecos (Nahua)","BORDERPRECISION":1}},
{"type":"Feature","geometry":{"type":"Polygon","coordinates":[[[-70.253,-4.647],[-70.548,-5.007],[-70.29,-5.202],[-70.071,-4.837],[-70.253,-4.647]]]},"properties":{"NAME":"Korubo","SUBJECTO":"Korubo","BORDERPRECISION":1}},
{"type":"Feature","geometry":{"type":"Polygon","coordinates":[[[-54.029,-32.532],[-56.766,-29.144],[-59.319,-29.055],[-59.706,-30.814],[-59.706,-30.857],[-59.731,-30.89],[-60.721,-33.064],[-60.25,-33.273],[-59.898,-33.523],[-59.885,-33.529],[-59.431,-33.718],[-58.749,-33.976],[-58.613,-34.024],[-57.572,-34.568],[-52.597,-33.054],[-54.029,-32.532]]]},"properties":{"NAME":"Charrúa","SUBJECTO":"Charrúa","BORDERPRECISION":1}},
{"type":"Feature","geometry":{"type":"Polygon","coordinates":[[[-123.875,41.168],[-123.882,41.17],[-123.884,41.172],[-124.001,41.171],[-124.002,41.169],[-123.992,41.015],[-123.992,40.987],[-123.927,40.994],[-123.81,40.951],[-123.803,40.949],[-123.788,40.963],[-123.816,41.139],[-123.875,41.168]]]},"properties":{"NAME":"Chilula","SUBJECTO":"Chilula","BORDERPRECISION":1}},
{"type":"Feature","geometry":{"type":"MultiPolygon","coordinates":[[[[-109.316,40.98],[-106.942,40.841],[-108.831,41.981],[-109.316,40.98]]],[[[-111.987,41.56],[-112.126,41.229],[-111.946,40.547],[-110.903,40.97],[-111.987,41.56]]]]},"properties":{"NAME":"Eastern Shoshone","SUBJECTO":"Eastern Shoshone","BORDERPRECISION":1}},
{"type":"Feature","geometry":{"type":"Polygon","coordinates":[[[-72.159,-0.435],[-72.246,-0.418],[-71.854,-1.115],[-71.841,-1.036],[-71.858,-0.866],[-71.877,-0.777],[-72.127,-0.443],[-72.136,-0.44],[-72.159,-0.435]]]},"properties":{"NAME":"Nonuya","SUBJECTO":"Nonuya","BORDERPRECISION":1}},
{"type":"Feature","geometry":{"type":"Polygon","coordinates":[[[-52.557,-5.44],[-52.098,-5.453],[-52.089,-5.452],[-52.003,-5.346],[-52.007,-4.97],[-52.513,-4.484],[-52.557,-5.44]]]},"properties":{"NAME":"Bïde","SUBJECTO":"Bïde","BORDERPRECISION":1}},
{"type":"Feature","geometry":{"type":"Polygon","coordinates":[[[-78.627,33.808],[-78.555,33.827],[-78.625,33.828],[-78.627,33.808]]]},"properties":{"NAME":"Cape Fear","SUBJECTO":"Cape Fear","BORDERPRECISION":1}},
{"type":"Feature","geometry":{"type":"Polygon","coordinates":[[[-109.664,33.04],[-109.9,32.626],[-109.917,32.6],[-109.47,31.012],[-108.771,29.24],[-106.973,28.78],[-106.574,28.793],[-105.116,29.455],[-106.633,32.064],[-106.749,32.268],[-107.242,32.734],[-107.254,32.743],[-107.283,32.808],[-107.325,32.971],[-107.378,33.243],[-109.602,33.149],[-109.664,33.04]]]},"properties":{"NAME":"Chiricahua Apache","SUBJECTO":"Chiricahua Apache","BORDERPRECISION":1}},
{"type":"Feature","geometry":{"type":"MultiPolygon","coordinates":[[[[-64.868,-7.376],[-64.806,-7.273],[-65.223,-7.413],[-64.868,-7.376]]],[[[-64.782,-7.223],[-64.779,-7.226],[-64.8,-6.863],[-64.82,-6.518],[-64.823,-6.518],[-64.803,-6.864],[-64.782,-7.223]]]]},"properties":{"NAME":"Pamoari","SUBJECTO":"Pamoari","BORDERPRECISION":1}},
{"type":"Feature","geometry":{"type":"Polygon","coordinates":[[[-121.169,51.079],[-121.575,50.794],[-121.522,50.791],[-120.901,50.456],[-119.366,50.235],[-118.547,50.017],[-120.114,52.629],[-121.169,51.079]]]},"properties":{"NAME":"Secwepemcúl'ecw (Secwépemc)","SUBJECTO":"Secwepemcúl'ecw (Secwépemc)","BORDERPRECISION":1}},
{"type":"Feature","geometry":{"type":"Polygon","coordinates":[[[-83.997,12.122],[-84.243,11.836],[-84.03,11.955],[-83.997,12.122]]]},"properties":{"NAME":"Kriol","SUBJECTO":"Kriol","BORDERPRECISION":1}},
{"type":"Feature","geometry":{"type":"MultiPolygon","coordinates":[[[[-76.692,-2.294],[-76.679,-2.288],[-76.681,-2.287],[-76.692,-2.294]]],[[[-76.793,-2.249],[-76.794,-2.249],[-76.794,-2.246],[-76.794,-2.24],[-76.801,-2.237],[-76.802,-2.236],[-76.805,-2.231],[-76.817,-2.231],[-76.819,-2.232],[-76.82,-2.231],[-76.821,-2.23],[-76.829,-2.213],[-76.83,-2.21],[-76.833,-2.203],[-76.833,-2.202],[-76.834,-2.201],[-76.84,-2.201],[-76.841,-2.2],[-76.842,-2.199],[-76.839,-2.188],[-76.841,-2.193],[-76.845,-2.192],[-76.844,-2.189],[-76.861,-2.176],[-76.867,-2.175],[-76.867,-2.172],[-76.86,-2.173],[-76.86,-2.169],[-76.861,-2.168],[-76.86,-2.161],[-76.858,-2.157],[-76.86,-2.155],[-76.862,-2.153],[-76.862,-2.131],[-76.8,-2.073],[-76.799,-2.068],[-76.798,-2.067],[-76.797,-2.065],[-76.8,-2.06],[-76.801,-2.059],[-76.801,-2.058],[-76.803,-2.056],[-76.804,-2.055],[-76.805,-2.055],[-76.805,-2.054],[-76.805,-2.051],[-76.806,-2.049],[-76.806,-2.048],[-76.807,-2.046],[-76.808,-2.045],[-76.81,-2.044],[-76.811,-2.042],[-76.812,-2.04],[-76.812,-2.039],[-76.812,-2.038],[-76.813,-2.037],[-76.814,-2.037],[-76.816,-2.037],[-76.817,-2.036],[-76.818,-2.036],[-76.82,-2.03],[-76.821,-2.029],[-76.823,-2.028],[-76.824,-2.027],[-76.825,-2.026],[-76.825,-2.024],[-76.825,-2.023],[-76.826,-2.022],[-76.826,-2.021],[-76.827,-2.02],[-76.829,-2.019],[-76.83,-2.019],[-76.831,-2.019],[-76.833,-2.017],[-76.834,-2.017],[-76.834,-2.013],[-76.835,-2.013],[-76.835,-2.01],[-76.836,-2.007],[-76.837,-2.007],[-76.838,-2.008],[-76.84,-2.01],[-76.842,-2.008],[-76.843,-2.007],[-76.847,-2.005],[-76.849,-2.006],[-76.852,-2.005],[-76.858,-2.007],[-76.981,-2.158],[-77.003,-2.198],[-77.01,-2.216],[-77.033,-2.221],[-77.034,-2.221],[-77.038,-2.219],[-77.043,-2.217],[-77.044,-2.217],[-77.047,-2.216],[-77.058,-2.237],[-77.059,-2.247],[-77.055,-2.251],[-77.054,-2.252],[-77.054,-2.254],[-77.051,-2.262],[-77.047,-2.264],[-77.046,-2.269],[-77.045,-2.27],[-77.044,-2.271],[-77.044,-2.272],[-77.039,-2.278],[-77.036,-2.28],[-77.035,-2.285],[-77.034,-2.286],[-77.032,-2.288],[-77.032,-2.289],[-77.028,-2.291],[-77.027,-2.291],[-77.026,-2.292],[-77.024,-2.294],[-77.023,-2.295],[-77.023,-2.296],[-77.018,-2.305],[-77.015,-2.307],[-77.011,-2.311],[-77.01,-2.311],[-77.009,-2.314],[-77.002,-2.317],[-76.999,-2.316],[-76.998,-2.317],[-76.995,-2.32],[-76.99,-2.321],[-76.988,-2.323],[-76.973,-2.325],[-76.943,-2.3],[-76.936,-2.298],[-76.901,-2.293],[-76.899,-2.301],[-76.854,-2.284],[-76.794,-2.254],[-76.79,-2.252],[-76.793,-2.249]]]]},"properties":{"NAME":"Andoa","SUBJECTO":"Andoa","BORDERPRECISION":1}},
{"type":"Feature","geometry":{"type":"Polygon","coordinates":[[[-66.831,-15.599],[-66.834,-15.446],[-67.003,-15.117],[-67.53,-14.593],[-67.535,-14.594],[-67.564,-14.646],[-66.831,-15.599]]]},"properties":{"NAME":"Mosetén","SUBJECTO":"Mosetén","BORDERPRECISION":1}},
{"type":"Feature","geometry":{"type":"Polygon","coordinates":[[[-65.83,6.194],[-65.632,6.26],[-65.253,6.391],[-65.23,6.559],[-66.9,6.981],[-66.733,6.364],[-65.83,6.194]]]},"properties":{"NAME":"E'ñepá","SUBJECTO":"E'ñepá","BORDERPRECISION":1}},
{"type":"Feature","geometry":{"type":"Polygon","coordinates":[[[-74.612,5.796],[-73.979,6.914],[-74.361,6.481],[-74.612,5.796]]]},"properties":{"NAME":"Emberá Chamí","SUBJECTO":"Emberá Chamí","BORDERPRECISION":1}},
{"type":"Feature","geometry":{"type":"Polygon","coordinates":[[[-108.848,25.615],[-108.768,25.502],[-108.492,25.648],[-108.349,25.813],[-108.557,26.769],[-108.88,27.373],[-109.216,27.653],[-109.599,27.475],[-109.916,27.185],[-109.975,27.061],[-108.848,25.615]]]},"properties":{"NAME":"Yoreme (Mayo)","SUBJECTO":"Yoreme (Mayo)","BORDERPRECISION":1}},
{"type":"Feature","geometry":{"type":"MultiPolygon","coordinates":[[[[-75.807,-5.344],[-75.93,-5.507],[-75.623,-5.625],[-75.762,-5.301],[-75.807,-5.344]]],[[[-75.275,-5.964],[-75.592,-5.662],[-75.516,-5.908],[-75.275,-5.964]]]]},"properties":{"NAME":"Chamicuro","SUBJECTO":"Chamicuro","BORDERPRECISION":1}},
{"type":"Feature","geometry":{"type":"Polygon","coordinates":[[[-70.204,-54.852],[-70.67,-54.795],[-70.721,-54.937],[-70.204,-54.852]]]},"properties":{"NAME":"Yagán","SUBJECTO":"Yagán","BORDERPRECISION":1}},
{"type":"Feature","geometry":{"type":"Polygon","coordinates":[[[-115.561,31.364],[-116.251,30.969],[-116.102,30.442],[-115.026,30.724],[-115.561,31.364]]]},"properties":{"NAME":"Kiliwa","SUBJECTO":"Kiliwa","BORDERPRECISION":1}},
{"type":"Feature","geometry":{"type":"Polygon","coordinates":[[[-108.701,28.251],[-109.305,27.812],[-109.216,27.653],[-108.88,27.373],[-108.208,27.617],[-108.701,28.251]]]},"properties":{"NAME":"Guarijío/Guarijó","SUBJECTO":"Guarijío/Guarijó","BORDERPRECISION":1}},
{"type":"Feature","geometry":{"type":"Polygon","coordinates":[[[-64.987,-12.957],[-65.025,-12.99],[-65.095,-14.066],[-65.089,-14.116],[-64.774,-15.733],[-64.494,-16.518],[-63.991,-16.546],[-63.159,-14.493],[-63.386,-13.653],[-63.529,-13.323],[-64.138,-13.005],[-64.987,-12.957]]]},"properties":{"NAME":"Sirionó","SUBJECTO":"Sirionó","BORDERPRECISION":1}},
{"type":"Feature","geometry":{"type":"Polygon","coordinates":[[[-92.763,15.537],[-92.233,14.722],[-91.701,14.541],[-91.587,15.1],[-91.545,15.251],[-92.027,15.883],[-92.183,15.879],[-92.196,15.874],[-92.47,15.761],[-92.6,15.693],[-92.763,15.537]]]},"properties":{"NAME":"Winaq Qo’ (Mam)","SUBJECTO":"Winaq Qo’ (Mam)","BORDERPRECISION":1}},
{"type":"Feature","geometry":{"type":"MultiPolygon","coordinates":[[[[-76.182,-3.78],[-76.122,-3.575],[-76.325,-3.873],[-76.182,-3.78]]],[[[-76.36,-4.948],[-76.173,-5.19],[-75.922,-5.153],[-75.823,-5.114],[-75.766,-5.042],[-76.569,-4.607],[-76.36,-4.948]]]]},"properties":{"NAME":"Kichwa del Río Pastaza","SUBJECTO":"Kichwa del Río Pastaza","BORDERPRECISION":1}},
{"type":"Feature","geometry":{"type":"Polygon","coordinates":[[[-97.72,24.821],[-98.476,25.096],[-99.123,24.667],[-99.435,24.587],[-99.653,23.549],[-98.9,22.97],[-98.847,22.914],[-98.383,22.7],[-98.401,22.58],[-98.418,22.465],[-98.425,22.419],[-97.856,22.164],[-97.825,22.158],[-97.72,24.821]]]},"properties":{"NAME":"Tamaulipeco tribes","SUBJECTO":"Tamaulipeco tribes","BORDERPRECISION":1}},
{"type":"Feature","geometry":{"type":"MultiPolygon","coordinates":[[[[-65.026,-43.323],[-65.919,-43.43],[-65.068,-43.352],[-65.026,-43.323]]],[[[-69.052,-43.573],[-71.366,-41.611],[-71.785,-43.139],[-71.778,-43.143],[-69.052,-43.573]]],[[[-63.209,-33.659],[-57.413,-35.942],[-58.445,-34.379],[-60.789,-33.525],[-62.284,-33.401],[-63.209,-33.659]]]]},"properties":{"NAME":"Günün a atük (Günün a küna)","SUBJECTO":"Günün a atük (Günün a küna)","BORDERPRECISION":1}},
{"type":"Feature","geometry":{"type":"Polygon","coordinates":[[[-67.914,0.995],[-67.301,1.164],[-67.141,1.412],[-67.035,1.514],[-66.82,2.103],[-66.814,2.54],[-67.914,0.995]]]},"properties":{"NAME":"Wakuenai/Walimanai (Kuripako)","SUBJECTO":"Wakuenai/Walimanai (Kuripako)","BORDERPRECISION":1}},
{"type":"Feature","geometry":{"type":"MultiPolygon","coordinates":[[[[-77.675,8.678],[-77.9,8.81],[-78.121,8.934],[-78.555,9.08],[-77.74,8.664],[-77.675,8.678]]],[[[-78.904,9.109],[-78.965,8.991],[-78.924,8.974],[-78.904,9.109]]]]},"properties":{"NAME":"Emberá","SUBJECTO":"Emberá","BORDERPRECISION":1}},
{"type":"Feature","geometry":{"type":"Polygon","coordinates":[[[-174.037,64.554],[-174.519,64.659],[-174.334,64.558],[-174.069,64.533],[-174.037,64.554]]]},"properties":{"NAME":"Siginygmit (Sireniki) Yupik","SUBJECTO":"Siginygmit (Sireniki) Yupik","BORDERPRECISION":1}},
{"type":"Feature","geometry":{"type":"Polygon","coordinates":[[[-71.039,46.736],[-70.941,46.92],[-71.26,46.791],[-73.265,45.133],[-73.349,44.95],[-73.367,44.604],[-73.386,44.172],[-73.425,44.042],[-73.356,43.069],[-73.054,42.591],[-73.039,42.578],[-72.235,42.514],[-72.136,42.529],[-71.995,42.549],[-71.792,42.578],[-71.526,42.615],[-71.149,42.668],[-70.979,42.693],[-70.764,42.726],[-64.535,46.272],[-64.952,49.207],[-70.291,47.295],[-70.791,46.98],[-71.039,46.736]]]},"properties":{"NAME":"Wabanaki (Dawnland Confederacy)","SUBJECTO":"Wabanaki (Dawnland Confederacy)","BORDERPRECISION":1}},
{"type":"Feature","geometry":{"type":"Polygon","coordinates":[[[-107.384,25.226],[-107.276,25.369],[-107.556,25.627],[-107.384,25.226]]]},"properties":{"NAME":"Pacaxes","SUBJECTO":"Pacaxes","BORDERPRECISION":1}},
{"type":"Feature","geometry":{"type":"Polygon","coordinates":[[[-120.878,42.595],[-121.957,42.556],[-122.03,42.281],[-122.031,42.275],[-122.065,41.269],[-122.063,41.274],[-120.372,41.574],[-120.674,42.605],[-120.878,42.595]]]},"properties":{"NAME":"Modoc","SUBJECTO":"Modoc","BORDERPRECISION":1}},
{"type":"Feature","geometry":{"type":"Polygon","coordinates":[[[-40.187,-20.069],[-46.006,-22.93],[-47.64,-20.247],[-52.399,-19.437],[-54.828,-17.627],[-57.941,-17.847],[-57.955,-17.835],[-58.819,-17.066],[-60.238,-14.633],[-62.802,-14.415],[-63.159,-14.493],[-63.991,-16.546],[-63.989,-16.69],[-64.259,-18.794],[-64.945,-21.243],[-65.125,-23.028],[-65.138,-23.071],[-65.116,-23.352],[-65.092,-23.473],[-65.075,-23.56],[-65.054,-23.976],[-65.06,-24.052],[-65.041,-24.296],[-65.029,-24.31],[-64.459,-24.667],[-64.289,-24.578],[-62.246,-22.494],[-62.245,-22.494],[-60.144,-23.238],[-59.788,-23.413],[-59.488,-23.561],[-58.561,-24.287],[-58.506,-24.353],[-58.488,-24.374],[-57.923,-26.139],[-56.766,-29.144],[-54.029,-32.532],[-52.597,-33.054],[-48.937,-28.698],[-48.725,-25.426],[-44.561,-22.99],[-41.958,-22.921],[-40.187,-20.069]]]},"properties":{"NAME":"Tekohá (Guarani)","SUBJECTO":"Tekohá (Guarani)","BORDERPRECISION":1}},
{"type":"Feature","geometry":{"type":"MultiPolygon","coordinates":[[[[-112.445,35.224],[-112.441,35.286],[-112.518,35.233],[-112.445,35.224]]],[[[-113.146,36.17],[-113.115,36.181],[-113.117,36.183],[-113.146,36.17]]]]},"properties":{"NAME":"Havasu Baaja (Havasupai)","SUBJECTO":"Havasu Baaja (Havasupai)","BORDERPRECISION":1}},
{"type":"Feature","geometry":{"type":"Polygon","coordinates":[[[-75.473,-6.166],[-75.516,-5.908],[-75.592,-5.662],[-75.623,-5.625],[-75.93,-5.507],[-75.971,-5.47],[-76.173,-5.19],[-76.36,-4.948],[-76.569,-4.607],[-76.607,-4.604],[-77.053,-5.989],[-76.853,-6.062],[-75.473,-6.166]]]},"properties":{"NAME":"Shawi","SUBJECTO":"Shawi","BORDERPRECISION":1}},
{"type":"Feature","geometry":{"type":"Polygon","coordinates":[[[-127.919,51.802],[-127.529,51.775],[-126.551,51.862],[-126.516,51.856],[-126.059,51.844],[-126.041,51.97],[-126.064,52.14],[-126.253,52.34],[-126.126,52.704],[-126.562,52.836],[-126.681,53.006],[-126.947,53.157],[-127.192,53.193],[-127.265,53.038],[-127.259,52.942],[-127.256,52.889],[-127.255,52.87],[-127.264,52.848],[-127.287,52.815],[-127.73,52.396],[-127.919,51.802]]]},"properties":{"NAME":"Nuxalk","SUBJECTO":"Nuxalk","BORDERPRECISION":1}},
{"type":"Feature","geometry":{"type":"Polygon","coordinates":[[[-125.021,48.952],[-125.028,48.95],[-125.045,48.955],[-125.182,48.863],[-125.06,48.783],[-124.728,48.937],[-124.754,48.965],[-125.021,48.952]]]},"properties":{"NAME":"Huu-ay-aht","SUBJECTO":"Huu-ay-aht","BORDERPRECISION":1}},
{"type":"Feature","geometry":{"type":"MultiPolygon","coordinates":[[[[-76.665,37.897],[-76.471,37.748],[-76.396,37.803],[-76.435,37.883],[-76.631,37.926],[-76.654,37.916],[-76.665,37.897]]],[[[-76.718,37.846],[-76.72,37.817],[-76.674,37.787],[-76.632,37.778],[-76.7,37.855],[-76.718,37.846]]]]},"properties":{"NAME":"Moraughtacund","SUBJECTO":"Moraughtacund","BORDERPRECISION":1}},
{"type":"Feature","geometry":{"type":"Polygon","coordinates":[[[-61.453,-10.889],[-61.102,-10.751],[-61.148,-10.681],[-61.738,-10.502],[-61.513,-10.84],[-61.453,-10.889]]]},"properties":{"NAME":"Ikolen","SUBJECTO":"Ikolen","BORDERPRECISION":1}},
{"type":"Feature","geometry":{"type":"MultiPolygon","coordinates":[[[[-77.535,0.544],[-77.389,0.381],[-77.246,0.371],[-77.535,0.544]]],[[[-78.297,1.054],[-78.057,0.874],[-78.473,1.19],[-78.297,1.054]]]]},"properties":{"NAME":"Eperara Siapidara","SUBJECTO":"Eperara Siapidara","BORDERPRECISION":1}},
{"type":"Feature","geometry":{"type":"MultiPolygon","coordinates":[[[[-75.17,-9.04],[-75.745,-8.715],[-75.46,-9.574],[-75.17,-9.04]]],[[[-74.998,-8.905],[-75.008,-8.885],[-75.035,-8.911],[-74.998,-8.905]]]]},"properties":{"NAME":"Kakataibo","SUBJECTO":"Kakataibo","BORDERPRECISION":1}},
{"type":"Feature","geometry":{"type":"Polygon","coordinates":[[[-56.98,-1.038],[-57.74,0.817],[-58.38,2.53],[-59.875,1.861],[-59.053,-0.62],[-58.71,-1.087],[-58.66,-1.147],[-58.497,-1.336],[-56.98,-1.038]]]},"properties":{"NAME":"Waiwai","SUBJECTO":"Waiwai","BORDERPRECISION":1}},
{"type":"Feature","geometry":{"type":"MultiPolygon","coordinates":[[[[-74.881,-8.887],[-75.047,-10.537],[-73.425,-11.76],[-71.997,-10.247],[-71.177,-9.461],[-71.892,-8.979],[-72.18,-9.014],[-73.254,-8.88],[-73.316,-8.854],[-73.879,-8.526],[-74.549,-8.653],[-74.881,-8.887]]],[[[-73.193,-11.893],[-73.404,-11.776],[-73.208,-11.977],[-73.193,-11.893]]]]},"properties":{"NAME":"Ashaninka","SUBJECTO":"Ashaninka","BORDERPRECISION":1}},
{"type":"Feature","geometry":{"type":"Polygon","coordinates":[[[-121.31,48.392],[-121.299,48.064],[-121.282,47.995],[-121.189,47.996],[-121.149,47.994],[-121.136,47.995],[-121.133,48.01],[-121.135,48.014],[-120.969,48.115],[-121.108,48.375],[-121.31,48.392]]]},"properties":{"NAME":"Sauk Suiattle","SUBJECTO":"Sauk Suiattle","BORDERPRECISION":1}},
{"type":"Feature","geometry":{"type":"Polygon","coordinates":[[[-104.553,33.874],[-104.666,34.234],[-104.622,33.978],[-104.553,33.874]]]},"properties":{"NAME":"[Gáuigú (Kiowa)","SUBJECTO":"[Gáuigú (Kiowa)","BORDERPRECISION":1}},
{"type":"Feature","geometry":{"type":"Polygon","coordinates":[[[-122.762,39.411],[-122.761,39.411],[-122.764,39.408],[-122.783,39.368],[-122.761,39.373],[-122.706,39.385],[-122.668,39.39],[-122.54,39.409],[-122.529,39.415],[-122.521,39.448],[-122.742,39.485],[-122.762,39.411]]]},"properties":{"NAME":"Northeastern Pomo","SUBJECTO":"Northeastern Pomo","BORDERPRECISION":1}},
{"type":"Feature","geometry":null,"properties":{"NAME":"Karkin","SUBJECTO":"Karkin","BORDERPRECISION":1}},
{"type":"Feature","geometry":{"type":"Polygon","coordinates":[[[-79.815,-4.757],[-79.56,-4.506],[-79.684,-4.456],[-79.872,-4.722],[-79.815,-4.757]]]},"properties":{"NAME":"Ayahuacas","SUBJECTO":"Ayahuacas","BORDERPRECISION":1}},
{"type":"Feature","geometry":{"type":"MultiPolygon","coordinates":[[[[-53.914,46.996],[-53.887,47.015],[-54.072,47.183],[-53.914,46.996]]],[[[-54.992,47.75],[-58.285,49.085],[-59.157,47.67],[-54.992,47.75]]]]},"properties":{"NAME":"Mi'kma'ki","SUBJECTO":"Mi'kma'ki","BORDERPRECISION":1}},
{"type":"Feature","geometry":{"type":"MultiPolygon","coordinates":[[[[-71.526,-53.846],[-70.871,-53.134],[-70.78,-52.91],[-71.035,-52.74],[-72.541,-52.831],[-71.526,-53.846]]],[[[-74.447,-47.777],[-74.162,-47.479],[-74.384,-47.447],[-74.447,-47.777]]]]},"properties":{"NAME":"Kawashkar","SUBJECTO":"Kawashkar","BORDERPRECISION":1}},
{"type":"Feature","geometry":{"type":"MultiPolygon","coordinates":[[[[-70.276,-3.173],[-69.751,-2.617],[-70.223,-2.594],[-70.266,-2.595],[-70.534,-2.603],[-70.276,-3.173]]],[[[-71.743,-3.609],[-70.282,-3.181],[-70.544,-2.604],[-70.619,-2.606],[-71.101,-2.662],[-71.372,-2.705],[-71.902,-3.174],[-71.924,-3.209],[-72.026,-3.369],[-72.087,-3.561],[-71.743,-3.609]]],[[[-69.73,-4.637],[-69.713,-4.627],[-70.551,-4.522],[-69.73,-4.637]]],[[[-71.453,-3.859],[-72.091,-3.575],[-71.169,-4.334],[-71.453,-3.859]]]]},"properties":{"NAME":"Magüta/Ticuna","SUBJECTO":"Magüta/Ticuna","BORDERPRECISION":1}},
{"type":"Feature","geometry":{"type":"Polygon","coordinates":[[[-61.148,-10.681],[-61.102,-10.751],[-60.922,-10.961],[-60.523,-10.742],[-60.511,-10.605],[-61.148,-10.681]]]},"properties":{"NAME":"Zoró/Pangyjej","SUBJECTO":"Zoró/Pangyjej","BORDERPRECISION":1}},
{"type":"Feature","geometry":{"type":"Polygon","coordinates":[[[-38.417,-9.156],[-38.394,-9.189],[-38.363,-9.17],[-38.385,-9.14],[-38.417,-9.156]]]},"properties":{"NAME":"Kantaruré","SUBJECTO":"Kantaruré","BORDERPRECISION":1}},
{"type":"Feature","geometry":{"type":"Polygon","coordinates":[[[-84.485,10.419],[-84.165,10.315],[-83.991,10.513],[-84.485,10.419]]]},"properties":{"NAME":"Bostos","SUBJECTO":"Bostos","BORDERPRECISION":1}},
{"type":"Feature","geometry":{"type":"Polygon","coordinates":[[[-72.58,4.307],[-71.977,3.311],[-72.111,4.296],[-72.58,4.307]]]},"properties":{"NAME":"Achagua","SUBJECTO":"Achagua","BORDERPRECISION":1}},
{"type":"Feature","geometry":{"type":"MultiPolygon","coordinates":[[[[-129.989,55.278],[-129.993,55.27],[-129.986,55.257],[-130.005,55.966],[-130.031,56.04],[-130.04,56.05],[-130.059,56.056],[-129.989,55.278]]],[[[-130.111,55.095],[-130.037,55.186],[-130.014,55.255],[-130.164,55.087],[-130.111,55.095]]],[[[-130.22,56.112],[-130.619,56.278],[-130.31,56.131],[-130.199,56.105],[-130.22,56.112]]],[[[-132.661,55.465],[-132.584,55.497],[-132.664,55.614],[-133.093,55.447],[-133.065,55.419],[-132.661,55.465]]]]},"properties":{"NAME":"Lingít Aaní (Tlingit)","SUBJECTO":"Lingít Aaní (Tlingit)","BORDERPRECISION":1}},
{"type":"Feature","geometry":{"type":"MultiPolygon","coordinates":[[[[-85.192,14.027],[-84.547,13.069],[-84.197,12.723],[-85.192,14.027]]],[[[-84.889,15.125],[-85.217,14.873],[-85.199,14.41],[-84.889,15.125]]]]},"properties":{"NAME":"Mayangna","SUBJECTO":"Mayangna","BORDERPRECISION":1}},
{"type":"Feature","geometry":{"type":"Polygon","coordinates":[[[-45.462,-6.425],[-45.147,-5.8],[-45.376,-5.93],[-45.389,-5.966],[-45.463,-6.424],[-45.462,-6.425]]]},"properties":{"NAME":"Canela Ramkokamekrá","SUBJECTO":"Canela Ramkokamekrá","BORDERPRECISION":1}},
{"type":"Feature","geometry":{"type":"MultiPolygon","coordinates":[[[[-124.141,50.546],[-123.847,50.687],[-123.887,50.918],[-124.195,51.035],[-124.495,51.109],[-124.418,50.837],[-124.141,50.546]]],[[[-124.865,49.298],[-124.73,49.242],[-124.697,49.255],[-124.677,49.289],[-125.083,49.476],[-124.865,49.298]]],[[[-125.711,49.574],[-125.698,49.514],[-125.637,49.502],[-125.62,49.5],[-125.568,49.495],[-125.475,49.532],[-125.515,49.532],[-125.711,49.574]]],[[[-125.963,49.825],[-125.804,49.68],[-125.735,49.66],[-125.963,49.825]]],[[[-125.195,51.272],[-125.196,51.309],[-125.19,51.32],[-125.189,51.498],[-125.457,51.875],[-125.558,51.903],[-125.597,51.926],[-125.809,52.05],[-125.932,51.908],[-126.041,51.97],[-126.059,51.844],[-126.034,51.765],[-125.901,51.67],[-125.833,51.596],[-125.712,51.315],[-125.195,51.272]]]]},"properties":{"NAME":"We Wai Kai","SUBJECTO":"We Wai Kai","BORDERPRECISION":1}},
{"type":"Feature","geometry":{"type":"Polygon","coordinates":[[[-46.155,-3.495],[-46.164,-3.222],[-46.257,-2.859],[-47.074,-3.003],[-46.97,-4.617],[-46.155,-3.534],[-46.155,-3.495]]]},"properties":{"NAME":"Awá","SUBJECTO":"Awá","BORDERPRECISION":1}},
{"type":"Feature","geometry":{"type":"Polygon","coordinates":[[[-44.324,-14.545],[-44.068,-15.774],[-42.973,-16.164],[-42.699,-14.749],[-44.324,-14.545]]]},"properties":{"NAME":"Xakriabá","SUBJECTO":"Xakriabá","BORDERPRECISION":1}},
{"type":"Feature","geometry":{"type":"Polygon","coordinates":[[[-73.458,-7.438],[-73.341,-7.397],[-73.521,-7.312],[-73.458,-7.438]]]},"properties":{"NAME":"Nukini","SUBJECTO":"Nukini","BORDERPRECISION":1}},
{"type":"Feature","geometry":{"type":"Polygon","coordinates":[[[-92.218,17.816],[-93.104,17.891],[-93.07,17.838],[-92.752,17.739],[-92.218,17.816]]]},"properties":{"NAME":"Yoko T’aan (Chontal)","SUBJECTO":"Yoko T’aan (Chontal)","BORDERPRECISION":1}},
{"type":"Feature","geometry":{"type":"Polygon","coordinates":[[[-77.437,37.946],[-77.408,38.098],[-77.408,38.222],[-77.408,38.223],[-77.383,38.484],[-77.259,38.753],[-77.213,38.882],[-77.625,39.322],[-79.034,38.817],[-79.434,38.213],[-77.516,37.838],[-77.437,37.946]]]},"properties":{"NAME":"Manahoac","SUBJECTO":"Manahoac","BORDERPRECISION":1}},
{"type":"Feature","geometry":{"type":"Polygon","coordinates":[[[-123.743,39.997],[-123.745,40.127],[-123.711,40.269],[-124.142,40.511],[-124.116,40.403],[-124.273,40.237],[-123.967,39.876],[-123.904,39.857],[-123.763,39.901],[-123.743,39.997]]]},"properties":{"NAME":"Sinkyone","SUBJECTO":"Sinkyone","BORDERPRECISION":1}},
{"type":"Feature","geometry":{"type":"Polygon","coordinates":[[[-118.348,34.414],[-118.14,34.461],[-118.681,34.834],[-118.731,34.692],[-118.348,34.414]]]},"properties":{"NAME":"Fernandeño Tataviam","SUBJECTO":"Fernandeño Tataviam","BORDERPRECISION":1}},
{"type":"Feature","geometry":{"type":"Polygon","coordinates":[[[-63.705,59.465],[-63.744,59.517],[-63.993,59.678],[-63.705,59.465]]]},"properties":{"NAME":"Nunatsiavut","SUBJECTO":"Nunatsiavut","BORDERPRECISION":1}},
{"type":"Feature","geometry":{"type":"Polygon","coordinates":[[[-72.351,41.341],[-72.294,41.346],[-72.293,41.415],[-72.391,41.438],[-72.423,41.419],[-72.351,41.341]]]},"properties":{"NAME":"Western Nehântick","SUBJECTO":"Western Nehântick","BORDERPRECISION":1}},
{"type":"Feature","geometry":{"type":"Polygon","coordinates":[[[-76.507,37.011],[-76.505,37.018],[-76.52,37.022],[-76.549,37.028],[-76.508,37.004],[-76.507,37.011]]]},"properties":{"NAME":"Nansemond","SUBJECTO":"Nansemond","BORDERPRECISION":1}},
{"type":"Feature","geometry":{"type":"Polygon","coordinates":[[[-80.354,35.173],[-80.479,35.225],[-80.506,35.079],[-80.354,35.173]]]},"properties":{"NAME":"Waxhaw","SUBJECTO":"Waxhaw","BORDERPRECISION":1}},
{"type":"Feature","geometry":{"type":"Polygon","coordinates":[[[-121.727,46.816],[-121.466,46.94],[-121.495,47.069],[-121.846,46.83],[-121.727,46.816]]]},"properties":{"NAME":"Puyallup","SUBJECTO":"Puyallup","BORDERPRECISION":1}},
{"type":"Feature","geometry":{"type":"MultiPolygon","coordinates":[[[[-74.048,49.249],[-75.868,48.895],[-75.872,48.892],[-76.259,48.206],[-76.13,47.892],[-74.94,46.654],[-74.889,46.638],[-74.003,46.349],[-73.907,46.317],[-73.842,46.296],[-73.69,46.247],[-72.41,47.781],[-74.048,49.249]]],[[[-73.027,46.24],[-73.023,46.195],[-72.375,46.452],[-73.682,46.244],[-73.027,46.24]]]]},"properties":{"NAME":"Nitaskinan (Atikamekw / Nehirowisi Aski)","SUBJECTO":"Nitaskinan (Atikamekw / Nehirowisi Aski)","BORDERPRECISION":1}},
{"type":"Feature","geometry":{"type":"MultiPolygon","coordinates":[[[[-122.563,37.815],[-122.567,37.803],[-122.523,37.805],[-122.508,37.811],[-122.563,37.815]]],[[[-122.449,38.012],[-122.437,38.103],[-122.475,38.066],[-122.47,38.03],[-122.449,38.012]]],[[[-122.366,38.204],[-122.354,38.297],[-122.364,38.333],[-122.406,38.356],[-122.437,38.367],[-122.468,38.373],[-122.366,38.204]]],[[[-122.403,38.138],[-122.368,38.131],[-122.358,38.143],[-122.361,38.165],[-122.403,38.138]]]]},"properties":{"NAME":"Me-Wuk (Coast Miwok)","SUBJECTO":"Me-Wuk (Coast Miwok)","BORDERPRECISION":1}},
{"type":"Feature","geometry":{"type":"Polygon","coordinates":[[[-61.933,-28.299],[-62.016,-28.952],[-62.242,-31.321],[-62.284,-33.401],[-60.789,-33.525],[-60.721,-33.064],[-59.731,-30.89],[-59.706,-30.814],[-59.319,-29.055],[-59.118,-28.368],[-61.414,-26.65],[-61.933,-28.299]]]},"properties":{"NAME":"Moqoit","SUBJECTO":"Moqoit","BORDERPRECISION":1}},
{"type":"Feature","geometry":{"type":"MultiPolygon","coordinates":[[[[-67.667,-8.466],[-67.842,-8.319],[-67.554,-8.178],[-67.031,-7.404],[-66.953,-7.39],[-66.861,-7.348],[-66.803,-7.159],[-66.732,-7.069],[-66.696,-7.007],[-66.571,-6.815],[-66.474,-6.732],[-66.413,-6.691],[-66.292,-6.58],[-68.202,-6.56],[-68.253,-6.723],[-68.635,-7.069],[-68.658,-7.117],[-68.806,-7.76],[-67.685,-8.488],[-67.667,-8.466]]],[[[-65.308,-7.408],[-65.302,-7.406],[-65.178,-7.329],[-65.084,-7.261],[-65.052,-7.238],[-64.982,-7.202],[-64.781,-7.24],[-64.806,-7.273],[-64.868,-7.376],[-64.758,-7.279],[-64.779,-7.226],[-64.782,-7.223],[-64.87,-7.126],[-64.922,-7.081],[-64.945,-7.053],[-65.092,-6.765],[-65.818,-7.178],[-65.822,-7.217],[-65.821,-7.256],[-65.562,-7.395],[-65.308,-7.408]]]]},"properties":{"NAME":"Jamamadi","SUBJECTO":"Jamamadi","BORDERPRECISION":1}},
{"type":"Feature","geometry":{"type":"MultiPolygon","coordinates":[[[[-65.085,-23.562],[-65.075,-23.56],[-65.092,-23.473],[-65.085,-23.562]]],[[[-67.132,-23.484],[-65.099,-23.565],[-65.115,-23.359],[-65.116,-23.352],[-65.138,-23.071],[-67.132,-23.484]]],[[[-67.03,-17.432],[-68.277,-15.763],[-69.056,-15.315],[-69.38,-15.226],[-71.05,-16.952],[-71.047,-17.182],[-71.015,-17.313],[-70.809,-17.985],[-70.112,-21.153],[-70.036,-21.43],[-68.648,-23.067],[-67.03,-17.432]]]]},"properties":{"NAME":"Uru","SUBJECTO":"Uru","BORDERPRECISION":1}},
{"type":"Feature","geometry":{"type":"Polygon","coordinates":[[[-74.228,10.679],[-73.291,10.395],[-73.608,10.749],[-74.285,10.729],[-74.228,10.679]]]},"properties":{"NAME":"Ijku (Arhuaco)","SUBJECTO":"Ijku (Arhuaco)","BORDERPRECISION":1}},
{"type":"Feature","geometry":{"type":"MultiPolygon","coordinates":[[[[-88.893,15.563],[-85.313,15.67],[-85.205,15.644],[-84.906,15.606],[-84.905,15.609],[-84.746,15.933],[-88.912,15.896],[-88.893,15.563]]],[[[-88.291,16.817],[-88.223,17.505],[-88.932,16.788],[-89.11,16.475],[-88.291,16.817]]]]},"properties":{"NAME":"Garífuna","SUBJECTO":"Garífuna","BORDERPRECISION":1}},
{"type":"Feature","geometry":{"type":"Polygon","coordinates":[[[-76.981,-2.158],[-76.858,-2.007],[-76.853,-1.977],[-76.853,-1.972],[-76.962,-1.626],[-76.954,-1.625],[-76.851,-1.615],[-76.825,-1.621],[-76.757,-1.429],[-77.287,-1.442],[-77.39,-1.44],[-77.459,-1.425],[-77.483,-1.421],[-77.506,-1.403],[-77.049,-0.913],[-77.042,-0.913],[-77.006,-0.929],[-76.463,-0.79],[-76.414,-0.75],[-76.336,-0.721],[-76.127,-0.902],[-76.088,-0.91],[-75.346,-0.944],[-75.375,-0.173],[-75.374,-0.087],[-75.378,-0.085],[-75.576,-0.001],[-75.627,0.021],[-75.743,0.057],[-75.821,0.09],[-75.868,0.122],[-76.377,0.285],[-76.758,0.165],[-76.993,0.253],[-77.07,0.293],[-77.39,0.02],[-78.038,-1.551],[-77.567,-1.792],[-77.027,-2.124],[-76.981,-2.158]]]},"properties":{"NAME":"Kichwa (Amazónico)","SUBJECTO":"Kichwa (Amazónico)","BORDERPRECISION":1}},
{"type":"Feature","geometry":{"type":"MultiPolygon","coordinates":[[[[-65.565,-1.893],[-65.908,-2.137],[-65.897,-2.14],[-65.617,-2.056],[-65.597,-2.238],[-65.592,-2.24],[-65.565,-1.893]]],[[[-64.812,-2.459],[-64.889,-1.84],[-65.563,-1.889],[-64.812,-2.459]]],[[[-72.626,-4.369],[-72.75,-4.346],[-73.023,-4.276],[-73.106,-4.236],[-73.332,-4.593],[-72.626,-4.369]]]]},"properties":{"NAME":"Kambeba/Omagua","SUBJECTO":"Kambeba/Omagua","BORDERPRECISION":1}},
{"type":"Feature","geometry":{"type":"Polygon","coordinates":[[[-74.356,10.834],[-74.364,10.813],[-74.342,10.761],[-74.332,10.756],[-74.285,10.729],[-73.608,10.749],[-73.798,11.307],[-73.903,11.338],[-74.084,11.383],[-74.254,11.27],[-74.267,11.234],[-74.267,11.092],[-74.321,10.948],[-74.331,10.913],[-74.356,10.834]]]},"properties":{"NAME":"Kogui/Kaggabba","SUBJECTO":"Kogui/Kaggabba","BORDERPRECISION":1}},
{"type":"Feature","geometry":{"type":"Polygon","coordinates":[[[-81.007,36.378],[-81.19,36.255],[-81.557,35.873],[-80.534,35.881],[-80.087,36.003],[-79.704,37.266],[-80.362,37.527],[-81.025,36.506],[-81.007,36.378]]]},"properties":{"NAME":"Tutelo","SUBJECTO":"Tutelo","BORDERPRECISION":1}},
{"type":"Feature","geometry":{"type":"MultiPolygon","coordinates":[[[[-92.117,29.542],[-92.115,29.542],[-92.113,29.721],[-92.144,29.811],[-92.186,29.944],[-92.203,30.001],[-92.198,30.073],[-92.193,30.139],[-92.184,30.252],[-95.082,30.107],[-94.424,29.544],[-92.117,29.542]]],[[[-92.048,30.603],[-92.037,30.614],[-92.094,30.901],[-92.228,30.863],[-92.048,30.603]]]]},"properties":{"NAME":"Atakapa-Ishak","SUBJECTO":"Atakapa-Ishak","BORDERPRECISION":1}},
{"type":"Feature","geometry":{"type":"MultiPolygon","coordinates":[[[[-77.308,38.462],[-77.195,38.709],[-77.203,38.8],[-77.259,38.753],[-77.383,38.484],[-77.308,38.462]]],[[[-77.249,38.533],[-77.227,38.558],[-77.207,38.619],[-77.249,38.533]]]]},"properties":{"NAME":"Doeg","SUBJECTO":"Doeg","BORDERPRECISION":1}},
{"type":"Feature","geometry":{"type":"Polygon","coordinates":[[[-120.878,42.595],[-120.674,42.605],[-120.674,42.649],[-121.375,43.554],[-121.391,43.991],[-121.407,43.976],[-121.409,43.972],[-121.413,43.965],[-121.416,43.957],[-121.418,43.951],[-121.418,43.95],[-121.421,43.941],[-121.432,43.929],[-121.443,43.911],[-121.445,43.904],[-121.448,43.899],[-121.452,43.894],[-121.455,43.889],[-121.46,43.791],[-121.461,43.789],[-121.485,43.755],[-121.49,43.748],[-121.492,43.728],[-121.495,43.713],[-121.538,43.676],[-121.543,43.674],[-121.565,43.666],[-121.578,43.66],[-121.583,43.658],[-121.586,43.633],[-121.587,43.628],[-121.615,43.358],[-121.793,43.22],[-121.86,42.915],[-121.865,42.879],[-121.957,42.556],[-120.878,42.595]]]},"properties":{"NAME":"Klamath","SUBJECTO":"Klamath","BORDERPRECISION":1}},
{"type":"Feature","geometry":{"type":"Polygon","coordinates":[[[-117.503,33.617],[-117.613,33.436],[-117.445,33.232],[-116.662,33.266],[-116.72,33.346],[-116.763,33.381],[-117.359,33.755],[-117.503,33.617]]]},"properties":{"NAME":"Payómkawichum (Luiseño)","SUBJECTO":"Payómkawichum (Luiseño)","BORDERPRECISION":1}},
{"type":"Feature","geometry":{"type":"Polygon","coordinates":[[[-80.89,32.046],[-81.504,32.973],[-81.61,33.063],[-81.662,33.107],[-81.934,33.368],[-82.06,33.516],[-82.109,33.574],[-82.252,33.743],[-82.745,33.903],[-83.36,33.911],[-84.898,33.852],[-86.491,33.581],[-87.251,33.524],[-87.495,33.507],[-87.495,33.386],[-87.651,33.138],[-87.618,33.056],[-87.823,32.862],[-87.884,32.524],[-87.943,32.489],[-88.03,32.43],[-88.02,32.381],[-88.079,32.076],[-88.095,32.001],[-88.093,31.939],[-88.059,31.632],[-87.993,31.567],[-87.902,31.542],[-87.893,31.425],[-87.902,31.349],[-87.938,31.25],[-87.954,31.096],[-87.964,30.994],[-87.954,30.667],[-87.948,30.54],[-84.003,30.086],[-83.983,30.095],[-83.961,30.105],[-83.957,30.107],[-83.947,30.107],[-83.629,30.104],[-81.486,30.572],[-80.89,32.046]]]},"properties":{"NAME":"Mvskoke (Muscogee / Creek)","SUBJECTO":"Mvskoke (Muscogee / Creek)","BORDERPRECISION":1}},
{"type":"Feature","geometry":{"type":"Polygon","coordinates":[[[-116.048,31.675],[-116.499,31.339],[-116.362,31.099],[-116.251,30.969],[-115.561,31.364],[-116.048,31.675]]]},"properties":{"NAME":"Paipai (Akwa'ala)","SUBJECTO":"Paipai (Akwa'ala)","BORDERPRECISION":1}},
{"type":"Feature","geometry":{"type":"Polygon","coordinates":[[[-112.435,29.599],[-112.244,29.334],[-112.002,29.859],[-112.435,29.599]]]},"properties":{"NAME":"Hia-Ced O'odham","SUBJECTO":"Hia-Ced O'odham","BORDERPRECISION":1}},
{"type":"Feature","geometry":{"type":"Polygon","coordinates":[[[-105.313,22.081],[-104.038,22.713],[-103.982,22.776],[-103.972,24.864],[-104.035,25.844],[-105.271,27.244],[-106.266,27.212],[-106.647,26.399],[-107.985,26.316],[-107.243,25.666],[-106.91,25.544],[-105.994,24.652],[-105.886,23.192],[-105.898,23.144],[-105.962,22.71],[-105.511,22.161],[-105.313,22.081]]]},"properties":{"NAME":"Tepehuán","SUBJECTO":"Tepehuán","BORDERPRECISION":1}},
{"type":"Feature","geometry":{"type":"MultiPolygon","coordinates":[[[[-65.562,-7.395],[-65.821,-7.256],[-65.581,-7.396],[-65.562,-7.395]]],[[[-65.304,-7.408],[-65.302,-7.406],[-65.308,-7.408],[-65.304,-7.408]]]]},"properties":{"NAME":"Jarawara","SUBJECTO":"Jarawara","BORDERPRECISION":1}},
{"type":"Feature","geometry":{"type":"Polygon","coordinates":[[[-52.907,-11.371],[-52.915,-11.357],[-52.983,-12.071],[-52.907,-11.371]]]},"properties":{"NAME":"Kisêdjê","SUBJECTO":"Kisêdjê","BORDERPRECISION":1}},
{"type":"Feature","geometry":{"type":"Polygon","coordinates":[[[-72.978,-7.533],[-72.983,-7.536],[-72.992,-7.541],[-73.005,-7.547],[-73.042,-7.566],[-73.05,-7.57],[-73.052,-7.572],[-72.771,-8.005],[-72.76,-8.014],[-72.978,-7.533]]]},"properties":{"NAME":"Nawa","SUBJECTO":"Nawa","BORDERPRECISION":1}},
{"type":"Feature","geometry":{"type":"Polygon","coordinates":[[[-67.301,1.164],[-67.077,0.997],[-67.141,1.412],[-67.301,1.164]]]},"properties":{"NAME":"Warekena","SUBJECTO":"Warekena","BORDERPRECISION":1}},
{"type":"Feature","geometry":{"type":"MultiPolygon","coordinates":[[[[-72.18,-9.014],[-72.325,-8.808],[-72.698,-8.111],[-72.76,-8.014],[-72.771,-8.005],[-73.254,-8.834],[-73.254,-8.88],[-72.18,-9.014]]],[[[-71.997,-10.247],[-69.271,-10.459],[-70.013,-9.213],[-71.177,-9.461],[-71.997,-10.247]]]]},"properties":{"NAME":"Yaminawá","SUBJECTO":"Yaminawá","BORDERPRECISION":1}},
{"type":"Feature","geometry":{"type":"MultiPolygon","coordinates":[[[[-122.795,39.118],[-122.754,39.127],[-122.763,39.133],[-122.795,39.118]]],[[[-122.828,39.081],[-122.816,39.07],[-122.816,39.098],[-122.828,39.081]]],[[[-122.811,39.037],[-122.81,39.037],[-122.816,39.07],[-122.825,39.044],[-122.811,39.037]]]]},"properties":{"NAME":"Shigom","SUBJECTO":"Shigom","BORDERPRECISION":1}},
{"type":"Feature","geometry":{"type":"Polygon","coordinates":[[[-95.688,31.982],[-94.921,31.297],[-94.616,31.246],[-94.077,31.211],[-94.634,32.6],[-95.688,31.982]]]},"properties":{"NAME":"Caddo","SUBJECTO":"Caddo","BORDERPRECISION":1}},
{"type":"Feature","geometry":{"type":"Polygon","coordinates":[[[-80.469,41.14],[-80.169,41.12],[-78.817,41.535],[-80.216,41.62],[-80.449,41.506],[-80.469,41.14]]]},"properties":{"NAME":"Erie","SUBJECTO":"Erie","BORDERPRECISION":1}},
{"type":"Feature","geometry":{"type":"Polygon","coordinates":[[[-77.333,-4.639],[-77.551,-4.548],[-78.225,-3.575],[-78.902,-4.793],[-78.658,-5.321],[-77.053,-5.989],[-76.607,-4.604],[-77.026,-4.606],[-77.274,-4.671],[-77.333,-4.639]]]},"properties":{"NAME":"Awajún","SUBJECTO":"Awajún","BORDERPRECISION":1}},
{"type":"Feature","geometry":{"type":"Polygon","coordinates":[[[-80.492,32.506],[-79.564,32.927],[-80.793,32.951],[-80.492,32.506]]]},"properties":{"NAME":"Kusso","SUBJECTO":"Kusso","BORDERPRECISION":1}},
{"type":"Feature","geometry":{"type":"Polygon","coordinates":[[[-70.302,41.759],[-70.743,42.264],[-70.789,42.291],[-70.853,42.323],[-71.357,42.147],[-71.686,41.819],[-71.52,41.715],[-71.513,41.714],[-71.5,41.714],[-71.397,41.763],[-70.967,41.562],[-69.922,41.724],[-70.133,42.133],[-70.17,42.136],[-70.22,42.136],[-70.226,42.135],[-70.302,41.759]]]},"properties":{"NAME":"Wôpanâak (Wampanoag)","SUBJECTO":"Wôpanâak (Wampanoag)","BORDERPRECISION":1}},
{"type":"Feature","geometry":{"type":"Polygon","coordinates":[[[-77.768,49.101],[-78.045,49.987],[-79.103,50.12],[-77.768,49.101]]]},"properties":{"NAME":"Abitibiwinni Aki","SUBJECTO":"Abitibiwinni Aki","BORDERPRECISION":1}},
{"type":"Feature","geometry":{"type":"Polygon","coordinates":[[[-71.955,-5.531],[-71.587,-5.489],[-71.606,-5.118],[-72.004,-5.231],[-71.955,-5.531]]]},"properties":{"NAME":"Kulina Pano","SUBJECTO":"Kulina Pano","BORDERPRECISION":1}},
{"type":"Feature","geometry":{"type":"Polygon","coordinates":[[[-111.195,29.728],[-111.581,29.518],[-111.084,28.719],[-109.864,28.054],[-109.357,27.833],[-109.305,27.812],[-108.701,28.251],[-108.633,28.574],[-110.417,29.275],[-111.138,29.734],[-111.195,29.728]]]},"properties":{"NAME":"Lower Tohono O’odham (Lower Pima)","SUBJECTO":"Lower Tohono O’odham (Lower Pima)","BORDERPRECISION":1}},
{"type":"Feature","geometry":{"type":"MultiPolygon","coordinates":[[[[-123.42,40.954],[-123.451,41.07],[-123.457,41.166],[-123.467,41.095],[-123.507,40.833],[-123.442,40.622],[-123.434,40.612],[-123.068,40.926],[-123.42,40.954]]],[[[-122.909,41.045],[-122.911,41.047],[-122.932,41.062],[-122.937,41.056],[-122.911,41.012],[-122.909,41.045]]]]},"properties":{"NAME":"Tsnungwe","SUBJECTO":"Tsnungwe","BORDERPRECISION":1}},
{"type":"Feature","geometry":{"type":"Polygon","coordinates":[[[-54.99,-4.082],[-54.709,-3.244],[-55.126,-2.828],[-58.672,-6.728],[-58.593,-7.575],[-58.06,-8.256],[-57.645,-8.262],[-57.554,-8.262],[-54.99,-4.082]]]},"properties":{"NAME":"Mundurukânia (Wuy jugu)","SUBJECTO":"Mundurukânia (Wuy jugu)","BORDERPRECISION":1}},
{"type":"Feature","geometry":{"type":"Polygon","coordinates":[[[-50.601,-10.681],[-49.951,-10.021],[-50.599,-10.675],[-50.601,-10.681]]]},"properties":{"NAME":"Ãwa","SUBJECTO":"Ãwa","BORDERPRECISION":1}},
{"type":"Feature","geometry":{"type":"Polygon","coordinates":[[[-56.986,53.239],[-56.002,52.723],[-56.239,53.518],[-56.986,53.239]]]},"properties":{"NAME":"NunatuKavut","SUBJECTO":"NunatuKavut","BORDERPRECISION":1}},
{"type":"Feature","geometry":{"type":"Polygon","coordinates":[[[-79.523,-3.672],[-79.395,-4.156],[-79.392,-4.156],[-79.132,-3.835],[-79.103,-3.739],[-79.091,-3.696],[-79.037,-3.514],[-78.547,-2.517],[-78.509,-2.295],[-78.435,-1.572],[-78.408,-0.989],[-78.433,-0.962],[-78.43,-0.873],[-78.082,-0.186],[-78.05,-0.114],[-77.855,0.228],[-77.807,0.359],[-77.805,0.366],[-78.306,0.567],[-78.702,0.142],[-78.637,-0.212],[-79.183,-2.245],[-79.453,-3.45],[-79.523,-3.672]]]},"properties":{"NAME":"Kichwa","SUBJECTO":"Kichwa","BORDERPRECISION":1}},
{"type":"Feature","geometry":{"type":"Polygon","coordinates":[[[-121.448,39.298],[-121.266,39.461],[-121.195,39.498],[-120.912,39.748],[-121.496,40.115],[-121.988,39.903],[-122.065,39.893],[-122.123,39.888],[-122.16,39.89],[-122.164,39.889],[-122.104,39.461],[-121.95,39.46],[-121.942,39.489],[-121.834,39.578],[-121.663,39.258],[-121.632,39.26],[-121.448,39.298]]]},"properties":{"NAME":"Kojomk'awi (Konkow)","SUBJECTO":"Kojomk'awi (Konkow)","BORDERPRECISION":1}},
{"type":"Feature","geometry":{"type":"MultiPolygon","coordinates":[[[[-46.164,-3.222],[-45.807,-2.997],[-46.373,-2.475],[-46.257,-2.859],[-46.164,-3.222]]],[[[-46.942,-1.988],[-46.931,-2.049],[-46.564,-2.266],[-46.942,-1.988]]]]},"properties":{"NAME":"Ka'apor","SUBJECTO":"Ka'apor","BORDERPRECISION":1}},
{"type":"Feature","geometry":{"type":"Polygon","coordinates":[[[-116.032,46.687],[-116.203,46.687],[-116.74,46.857],[-116.898,46.849],[-117.215,46.534],[-117.03,44.725],[-115.362,44.717],[-114.277,45.429],[-114.29,45.47],[-114.409,46.411],[-115.619,46.745],[-115.623,46.745],[-116.032,46.687]]]},"properties":{"NAME":"Nimiipuu (Nez Perce)","SUBJECTO":"Nimiipuu (Nez Perce)","BORDERPRECISION":1}},
{"type":"Feature","geometry":{"type":"MultiPolygon","coordinates":[[[[-123.088,46.362],[-122.756,46.36],[-123.124,46.367],[-123.088,46.362]]],[[[-121.367,44.006],[-121.359,44.013],[-121.375,44.001],[-121.367,44.006]]],[[[-121.587,43.633],[-121.588,43.627],[-121.587,43.628],[-121.586,43.633],[-121.587,43.633]]],[[[-123.543,41.946],[-123.637,41.855],[-123.565,41.855],[-123.564,41.855],[-123.416,41.85],[-123.543,41.946]]]]},"properties":{"NAME":"Confederated Tribes of Grand Ronde","SUBJECTO":"Confederated Tribes of Grand Ronde","BORDERPRECISION":1}},
{"type":"Feature","geometry":{"type":"Polygon","coordinates":[[[-122.585,39.002],[-122.585,39.037],[-122.612,39.058],[-122.673,39.087],[-122.703,39.127],[-122.723,39.142],[-122.754,39.127],[-122.795,39.118],[-122.816,39.098],[-122.816,39.07],[-122.81,39.037],[-122.807,39.022],[-122.774,38.959],[-122.585,39.002]]]},"properties":{"NAME":"Southeastern Pomo","SUBJECTO":"Southeastern Pomo","BORDERPRECISION":1}},
{"type":"Feature","geometry":{"type":"MultiPolygon","coordinates":[[[[-79.183,-2.245],[-79.721,-3.104],[-79.453,-3.45],[-79.183,-2.245]]],[[[-79.395,-4.156],[-79.393,-4.519],[-79.392,-4.601],[-79.392,-4.62],[-79.386,-5.686],[-79.382,-5.691],[-79.389,-4.628],[-79.389,-4.599],[-79.389,-4.519],[-79.392,-4.156],[-79.395,-4.156]]]]},"properties":{"NAME":"Kañari","SUBJECTO":"Kañari","BORDERPRECISION":1}},
{"type":"Feature","geometry":{"type":"Polygon","coordinates":[[[-52.984,-15.375],[-52.782,-13.145],[-53.087,-13.333],[-54.168,-15.117],[-52.984,-15.375]]]},"properties":{"NAME":"A'uwe","SUBJECTO":"A'uwe","BORDERPRECISION":1}},
{"type":"Feature","geometry":{"type":"Polygon","coordinates":[[[-121.616,36.603],[-121.034,36.334],[-121.009,36.311],[-120.901,36.355],[-120.898,36.371],[-121.208,37.038],[-121.352,37.176],[-121.846,37.796],[-122.145,37.884],[-122.432,37.989],[-122.376,37.875],[-122.366,37.848],[-122.458,37.827],[-122.563,37.621],[-121.973,36.678],[-121.998,36.636],[-121.896,36.322],[-121.811,36.367],[-121.808,36.372],[-121.805,36.383],[-121.805,36.384],[-121.807,36.41],[-121.808,36.56],[-121.616,36.603]]]},"properties":{"NAME":"Ohlone","SUBJECTO":"Ohlone","BORDERPRECISION":1}},
{"type":"Feature","geometry":{"type":"Polygon","coordinates":[[[-76.967,37.515],[-77.117,37.619],[-77.129,37.62],[-77.41,37.559],[-77.317,37.443],[-77.235,37.378],[-76.988,37.365],[-76.899,37.441],[-76.967,37.515]]]},"properties":{"NAME":"Chickahominy","SUBJECTO":"Chickahominy","BORDERPRECISION":1}},
{"type":"Feature","geometry":{"type":"Polygon","coordinates":[[[-94.245,17.439],[-94.307,17.472],[-94.601,17.439],[-94.9,17.359],[-95.199,17.576],[-95.809,17.837],[-96.323,17.625],[-94.99,17.151],[-94.907,17.112],[-94.245,17.439]]]},"properties":{"NAME":"Chinantla (Tsa ju jmí’)","SUBJECTO":"Chinantla (Tsa ju jmí’)","BORDERPRECISION":1}},
{"type":"Feature","geometry":{"type":"Polygon","coordinates":[[[-102.643,25.171],[-102.803,25.295],[-103.268,25.302],[-103.972,24.864],[-103.982,22.776],[-103.595,22.627],[-102.741,21.843],[-102.239,21.531],[-102.086,21.311],[-102.067,22.299],[-102.643,25.171]]]},"properties":{"NAME":"Zacateco ","SUBJECTO":"Zacateco ","BORDERPRECISION":1}},
{"type":"Feature","geometry":{"type":"Polygon","coordinates":[[[-103.722,18.571],[-103.722,18.57],[-103.714,18.563],[-103.722,18.571]]]},"properties":{"NAME":"Nahua (Michoacan)","SUBJECTO":"Nahua (Michoacan)","BORDERPRECISION":1}},
{"type":"Feature","geometry":{"type":"Polygon","coordinates":[[[-79.705,-3.693],[-79.984,-3.577],[-79.97,-3.877],[-79.96,-3.874],[-79.708,-3.723],[-79.705,-3.693]]]},"properties":{"NAME":"Yazne","SUBJECTO":"Yazne","BORDERPRECISION":1}},
{"type":"Feature","geometry":{"type":"Polygon","coordinates":[[[-72.598,-6.413],[-72.354,-6.993],[-71.976,-6.606],[-72.598,-6.413]]]},"properties":{"NAME":"Marubo","SUBJECTO":"Marubo","BORDERPRECISION":1}},
{"type":"Feature","geometry":{"type":"Polygon","coordinates":[[[-85.411,43.41],[-85.58,44.812],[-85.613,44.939],[-85.754,45.009],[-86.494,43.597],[-85.411,43.41]]]},"properties":{"NAME":"Odawa","SUBJECTO":"Odawa","BORDERPRECISION":1}},
{"type":"Feature","geometry":{"type":"Polygon","coordinates":[[[-70.133,42.133],[-70.138,42.136],[-70.17,42.136],[-70.133,42.133]]]},"properties":{"NAME":"Nauset","SUBJECTO":"Nauset","BORDERPRECISION":1}},
{"type":"Feature","geometry":{"type":"Polygon","coordinates":[[[-115.146,36.315],[-115.677,33.726],[-114.242,34.393],[-114.636,34.912],[-114.631,34.982],[-114.613,35.062],[-114.611,35.068],[-114.661,35.551],[-114.668,35.613],[-114.67,35.625],[-114.697,35.858],[-114.715,35.93],[-114.739,36.013],[-114.751,36.088],[-114.749,36.096],[-114.682,36.126],[-114.314,36.086],[-114.161,36.031],[-114.005,36.191],[-113.823,36.048],[-113.787,36.019],[-113.724,35.936],[-113.717,35.924],[-113.677,35.872],[-113.653,35.843],[-113.626,35.828],[-113.583,35.831],[-113.473,35.765],[-113.44,35.755],[-113.375,35.765],[-113.311,35.88],[-113.313,35.894],[-113.323,35.956],[-113.326,35.978],[-113.296,36.096],[-113.268,36.093],[-113.251,36.091],[-113.146,36.17],[-113.117,36.183],[-112.441,37.777],[-112.607,39.344],[-114.35,38.494],[-115.146,36.315]]]},"properties":{"NAME":"Nuwuvi (Southern Paiute)","SUBJECTO":"Nuwuvi (Southern Paiute)","BORDERPRECISION":1}},
{"type":"Feature","geometry":{"type":"Polygon","coordinates":[[[-116.924,44.006],[-117.03,44.725],[-117.215,46.534],[-118.13,46.592],[-119.525,46.624],[-119.509,46.362],[-119.529,46.192],[-119.687,45.927],[-119.751,45.882],[-119.861,45.86],[-120.125,45.753],[-119.883,44.974],[-116.924,44.006]]]},"properties":{"NAME":"Cayuse, Umatilla and Walla Walla","SUBJECTO":"Cayuse, Umatilla and Walla Walla","BORDERPRECISION":1}},
{"type":"Feature","geometry":{"type":"Polygon","coordinates":[[[-101.111,21.861],[-100.726,21.545],[-100.648,21.531],[-100.59,21.85],[-101.111,21.861]]]},"properties":{"NAME":"Copuces","SUBJECTO":"Copuces","BORDERPRECISION":1}},
{"type":"Feature","geometry":{"type":"MultiPolygon","coordinates":[[[[-124.278,47.229],[-124.25,47.024],[-124.243,47.021],[-124.233,47.026],[-124.228,47.072],[-124.278,47.229]]],[[[-123.7,47.786],[-124.431,47.665],[-124.436,47.662],[-124.437,47.662],[-124.346,47.518],[-123.7,47.786]]]]},"properties":{"NAME":"Quinault","SUBJECTO":"Quinault","BORDERPRECISION":1}},
{"type":"Feature","geometry":{"type":"MultiPolygon","coordinates":[[[[-122.903,38.846],[-122.899,38.865],[-122.953,38.878],[-123.252,38.892],[-123.276,38.889],[-123.556,38.819],[-123.51,38.773],[-123.509,38.772],[-122.903,38.846]]],[[[-122.852,38.849],[-122.893,38.863],[-122.897,38.847],[-122.852,38.849]]]]},"properties":{"NAME":"Southern Pomo","SUBJECTO":"Southern Pomo","BORDERPRECISION":1}},
{"type":"Feature","geometry":{"type":"Polygon","coordinates":[[[-74.284,2.893],[-74.295,0.969],[-73.661,1.124],[-73.765,2.437],[-74.284,2.893]]]},"properties":{"NAME":"Tinigua","SUBJECTO":"Tinigua","BORDERPRECISION":1}},
{"type":"Feature","geometry":{"type":"MultiPolygon","coordinates":[[[[-84.894,15.195],[-85.205,15.644],[-85.313,15.67],[-85.238,14.912],[-85.12,15.141],[-84.893,15.193],[-84.894,15.195]]],[[[-84.184,15.649],[-84.177,15.707],[-84.279,15.632],[-84.184,15.649]]]]},"properties":{"NAME":"Pech","SUBJECTO":"Pech","BORDERPRECISION":1}},
{"type":"Feature","geometry":{"type":"Polygon","coordinates":[[[-88.343,30.389],[-87.982,30.594],[-87.954,30.667],[-87.964,30.994],[-87.97,31.027],[-87.954,31.096],[-87.938,31.25],[-87.937,31.303],[-87.902,31.349],[-87.893,31.425],[-87.993,31.567],[-88.059,31.632],[-88.156,31.823],[-88.093,31.939],[-88.095,32.001],[-88.102,32.053],[-88.079,32.076],[-88.02,32.381],[-88.037,32.41],[-88.03,32.43],[-87.943,32.489],[-87.906,32.524],[-87.884,32.524],[-87.823,32.862],[-87.746,32.991],[-87.618,33.056],[-87.651,33.138],[-87.662,33.226],[-87.495,33.386],[-87.495,33.507],[-88.95,33.827],[-89.893,34.195],[-91.075,32.05],[-91.197,31.935],[-91.198,31.932],[-91.563,31.051],[-91.196,30.442],[-91.217,30.39],[-91.22,30.385],[-91.187,30.339],[-91.181,30.339],[-91.166,30.339],[-91.165,30.317],[-91.171,30.317],[-91.084,30.198],[-91.08,30.199],[-90.826,29.988],[-90.763,30.001],[-90.759,30.002],[-90.673,30.033],[-90.626,30.042],[-90.616,30.036],[-90.583,30.038],[-90.558,30.043],[-90.499,30.038],[-90.491,30.034],[-90.471,30.023],[-90.465,30.013],[-90.437,29.991],[-90.41,29.983],[-90.4,29.972],[-90.302,29.95],[-90.141,29.94],[-90.049,29.935],[-90.042,29.94],[-89.953,29.872],[-89.181,29.081],[-88.343,30.389]]]},"properties":{"NAME":"Chahta Yakni (Choctaw)","SUBJECTO":"Chahta Yakni (Choctaw)","BORDERPRECISION":1}},
{"type":"Feature","geometry":{"type":"Polygon","coordinates":[[[-55.508,-12.417],[-55.509,-12.399],[-56.045,-12.377],[-55.508,-12.417]]]},"properties":{"NAME":"Kurâ","SUBJECTO":"Kurâ","BORDERPRECISION":1}},
{"type":"Feature","geometry":{"type":"Polygon","coordinates":[[[-102.501,20.747],[-102.62,21.291],[-102.97,21.167],[-103.104,21.013],[-103.216,20.989],[-103.283,20.961],[-103.293,20.952],[-103.309,20.95],[-103.481,20.84],[-102.501,20.747]]]},"properties":{"NAME":"Tecuexe","SUBJECTO":"Tecuexe","BORDERPRECISION":1}},
{"type":"Feature","geometry":{"type":"MultiPolygon","coordinates":[[[[-76.745,37.183],[-76.71,37.191],[-76.804,37.228],[-76.796,37.21],[-76.745,37.183]]],[[[-76.513,37.226],[-76.666,37.383],[-76.749,37.469],[-76.772,37.49],[-76.775,37.491],[-76.807,37.409],[-76.765,37.322],[-76.582,37.208],[-76.513,37.226]]]]},"properties":{"NAME":"Kiskiack","SUBJECTO":"Kiskiack","BORDERPRECISION":1}},
{"type":"Feature","geometry":{"type":"Polygon","coordinates":[[[-72.449,41.984],[-72.454,41.977],[-72.375,41.908],[-72.449,41.984]]]},"properties":{"NAME":"Podunks","SUBJECTO":"Podunks","BORDERPRECISION":1}},
{"type":"Feature","geometry":{"type":"Polygon","coordinates":[[[-71.177,-9.461],[-70.013,-9.213],[-71.793,-8.028],[-71.894,-8.622],[-71.892,-8.979],[-71.177,-9.461]]]},"properties":{"NAME":"Madija","SUBJECTO":"Madija","BORDERPRECISION":1}},
{"type":"Feature","geometry":{"type":"MultiPolygon","coordinates":[[[[-72.198,-44.101],[-72.59,-44],[-72.239,-44.994],[-72.194,-45.25],[-72.3,-45.513],[-72.351,-45.665],[-72.395,-45.815],[-72.531,-45.927],[-73.935,-47.175],[-74.162,-47.479],[-74.447,-47.777],[-72.541,-52.831],[-71.035,-52.74],[-70.572,-52.691],[-70.463,-52.68],[-70.135,-52.646],[-69.882,-52.622],[-65.776,-47.23],[-65.068,-43.352],[-65.919,-43.43],[-69.052,-43.573],[-71.778,-43.143],[-72.198,-44.101]]],[[[-73.243,-52.574],[-73.27,-52.849],[-72.986,-52.842],[-73.243,-52.574]]],[[[-69.407,-52.566],[-69.439,-52.59],[-69.379,-52.585],[-69.407,-52.566]]]]},"properties":{"NAME":"Aónikenk (Tehuelche)","SUBJECTO":"Aónikenk (Tehuelche)","BORDERPRECISION":1}},
{"type":"Feature","geometry":{"type":"Polygon","coordinates":[[[-118.883,37.148],[-118.646,36.599],[-118.576,36.563],[-118.306,36.591],[-118.368,36.854],[-118.883,37.148]]]},"properties":{"NAME":"Eastern Mono/Monache","SUBJECTO":"Eastern Mono/Monache","BORDERPRECISION":1}},
{"type":"Feature","geometry":{"type":"Polygon","coordinates":[[[-58.672,-6.728],[-55.126,-2.828],[-57.549,-2.402],[-60.642,-5.42],[-58.672,-6.728]]]},"properties":{"NAME":"Sataré-Mawé","SUBJECTO":"Sataré-Mawé","BORDERPRECISION":1}},
{"type":"Feature","geometry":{"type":"Polygon","coordinates":[[[-66.934,7.045],[-67.118,7.243],[-68.806,6.452],[-69.716,7.128],[-71.653,7.18],[-71.614,6.967],[-71.504,6.755],[-71.674,6.562],[-71.685,6.389],[-71.672,6.267],[-71.43,4.883],[-72.111,4.296],[-71.977,3.311],[-71.332,2.895],[-71.036,2.851],[-70.928,2.826],[-68.201,4.568],[-68.201,4.626],[-67.285,6.183],[-67.16,6.44],[-66.943,7.026],[-66.934,7.045]]]},"properties":{"NAME":"Guahibo/Hiwi","SUBJECTO":"Guahibo/Hiwi","BORDERPRECISION":1}},
{"type":"Feature","geometry":{"type":"Polygon","coordinates":[[[-127.531,55.142],[-127.461,54.942],[-127.022,55.479],[-126.932,55.693],[-127.789,56.695],[-127.531,55.142]]]},"properties":{"NAME":"Takla","SUBJECTO":"Takla","BORDERPRECISION":1}},
{"type":"Feature","geometry":{"type":"Polygon","coordinates":[[[-162.59,55.253],[-161.575,55.479],[-161.81,55.783],[-162.59,55.253]]]},"properties":{"NAME":"Unangam Tanangin (Unangax̂ /Aleut)","SUBJECTO":"Unangam Tanangin (Unangax̂ /Aleut)","BORDERPRECISION":1}},
{"type":"Feature","geometry":{"type":"MultiPolygon","coordinates":[[[[-122.897,38.847],[-122.893,38.863],[-122.888,38.888],[-122.885,38.902],[-122.801,38.948],[-122.798,38.948],[-122.774,38.959],[-122.807,39.022],[-122.854,39.033],[-122.857,39.033],[-122.86,39.026],[-122.889,38.905],[-122.893,38.888],[-122.899,38.865],[-122.903,38.846],[-122.897,38.847]]],[[[-122.468,38.373],[-122.437,38.367],[-122.406,38.356],[-122.364,38.333],[-122.289,38.319],[-122.302,38.535],[-122.351,38.564],[-122.384,38.645],[-122.42,38.685],[-122.472,38.692],[-122.509,38.729],[-122.527,38.761],[-122.78,38.835],[-122.796,38.833],[-122.468,38.373]]]]},"properties":{"NAME":"Wappo","SUBJECTO":"Wappo","BORDERPRECISION":1}},
{"type":"Feature","geometry":{"type":"Polygon","coordinates":[[[-66.068,-14.612],[-65.582,-16.112],[-64.774,-15.733],[-65.089,-14.116],[-65.101,-14.138],[-65.517,-14.426],[-66.068,-14.612]]]},"properties":{"NAME":"Mojeño","SUBJECTO":"Mojeño","BORDERPRECISION":1}},
{"type":"Feature","geometry":{"type":"Polygon","coordinates":[[[-77.018,37.814],[-77.099,37.978],[-77.125,38.002],[-77.408,38.098],[-77.437,37.946],[-77.043,37.764],[-77.023,37.788],[-77.018,37.814]]]},"properties":{"NAME":"Mattaponi","SUBJECTO":"Mattaponi","BORDERPRECISION":1}},
{"type":"Feature","geometry":{"type":"MultiPolygon","coordinates":[[[[-76.479,39.719],[-77.565,39.515],[-77.625,39.322],[-77.213,38.882],[-77.203,38.8],[-77.195,38.709],[-77.207,38.619],[-77.227,38.558],[-77.249,38.52],[-76.387,38.339],[-77.148,39.389],[-76.479,39.719]]],[[[-76.137,38.621],[-76.033,38.3],[-75.939,38.787],[-76.034,38.571],[-76.137,38.621]]],[[[-77.273,38.422],[-77.294,38.446],[-77.267,38.409],[-77.247,38.393],[-77.273,38.422]]]]},"properties":{"NAME":"Piscataway","SUBJECTO":"Piscataway","BORDERPRECISION":1}},
{"type":"Feature","geometry":{"type":"Polygon","coordinates":[[[-111.329,25.896],[-111.388,26.149],[-111.413,26.142],[-111.456,26.119],[-111.216,25.672],[-111.329,25.896]]]},"properties":{"NAME":"Monqui","SUBJECTO":"Monqui","BORDERPRECISION":1}},
{"type":"Feature","geometry":{"type":"MultiPolygon","coordinates":[[[[-75.142,3.402],[-75.835,3.463],[-75.922,3.29],[-75.727,2.71],[-75.727,2.698],[-75.996,1.131],[-75.338,2.506],[-75.003,3.118],[-75.142,3.402]]],[[[-75.85,3.46],[-75.899,3.492],[-75.926,3.311],[-75.85,3.46]]]]},"properties":{"NAME":"Nasa","SUBJECTO":"Nasa","BORDERPRECISION":1}},
{"type":"Feature","geometry":{"type":"Polygon","coordinates":[[[-100.232,18.398],[-100.227,18.425],[-101.517,18.049],[-100.268,18.225],[-100.232,18.398]]]},"properties":{"NAME":"Cuitlatec","SUBJECTO":"Cuitlatec","BORDERPRECISION":1}},
{"type":"Feature","geometry":{"type":"Polygon","coordinates":[[[-73.254,-8.88],[-73.254,-8.834],[-73.316,-8.854],[-73.254,-8.88]]]},"properties":{"NAME":"Asheninka","SUBJECTO":"Asheninka","BORDERPRECISION":1}},
{"type":"Feature","geometry":{"type":"Polygon","coordinates":[[[-116.436,33.217],[-116.579,33.248],[-116.662,33.266],[-117.445,33.232],[-117.348,33.02],[-117.264,32.693],[-116.705,31.596],[-116.693,31.572],[-116.585,31.396],[-116.499,31.339],[-116.048,31.675],[-116.436,33.217]]]},"properties":{"NAME":"Kumeyaay","SUBJECTO":"Kumeyaay","BORDERPRECISION":1}},
{"type":"Feature","geometry":{"type":"MultiPolygon","coordinates":[[[[-124.999,49.169],[-125.026,49.135],[-124.657,49.02],[-124.573,49.139],[-124.574,49.145],[-124.578,49.146],[-124.612,49.162],[-124.73,49.242],[-124.865,49.298],[-125.391,49.297],[-125.455,49.302],[-125.494,49.312],[-125.541,49.339],[-125.574,49.411],[-125.538,49.454],[-125.536,49.46],[-125.509,49.48],[-125.568,49.495],[-125.62,49.5],[-125.637,49.502],[-125.698,49.514],[-125.719,49.602],[-125.726,49.629],[-125.804,49.68],[-125.963,49.825],[-126.019,49.845],[-126.438,49.925],[-126.464,49.938],[-126.764,50.105],[-126.845,50.046],[-126.919,50.035],[-125.222,49.168],[-125.091,49.169],[-124.999,49.169]]],[[[-125.196,48.874],[-125.192,48.871],[-125.116,49.024],[-125.196,48.874]]]]},"properties":{"NAME":"nuučaan̓uuɫɁatḥ nism̓a (Nuu-chah-nulth)","SUBJECTO":"nuučaan̓uuɫɁatḥ nism̓a (Nuu-chah-nulth)","BORDERPRECISION":1}},
{"type":"Feature","geometry":{"type":"Polygon","coordinates":[[[-117.619,33.485],[-117.633,33.455],[-117.613,33.436],[-117.503,33.617],[-117.619,33.485]]]},"properties":{"NAME":"Acjachemen (Juaneño)","SUBJECTO":"Acjachemen (Juaneño)","BORDERPRECISION":1}},
{"type":"Feature","geometry":{"type":"Polygon","coordinates":[[[-124.365,40.334],[-124.338,40.306],[-124.171,40.43],[-124.151,40.514],[-123.958,40.737],[-123.869,40.935],[-123.927,40.994],[-123.992,40.987],[-124.407,40.498],[-124.365,40.334]]]},"properties":{"NAME":"Wiyot","SUBJECTO":"Wiyot","BORDERPRECISION":1}},
{"type":"Feature","geometry":{"type":"Polygon","coordinates":[[[-87.428,13.607],[-87.389,13.652],[-87.388,13.654],[-87.092,14.545],[-87.529,14.998],[-88.526,13.797],[-88.801,13.304],[-87.845,13.403],[-87.428,13.607]]]},"properties":{"NAME":"Lenca","SUBJECTO":"Lenca","BORDERPRECISION":1}},
{"type":"Feature","geometry":{"type":"MultiPolygon","coordinates":[[[[-124.132,46.653],[-124.135,46.621],[-123.967,46.59],[-124.144,46.763],[-124.173,46.884],[-124.132,46.653]]],[[[-124.228,47.072],[-124.233,47.026],[-124.222,47.03],[-124.228,47.072]]],[[[-122.304,46.646],[-122.14,46.615],[-122.12,46.682],[-122.304,46.646]]]]},"properties":{"NAME":"Chehalis","SUBJECTO":"Chehalis","BORDERPRECISION":1}},
{"type":"Feature","geometry":{"type":"Polygon","coordinates":[[[-77.213,37.171],[-77.344,37.308],[-77.529,37.298],[-77.594,37.287],[-77.623,37.208],[-77.623,37.195],[-77.215,37.161],[-77.213,37.171]]]},"properties":{"NAME":"Appamattuck","SUBJECTO":"Appamattuck","BORDERPRECISION":1}},
{"type":"Feature","geometry":{"type":"Polygon","coordinates":[[[-63.628,-28.017],[-62.387,-28.401],[-62.2,-25.494],[-63.467,-25.573],[-63.628,-28.017]]]},"properties":{"NAME":"Vilela","SUBJECTO":"Vilela","BORDERPRECISION":1}},
{"type":"Feature","geometry":{"type":"Polygon","coordinates":[[[-71.73,6.264],[-71.685,6.389],[-71.674,6.562],[-71.644,6.755],[-71.614,6.967],[-71.653,7.18],[-71.782,7.447],[-72.456,7.374],[-72.662,6.99],[-72.479,5.961],[-72.412,5.898],[-71.73,6.264]]]},"properties":{"NAME":"U'wa","SUBJECTO":"U'wa","BORDERPRECISION":1}},
{"type":"Feature","geometry":{"type":"Polygon","coordinates":[[[-76.619,37.995],[-76.511,38.057],[-76.51,38.069],[-76.524,38.099],[-76.56,38.132],[-76.708,38.178],[-76.855,38.083],[-76.845,38.069],[-76.832,38.059],[-76.619,37.995]]]},"properties":{"NAME":"Onawmanient","SUBJECTO":"Onawmanient","BORDERPRECISION":1}},
{"type":"Feature","geometry":{"type":"Polygon","coordinates":[[[-70.905,9.642],[-70.999,9.562],[-70.95,9.149],[-70.935,9.133],[-70.257,9.003],[-70.905,9.642]]]},"properties":{"NAME":"Cuica","SUBJECTO":"Cuica","BORDERPRECISION":1}},
{"type":"Feature","geometry":{"type":"Polygon","coordinates":[[[-49.012,-4.644],[-48.997,-5.251],[-48.845,-5.262],[-48.742,-4.708],[-49.012,-4.644]]]},"properties":{"NAME":"Parkatejê","SUBJECTO":"Parkatejê","BORDERPRECISION":1}},
{"type":"Feature","geometry":{"type":"Polygon","coordinates":[[[-120.898,36.371],[-120.901,36.355],[-120.88,36.348],[-120.741,36.431],[-120.898,36.371]]]},"properties":{"NAME":"Chalon","SUBJECTO":"Chalon","BORDERPRECISION":1}},
{"type":"Feature","geometry":{"type":"Polygon","coordinates":[[[-71.63,-12.976],[-70.374,-12.846],[-70.285,-12.573],[-73.193,-11.893],[-73.208,-11.977],[-72.86,-12.332],[-71.63,-12.976]]]},"properties":{"NAME":"Matsigenka","SUBJECTO":"Matsigenka","BORDERPRECISION":1}},
{"type":"Feature","geometry":{"type":"Polygon","coordinates":[[[-123.623,39.935],[-123.763,39.901],[-123.904,39.857],[-123.875,39.822],[-123.551,39.657],[-123.498,39.674],[-123.623,39.935]]]},"properties":{"NAME":"Cahto","SUBJECTO":"Cahto","BORDERPRECISION":1}},
{"type":"Feature","geometry":{"type":"Polygon","coordinates":[[[-78.082,-0.186],[-78.043,-0.136],[-78.05,-0.114],[-78.082,-0.186]]]},"properties":{"NAME":"Kayambi","SUBJECTO":"Kayambi","BORDERPRECISION":1}},
{"type":"Feature","geometry":{"type":"Polygon","coordinates":[[[-59.926,-12.666],[-59.92,-12.67],[-59.64,-12.556],[-59.636,-12.552],[-59.632,-12.549],[-58.919,-12.223],[-58.898,-12.216],[-58.888,-12.217],[-58.94,-12.656],[-58.468,-12.017],[-58.535,-11.977],[-59.167,-11.734],[-59.323,-11.802],[-59.926,-12.666]]]},"properties":{"NAME":"Enawenê-nawê","SUBJECTO":"Enawenê-nawê","BORDERPRECISION":1}},
{"type":"Feature","geometry":{"type":"MultiPolygon","coordinates":[[[[-123.973,48.655],[-124.038,48.665],[-123.975,48.651],[-123.968,48.65],[-123.973,48.655]]],[[[-124.53,49.116],[-124.531,49.112],[-124.518,49.001],[-124.592,48.961],[-124.505,48.991],[-124.516,49.099],[-124.53,49.116]]],[[[-124.072,48.696],[-124.066,48.686],[-124.075,48.712],[-124.072,48.696]]],[[[-124.183,48.742],[-124.189,48.742],[-124.146,48.73],[-124.129,48.725],[-124.086,48.715],[-124.183,48.742]]],[[[-124.547,48.873],[-124.512,48.851],[-124.506,48.848],[-124.554,48.878],[-124.547,48.873]]]]},"properties":{"NAME":"Quw'utsun","SUBJECTO":"Quw'utsun","BORDERPRECISION":1}},
{"type":"Feature","geometry":{"type":"Polygon","coordinates":[[[-58.535,-11.977],[-58.468,-12.017],[-57.916,-12.233],[-57.749,-12.173],[-57.678,-11.223],[-57.743,-11.177],[-58.559,-8.925],[-59.577,-10.478],[-59.001,-11.668],[-58.535,-11.977]]]},"properties":{"NAME":"Rikbaktsá","SUBJECTO":"Rikbaktsá","BORDERPRECISION":1}},
{"type":"Feature","geometry":{"type":"Polygon","coordinates":[[[-111.886,36.402],[-112.441,37.777],[-113.117,36.183],[-113.115,36.181],[-112.493,35.903],[-112.041,35.382],[-111.969,34.992],[-111.954,34.804],[-110.058,33.161],[-109.602,33.149],[-107.378,33.243],[-105.844,34.185],[-105.646,34.708],[-105.417,35.172],[-104.773,35.828],[-105.05,36.152],[-111.886,36.402]]]},"properties":{"NAME":"Pueblos","SUBJECTO":"Pueblos","BORDERPRECISION":1}},
{"type":"Feature","geometry":{"type":"Polygon","coordinates":[[[-59.408,-14.725],[-58.94,-12.656],[-58.888,-12.217],[-58.919,-12.223],[-59.632,-12.549],[-59.64,-12.556],[-59.92,-12.67],[-60.921,-12.431],[-60.92,-12.431],[-60.863,-12.634],[-60.863,-12.635],[-60.381,-13.955],[-59.408,-14.725]]]},"properties":{"NAME":"Nambikwara","SUBJECTO":"Nambikwara","BORDERPRECISION":1}},
{"type":"Feature","geometry":{"type":"Polygon","coordinates":[[[-38.852,-10.401],[-38.773,-10.497],[-38.721,-10.455],[-38.774,-10.365],[-38.852,-10.401]]]},"properties":{"NAME":"Kaimbé","SUBJECTO":"Kaimbé","BORDERPRECISION":1}},
{"type":"Feature","geometry":{"type":"MultiPolygon","coordinates":[[[[-130.151,56.58],[-130.033,56.576],[-129.368,56.571],[-130.1,56.617],[-130.693,56.38],[-130.151,56.58]]],[[[-128.701,56.858],[-128.792,56.828],[-128.185,56.763],[-128.701,56.858]]]]},"properties":{"NAME":"Tāłtān Konelīne (Tahltan)","SUBJECTO":"Tāłtān Konelīne (Tahltan)","BORDERPRECISION":1}},
{"type":"Feature","geometry":{"type":"Polygon","coordinates":[[[-45.389,-5.966],[-45.481,-5.957],[-45.843,-6.063],[-45.463,-6.424],[-45.389,-5.966]]]},"properties":{"NAME":"Canela Apanyekrá","SUBJECTO":"Canela Apanyekrá","BORDERPRECISION":1}},
{"type":"Feature","geometry":{"type":"Polygon","coordinates":[[[-71.036,2.851],[-71.332,2.895],[-71.034,2.178],[-70.994,2.484],[-71.036,2.851]]]},"properties":{"NAME":"Nükak Makü","SUBJECTO":"Nükak Makü","BORDERPRECISION":1}},
{"type":"Feature","geometry":{"type":"Polygon","coordinates":[[[-50.311,-3.195],[-50.237,-3.483],[-50.051,-3.462],[-50.076,-3.099],[-50.311,-3.195]]]},"properties":{"NAME":"Anambé","SUBJECTO":"Anambé","BORDERPRECISION":1}},
{"type":"Feature","geometry":{"type":"Polygon","coordinates":[[[-57.227,-15.097],[-56.465,-13.596],[-59.044,-13.997],[-57.227,-15.097]]]},"properties":{"NAME":"Halíti","SUBJECTO":"Halíti","BORDERPRECISION":1}},
{"type":"Feature","geometry":{"type":"Polygon","coordinates":[[[-90.897,13.937],[-90.069,13.73],[-89.789,14.038],[-89.77,14.042],[-90.656,14.441],[-90.961,13.94],[-90.897,13.937]]]},"properties":{"NAME":"Xinca","SUBJECTO":"Xinca","BORDERPRECISION":1}},
{"type":"Feature","geometry":{"type":"Polygon","coordinates":[[[-121.218,47.494],[-121.07,47.763],[-121.122,47.884],[-121.147,47.985],[-121.189,47.996],[-121.282,47.995],[-121.295,47.972],[-121.218,47.494]]]},"properties":{"NAME":"Tulalip","SUBJECTO":"Tulalip","BORDERPRECISION":1}},
{"type":"Feature","geometry":{"type":"Polygon","coordinates":[[[-60.511,-10.605],[-60.523,-10.742],[-59.323,-11.802],[-59.167,-11.734],[-59.001,-11.668],[-59.577,-10.478],[-60.511,-10.605]]]},"properties":{"NAME":"Matetamãe/Cinta Larga","SUBJECTO":"Matetamãe/Cinta Larga","BORDERPRECISION":1}},
{"type":"Feature","geometry":null,"properties":{"NAME":"Cow Creek Umpqua","SUBJECTO":"Cow Creek Umpqua","BORDERPRECISION":1}},
{"type":"Feature","geometry":{"type":"Polygon","coordinates":[[[-51.654,-3.697],[-51.569,-3.659],[-51.618,-3.573],[-51.654,-3.697]]]},"properties":{"NAME":"Arara of Volta Grande","SUBJECTO":"Arara of Volta Grande","BORDERPRECISION":1}},
{"type":"Feature","geometry":{"type":"Polygon","coordinates":[[[-80.15,33.676],[-79.95,33.736],[-80.481,33.867],[-80.483,33.851],[-80.425,33.785],[-80.15,33.676]]]},"properties":{"NAME":"Wateree","SUBJECTO":"Wateree","BORDERPRECISION":1}},
{"type":"Feature","geometry":{"type":"Polygon","coordinates":[[[-118.604,34.948],[-117.911,34.798],[-117.796,34.992],[-118.522,35.112],[-118.604,34.948]]]},"properties":{"NAME":"Kitanemuk","SUBJECTO":"Kitanemuk","BORDERPRECISION":1}},
{"type":"Feature","geometry":{"type":"Polygon","coordinates":[[[-74.775,54.75],[-70.202,54.504],[-68.796,55.07],[-74.775,54.75]]]},"properties":{"NAME":"Nunavik","SUBJECTO":"Nunavik","BORDERPRECISION":1}},
{"type":"Feature","geometry":{"type":"Polygon","coordinates":[[[-120.287,67.489],[-120.905,67.626],[-121.937,67.639],[-117.493,66.665],[-120.287,67.489]]]},"properties":{"NAME":"Sahtu Dene and Metis","SUBJECTO":"Sahtu Dene and Metis","BORDERPRECISION":1}},
{"type":"Feature","geometry":{"type":"Polygon","coordinates":[[[-62.016,-28.952],[-62.483,-28.926],[-63.524,-29.638],[-63.558,-29.703],[-62.683,-31.488],[-62.242,-31.321],[-62.016,-28.952]]]},"properties":{"NAME":"Sanavirones","SUBJECTO":"Sanavirones","BORDERPRECISION":1}},
{"type":"Feature","geometry":{"type":"MultiPolygon","coordinates":[[[[-57.645,-8.262],[-57.144,-8.477],[-57.554,-8.262],[-57.645,-8.262]]],[[[-58.593,-7.575],[-58.559,-8.925],[-57.743,-11.177],[-58.06,-8.256],[-58.593,-7.575]]]]},"properties":{"NAME":"Apiaká","SUBJECTO":"Apiaká","BORDERPRECISION":1}},
{"type":"Feature","geometry":{"type":"Polygon","coordinates":[[[-117.535,47.195],[-118.005,47.346],[-118.769,47.058],[-119.071,47.006],[-118.13,46.592],[-117.215,46.534],[-116.898,46.849],[-117.535,47.195]]]},"properties":{"NAME":"Palouse","SUBJECTO":"Palouse","BORDERPRECISION":1}},
{"type":"Feature","geometry":{"type":"Polygon","coordinates":[[[-46.257,-2.859],[-46.373,-2.475],[-46.564,-2.266],[-46.931,-2.049],[-47.074,-3.003],[-46.257,-2.859]]]},"properties":{"NAME":"Tenetehara (Tembé)","SUBJECTO":"Tenetehara (Tembé)","BORDERPRECISION":1}},
{"type":"Feature","geometry":{"type":"Polygon","coordinates":[[[-52.782,-13.145],[-52.79,-12.854],[-53.031,-13.03],[-53.087,-13.333],[-52.782,-13.145]]]},"properties":{"NAME":"Kalapalo","SUBJECTO":"Kalapalo","BORDERPRECISION":1}},
{"type":"Feature","geometry":{"type":"Polygon","coordinates":[[[-124.306,42.055],[-124.171,41.646],[-124.132,41.623],[-124.075,41.662],[-124.066,41.662],[-124.036,41.66],[-124.003,41.648],[-123.955,41.609],[-123.84,41.528],[-123.792,41.545],[-123.763,41.558],[-123.731,41.572],[-123.685,41.653],[-123.684,41.664],[-123.672,41.719],[-123.637,41.855],[-123.543,41.946],[-123.416,41.85],[-123.367,41.758],[-123.137,41.499],[-123.457,41.166],[-123.451,41.07],[-122.937,41.056],[-122.932,41.062],[-122.918,41.074],[-122.917,41.075],[-122.868,41.12],[-122.808,41.176],[-122.614,41.213],[-122.576,41.176],[-122.568,41.161],[-122.21,41.015],[-122.146,41.082],[-122.057,41.199],[-122.065,41.269],[-122.031,42.275],[-122.03,42.281],[-121.957,42.556],[-121.865,42.879],[-121.86,42.915],[-121.793,43.22],[-121.651,43.528],[-121.611,43.572],[-121.588,43.627],[-121.587,43.633],[-121.583,43.658],[-121.578,43.66],[-121.565,43.666],[-121.543,43.674],[-121.538,43.676],[-121.495,43.713],[-121.492,43.728],[-121.49,43.748],[-121.485,43.755],[-121.461,43.789],[-121.46,43.791],[-121.455,43.889],[-121.452,43.894],[-121.448,43.899],[-121.445,43.904],[-121.443,43.911],[-121.432,43.929],[-121.421,43.941],[-121.418,43.95],[-121.418,43.951],[-121.416,43.957],[-121.413,43.965],[-121.409,43.972],[-121.407,43.976],[-121.391,43.991],[-121.375,44.001],[-121.359,44.013],[-121.358,44.014],[-121.347,44.021],[-121.345,44.023],[-121.337,44.029],[-121.335,44.03],[-121.33,44.035],[-121.324,44.042],[-121.318,44.048],[-121.315,44.061],[-121.324,44.096],[-121.33,44.13],[-121.329,44.134],[-121.327,44.142],[-121.326,44.146],[-121.322,44.157],[-121.322,44.16],[-121.321,44.163],[-121.317,44.17],[-121.305,44.184],[-121.296,44.193],[-121.279,44.202],[-121.275,44.205],[-121.257,44.224],[-121.25,44.243],[-121.25,44.25],[-121.25,44.265],[-121.235,44.297],[-121.245,44.314],[-121.268,44.339],[-121.283,44.357],[-121.295,44.397],[-121.314,44.427],[-121.315,44.429],[-121.332,44.46],[-121.328,44.475],[-121.321,44.493],[-121.317,44.501],[-121.287,44.546],[-121.277,44.565],[-121.28,44.597],[-121.28,44.598],[-121.279,44.62],[-121.249,44.672],[-121.246,44.718],[-121.237,44.74],[-121.211,44.771],[-121.151,44.792],[-121.126,44.8],[-121.063,44.861],[-121.065,44.898],[-121.058,45.503],[-121.072,45.615],[-121.571,46.706],[-122.756,46.36],[-123.088,46.362],[-123.124,46.367],[-123.431,46.403],[-123.515,46.41],[-123.631,46.417],[-123.87,46.418],[-123.907,46.416],[-124.123,46.343],[-124.215,44.51],[-124.248,43.84],[-124.473,43.258],[-124.603,42.855],[-124.582,42.729],[-124.509,42.586],[-124.494,42.459],[-124.306,42.055]]]},"properties":{"NAME":"Confederated Tribes of Siletz Indians","SUBJECTO":"Confederated Tribes of Siletz Indians","BORDERPRECISION":1}},
{"type":"Feature","geometry":{"type":"Polygon","coordinates":[[[-51.742,3.85],[-51.77,3.368],[-51.334,3.151],[-51.203,3.602],[-51.742,3.85]]]},"properties":{"NAME":"Parikwene","SUBJECTO":"Parikwene","BORDERPRECISION":1}},
{"type":"Feature","geometry":{"type":"Polygon","coordinates":[[[-120.372,41.574],[-122.063,41.274],[-122.052,41.264],[-122.015,40.9],[-121.995,40.879],[-121.959,40.839],[-121.916,40.788],[-121.575,40.513],[-121.508,40.491],[-121.422,40.469],[-121.311,40.479],[-121.271,40.496],[-121.018,40.502],[-120.861,40.475],[-120.695,40.469],[-120.595,40.51],[-120.576,40.559],[-120.471,40.58],[-120.454,40.581],[-120.372,41.574]]]},"properties":{"NAME":"Pit River","SUBJECTO":"Pit River","BORDERPRECISION":1}},
{"type":"Feature","geometry":{"type":"Polygon","coordinates":[[[-65.028,-11.943],[-64.892,-11.99],[-64.612,-11.131],[-64.967,-10.177],[-65.427,-10.487],[-65.028,-11.943]]]},"properties":{"NAME":"Wari’","SUBJECTO":"Wari’","BORDERPRECISION":1}},
{"type":"Feature","geometry":{"type":"MultiPolygon","coordinates":[[[[-123.985,50.474],[-123.995,50.445],[-123.958,50.419],[-123.942,50.44],[-123.941,50.449],[-123.985,50.474]]],[[[-123.275,50.107],[-123.488,50.209],[-123.495,50.22],[-123.712,50.363],[-123.782,50.373],[-123.816,50.384],[-123.831,50.387],[-123.937,50.404],[-123.275,50.107]]]]},"properties":{"NAME":"Skwxwú7mesh-ulh Temíx̱w (Squamish)","SUBJECTO":"Skwxwú7mesh-ulh Temíx̱w (Squamish)","BORDERPRECISION":1}},
{"type":"Feature","geometry":{"type":"Polygon","coordinates":[[[-122.052,49.477],[-122.124,49.482],[-122.108,49.474],[-122.052,49.477]]]},"properties":{"NAME":"S’ólh Téméxw (Stó:lō)","SUBJECTO":"S’ólh Téméxw (Stó:lō)","BORDERPRECISION":1}},
{"type":"Feature","geometry":{"type":"Polygon","coordinates":[[[-72.545,7.641],[-72.456,7.374],[-71.782,7.447],[-70.257,9.003],[-70.935,9.133],[-70.971,9.118],[-71.585,8.808],[-72.545,7.641]]]},"properties":{"NAME":"Timotes","SUBJECTO":"Timotes","BORDERPRECISION":1}},
{"type":"Feature","geometry":{"type":"Polygon","coordinates":[[[-128.525,53.284],[-128.522,53.292],[-128.597,53.311],[-128.525,53.284]]]},"properties":{"NAME":"Gitxaała","SUBJECTO":"Gitxaała","BORDERPRECISION":1}},
{"type":"Feature","geometry":{"type":"MultiPolygon","coordinates":[[[[-67.047,6.356],[-67.009,6.085],[-66.807,6.175],[-66.733,6.364],[-66.9,6.981],[-66.943,7.026],[-67.16,6.44],[-67.047,6.356]]],[[[-67.118,7.243],[-69.716,7.128],[-68.806,6.452],[-67.118,7.243]]]]},"properties":{"NAME":"Yaruro/Pumé","SUBJECTO":"Yaruro/Pumé","BORDERPRECISION":1}},
{"type":"Feature","geometry":{"type":"Polygon","coordinates":[[[-65.025,-12.99],[-65.49,-12.538],[-66.291,-12.658],[-66.441,-12.79],[-66.67,-13.538],[-65.517,-14.426],[-65.101,-14.138],[-65.095,-14.066],[-65.025,-12.99]]]},"properties":{"NAME":"Movima","SUBJECTO":"Movima","BORDERPRECISION":1}},
{"type":"Feature","geometry":{"type":"MultiPolygon","coordinates":[[[[-110.187,72.539],[-117.478,69.953],[-113.32,70.06],[-110.215,70.324],[-110.187,72.539]]],[[[-109.863,75.631],[-109.93,74.945],[-109.863,75.251],[-109.863,75.631]]],[[[-120.872,69.574],[-133.722,69.507],[-136.582,68.186],[-136.582,68.04],[-136.582,68.028],[-136.538,68.008],[-136.433,68.008],[-133.895,68.011],[-130.244,68.068],[-128.613,68.073],[-125.419,68.073],[-121.127,68.183],[-120.872,69.574]]]]},"properties":{"NAME":"Inuvialuit","SUBJECTO":"Inuvialuit","BORDERPRECISION":1}},
{"type":"Feature","geometry":{"type":"MultiPolygon","coordinates":[[[[-121.38,37.992],[-121.576,37.983],[-122.034,38.064],[-122.355,38.128],[-122.359,38.128],[-122.368,38.131],[-122.403,38.138],[-122.437,38.103],[-122.449,38.012],[-122.448,37.999],[-122.432,37.989],[-122.145,37.884],[-121.38,37.992]]],[[[-122.47,37.835],[-122.508,37.811],[-122.523,37.805],[-122.575,37.742],[-122.569,37.683],[-122.569,37.681],[-122.569,37.679],[-122.563,37.621],[-122.458,37.827],[-122.47,37.835]]]]},"properties":{"NAME":"Muwekma","SUBJECTO":"Muwekma","BORDERPRECISION":1}},
{"type":"Feature","geometry":{"type":"Polygon","coordinates":[[[-125.045,48.955],[-125.028,48.95],[-125.021,48.952],[-125.045,48.955]]]},"properties":{"NAME":"Uchucklesaht","SUBJECTO":"Uchucklesaht","BORDERPRECISION":1}},
{"type":"Feature","geometry":{"type":"MultiPolygon","coordinates":[[[[-129.995,55.273],[-129.993,55.27],[-129.989,55.278],[-130.059,56.056],[-130.195,56.104],[-130.199,56.105],[-130.31,56.131],[-130.619,56.278],[-130.693,56.38],[-130.1,56.617],[-129.368,56.571],[-128.792,56.828],[-128.701,56.858],[-128.185,56.763],[-127.789,56.695],[-126.932,55.693],[-127.022,55.479],[-127.461,54.942],[-127.561,54.79],[-127.562,54.788],[-127.597,54.724],[-127.62,54.659],[-127.711,54.4],[-127.829,54.239],[-127.888,54.155],[-127.633,53.536],[-127.611,53.522],[-127.55,53.483],[-127.518,53.461],[-127.484,53.434],[-127.283,53.291],[-126.914,53.156],[-126.707,53.049],[-126.531,52.907],[-126.069,52.738],[-126.022,52.724],[-125.957,52.679],[-126.253,52.34],[-126.064,52.14],[-125.932,51.908],[-125.809,52.05],[-125.546,51.954],[-125.487,51.937],[-125.481,51.935],[-124.84,51.504],[-124.838,51.501],[-124.819,51.402],[-124.822,51.369],[-124.81,51.291],[-124.805,51.283],[-124.796,51.283],[-124.649,51.35],[-124.058,51.013],[-123.617,50.96],[-123.579,50.706],[-122.95,50.677],[-121.575,50.794],[-121.169,51.079],[-120.114,52.629],[-119.406,53.057],[-119.324,53.123],[-119.805,54.186],[-112.726,58.381],[-107.43,54.928],[-102.603,57.849],[-94.455,58.738],[-94.378,60.79],[-101.208,64.231],[-109.418,65.053],[-117.493,66.665],[-121.937,67.639],[-125.419,68.073],[-128.613,68.073],[-129.919,67.942],[-130.169,67.917],[-133.96,67.701],[-134.479,67.683],[-134.631,67.677],[-135.138,67.659],[-148.787,68.88],[-154.056,68.547],[-158.828,64.933],[-158.206,63.712],[-157.575,62.816],[-157.435,62.639],[-156.835,61.834],[-155.94,60.555],[-155.516,60.053],[-154.454,59.107],[-154.371,59.083],[-154.172,59.062],[-151.865,59.191],[-151.662,59.191],[-151.605,59.191],[-151.466,59.205],[-151.314,59.273],[-148.99,60.454],[-148.832,60.558],[-148.474,60.865],[-148.467,60.877],[-148.306,61.086],[-148.12,61.237],[-148.068,61.28],[-147.919,61.317],[-147.068,61.477],[-145.722,61.454],[-145.316,60.855],[-145.654,60.618],[-145.755,60.574],[-145.89,60.515],[-134.123,58.239],[-130.164,55.087],[-130.014,55.255],[-129.995,55.273]]],[[[-132.621,55.751],[-133.093,55.447],[-132.664,55.614],[-132.621,55.751]]]]},"properties":{"NAME":"Dënéndeh","SUBJECTO":"Dënéndeh","BORDERPRECISION":1}},
{"type":"Feature","geometry":{"type":"Polygon","coordinates":[[[-49.951,-10.021],[-50.594,-9.133],[-51.555,-10.513],[-50.599,-10.675],[-49.951,-10.021]]]},"properties":{"NAME":"Apyãwa","SUBJECTO":"Apyãwa","BORDERPRECISION":1}},
{"type":"Feature","geometry":{"type":"MultiPolygon","coordinates":[[[[-76.726,37.531],[-76.406,37.452],[-76.627,37.568],[-76.726,37.531]]],[[[-76.786,37.55],[-76.801,37.513],[-76.775,37.491],[-76.772,37.49],[-76.76,37.483],[-76.749,37.469],[-76.666,37.383],[-76.342,37.251],[-76.763,37.536],[-76.786,37.55]]]]},"properties":{"NAME":"Werowocomoco","SUBJECTO":"Werowocomoco","BORDERPRECISION":1}},
{"type":"Feature","geometry":{"type":"MultiPolygon","coordinates":[[[[-124.951,51.296],[-124.822,51.369],[-124.819,51.402],[-124.838,51.501],[-124.84,51.504],[-125.189,51.498],[-125.19,51.32],[-125.189,51.319],[-125.196,51.309],[-125.195,51.272],[-124.951,51.296]]],[[[-124.805,51.283],[-124.81,51.291],[-124.822,51.285],[-124.805,51.283]]],[[[-124.495,51.109],[-124.195,51.035],[-124.327,51.133],[-124.39,51.138],[-124.384,51.176],[-124.649,51.35],[-124.796,51.283],[-124.495,51.109]]]]},"properties":{"NAME":"Homalco","SUBJECTO":"Homalco","BORDERPRECISION":1}},
{"type":"Feature","geometry":{"type":"MultiPolygon","coordinates":[[[[-122.913,41.064],[-122.911,41.047],[-122.909,41.045],[-122.913,41.064]]],[[[-122.917,41.075],[-122.918,41.074],[-122.916,41.071],[-122.917,41.075]]]]},"properties":{"NAME":"Nom Sus Wintu","SUBJECTO":"Nom Sus Wintu","BORDERPRECISION":1}},
{"type":"Feature","geometry":{"type":"Polygon","coordinates":[[[-112.676,46.735],[-113.895,46.362],[-113.26,45.957],[-111.478,45.748],[-111.399,45.939],[-112.676,46.735]]]},"properties":{"NAME":"Salish Kootenai (Flathead)","SUBJECTO":"Salish Kootenai (Flathead)","BORDERPRECISION":1}},
{"type":"Feature","geometry":{"type":"Polygon","coordinates":[[[-79.966,38.491],[-79.678,38.619],[-79.645,38.763],[-80.035,38.748],[-79.966,38.491]]]},"properties":{"NAME":"Calicuas","SUBJECTO":"Calicuas","BORDERPRECISION":1}},
{"type":"Feature","geometry":{"type":"Polygon","coordinates":[[[-121.644,38.765],[-121.662,38.769],[-121.666,38.782],[-121.761,38.924],[-121.955,39.28],[-121.943,39.345],[-121.95,39.46],[-122.104,39.461],[-122.241,39.461],[-122.521,39.448],[-122.529,39.415],[-122.531,39.411],[-122.54,39.409],[-122.668,39.39],[-122.761,39.373],[-122.783,39.368],[-122.843,39.303],[-122.753,39.162],[-122.723,39.142],[-122.703,39.127],[-122.612,39.058],[-122.585,39.037],[-122.532,38.984],[-122.527,38.761],[-122.509,38.729],[-122.42,38.685],[-122.384,38.645],[-122.302,38.535],[-122.289,38.319],[-122.354,38.297],[-122.366,38.204],[-122.361,38.165],[-122.358,38.143],[-122.355,38.128],[-122.034,38.064],[-121.96,38.054],[-121.531,38.53],[-121.589,38.644],[-121.609,38.714],[-121.644,38.765]]]},"properties":{"NAME":"Patwin","SUBJECTO":"Patwin","BORDERPRECISION":1}},
{"type":"Feature","geometry":{"type":"Polygon","coordinates":[[[-52.979,-9.902],[-52.967,-9.903],[-52.521,-6.929],[-52.525,-6.93],[-54.511,-8.831],[-53.83,-9.651],[-52.979,-9.902]]]},"properties":{"NAME":"Mebêngôkre (Kayapó)","SUBJECTO":"Mebêngôkre (Kayapó)","BORDERPRECISION":1}},
{"type":"Feature","geometry":{"type":"MultiPolygon","coordinates":[[[[-121.586,43.633],[-121.583,43.658],[-121.587,43.633],[-121.586,43.633]]],[[[-121.588,43.627],[-121.611,43.572],[-121.651,43.528],[-121.793,43.22],[-121.615,43.358],[-121.587,43.628],[-121.588,43.627]]]]},"properties":{"NAME":"Molalla","SUBJECTO":"Molalla","BORDERPRECISION":1}},
{"type":"Feature","geometry":{"type":"MultiPolygon","coordinates":[[[[-61.981,-11.822],[-62.274,-11.719],[-62.514,-11.799],[-62.124,-11.912],[-61.981,-11.822]]],[[[-62.76,-12.007],[-62.582,-12.331],[-62.566,-12.327],[-62.67,-11.919],[-62.76,-12.007]]]]},"properties":{"NAME":"Djeoromitxí","SUBJECTO":"Djeoromitxí","BORDERPRECISION":1}},
{"type":"Feature","geometry":{"type":"Polygon","coordinates":[[[-59.123,-24.392],[-59.102,-24.389],[-59.219,-24.057],[-59.31,-23.898],[-59.722,-23.659],[-59.998,-24.05],[-59.123,-24.392]]]},"properties":{"NAME":"Maká","SUBJECTO":"Maká","BORDERPRECISION":1}},
{"type":"Feature","geometry":{"type":"Polygon","coordinates":[[[-117.709,33.529],[-117.633,33.455],[-117.619,33.485],[-117.38,33.772],[-117.288,34.074],[-118.14,34.461],[-118.348,34.414],[-118.48,33.922],[-117.709,33.529]]]},"properties":{"NAME":"Kizh","SUBJECTO":"Kizh","BORDERPRECISION":1}},
{"type":"Feature","geometry":{"type":"Polygon","coordinates":[[[-78.866,36.571],[-78.861,37.015],[-79.704,37.266],[-80.087,36.003],[-79.878,35.968],[-79.473,35.923],[-78.866,36.571]]]},"properties":{"NAME":"Sappony","SUBJECTO":"Sappony","BORDERPRECISION":1}},
{"type":"Feature","geometry":{"type":"Polygon","coordinates":[[[-123.509,38.772],[-123.51,38.773],[-123.529,38.768],[-123.527,38.766],[-123.509,38.772]]]},"properties":{"NAME":"Kashaya","SUBJECTO":"Kashaya","BORDERPRECISION":1}},
{"type":"Feature","geometry":{"type":"MultiPolygon","coordinates":[[[[-83.403,41.84],[-83.19,42.021],[-84.07,42.065],[-84.543,41.959],[-83.731,41.862],[-83.403,41.84]]],[[[-82.484,41.96],[-81.989,42.238],[-81.967,42.299],[-82.593,42.003],[-82.484,41.96]]]]},"properties":{"NAME":"Myaamia","SUBJECTO":"Myaamia","BORDERPRECISION":1}},
{"type":"Feature","geometry":{"type":"Polygon","coordinates":[[[-60.863,-12.634],[-61.051,-12.664],[-61.232,-12.579],[-61.252,-12.703],[-60.863,-12.635],[-60.863,-12.634]]]},"properties":{"NAME":"Aikanã","SUBJECTO":"Aikanã","BORDERPRECISION":1}},
{"type":"Feature","geometry":{"type":"MultiPolygon","coordinates":[[[[-79.746,-5.765],[-80.891,-6.258],[-78.192,-9.87],[-79.746,-5.765]]],[[[-72.86,-12.332],[-73.208,-11.977],[-73.404,-11.776],[-73.425,-11.76],[-75.047,-10.537],[-75.641,-10.118],[-72.86,-12.332]]],[[[-77.756,-10.665],[-75.231,-15.222],[-74.05,-16.045],[-72.668,-16.698],[-72.303,-16.174],[-74.259,-15.844],[-75.452,-14.36],[-77.756,-10.665]]]]},"properties":{"NAME":"Wari","SUBJECTO":"Wari","BORDERPRECISION":1}},
{"type":"Feature","geometry":{"type":"Polygon","coordinates":[[[-80.521,35.547],[-80.534,35.881],[-81.557,35.873],[-81.837,35.581],[-80.703,34.1],[-80.668,34.137],[-80.506,35.079],[-80.479,35.225],[-80.521,35.547]]]},"properties":{"NAME":"Catawba","SUBJECTO":"Catawba","BORDERPRECISION":1}},
{"type":"Feature","geometry":{"type":"Polygon","coordinates":[[[-89.628,14.394],[-89.652,14.754],[-90.467,14.725],[-90.589,14.624],[-90.618,14.562],[-90.656,14.441],[-89.77,14.042],[-89.616,13.998],[-89.628,14.394]]]},"properties":{"NAME":"Poqomam","SUBJECTO":"Poqomam","BORDERPRECISION":1}},
{"type":"Feature","geometry":{"type":"MultiPolygon","coordinates":[[[[-122.194,40.377],[-122.194,40.535],[-122.231,40.46],[-122.194,40.377]]],[[[-122.198,40.282],[-122.212,40.327],[-122.212,40.324],[-122.198,40.282]]],[[[-122.212,40.273],[-122.212,40.272],[-122.204,40.278],[-122.212,40.273]]],[[[-122.18,40.634],[-122.145,40.661],[-122.145,40.662],[-122.18,40.634]]],[[[-121.997,40.842],[-121.998,40.842],[-121.998,40.828],[-121.997,40.842]]]]},"properties":{"NAME":"Dau Pom Wintu","SUBJECTO":"Dau Pom Wintu","BORDERPRECISION":1}},
{"type":"Feature","geometry":{"type":"Polygon","coordinates":[[[-66.079,-12.503],[-65.614,-12.419],[-65.452,-11.835],[-66.079,-12.503]]]},"properties":{"NAME":"No'iria","SUBJECTO":"No'iria","BORDERPRECISION":1}},
{"type":"Feature","geometry":{"type":"MultiPolygon","coordinates":[[[[-69.696,-1.563],[-69.547,-1.643],[-69.389,-1.507],[-69.696,-1.563]]],[[[-72.249,-0.414],[-72.171,-0.427],[-72.136,-0.44],[-72.127,-0.443],[-71.242,-0.767],[-71.229,-0.768],[-72.184,-0.418],[-72.227,-0.389],[-71.736,0.322],[-72.364,1.043],[-73.1,0.795],[-72.908,-0.175],[-72.68,-0.22],[-72.663,-0.217],[-72.633,-0.223],[-72.249,-0.414]]],[[[-69.398,-1.092],[-69.412,-1.062],[-69.432,-1.023],[-69.448,-0.999],[-69.554,-0.952],[-69.398,-1.092]]],[[[-69.385,-1.494],[-69.388,-1.36],[-69.398,-1.247],[-69.385,-1.494]]]]},"properties":{"NAME":"Karijona","SUBJECTO":"Karijona","BORDERPRECISION":1}},
{"type":"Feature","geometry":{"type":"Polygon","coordinates":[[[-145.522,60.78],[-145.654,60.618],[-145.316,60.855],[-145.425,60.865],[-145.522,60.78]]]},"properties":{"NAME":"Eyak","SUBJECTO":"Eyak","BORDERPRECISION":1}},
{"type":"Feature","geometry":{"type":"MultiPolygon","coordinates":[[[[-71.397,41.763],[-71.5,41.714],[-71.405,41.738],[-71.397,41.763]]],[[[-70.743,42.264],[-70.749,42.272],[-70.789,42.291],[-70.743,42.264]]]]},"properties":{"NAME":"Pokanoket","SUBJECTO":"Pokanoket","BORDERPRECISION":1}},
{"type":"Feature","geometry":{"type":"Polygon","coordinates":[[[-81.454,30.373],[-81.486,30.572],[-83.629,30.104],[-81.454,30.373]]]},"properties":{"NAME":"Timucua","SUBJECTO":"Timucua","BORDERPRECISION":1}},
{"type":"Feature","geometry":{"type":"MultiPolygon","coordinates":[[[[-124.6,48.37],[-124.634,48.379],[-124.727,48.158],[-124.457,48.121],[-124.386,48.106],[-124.544,48.353],[-124.548,48.355],[-124.572,48.368],[-124.581,48.37],[-124.6,48.37]]],[[[-124.374,48.099],[-124.373,48.098],[-124.323,48.085],[-124.328,48.094],[-124.374,48.099]]]]},"properties":{"NAME":"Makah","SUBJECTO":"Makah","BORDERPRECISION":1}},
{"type":"Feature","geometry":{"type":"MultiPolygon","coordinates":[[[[-66.112,-54.642],[-69.379,-52.585],[-69.439,-52.59],[-70.67,-54.795],[-70.204,-54.852],[-66.112,-54.642]]],[[[-70.905,-53.234],[-70.871,-53.134],[-71.526,-53.846],[-70.905,-53.234]]],[[[-70.572,-52.691],[-70.613,-52.732],[-70.463,-52.68],[-70.572,-52.691]]]]},"properties":{"NAME":"Selk'nam","SUBJECTO":"Selk'nam","BORDERPRECISION":1}},
{"type":"Feature","geometry":{"type":"MultiPolygon","coordinates":[[[[-123.869,48.567],[-123.826,48.473],[-123.792,48.475],[-123.869,48.567]]],[[[-123.968,48.65],[-123.975,48.651],[-123.89,48.585],[-123.968,48.65]]],[[[-124.129,48.725],[-124.072,48.696],[-124.075,48.712],[-124.086,48.715],[-124.129,48.725]]],[[[-124.192,48.734],[-124.146,48.73],[-124.189,48.742],[-124.207,48.742],[-124.192,48.734]]]]},"properties":{"NAME":"Á,LEṈENEȻ ȽTE (W̱SÁNEĆ)","SUBJECTO":"Á,LEṈENEȻ ȽTE (W̱SÁNEĆ)","BORDERPRECISION":1}},
{"type":"Feature","geometry":{"type":"MultiPolygon","coordinates":[[[[-66.696,-7.007],[-66.619,-6.973],[-66.571,-6.815],[-66.696,-7.007]]],[[[-66.803,-7.159],[-66.718,-7.112],[-66.732,-7.069],[-66.803,-7.159]]]]},"properties":{"NAME":"Deni","SUBJECTO":"Deni","BORDERPRECISION":1}},
{"type":"Feature","geometry":{"type":"Polygon","coordinates":[[[-67.278,5.451],[-67.009,6.085],[-67.047,6.356],[-67.16,6.44],[-67.285,6.183],[-67.278,5.451]]]},"properties":{"NAME":"Tsase/Piapoco","SUBJECTO":"Tsase/Piapoco","BORDERPRECISION":1}},
{"type":"Feature","geometry":{"type":"Polygon","coordinates":[[[-62.527,-13.913],[-63.386,-13.653],[-63.159,-14.493],[-62.802,-14.415],[-62.527,-13.913]]]},"properties":{"NAME":"Baure","SUBJECTO":"Baure","BORDERPRECISION":1}},
{"type":"Feature","geometry":{"type":"Polygon","coordinates":[[[-72.946,41.755],[-72.92,41.757],[-72.944,41.766],[-73.071,41.786],[-73.054,41.743],[-72.946,41.755]]]},"properties":{"NAME":"Paugussett","SUBJECTO":"Paugussett","BORDERPRECISION":1}},
{"type":"Feature","geometry":{"type":"MultiPolygon","coordinates":[[[[-132.661,55.465],[-132.865,55.277],[-132.174,54.906],[-132.175,55.051],[-132.584,55.497],[-132.661,55.465]]],[[[-132.997,53.651],[-132.569,53.28],[-131.999,53.794],[-133.054,54.066],[-132.997,53.651]]]]},"properties":{"NAME":"Haida Gwaii","SUBJECTO":"Haida Gwaii","BORDERPRECISION":1}},
{"type":"Feature","geometry":{"type":"Polygon","coordinates":[[[-59.126,5.156],[-59.301,4.31],[-58.863,5.207],[-59.126,5.156]]]},"properties":{"NAME":"Patamona/Ingarikó","SUBJECTO":"Patamona/Ingarikó","BORDERPRECISION":1}},
{"type":"Feature","geometry":{"type":"Polygon","coordinates":[[[-115.735,33.784],[-115.878,33.904],[-117.288,34.074],[-117.38,33.772],[-117.359,33.755],[-116.763,33.381],[-116.712,33.354],[-116.603,33.367],[-116.576,33.376],[-116.567,33.367],[-116.536,33.337],[-116.51,33.312],[-116.542,33.282],[-116.579,33.248],[-116.436,33.217],[-115.735,33.784]]]},"properties":{"NAME":"Cahuilla","SUBJECTO":"Cahuilla","BORDERPRECISION":1}},
{"type":"Feature","geometry":{"type":"Polygon","coordinates":[[[-78.702,0.142],[-78.774,-0.084],[-78.637,-0.212],[-78.702,0.142]]]},"properties":{"NAME":"Kitu Kara","SUBJECTO":"Kitu Kara","BORDERPRECISION":1}},
{"type":"Feature","geometry":{"type":"Polygon","coordinates":[[[-90.143,15.168],[-90.513,15.282],[-90.616,14.931],[-90.143,15.168]]]},"properties":{"NAME":"Achí","SUBJECTO":"Achí","BORDERPRECISION":1}},
{"type":"Feature","geometry":{"type":"Polygon","coordinates":[[[-114.109,41.566],[-114.493,40.714],[-114.537,40.372],[-114.35,38.494],[-112.607,39.344],[-112.441,39.783],[-112.412,39.91],[-112.368,39.958],[-111.946,40.547],[-112.126,41.229],[-113.426,41.723],[-114.109,41.566]]]},"properties":{"NAME":"Goshute","SUBJECTO":"Goshute","BORDERPRECISION":1}},
{"type":"Feature","geometry":{"type":"Polygon","coordinates":[[[-72.787,41.895],[-72.768,41.958],[-72.849,41.974],[-72.938,41.792],[-72.787,41.895]]]},"properties":{"NAME":"Massacoes","SUBJECTO":"Massacoes","BORDERPRECISION":1}},
{"type":"Feature","geometry":{"type":"Polygon","coordinates":[[[-111.399,45.939],[-111.478,45.748],[-109.487,42.174],[-108.841,41.989],[-108.831,41.981],[-106.942,40.841],[-105.351,37.545],[-103.256,37.63],[-103.851,38.52],[-111.261,46.275],[-111.399,45.939]]]},"properties":{"NAME":"Cheyenne","SUBJECTO":"Cheyenne","BORDERPRECISION":1}},
{"type":"Feature","geometry":{"type":"MultiPolygon","coordinates":[[[[-91.927,30.948],[-91.22,30.385],[-91.217,30.39],[-91.255,30.443],[-91.196,30.442],[-91.563,31.051],[-91.927,30.948]]],[[[-89.953,29.872],[-90.042,29.94],[-90.049,29.935],[-90.141,29.94],[-90.302,29.95],[-90.926,29.983],[-91.08,30.199],[-91.084,30.198],[-90.928,29.982],[-91.828,29.764],[-91.738,29.714],[-91.636,29.658],[-89.181,29.081],[-89.953,29.872]]],[[[-91.165,30.317],[-91.181,30.339],[-91.187,30.339],[-91.171,30.317],[-91.165,30.317]]]]},"properties":{"NAME":"Houma","SUBJECTO":"Houma","BORDERPRECISION":1}},
{"type":"Feature","geometry":{"type":"Polygon","coordinates":[[[-56.045,-12.377],[-55.509,-12.399],[-54.651,-11.091],[-54.651,-11.075],[-53.573,-10.616],[-53.593,-10.95],[-53.988,-11.543],[-54.027,-11.913],[-54.006,-12.752],[-53.031,-13.03],[-52.79,-12.854],[-52.983,-12.071],[-52.915,-11.357],[-53.083,-10.675],[-53.097,-10.673],[-56.563,-9.376],[-56.669,-8.913],[-57.144,-8.477],[-57.645,-8.262],[-58.06,-8.256],[-57.743,-11.177],[-57.678,-11.223],[-56.045,-12.377]]]},"properties":{"NAME":"Kaiabi","SUBJECTO":"Kaiabi","BORDERPRECISION":1}},
{"type":"Feature","geometry":{"type":"MultiPolygon","coordinates":[[[[-148.787,68.88],[-135.138,67.659],[-136.055,67.869],[-136.538,68.008],[-136.582,68.028],[-136.627,68.05],[-137.029,68.228],[-148.787,68.88]]],[[[-130.169,67.917],[-130.244,68.068],[-133.895,68.011],[-133.96,67.701],[-130.169,67.917]]]]},"properties":{"NAME":"Gwich'in Nành","SUBJECTO":"Gwich'in Nành","BORDERPRECISION":1}},
{"type":"Feature","geometry":{"type":"Polygon","coordinates":[[[-122.035,40.773],[-121.998,40.828],[-121.998,40.842],[-121.995,40.879],[-122.015,40.9],[-122.035,40.773]]]},"properties":{"NAME":"Winnimem Wintu","SUBJECTO":"Winnimem Wintu","BORDERPRECISION":1}},
{"type":"Feature","geometry":{"type":"MultiPolygon","coordinates":[[[[-70.858,-0.313],[-70.969,0.156],[-71.004,0.156],[-71.146,-0.769],[-70.906,-0.739],[-70.787,-0.679],[-70.578,-0.392],[-70.858,-0.313]]],[[[-69.554,-0.952],[-69.448,-0.999],[-69.862,-0.37],[-69.554,-0.952]]]]},"properties":{"NAME":"Tanimuka","SUBJECTO":"Tanimuka","BORDERPRECISION":1}},
{"type":"Feature","geometry":{"type":"MultiPolygon","coordinates":[[[[-75.835,3.463],[-75.142,3.402],[-75.347,4.433],[-75.835,3.463]]],[[[-75.358,4.436],[-75.51,4.449],[-75.899,3.492],[-75.85,3.46],[-75.358,4.436]]]]},"properties":{"NAME":"Pijao","SUBJECTO":"Pijao","BORDERPRECISION":1}},
{"type":"Feature","geometry":{"type":"MultiPolygon","coordinates":[[[[-73.6,-1.753],[-73.809,-2.145],[-73.677,-2.046],[-73.6,-1.753]]],[[[-75.346,-0.944],[-75.284,-0.985],[-75.375,-0.173],[-75.346,-0.944]]]]},"properties":{"NAME":"Siekopa’aiInte/Aido-Pãi (Secoya)","SUBJECTO":"Siekopa’aiInte/Aido-Pãi (Secoya)","BORDERPRECISION":1}},
{"type":"Feature","geometry":{"type":"MultiPolygon","coordinates":[[[[-128.434,54.323],[-128.619,54.32],[-128.552,54.284],[-128.434,54.323]]],[[[-127.972,54.13],[-127.928,54.152],[-127.965,54.172],[-127.972,54.13]]],[[[-128.034,54.007],[-128.02,54.023],[-128.03,54.035],[-128.034,54.007]]]]},"properties":{"NAME":"Kitselas","SUBJECTO":"Kitselas","BORDERPRECISION":1}},
{"type":"Feature","geometry":{"type":"Polygon","coordinates":[[[-57.916,-12.233],[-58.033,-12.969],[-57.384,-12.827],[-57.749,-12.173],[-57.916,-12.233]]]},"properties":{"NAME":"Manoki","SUBJECTO":"Manoki","BORDERPRECISION":1}},
{"type":"Feature","geometry":{"type":"Polygon","coordinates":[[[-74.741,11.061],[-75.339,10.726],[-74.773,10.409],[-74.741,11.061]]]},"properties":{"NAME":"Mokaná","SUBJECTO":"Mokaná","BORDERPRECISION":1}},
{"type":"Feature","geometry":{"type":"Polygon","coordinates":[[[-58.106,-17.503],[-58.819,-17.066],[-57.955,-17.835],[-57.962,-17.803],[-58.106,-17.503]]]},"properties":{"NAME":"Ayoreo","SUBJECTO":"Ayoreo","BORDERPRECISION":1}},
{"type":"Feature","geometry":{"type":"Polygon","coordinates":[[[-62.124,-11.912],[-62.514,-11.799],[-62.67,-11.919],[-62.566,-12.327],[-61.894,-12.815],[-61.571,-12.497],[-62.124,-11.912]]]},"properties":{"NAME":"Makurap","SUBJECTO":"Makurap","BORDERPRECISION":1}},
{"type":"Feature","geometry":{"type":"MultiPolygon","coordinates":[[[[-79.347,-4.518],[-79.097,-4.496],[-79.132,-3.835],[-79.392,-4.156],[-79.389,-4.519],[-79.347,-4.518]]],[[[-79.983,-4.323],[-79.983,-4.332],[-79.901,-4.398],[-79.897,-4.4],[-79.698,-4.453],[-79.684,-4.456],[-79.56,-4.506],[-79.552,-4.508],[-79.393,-4.519],[-79.395,-4.156],[-79.523,-3.672],[-79.708,-3.723],[-79.96,-3.874],[-79.97,-3.885],[-79.983,-4.323]]]]},"properties":{"NAME":"Paltas","SUBJECTO":"Paltas","BORDERPRECISION":1}},
{"type":"Feature","geometry":{"type":"Polygon","coordinates":[[[-59.488,-23.561],[-59.788,-23.413],[-59.722,-23.659],[-59.31,-23.898],[-59.488,-23.561]]]},"properties":{"NAME":"Enlhet","SUBJECTO":"Enlhet","BORDERPRECISION":1}},
{"type":"Feature","geometry":{"type":"MultiPolygon","coordinates":[[[[-150.325,59.652],[-148.99,60.454],[-151.314,59.273],[-151.172,59.306],[-150.325,59.652]]],[[[-151.703,59.181],[-151.662,59.191],[-151.865,59.191],[-151.703,59.181]]]]},"properties":{"NAME":"Dena'ina Ełnena","SUBJECTO":"Dena'ina Ełnena","BORDERPRECISION":1}},
{"type":"Feature","geometry":{"type":"Polygon","coordinates":[[[-68.386,-13.138],[-68.243,-13.365],[-67.402,-13.107],[-67.396,-13.078],[-68.386,-13.138]]]},"properties":{"NAME":"Araona","SUBJECTO":"Araona","BORDERPRECISION":1}},
{"type":"Feature","geometry":{"type":"MultiPolygon","coordinates":[[[[-98.998,29.908],[-97.568,30.678],[-97.277,31.277],[-98.998,29.908]]],[[[-103.256,37.63],[-105.351,37.545],[-105.05,36.152],[-104.773,35.828],[-104.827,35.192],[-104.666,34.234],[-104.553,33.874],[-104.239,32.893],[-102.54,30.764],[-99.891,34.584],[-103.256,37.63]]]]},"properties":{"NAME":"Nʉmʉnʉʉ (Comanche)","SUBJECTO":"Nʉmʉnʉʉ (Comanche)","BORDERPRECISION":1}},
{"type":"Feature","geometry":{"type":"MultiPolygon","coordinates":[[[[-105.844,34.185],[-107.378,33.243],[-107.325,32.971],[-107.283,32.808],[-107.254,32.743],[-107.242,32.734],[-106.749,32.268],[-106.635,32.124],[-106.633,32.064],[-105.116,29.455],[-104.507,29.157],[-104.62,29.245],[-104.684,29.286],[-104.705,29.312],[-105.066,32.627],[-105.844,34.185]]],[[[-105.06,32.628],[-104.239,32.893],[-104.553,33.874],[-104.622,33.978],[-104.666,34.234],[-104.827,35.192],[-105.417,35.172],[-105.646,34.708],[-105.06,32.628]]]]},"properties":{"NAME":"Mescalero Apache","SUBJECTO":"Mescalero Apache","BORDERPRECISION":1}},
{"type":"Feature","geometry":{"type":"Polygon","coordinates":[[[-127.283,53.291],[-127.283,53.207],[-127.192,53.193],[-126.947,53.157],[-126.681,53.006],[-126.531,52.907],[-126.707,53.049],[-126.914,53.156],[-127.283,53.291]]]},"properties":{"NAME":"Dakeł Keyoh (ᑕᗸᒡ ᗲᘏᑋ)","SUBJECTO":"Dakeł Keyoh (ᑕᗸᒡ ᗲᘏᑋ)","BORDERPRECISION":1}},
{"type":"Feature","geometry":{"type":"Polygon","coordinates":[[[-59.053,-0.62],[-58.926,-0.905],[-58.71,-1.087],[-59.053,-0.62]]]},"properties":{"NAME":"Hixkaryana","SUBJECTO":"Hixkaryana","BORDERPRECISION":1}},
{"type":"Feature","geometry":{"type":"MultiPolygon","coordinates":[[[[-80.449,41.506],[-80.216,41.62],[-80.445,41.633],[-80.449,41.506]]],[[[-76.418,44.429],[-76.861,44.243],[-76.549,44.289],[-76.418,44.429]]],[[[-81.967,42.299],[-81.989,42.238],[-81.73,42.422],[-81.967,42.299]]]]},"properties":{"NAME":"Mississauga","SUBJECTO":"Mississauga","BORDERPRECISION":1}},
{"type":"Feature","geometry":{"type":"Polygon","coordinates":[[[-89.347,15.278],[-89.652,14.754],[-89.628,14.394],[-89.089,14.065],[-89.229,15.322],[-89.347,15.278]]]},"properties":{"NAME":"Ch'orti'","SUBJECTO":"Ch'orti'","BORDERPRECISION":1}},
{"type":"Feature","geometry":{"type":"MultiPolygon","coordinates":[[[[-70.266,-2.595],[-70.256,-2.568],[-70.533,-2.31],[-70.784,-2.187],[-70.534,-2.603],[-70.266,-2.595]]],[[[-70.67,-2.597],[-70.619,-2.606],[-70.544,-2.604],[-70.67,-2.597]]],[[[-72.476,-3.49],[-72.475,-3.493],[-72.51,-3.245],[-72.726,-3.177],[-72.476,-3.49]]],[[[-75.026,-1.999],[-75.005,-2.034],[-74.813,-2.228],[-73.526,-3.303],[-73.458,-3.197],[-73.667,-2.233],[-73.809,-2.145],[-73.6,-1.753],[-73.888,-1.059],[-73.966,-1.002],[-74.083,-0.916],[-74.292,-0.57],[-74.327,-0.561],[-74.442,-0.506],[-74.732,-0.321],[-75.266,-0.083],[-75.374,-0.087],[-75.375,-0.173],[-75.284,-0.985],[-75.026,-1.999]]],[[[-72.665,-4.119],[-72.49,-3.553],[-73.083,-4.175],[-73.023,-4.276],[-72.75,-4.346],[-72.665,-4.119]]]]},"properties":{"NAME":"Kichwa del Río Napo","SUBJECTO":"Kichwa del Río Napo","BORDERPRECISION":1}},
{"type":"Feature","geometry":{"type":"Polygon","coordinates":[[[-106.108,23.437],[-105.886,23.192],[-105.994,24.652],[-106.66,24.372],[-106.442,24.018],[-106.108,23.437]]]},"properties":{"NAME":"Xixime","SUBJECTO":"Xixime","BORDERPRECISION":1}},
{"type":"Feature","geometry":{"type":"MultiPolygon","coordinates":[[[[-99.039,21.271],[-100.648,21.531],[-100.726,21.545],[-100.948,21],[-100.03,19.59],[-98.997,20.799],[-98.909,21.168],[-99.039,21.271]]],[[[-98.111,20.363],[-98.026,20.557],[-98.099,20.609],[-98.569,20.474],[-98.111,20.363]]]]},"properties":{"NAME":"Hñähñu (Otomí)","SUBJECTO":"Hñähñu (Otomí)","BORDERPRECISION":1}},
{"type":"Feature","geometry":{"type":"Polygon","coordinates":[[[-72.854,41.294],[-72.352,41.341],[-72.431,41.414],[-72.763,41.75],[-72.92,41.757],[-72.946,41.755],[-73.054,41.743],[-73.493,41.612],[-73.384,41.139],[-72.854,41.294]]]},"properties":{"NAME":"Wappinger","SUBJECTO":"Wappinger","BORDERPRECISION":1}},
{"type":"Feature","geometry":{"type":"MultiPolygon","coordinates":[[[[-92.123,30.254],[-92.193,30.139],[-92.198,30.073],[-92.186,29.944],[-92.144,29.811],[-91.828,29.764],[-90.928,29.982],[-92.025,30.308],[-92.123,30.254]]],[[[-90.4,29.972],[-90.437,29.991],[-90.465,30.013],[-90.491,30.034],[-90.499,30.038],[-90.583,30.038],[-90.616,30.036],[-90.673,30.033],[-90.759,30.002],[-90.762,30.001],[-90.763,30.001],[-90.826,29.988],[-90.926,29.983],[-90.302,29.95],[-90.4,29.972]]]]},"properties":{"NAME":"Chitimacha","SUBJECTO":"Chitimacha","BORDERPRECISION":1}},
{"type":"Feature","geometry":{"type":"MultiPolygon","coordinates":[[[[-80.571,33.951],[-80.668,34.137],[-80.703,34.1],[-80.571,33.951]]],[[[-80.529,33.903],[-80.483,33.851],[-80.481,33.867],[-80.529,33.903]]],[[[-80.851,33.477],[-80.759,33.513],[-80.544,33.692],[-80.851,33.477]]],[[[-81.048,33.417],[-81.019,33.42],[-81.294,33.56],[-81.127,33.41],[-81.048,33.417]]]]},"properties":{"NAME":"Congaree","SUBJECTO":"Congaree","BORDERPRECISION":1}},
{"type":"Feature","geometry":{"type":"Polygon","coordinates":[[[-54.98,2.568],[-55.621,3.394],[-56.174,1.313],[-54.98,2.568]]]},"properties":{"NAME":"Trio/Wü tarëno","SUBJECTO":"Trio/Wü tarëno","BORDERPRECISION":1}},
{"type":"Feature","geometry":{"type":"MultiPolygon","coordinates":[[[[-123.157,40.169],[-123.183,40.177],[-123.156,40.149],[-123.141,40.155],[-123.157,40.169]]],[[[-123.264,40.261],[-123.187,40.181],[-123.182,40.185],[-123.264,40.261]]]]},"properties":{"NAME":"Nor Rel Muk Wintu","SUBJECTO":"Nor Rel Muk Wintu","BORDERPRECISION":1}},
{"type":"Feature","geometry":{"type":"Polygon","coordinates":[[[-72.464,41.783],[-72.373,41.863],[-72.375,41.908],[-72.454,41.977],[-72.463,41.98],[-72.651,41.957],[-72.686,41.92],[-72.698,41.909],[-72.763,41.75],[-72.431,41.414],[-72.423,41.419],[-72.391,41.438],[-72.364,41.565],[-72.464,41.783]]]},"properties":{"NAME":"Wangunks","SUBJECTO":"Wangunks","BORDERPRECISION":1}},
{"type":"Feature","geometry":{"type":"Polygon","coordinates":[[[-72.936,10.04],[-73.27,10.372],[-73.519,9.636],[-72.936,10.04]]]},"properties":{"NAME":"Yukpa","SUBJECTO":"Yukpa","BORDERPRECISION":1}},
{"type":"Feature","geometry":{"type":"Polygon","coordinates":[[[-64.288,-11.184],[-64.188,-11.216],[-63.508,-11.849],[-63.27,-11.787],[-62.687,-11.131],[-62.688,-11.13],[-62.703,-11.128],[-62.719,-11.134],[-62.901,-11.15],[-62.95,-11.038],[-64.288,-11.184]]]},"properties":{"NAME":"Jupaú (Kawahib)","SUBJECTO":"Jupaú (Kawahib)","BORDERPRECISION":1}},
{"type":"Feature","geometry":{"type":"Polygon","coordinates":[[[-84.197,12.723],[-84.547,13.069],[-84.192,12.715],[-84.197,12.723]]]},"properties":{"NAME":"Ulwas","SUBJECTO":"Ulwas","BORDERPRECISION":1}},
{"type":"Feature","geometry":{"type":"Polygon","coordinates":[[[-80.169,37.868],[-79.678,38.619],[-79.966,38.491],[-80.169,37.868]]]},"properties":{"NAME":"Moneton","SUBJECTO":"Moneton","BORDERPRECISION":1}},
{"type":"Feature","geometry":{"type":"Polygon","coordinates":[[[-92.034,32.241],[-91.693,32.217],[-91.075,32.05],[-89.893,34.195],[-88.764,36.544],[-89.281,36.512],[-90.772,34.168],[-92.034,32.241]]]},"properties":{"NAME":"O-ga-xpa Ma-zhoⁿ (O-ga-xpa)","SUBJECTO":"O-ga-xpa Ma-zhoⁿ (O-ga-xpa)","BORDERPRECISION":1}},
{"type":"Feature","geometry":{"type":"Polygon","coordinates":[[[-98.401,22.58],[-98.847,22.914],[-98.9,22.97],[-99.243,22.342],[-98.429,22.419],[-98.418,22.465],[-98.401,22.58]]]},"properties":{"NAME":"Huasteco/Teenek","SUBJECTO":"Huasteco/Teenek","BORDERPRECISION":1}},
{"type":"Feature","geometry":{"type":"Polygon","coordinates":[[[-123.312,39.444],[-123.406,39.536],[-123.481,39.584],[-123.5,39.592],[-123.816,39.529],[-123.856,39.331],[-123.831,39.274],[-123.808,39.273],[-123.673,39.181],[-123.472,39.02],[-123.328,39.034],[-123.376,39.079],[-123.334,39.146],[-122.927,39.021],[-122.86,39.033],[-122.857,39.033],[-122.854,39.033],[-122.825,39.044],[-122.816,39.07],[-122.828,39.081],[-122.943,39.186],[-122.995,39.35],[-123.312,39.444]]]},"properties":{"NAME":"Northern Pomo","SUBJECTO":"Northern Pomo","BORDERPRECISION":1}},
{"type":"Feature","geometry":{"type":"Polygon","coordinates":[[[-123.341,40.117],[-123.315,40.138],[-123.168,40.145],[-123.164,40.145],[-123.156,40.149],[-123.183,40.177],[-123.187,40.181],[-123.264,40.261],[-123.357,40.334],[-123.476,40.306],[-123.711,40.269],[-123.745,40.127],[-123.676,40.113],[-123.525,40.127],[-123.341,40.117]]]},"properties":{"NAME":"Lassik","SUBJECTO":"Lassik","BORDERPRECISION":1}},
{"type":"Feature","geometry":{"type":"Polygon","coordinates":[[[-120.43,40.37],[-120.454,40.581],[-120.471,40.58],[-120.595,40.51],[-120.695,40.469],[-120.839,40.455],[-120.861,40.475],[-121.018,40.502],[-121.311,40.479],[-121.422,40.469],[-121.487,40.464],[-121.508,40.491],[-121.575,40.513],[-121.639,40.454],[-121.56,40.218],[-121.496,40.115],[-120.912,39.748],[-120.871,39.746],[-120.43,40.37]]]},"properties":{"NAME":"Mountain Maidu","SUBJECTO":"Mountain Maidu","BORDERPRECISION":1}},
{"type":"Feature","geometry":{"type":"Polygon","coordinates":[[[-119.594,37.21],[-119.58,37.221],[-119.604,37.317],[-119.615,37.309],[-119.594,37.21]]]},"properties":{"NAME":"Chukchansi","SUBJECTO":"Chukchansi","BORDERPRECISION":1}},
{"type":"Feature","geometry":{"type":"Polygon","coordinates":[[[-67.035,1.514],[-66.471,1.601],[-66.82,2.103],[-67.035,1.514]]]},"properties":{"NAME":"Baré","SUBJECTO":"Baré","BORDERPRECISION":1}},
{"type":"Feature","geometry":{"type":"MultiPolygon","coordinates":[[[[-136.538,68.008],[-136.055,67.869],[-136.433,68.008],[-136.538,68.008]]],[[[-136.582,68.04],[-136.627,68.05],[-136.582,68.028],[-136.582,68.04]]]]},"properties":{"NAME":"Vuntut Gwitchin","SUBJECTO":"Vuntut Gwitchin","BORDERPRECISION":1}},
{"type":"Feature","geometry":{"type":"MultiPolygon","coordinates":[[[[-73.747,45.674],[-73.452,45.766],[-73.773,45.676],[-73.747,45.674]]],[[[-76.655,48.468],[-76.491,48.23],[-76.431,48.407],[-76.435,48.474],[-76.639,48.543],[-76.655,48.468]]],[[[-74.925,46.631],[-74.94,46.654],[-76.13,47.892],[-76.276,47.919],[-76.239,47.866],[-76.097,47.66],[-75.592,46.929],[-74.925,46.631]]],[[[-73.451,45.807],[-73.753,46.194],[-73.757,46.199],[-73.842,46.296],[-73.907,46.317],[-73.977,46.324],[-73.451,45.807]]]]},"properties":{"NAME":"Omàmìwininìwag (Algonquin)","SUBJECTO":"Omàmìwininìwag (Algonquin)","BORDERPRECISION":1}},
{"type":"Feature","geometry":{"type":"Polygon","coordinates":[[[-38.795,-8.44],[-38.683,-8.499],[-38.647,-8.396],[-38.712,-8.341],[-38.795,-8.44]]]},"properties":{"NAME":"Pankará","SUBJECTO":"Pankará","BORDERPRECISION":1}},
{"type":"Feature","geometry":{"type":"MultiPolygon","coordinates":[[[[-117.753,35.602],[-117.616,35.061],[-115.878,33.904],[-115.735,33.784],[-115.677,33.726],[-115.146,36.315],[-114.35,38.494],[-114.537,40.372],[-114.521,40.664],[-114.493,40.714],[-114.109,41.566],[-116.131,41.472],[-117.543,38.778],[-117.753,35.602]]],[[[-118.368,36.854],[-118.306,36.591],[-118.107,36.147],[-118.368,36.854]]]]},"properties":{"NAME":"Newe (Western Shoshone)","SUBJECTO":"Newe (Western Shoshone)","BORDERPRECISION":1}},
{"type":"Feature","geometry":{"type":"Polygon","coordinates":[[[-75.655,37.947],[-75.658,37.937],[-75.551,37.92],[-75.474,37.907],[-75.091,38.385],[-75.184,38.383],[-75.213,38.375],[-75.276,38.366],[-75.334,38.356],[-75.491,38.311],[-75.57,38.304],[-75.883,38.227],[-75.924,38.203],[-75.655,37.947]]]},"properties":{"NAME":"Pocomoke","SUBJECTO":"Pocomoke","BORDERPRECISION":1}},
{"type":"Feature","geometry":{"type":"Polygon","coordinates":[[[-114.952,30.704],[-115.869,30.286],[-112.172,25.75],[-111.237,25.572],[-111.169,25.577],[-111.216,25.672],[-111.456,26.119],[-111.446,26.133],[-111.413,26.142],[-111.388,26.149],[-114.734,30.799],[-114.779,30.779],[-114.952,30.704]]]},"properties":{"NAME":"Cochimí","SUBJECTO":"Cochimí","BORDERPRECISION":1}},
{"type":"Feature","geometry":{"type":"MultiPolygon","coordinates":[[[[-71.101,-2.662],[-70.619,-2.606],[-70.67,-2.597],[-71.101,-2.662]]],[[[-71.924,-3.209],[-71.902,-3.174],[-71.932,-3.178],[-71.924,-3.209]]],[[[-72.444,-3.51],[-72.087,-3.561],[-72.026,-3.369],[-72.51,-3.245],[-72.475,-3.493],[-72.444,-3.51]]],[[[-72.091,-3.575],[-72.49,-3.553],[-72.665,-4.119],[-72.75,-4.346],[-72.626,-4.369],[-71.099,-4.361],[-71.169,-4.334],[-72.091,-3.575]]],[[[-70.223,-2.594],[-70.256,-2.568],[-70.266,-2.595],[-70.223,-2.594]]],[[[-73.083,-4.175],[-73.106,-4.236],[-73.023,-4.276],[-73.083,-4.175]]]]},"properties":{"NAME":"Yihamwo (Yagua)","SUBJECTO":"Yihamwo (Yagua)","BORDERPRECISION":1}},
{"type":"Feature","geometry":{"type":"Polygon","coordinates":[[[-62.274,-8.145],[-62.287,-7.82],[-62.233,-7.533],[-62.229,-7.518],[-62.227,-7.511],[-62.19,-7.381],[-62.103,-7.147],[-62.102,-7.145],[-62.136,-6.986],[-63.018,-7.502],[-62.163,-8.682],[-62.165,-8.408],[-62.274,-8.145]]]},"properties":{"NAME":"Kawahib (Parintintin)","SUBJECTO":"Kawahib (Parintintin)","BORDERPRECISION":1}},
{"type":"Feature","geometry":{"type":"Polygon","coordinates":[[[-156.835,61.834],[-157.435,62.639],[-159.364,62.742],[-160.493,63.424],[-160.617,63.373],[-160.948,62.231],[-156.835,61.834]]]},"properties":{"NAME":"Deg Xit'an Ngan' (Deg Xit'an)","SUBJECTO":"Deg Xit'an Ngan' (Deg Xit'an)","BORDERPRECISION":1}},
{"type":"Feature","geometry":{"type":"MultiPolygon","coordinates":[[[[-122.95,50.677],[-121.907,50.609],[-121.522,50.791],[-121.575,50.794],[-122.95,50.677]]],[[[-124.649,51.35],[-124.384,51.176],[-124.327,51.133],[-124.195,51.035],[-123.887,50.918],[-123.579,50.706],[-123.617,50.96],[-124.058,51.013],[-124.649,51.35]]],[[[-124.951,51.296],[-124.822,51.285],[-124.81,51.291],[-124.822,51.369],[-124.951,51.296]]],[[[-125.481,51.935],[-125.457,51.875],[-125.189,51.498],[-124.84,51.504],[-125.481,51.935]]],[[[-125.809,52.05],[-125.597,51.926],[-125.546,51.954],[-125.809,52.05]]],[[[-126.041,51.97],[-125.932,51.908],[-126.064,52.14],[-126.041,51.97]]],[[[-125.957,52.679],[-126.022,52.724],[-126.069,52.738],[-126.126,52.704],[-126.253,52.34],[-125.957,52.679]]]]},"properties":{"NAME":"Tŝilhqot’in Nen","SUBJECTO":"Tŝilhqot’in Nen","BORDERPRECISION":1}},
{"type":"Feature","geometry":{"type":"Polygon","coordinates":[[[-60.921,-12.431],[-61.263,-12.379],[-61.346,-12.24],[-61.477,-12.287],[-61.444,-12.457],[-61.263,-12.38],[-60.92,-12.431],[-60.921,-12.431]]]},"properties":{"NAME":"Kwazá","SUBJECTO":"Kwazá","BORDERPRECISION":1}},
{"type":"Feature","geometry":{"type":"Polygon","coordinates":[[[-69.271,-10.459],[-71.997,-10.247],[-73.425,-11.76],[-73.404,-11.776],[-73.193,-11.893],[-70.285,-12.573],[-68.734,-11.661],[-69.271,-10.459]]]},"properties":{"NAME":"Yine","SUBJECTO":"Yine","BORDERPRECISION":1}},
{"type":"Feature","geometry":{"type":"Polygon","coordinates":[[[-67.396,-13.078],[-67.402,-13.107],[-67.351,-13.434],[-66.67,-13.538],[-66.441,-12.79],[-67.396,-13.078]]]},"properties":{"NAME":"Ecuana","SUBJECTO":"Ecuana","BORDERPRECISION":1}},
{"type":"Feature","geometry":{"type":"Polygon","coordinates":[[[-60.851,8.144],[-60.582,8.599],[-62.946,10.467],[-63.076,10.472],[-61.317,8.143],[-60.851,8.144]]]},"properties":{"NAME":"Warao","SUBJECTO":"Warao","BORDERPRECISION":1}},
{"type":"Feature","geometry":{"type":"Polygon","coordinates":[[[-64.823,-6.518],[-65.092,-6.765],[-64.945,-7.053],[-64.803,-6.864],[-64.823,-6.518]]]},"properties":{"NAME":"Banawá","SUBJECTO":"Banawá","BORDERPRECISION":1}},
{"type":"Feature","geometry":{"type":"Polygon","coordinates":[[[-76.89,37.231],[-76.825,37.235],[-76.765,37.322],[-76.807,37.409],[-76.899,37.441],[-76.988,37.365],[-76.994,37.3],[-76.89,37.231]]]},"properties":{"NAME":"Paspahegh","SUBJECTO":"Paspahegh","BORDERPRECISION":1}},
{"type":"Feature","geometry":{"type":"Polygon","coordinates":[[[-114.748,36.096],[-114.749,36.096],[-114.751,36.088],[-114.739,36.013],[-114.715,35.93],[-114.685,35.892],[-114.671,35.878],[-114.687,35.863],[-114.697,35.858],[-114.67,35.625],[-114.665,35.59],[-114.662,35.574],[-114.659,35.554],[-114.661,35.551],[-114.611,35.068],[-114.613,35.062],[-114.631,34.982],[-114.636,34.912],[-114.242,34.393],[-113.162,34.475],[-112.518,35.233],[-112.441,35.286],[-112.493,35.903],[-113.115,36.181],[-113.146,36.17],[-113.251,36.091],[-113.268,36.093],[-113.296,36.096],[-113.326,35.978],[-113.317,35.97],[-113.323,35.956],[-113.313,35.894],[-113.311,35.893],[-113.311,35.88],[-113.375,35.765],[-113.397,35.753],[-113.44,35.755],[-113.473,35.765],[-113.514,35.768],[-113.583,35.831],[-113.626,35.828],[-113.648,35.825],[-113.653,35.843],[-113.677,35.872],[-113.715,35.888],[-113.717,35.924],[-113.724,35.936],[-113.775,35.982],[-113.787,36.019],[-113.823,36.048],[-113.885,36.064],[-114.005,36.191],[-114.161,36.031],[-114.24,36.02],[-114.314,36.086],[-114.682,36.126],[-114.748,36.096]]]},"properties":{"NAME":"Hualapai","SUBJECTO":"Hualapai","BORDERPRECISION":1}},
{"type":"Feature","geometry":{"type":"Polygon","coordinates":[[[-76.396,37.803],[-76.298,37.767],[-76.232,37.906],[-76.415,37.929],[-76.435,37.883],[-76.396,37.803]]]},"properties":{"NAME":"Wicocomico","SUBJECTO":"Wicocomico","BORDERPRECISION":1}},
{"type":"Feature","geometry":{"type":"Polygon","coordinates":[[[-124.192,48.734],[-124.048,48.503],[-123.826,48.473],[-123.869,48.567],[-123.89,48.585],[-123.975,48.651],[-124.038,48.665],[-124.042,48.667],[-124.064,48.684],[-124.066,48.686],[-124.072,48.696],[-124.129,48.725],[-124.146,48.73],[-124.192,48.734]]]},"properties":{"NAME":"Te’mexw Treaty Association","SUBJECTO":"Te’mexw Treaty Association","BORDERPRECISION":1}},
{"type":"Feature","geometry":{"type":"Polygon","coordinates":[[[-67.564,-14.646],[-67.535,-14.594],[-67.677,-14.579],[-67.564,-14.646]]]},"properties":{"NAME":"Leco","SUBJECTO":"Leco","BORDERPRECISION":1}},
{"type":"Feature","geometry":{"type":"Polygon","coordinates":[[[-121.189,47.996],[-121.147,47.985],[-121.146,47.985],[-121.149,47.994],[-121.189,47.996]]]},"properties":{"NAME":"Skykomish","SUBJECTO":"Skykomish","BORDERPRECISION":1}},
{"type":"Feature","geometry":{"type":"Polygon","coordinates":[[[-79.642,50.792],[-79.633,51.038],[-80.052,51.286],[-79.642,50.792]]]},"properties":{"NAME":"Moose Cree","SUBJECTO":"Moose Cree","BORDERPRECISION":1}},
{"type":"Feature","geometry":{"type":"Polygon","coordinates":[[[-123.507,40.833],[-123.511,40.832],[-123.507,40.708],[-123.442,40.622],[-123.507,40.833]]]},"properties":{"NAME":"Chimariko (territory)","SUBJECTO":"Chimariko (territory)","BORDERPRECISION":1}},
{"type":"Feature","geometry":{"type":"Polygon","coordinates":[[[-61.894,-12.815],[-61.614,-12.763],[-61.571,-12.497],[-61.894,-12.815]]]},"properties":{"NAME":"Sakurabiat","SUBJECTO":"Sakurabiat","BORDERPRECISION":1}},
{"type":"Feature","geometry":{"type":"MultiPolygon","coordinates":[[[[-87.204,13.564],[-87.388,13.654],[-87.389,13.652],[-87.21,13.564],[-87.204,13.564]]],[[[-85.265,12.698],[-85.119,13.205],[-85.792,13.395],[-85.265,12.698]]]]},"properties":{"NAME":"Matagalpa/Cacaopera","SUBJECTO":"Matagalpa/Cacaopera","BORDERPRECISION":1}},
{"type":"Feature","geometry":{"type":"Polygon","coordinates":[[[-88.271,17.723],[-87.201,21.529],[-90.421,21.065],[-91.461,18.159],[-91.473,17.991],[-91.298,17.257],[-91.285,17.245],[-90.844,16.9],[-90.685,16.775],[-90.437,16.568],[-89.353,16.552],[-88.932,16.788],[-88.223,17.505],[-88.271,17.723]]]},"properties":{"NAME":"Maya Yucateco","SUBJECTO":"Maya Yucateco","BORDERPRECISION":1}},
{"type":"Feature","geometry":{"type":"Polygon","coordinates":[[[-60.851,8.144],[-59.423,7.291],[-59.301,6.331],[-58.267,5.509],[-56.289,5.111],[-55.382,5.148],[-55.319,5.139],[-53.098,3.294],[-52.89,0.11],[-52.866,-0.187],[-51.535,-0.438],[-51.474,-0.375],[-50.628,2.104],[-51.003,3.286],[-51.799,2.936],[-53.034,3.224],[-53.903,5.201],[-53.767,5.66],[-56.746,6.003],[-60.582,8.599],[-60.851,8.144]]]},"properties":{"NAME":"Lokono (Arawak)","SUBJECTO":"Lokono (Arawak)","BORDERPRECISION":1}},
{"type":"Feature","geometry":{"type":"Polygon","coordinates":[[[-76.642,37.935],[-76.631,37.926],[-76.435,37.883],[-76.415,37.929],[-76.511,38.057],[-76.619,37.995],[-76.642,37.935]]]},"properties":{"NAME":"Sekakawon","SUBJECTO":"Sekakawon","BORDERPRECISION":1}},
{"type":"Feature","geometry":{"type":"Polygon","coordinates":[[[-69.992,48.219],[-70.085,48.219],[-70.218,48.278],[-70.492,48.343],[-70.713,48.355],[-72.41,47.781],[-73.69,46.247],[-73.757,46.199],[-73.753,46.194],[-73.682,46.244],[-72.375,46.452],[-71.26,46.791],[-70.941,46.92],[-69.838,48.156],[-69.915,48.199],[-69.992,48.219]]]},"properties":{"NAME":"Wendake-Nionwentsïo","SUBJECTO":"Wendake-Nionwentsïo","BORDERPRECISION":1}},
{"type":"Feature","geometry":{"type":"Polygon","coordinates":[[[-77.213,37.171],[-77.207,37.17],[-76.994,37.3],[-76.988,37.365],[-77.235,37.378],[-77.344,37.308],[-77.213,37.171]]]},"properties":{"NAME":"Weyanock","SUBJECTO":"Weyanock","BORDERPRECISION":1}},
{"type":"Feature","geometry":{"type":"Polygon","coordinates":[[[-48.29,-5.753],[-48.739,-6.644],[-48.516,-7.101],[-47.998,-6.028],[-48.29,-5.753]]]},"properties":{"NAME":"Karajá do Norte","SUBJECTO":"Karajá do Norte","BORDERPRECISION":1}},
{"type":"Feature","geometry":{"type":"MultiPolygon","coordinates":[[[[-73.39,44.258],[-73.386,44.172],[-73.367,44.604],[-73.39,44.258]]],[[[-73.517,43.183],[-73.356,43.069],[-73.425,44.042],[-73.453,44.009],[-73.517,43.183]]],[[[-71.26,46.791],[-72.375,46.452],[-73.023,46.195],[-73.298,45.608],[-73.265,45.133],[-71.26,46.791]]]]},"properties":{"NAME":"Abenaki / Abénaquis","SUBJECTO":"Abenaki / Abénaquis","BORDERPRECISION":1}},
{"type":"Feature","geometry":{"type":"Polygon","coordinates":[[[-56.115,0.392],[-55.921,-0.52],[-55.453,0.28],[-56.115,0.392]]]},"properties":{"NAME":"Zo’é","SUBJECTO":"Zo’é","BORDERPRECISION":1}},
{"type":"Feature","geometry":{"type":"Polygon","coordinates":[[[-82.741,9.465],[-83.664,9.989],[-83.695,9.851],[-83.401,9.461],[-82.741,9.465]]]},"properties":{"NAME":"Bribri","SUBJECTO":"Bribri","BORDERPRECISION":1}},
{"type":"Feature","geometry":{"type":"Polygon","coordinates":[[[-79.326,-5.754],[-79.382,-5.691],[-79.386,-5.686],[-79.715,-5.35],[-79.972,-4.668],[-79.984,-4.354],[-79.983,-4.332],[-79.983,-4.323],[-79.97,-3.885],[-79.97,-3.877],[-79.984,-3.577],[-80.053,-3.307],[-81.251,-5.975],[-81.2,-6.099],[-80.891,-6.258],[-79.746,-5.765],[-79.326,-5.754]]]},"properties":{"NAME":"Chimú","SUBJECTO":"Chimú","BORDERPRECISION":1}},
{"type":"Feature","geometry":{"type":"Polygon","coordinates":[[[-109.316,40.98],[-110.903,40.97],[-111.946,40.547],[-112.368,39.958],[-112.441,39.783],[-112.607,39.344],[-112.441,37.777],[-111.886,36.402],[-105.05,36.152],[-105.351,37.545],[-106.942,40.841],[-109.316,40.98]]]},"properties":{"NAME":"Núu-agha-tʉvʉ-pʉ̱ (Ute)","SUBJECTO":"Núu-agha-tʉvʉ-pʉ̱ (Ute)","BORDERPRECISION":1}},
{"type":"Feature","geometry":{"type":"Polygon","coordinates":[[[-109.917,32.6],[-109.9,32.626],[-110.058,33.161],[-111.954,34.804],[-112.142,35.024],[-111.969,34.992],[-112.041,35.382],[-112.447,35.19],[-112.951,34.28],[-112.794,33.875],[-109.917,32.6]]]},"properties":{"NAME":"Hohokam","SUBJECTO":"Hohokam","BORDERPRECISION":1}},
{"type":"Feature","geometry":{"type":"MultiPolygon","coordinates":[[[[-59.659,13.288],[-59.657,13.271],[-59.655,13.311],[-59.659,13.288]]],[[[-82.177,22.366],[-77.291,20.704],[-77.34,21.512],[-81.431,23.137],[-82.177,22.366]]],[[[-62.914,10.547],[-64.241,10.493],[-63.076,10.472],[-62.946,10.467],[-62.914,10.547]]]]},"properties":{"NAME":"Taino","SUBJECTO":"Taino","BORDERPRECISION":1}},
{"type":"Feature","geometry":{"type":"Polygon","coordinates":[[[-83.924,10.462],[-84.165,10.315],[-84.485,10.419],[-85.207,10.329],[-85.219,10.288],[-84.16,9.45],[-83.695,9.851],[-83.664,9.989],[-83.831,10.402],[-83.924,10.462]]]},"properties":{"NAME":"Huetar","SUBJECTO":"Huetar","BORDERPRECISION":1}},
{"type":"Feature","geometry":{"type":"MultiPolygon","coordinates":[[[[-72.85,42.156],[-73.041,42.067],[-72.849,41.974],[-72.768,41.958],[-72.651,41.957],[-72.463,41.98],[-72.419,42.001],[-72.85,42.156]]],[[[-73.039,42.578],[-73.054,42.591],[-73.045,42.55],[-73.039,42.578]]]]},"properties":{"NAME":"Pocumtuc","SUBJECTO":"Pocumtuc","BORDERPRECISION":1}},
{"type":"Feature","geometry":{"type":"Polygon","coordinates":[[[-38.652,-9.003],[-38.762,-8.801],[-38.951,-8.82],[-38.901,-9.123],[-38.652,-9.003]]]},"properties":{"NAME":"Tuxá","SUBJECTO":"Tuxá","BORDERPRECISION":1}},
{"type":"Feature","geometry":{"type":"Polygon","coordinates":[[[-65.702,-32.961],[-65.701,-32.97],[-64.636,-33.338],[-65.702,-32.961]]]},"properties":{"NAME":"Rankülche","SUBJECTO":"Rankülche","BORDERPRECISION":1}},
{"type":"Feature","geometry":{"type":"Polygon","coordinates":[[[-87.092,14.545],[-86.166,15.444],[-87.757,15.592],[-87.529,14.998],[-87.092,14.545]]]},"properties":{"NAME":"Tolupan","SUBJECTO":"Tolupan","BORDERPRECISION":1}},
{"type":"Feature","geometry":{"type":"Polygon","coordinates":[[[-78.529,37.128],[-78.861,37.015],[-78.866,36.571],[-78.529,37.128]]]},"properties":{"NAME":"Occaneechi","SUBJECTO":"Occaneechi","BORDERPRECISION":1}},
{"type":"Feature","geometry":{"type":"Polygon","coordinates":[[[-66.413,-6.691],[-66.474,-6.732],[-66.571,-6.815],[-66.619,-6.973],[-66.696,-7.007],[-66.732,-7.069],[-66.718,-7.112],[-66.292,-6.58],[-66.413,-6.691]]]},"properties":{"NAME":"Suruwaha","SUBJECTO":"Suruwaha","BORDERPRECISION":1}},
{"type":"Feature","geometry":{"type":"Polygon","coordinates":[[[-65.767,-32.98],[-65.701,-32.97],[-65.702,-32.961],[-65.828,-32.459],[-70.343,-30.996],[-69.616,-34.689],[-68.012,-34.667],[-65.767,-32.98]]]},"properties":{"NAME":"Huarpe","SUBJECTO":"Huarpe","BORDERPRECISION":1}},
{"type":"Feature","geometry":{"type":"MultiPolygon","coordinates":[[[[-98.997,20.799],[-98.569,20.474],[-98.099,20.609],[-98.909,21.168],[-98.997,20.799]]],[[[-97.369,20.985],[-97.789,22.046],[-97.856,22.164],[-98.425,22.419],[-98.429,22.419],[-99.243,22.342],[-99.335,22.145],[-99.059,21.303],[-97.369,20.985]]],[[[-95.809,17.837],[-95.199,17.576],[-95.112,17.555],[-94.601,17.439],[-94.307,17.472],[-94.267,17.477],[-94.421,18.256],[-94.814,18.498],[-95.809,17.837]]]]},"properties":{"NAME":"Nahua ( Morelos, Puebla, Tlaxcala, Veracruz, Hidalgo, San Luis Potosi)","SUBJECTO":"Nahua ( Morelos, Puebla, Tlaxcala, Veracruz, Hidalgo, San Luis Potosi)","BORDERPRECISION":1}},
{"type":"Feature","geometry":{"type":"Polygon","coordinates":[[[-119.568,46.357],[-119.509,46.362],[-119.525,46.624],[-119.568,46.357]]]},"properties":{"NAME":"Wanapum","SUBJECTO":"Wanapum","BORDERPRECISION":1}},
{"type":"Feature","geometry":{"type":"Polygon","coordinates":[[[-121.959,40.839],[-121.998,40.828],[-122.035,40.773],[-122.145,40.662],[-122.145,40.661],[-121.56,40.218],[-121.639,40.454],[-121.916,40.788],[-121.959,40.839]]]},"properties":{"NAME":"Yana","SUBJECTO":"Yana","BORDERPRECISION":1}},
{"type":"Feature","geometry":{"type":"Polygon","coordinates":[[[-120.359,38.298],[-120.664,38.038],[-120.507,37.635],[-120.469,37.63],[-120.257,37.685],[-120.289,37.746],[-120.277,37.751],[-120.253,37.76],[-120.25,37.762],[-120.223,37.763],[-120.116,37.785],[-120.098,37.79],[-120.087,37.79],[-119.957,37.774],[-119.811,37.736],[-119.82,38.113],[-120.359,38.298]]]},"properties":{"NAME":"Me-Wuk (Central Sierra Miwok)","SUBJECTO":"Me-Wuk (Central Sierra Miwok)","BORDERPRECISION":1}},
{"type":"Feature","geometry":{"type":"MultiPolygon","coordinates":[[[[-122.889,38.905],[-122.927,39.021],[-123.334,39.146],[-123.328,39.034],[-123.472,39.02],[-123.596,39.07],[-123.673,39.181],[-123.808,39.273],[-123.826,39.261],[-123.577,38.813],[-123.556,38.819],[-123.276,38.889],[-123.267,38.891],[-123.252,38.892],[-122.953,38.878],[-122.893,38.888],[-122.889,38.905]]],[[[-122.888,38.888],[-122.887,38.889],[-122.885,38.902],[-122.888,38.888]]]]},"properties":{"NAME":"Central Pomo","SUBJECTO":"Central Pomo","BORDERPRECISION":1}},
{"type":"Feature","geometry":{"type":"Polygon","coordinates":[[[-63.209,-33.659],[-63.829,-33.536],[-64.636,-33.338],[-65.701,-32.97],[-65.767,-32.98],[-68.012,-34.667],[-69.616,-34.689],[-70.343,-30.996],[-70.563,-30.489],[-71.59,-30.474],[-71.616,-33.706],[-73.673,-37.501],[-73.002,-43.838],[-72.59,-44],[-72.198,-44.101],[-71.778,-43.143],[-71.785,-43.139],[-71.366,-41.611],[-69.052,-43.573],[-65.919,-43.43],[-65.026,-43.323],[-61.361,-39.031],[-57.809,-38.386],[-57.413,-35.942],[-63.209,-33.659]]]},"properties":{"NAME":"Wallmapu (Mapuche)","SUBJECTO":"Wallmapu (Mapuche)","BORDERPRECISION":1}},
{"type":"Feature","geometry":{"type":"Polygon","coordinates":[[[-84.808,45.871],[-84.736,45.88],[-84.427,45.968],[-84.512,46.472],[-85.096,46.747],[-85.124,46.744],[-85.946,46.673],[-86.019,46.666],[-86.251,46.612],[-86.673,46.451],[-87.74,46.854],[-87.906,46.901],[-88.197,46.914],[-88.24,46.91],[-88.442,46.809],[-88.483,46.813],[-87.861,47.395],[-87.804,47.436],[-87.854,47.453],[-88.157,47.431],[-88.493,47.31],[-89.238,46.908],[-89.408,46.86],[-90.47,46.608],[-90.545,46.612],[-90.813,46.625],[-90.782,46.89],[-91.86,46.709],[-91.825,46.937],[-93.083,48.674],[-101.167,53.923],[-104.702,52.851],[-112.083,53.992],[-113.754,51.479],[-112.429,48.121],[-111.261,46.275],[-103.851,38.52],[-97.724,37.988],[-94.186,34.878],[-90.772,34.168],[-89.281,36.512],[-87.585,38.591],[-87.219,41.636],[-87.234,41.635],[-87.359,41.634],[-87.568,41.797],[-87.655,41.972],[-87.779,42.646],[-87.807,42.867],[-87.534,44.195],[-87.523,44.236],[-86.617,45.625],[-86.602,45.643],[-85.474,46.068],[-85.177,46.039],[-84.808,45.871]]]},"properties":{"NAME":"Očhéthi Šakówiŋ","SUBJECTO":"Očhéthi Šakówiŋ","BORDERPRECISION":1}},
{"type":"Feature","geometry":{"type":"Polygon","coordinates":[[[-123.707,40.708],[-123.774,40.937],[-123.803,40.949],[-123.81,40.951],[-123.869,40.935],[-123.958,40.737],[-123.707,40.708]]]},"properties":{"NAME":"Whilkut","SUBJECTO":"Whilkut","BORDERPRECISION":1}},
{"type":"Feature","geometry":{"type":"Polygon","coordinates":[[[-79.472,33.219],[-79.342,33.134],[-79.309,33.257],[-79.39,33.552],[-79.558,33.373],[-79.532,33.29],[-79.472,33.219]]]},"properties":{"NAME":"Winyah","SUBJECTO":"Winyah","BORDERPRECISION":1}},
{"type":"Feature","geometry":{"type":"Polygon","coordinates":[[[-70.82,-1.549],[-70.796,-1.97],[-70.711,-2.075],[-69.547,-1.643],[-69.696,-1.563],[-70.82,-1.549]]]},"properties":{"NAME":"Yurí","SUBJECTO":"Yurí","BORDERPRECISION":1}},
{"type":"Feature","geometry":{"type":"Polygon","coordinates":[[[-84.892,15.166],[-85.12,15.141],[-85.238,14.912],[-85.217,14.873],[-84.889,15.125],[-84.892,15.166]]]},"properties":{"NAME":"Tawahka","SUBJECTO":"Tawahka","BORDERPRECISION":1}},
{"type":"Feature","geometry":{"type":"Polygon","coordinates":[[[-79.942,35.824],[-79.898,35.913],[-79.878,35.968],[-80.087,36.003],[-80.534,35.881],[-80.521,35.547],[-79.942,35.824]]]},"properties":{"NAME":"Keyauwee","SUBJECTO":"Keyauwee","BORDERPRECISION":1}},
{"type":"Feature","geometry":{"type":"Polygon","coordinates":[[[-77.221,8.449],[-77.455,8.641],[-77.468,8.565],[-77.424,8.483],[-77.221,8.449]]]},"properties":{"NAME":"Emberá Dobidá","SUBJECTO":"Emberá Dobidá","BORDERPRECISION":1}},
{"type":"Feature","geometry":{"type":"Polygon","coordinates":[[[-62.901,-11.15],[-62.909,-11.094],[-62.95,-11.038],[-62.901,-11.15]]]},"properties":{"NAME":"Envuga (Kawahib)","SUBJECTO":"Envuga (Kawahib)","BORDERPRECISION":1}},
{"type":"Feature","geometry":{"type":"Polygon","coordinates":[[[-64.374,-9.578],[-64.95,-9.799],[-64.485,-10.244],[-64.374,-9.578]]]},"properties":{"NAME":"Ahé (Kawahib)","SUBJECTO":"Ahé (Kawahib)","BORDERPRECISION":1}},
{"type":"Feature","geometry":{"type":"Polygon","coordinates":[[[-104.145,28.815],[-103.883,28.525],[-103.703,28.545],[-104.145,28.815]]]},"properties":{"NAME":"Chiso","SUBJECTO":"Chiso","BORDERPRECISION":1}},
{"type":"Feature","geometry":{"type":"Polygon","coordinates":[[[-71.067,1.703],[-71.072,1.32],[-71.026,1.176],[-71.067,1.703]]]},"properties":{"NAME":"Kubéwa/Cubeo","SUBJECTO":"Kubéwa/Cubeo","BORDERPRECISION":1}},
{"type":"Feature","geometry":{"type":"MultiPolygon","coordinates":[[[[-65.054,-23.976],[-65.075,-23.56],[-65.085,-23.562],[-65.054,-23.976]]],[[[-64.56,-26.057],[-64.519,-25.694],[-64.468,-24.937],[-64.464,-24.833],[-64.459,-24.667],[-65.029,-24.31],[-64.56,-26.057]]],[[[-70.457,-24.174],[-69.591,-24.898],[-69.542,-24.93],[-69.111,-25.214],[-66.842,-27.082],[-66.325,-27.315],[-65.374,-27.563],[-65.041,-24.296],[-65.06,-24.052],[-65.099,-23.565],[-67.132,-23.484],[-68.648,-23.067],[-70.036,-21.43],[-70.111,-21.45],[-70.457,-24.174]]]]},"properties":{"NAME":"Chichas","SUBJECTO":"Chichas","BORDERPRECISION":1}},
{"type":"Feature","geometry":{"type":"MultiPolygon","coordinates":[[[[-62.455,4.2],[-63.027,4.789],[-63.075,4.552],[-62.455,4.2]]],[[[-62.124,3.663],[-62.087,3.689],[-62.096,3.705],[-62.124,3.663]]]]},"properties":{"NAME":"Yanam (Ninam)","SUBJECTO":"Yanam (Ninam)","BORDERPRECISION":1}},
{"type":"Feature","geometry":{"type":"Polygon","coordinates":[[[-72.089,41.366],[-71.808,41.392],[-71.79,41.481],[-71.792,41.504],[-71.781,41.579],[-71.75,41.804],[-72.327,41.858],[-72.373,41.863],[-72.464,41.783],[-72.364,41.565],[-72.293,41.415],[-72.294,41.346],[-72.089,41.366]]]},"properties":{"NAME":"Mohegan","SUBJECTO":"Mohegan","BORDERPRECISION":1}},
{"type":"Feature","geometry":{"type":"Polygon","coordinates":[[[-119.107,47.537],[-119.071,47.006],[-118.769,47.058],[-118.638,47.529],[-118.673,47.541],[-119.107,47.537]]]},"properties":{"NAME":"Moses/Columbia","SUBJECTO":"Moses/Columbia","BORDERPRECISION":1}},
{"type":"Feature","geometry":{"type":"MultiPolygon","coordinates":[[[[-121.218,47.494],[-121.317,47.277],[-121.288,47.262],[-121.07,47.763],[-121.218,47.494]]],[[[-120.969,48.115],[-121.135,48.014],[-121.132,48.012],[-121.133,48.01],[-121.136,47.995],[-121.146,47.985],[-121.147,47.985],[-121.122,47.884],[-120.937,48.071],[-120.969,48.115]]]]},"properties":{"NAME":"np̓əšqʷáw̓səxʷ (Wenatchi)","SUBJECTO":"np̓əšqʷáw̓səxʷ (Wenatchi)","BORDERPRECISION":1}},
{"type":"Feature","geometry":{"type":"Polygon","coordinates":[[[-72.698,41.909],[-72.686,41.92],[-72.741,41.902],[-72.698,41.909]]]},"properties":{"NAME":"Poquonook","SUBJECTO":"Poquonook","BORDERPRECISION":1}},
{"type":"Feature","geometry":{"type":"Polygon","coordinates":[[[-79.103,50.12],[-78.045,49.987],[-76.435,48.474],[-76.431,48.407],[-76.259,48.206],[-75.872,48.892],[-75.872,48.894],[-75.868,48.895],[-74.048,49.249],[-70.202,54.504],[-74.775,54.75],[-78.843,53.12],[-79.633,51.038],[-79.642,50.792],[-79.103,50.12]]]},"properties":{"NAME":"Eeyou Istchee","SUBJECTO":"Eeyou Istchee","BORDERPRECISION":1}},
{"type":"Feature","geometry":{"type":"Polygon","coordinates":[[[-63.053,-12.733],[-63.054,-12.732],[-63.206,-12.642],[-64.138,-13.005],[-63.529,-13.323],[-63.053,-12.733]]]},"properties":{"NAME":"Itonama","SUBJECTO":"Itonama","BORDERPRECISION":1}},
{"type":"Feature","geometry":{"type":"Polygon","coordinates":[[[-72.479,5.961],[-72.662,6.99],[-72.913,6.862],[-73.814,6.336],[-72.479,5.961]]]},"properties":{"NAME":"Muisca","SUBJECTO":"Muisca","BORDERPRECISION":1}},
{"type":"Feature","geometry":{"type":"MultiPolygon","coordinates":[[[[-127.754,52.764],[-127.75,52.762],[-128.067,52.681],[-127.73,52.396],[-127.287,52.815],[-127.754,52.764]]],[[[-128.498,53.279],[-128.518,53.281],[-128.464,53.257],[-128.498,53.279]]]]},"properties":{"NAME":"Heiltsuk","SUBJECTO":"Heiltsuk","BORDERPRECISION":1}},
{"type":"Feature","geometry":{"type":"Polygon","coordinates":[[[-61.738,-10.502],[-61.81,-10.637],[-61.513,-10.84],[-61.738,-10.502]]]},"properties":{"NAME":"I'târap","SUBJECTO":"I'târap","BORDERPRECISION":1}},
{"type":"Feature","geometry":{"type":"Polygon","coordinates":[[[-65.095,-14.066],[-65.101,-14.138],[-65.089,-14.116],[-65.095,-14.066]]]},"properties":{"NAME":"Canichana","SUBJECTO":"Canichana","BORDERPRECISION":1}},
{"type":"Feature","geometry":{"type":"Polygon","coordinates":[[[-53.593,-10.95],[-53.889,-11.04],[-54.651,-11.075],[-54.651,-11.091],[-53.886,-11.059],[-53.874,-11.135],[-53.988,-11.543],[-53.593,-10.95]]]},"properties":{"NAME":"Ikpeng","SUBJECTO":"Ikpeng","BORDERPRECISION":1}},
{"type":"Feature","geometry":{"type":"Polygon","coordinates":[[[-88.764,36.544],[-89.893,34.195],[-88.95,33.827],[-88.687,35.193],[-88.679,35.312],[-88.708,36.548],[-88.764,36.544]]]},"properties":{"NAME":"Chikashsha Yaki (Chickasaw)","SUBJECTO":"Chikashsha Yaki (Chickasaw)","BORDERPRECISION":1}},
{"type":"Feature","geometry":{"type":"Polygon","coordinates":[[[-66.609,-1.781],[-65.496,-0.693],[-67.13,-0.661],[-67.544,-1.684],[-66.609,-1.781]]]},"properties":{"NAME":"Nadöb","SUBJECTO":"Nadöb","BORDERPRECISION":1}},
{"type":"Feature","geometry":{"type":"Polygon","coordinates":[[[-66.496,-15.031],[-67.003,-15.117],[-66.834,-15.446],[-66.754,-15.48],[-66.496,-15.031]]]},"properties":{"NAME":"Tsimane’","SUBJECTO":"Tsimane’","BORDERPRECISION":1}},
{"type":"Feature","geometry":{"type":"Polygon","coordinates":[[[-77.984,9.032],[-78.095,8.974],[-78.121,8.934],[-77.9,8.81],[-77.767,8.839],[-77.984,9.032]]]},"properties":{"NAME":"Guna of Wargandí","SUBJECTO":"Guna of Wargandí","BORDERPRECISION":1}},
{"type":"Feature","geometry":{"type":"Polygon","coordinates":[[[-62.245,-22.494],[-62.246,-22.494],[-62.244,-22.498],[-62.245,-22.494]]]},"properties":{"NAME":"Lumnanas","SUBJECTO":"Lumnanas","BORDERPRECISION":1}},
{"type":"Feature","geometry":{"type":"Polygon","coordinates":[[[-73.332,-4.593],[-73.106,-4.236],[-73.083,-4.175],[-72.49,-3.553],[-72.091,-3.575],[-71.453,-3.859],[-71.169,-4.334],[-71.099,-4.361],[-70.551,-4.522],[-69.713,-4.627],[-67.335,-3.284],[-64.634,-3.878],[-63.983,-3.277],[-64.774,-2.617],[-65.592,-2.24],[-65.597,-2.238],[-65.897,-2.14],[-65.908,-2.137],[-69.751,-2.617],[-70.276,-3.173],[-70.282,-3.181],[-71.743,-3.609],[-72.087,-3.561],[-72.444,-3.51],[-72.475,-3.493],[-72.476,-3.49],[-72.726,-3.177],[-73.458,-3.197],[-73.526,-3.303],[-73.547,-4.157],[-73.991,-4.343],[-74.445,-4.422],[-74.787,-4.449],[-75.527,-4.862],[-75.529,-4.865],[-75.713,-5.086],[-75.734,-5.105],[-75.762,-5.301],[-75.623,-5.625],[-75.592,-5.662],[-75.275,-5.964],[-74.994,-6.089],[-74.837,-6.119],[-74.114,-5.715],[-74.01,-5.55],[-73.332,-4.593]]]},"properties":{"NAME":"Inikana/Kukama Kukamiria/Kokama","SUBJECTO":"Inikana/Kukama Kukamiria/Kokama","BORDERPRECISION":1}},
{"type":"Feature","geometry":{"type":"Polygon","coordinates":[[[-73.608,10.749],[-73.291,10.395],[-73.27,10.372],[-72.936,10.04],[-71.585,8.808],[-70.971,9.118],[-70.95,9.149],[-70.999,9.562],[-71.017,9.61],[-73.784,11.332],[-73.798,11.307],[-73.608,10.749]]]},"properties":{"NAME":"Wayúu","SUBJECTO":"Wayúu","BORDERPRECISION":1}},
{"type":"Feature","geometry":{"type":"Polygon","coordinates":[[[-63.803,4.902],[-65.059,6.451],[-65.253,6.391],[-65.632,6.26],[-65.835,6.177],[-66.287,5.875],[-66.443,4.166],[-65.318,2.997],[-63.803,4.902]]]},"properties":{"NAME":"So'to (Yekuana)","SUBJECTO":"So'to (Yekuana)","BORDERPRECISION":1}},
{"type":"Feature","geometry":{"type":"Polygon","coordinates":[[[-121.42,36.486],[-121.619,36.531],[-121.769,36.444],[-121.807,36.41],[-121.805,36.384],[-121.805,36.383],[-121.808,36.372],[-121.811,36.367],[-121.896,36.322],[-121.552,36.051],[-121.524,36.063],[-121.291,36.409],[-121.42,36.486]]]},"properties":{"NAME":"Esselen","SUBJECTO":"Esselen","BORDERPRECISION":1}},
{"type":"Feature","geometry":{"type":"Polygon","coordinates":[[[-52.157,-3.773],[-52.367,-4.06],[-52.513,-4.484],[-52.007,-4.97],[-51.673,-3.725],[-52.157,-3.773]]]},"properties":{"NAME":"Awaeté (Asurini of the Xingu)","SUBJECTO":"Awaeté (Asurini of the Xingu)","BORDERPRECISION":1}},
{"type":"Feature","geometry":{"type":"MultiPolygon","coordinates":[[[[-62.19,-7.381],[-62.227,-7.511],[-62.198,-7.463],[-62.19,-7.381]]],[[[-61.8,-6.709],[-61.8,-6.703],[-61.775,-6.676],[-61.706,-6.582],[-61.705,-6.575],[-61.698,-6.573],[-61.681,-6.556],[-61.904,-6.464],[-62.136,-6.986],[-62.102,-7.145],[-62.028,-7.117],[-61.8,-6.709]]]]},"properties":{"NAME":"Hiaitsiihi","SUBJECTO":"Hiaitsiihi","BORDERPRECISION":1}},
{"type":"Feature","geometry":{"type":"Polygon","coordinates":[[[-67.335,0.228],[-67.403,0.273],[-68.425,0.737],[-70.554,0.571],[-70.918,0.209],[-70.969,0.156],[-70.858,-0.313],[-70.578,-0.392],[-69.871,-0.351],[-69.781,-0.312],[-67.741,-0.341],[-67.183,-0.033],[-67.335,0.228]]]},"properties":{"NAME":"Barasano/Panenoá","SUBJECTO":"Barasano/Panenoá","BORDERPRECISION":1}},
{"type":"Feature","geometry":{"type":"Polygon","coordinates":[[[-44.861,-5.532],[-45.047,-4.108],[-46.155,-3.534],[-46.97,-4.617],[-45.843,-6.063],[-45.481,-5.957],[-45.376,-5.93],[-45.147,-5.8],[-44.861,-5.532]]]},"properties":{"NAME":"Guajajara","SUBJECTO":"Guajajara","BORDERPRECISION":1}},
{"type":"Feature","geometry":{"type":"Polygon","coordinates":[[[-79.878,35.968],[-79.898,35.913],[-79.573,35.849],[-79.571,35.849],[-79.554,35.848],[-79.473,35.923],[-79.878,35.968]]]},"properties":{"NAME":"Shakori","SUBJECTO":"Shakori","BORDERPRECISION":1}},
{"type":"Feature","geometry":{"type":"Polygon","coordinates":[[[-64.289,-24.578],[-64.317,-24.67],[-64.365,-24.83],[-64.468,-24.937],[-64.519,-25.694],[-63.467,-25.573],[-62.2,-25.494],[-61.794,-25.437],[-60.517,-24.731],[-60.563,-24.649],[-60.927,-24.147],[-60.996,-24.036],[-61.371,-23.429],[-62.244,-22.498],[-62.246,-22.494],[-64.289,-24.578]]]},"properties":{"NAME":"Weenhayek/Wichí","SUBJECTO":"Weenhayek/Wichí","BORDERPRECISION":1}},
{"type":"Feature","geometry":{"type":"Polygon","coordinates":[[[-100.24,18.587],[-100.241,18.575],[-100.237,18.577],[-100.24,18.587]]]},"properties":{"NAME":"Matlatzinco/Tlahuica/Ocuiltec","SUBJECTO":"Matlatzinco/Tlahuica/Ocuiltec","BORDERPRECISION":1}},
{"type":"Feature","geometry":{"type":"MultiPolygon","coordinates":[[[[-124.516,49.099],[-124.505,48.991],[-124.592,48.961],[-124.602,48.959],[-124.604,48.951],[-124.554,48.878],[-124.506,48.848],[-124.411,48.803],[-124.406,48.798],[-124.405,48.797],[-124.379,48.771],[-124.207,48.742],[-124.189,48.742],[-124.183,48.742],[-124.086,48.715],[-124.075,48.712],[-124.066,48.686],[-124.064,48.684],[-124.042,48.667],[-124.038,48.665],[-123.973,48.655],[-124.402,49.032],[-124.516,49.099]]],[[[-124.581,48.37],[-124.572,48.368],[-124.575,48.37],[-124.579,48.371],[-124.581,48.37]]],[[[-124.629,48.379],[-124.634,48.379],[-124.6,48.37],[-124.629,48.379]]]]},"properties":{"NAME":"Hul'qumi'num Treaty Group","SUBJECTO":"Hul'qumi'num Treaty Group","BORDERPRECISION":1}},
{"type":"Feature","geometry":{"type":"Polygon","coordinates":[[[-38.678,-10.593],[-38.717,-10.686],[-38.598,-10.737],[-38.53,-10.577],[-38.678,-10.593]]]},"properties":{"NAME":"Kiriri","SUBJECTO":"Kiriri","BORDERPRECISION":1}},
{"type":"Feature","geometry":{"type":"Polygon","coordinates":[[[-39.506,-8.603],[-39.457,-8.818],[-39.316,-8.837],[-39.24,-8.636],[-39.506,-8.603]]]},"properties":{"NAME":"Tumbalalá","SUBJECTO":"Tumbalalá","BORDERPRECISION":1}},
{"type":"Feature","geometry":{"type":"Polygon","coordinates":[[[-79.127,1.046],[-79.162,0.903],[-79.081,0.828],[-79.127,1.046]]]},"properties":{"NAME":"Épera","SUBJECTO":"Épera","BORDERPRECISION":1}},
{"type":"Feature","geometry":{"type":"Polygon","coordinates":[[[-106.633,32.064],[-106.635,32.124],[-106.749,32.268],[-106.633,32.064]]]},"properties":{"NAME":"Tampachoa (Mansos)","SUBJECTO":"Tampachoa (Mansos)","BORDERPRECISION":1}},
{"type":"Feature","geometry":{"type":"Polygon","coordinates":[[[-64.503,-16.854],[-63.989,-16.69],[-63.991,-16.546],[-64.494,-16.518],[-64.503,-16.854]]]},"properties":{"NAME":"Bia Mbyá","SUBJECTO":"Bia Mbyá","BORDERPRECISION":1}},
{"type":"Feature","geometry":{"type":"Polygon","coordinates":[[[-78.408,-0.989],[-78.43,-0.873],[-78.433,-0.962],[-78.408,-0.989]]]},"properties":{"NAME":"Panzaleo","SUBJECTO":"Panzaleo","BORDERPRECISION":1}},
{"type":"Feature","geometry":{"type":"Polygon","coordinates":[[[-58.488,-24.374],[-58.506,-24.353],[-58.786,-24.372],[-58.784,-24.387],[-58.488,-24.374]]]},"properties":{"NAME":"Toba-Lengua","SUBJECTO":"Toba-Lengua","BORDERPRECISION":1}},
{"type":"Feature","geometry":{"type":"Polygon","coordinates":[[[-121.834,39.578],[-121.942,39.489],[-121.899,39.493],[-121.834,39.578]]]},"properties":{"NAME":"Mechoopda","SUBJECTO":"Mechoopda","BORDERPRECISION":1}},
{"type":"Feature","geometry":{"type":"Polygon","coordinates":[[[-77.64,37.187],[-76.816,36.985],[-76.994,37.103],[-77.212,37.16],[-77.215,37.161],[-77.623,37.195],[-77.636,37.194],[-77.64,37.187]]]},"properties":{"NAME":"Cheroenhaka (Nottoway)","SUBJECTO":"Cheroenhaka (Nottoway)","BORDERPRECISION":1}},
{"type":"Feature","geometry":{"type":"Polygon","coordinates":[[[-119.811,37.736],[-119.957,37.774],[-120.087,37.79],[-120.116,37.785],[-120.223,37.763],[-120.253,37.76],[-120.277,37.751],[-120.257,37.685],[-120.469,37.63],[-120.271,37.408],[-119.615,37.309],[-119.604,37.317],[-119.494,37.396],[-119.811,37.736]]]},"properties":{"NAME":"Me-Wuk (Southern Sierra Miwok)","SUBJECTO":"Me-Wuk (Southern Sierra Miwok)","BORDERPRECISION":1}},
{"type":"Feature","geometry":{"type":"Polygon","coordinates":[[[-145.821,61.136],[-145.425,60.865],[-145.316,60.855],[-145.722,61.454],[-147.068,61.477],[-146.357,61.365],[-145.821,61.136]]]},"properties":{"NAME":"Ahtna Nenn’","SUBJECTO":"Ahtna Nenn’","BORDERPRECISION":1}},
{"type":"Feature","geometry":{"type":"MultiPolygon","coordinates":[[[[-125.518,49.367],[-125.525,49.375],[-125.547,49.391],[-125.559,49.406],[-125.538,49.454],[-125.574,49.411],[-125.541,49.339],[-125.533,49.335],[-125.518,49.367]]],[[[-125.455,49.507],[-125.444,49.518],[-125.42,49.542],[-125.432,49.54],[-125.455,49.532],[-125.465,49.525],[-125.5,49.483],[-125.509,49.48],[-125.536,49.46],[-125.455,49.507]]],[[[-124.651,49.012],[-124.666,49],[-124.659,48.993],[-124.56,49.105],[-124.564,49.112],[-124.651,49.012]]],[[[-124.748,48.967],[-124.754,48.965],[-124.728,48.937],[-124.712,48.982],[-124.738,48.971],[-124.748,48.967]]],[[[-124.61,48.723],[-124.655,48.653],[-124.641,48.648],[-124.61,48.723]]],[[[-124.406,48.798],[-124.411,48.803],[-124.609,48.721],[-124.406,48.798]]],[[[-126.834,50.131],[-126.845,50.046],[-126.764,50.105],[-126.834,50.131]]]]},"properties":{"NAME":null,"SUBJECTO":null,"BORDERPRECISION":1}},
{"type":"Feature","geometry":{"type":"Polygon","coordinates":[[[-109.863,75.251],[-109.93,74.945],[-109.863,74.957],[-109.863,75.251]]]},"properties":{"NAME":null,"SUBJECTO":null,"BORDERPRECISION":1}},
{"type":"Feature","geometry":{"type":"MultiPolygon","coordinates":[[[[-174.069,64.533],[-174.334,64.558],[-174.041,64.429],[-174.069,64.533]]],[[[-173.123,64.675],[-171.793,65.608],[-171.561,65.785],[-171.485,65.833],[-170.529,66.318],[-174.519,64.659],[-174.037,64.554],[-173.123,64.675]]]]},"properties":{"NAME":null,"SUBJECTO":null,"BORDERPRECISION":1}},
{"type":"Feature","geometry":{"type":"Polygon","coordinates":[[[-110.215,70.324],[-113.32,70.06],[-110.215,70.14],[-110.215,70.324]]]},"properties":{"NAME":null,"SUBJECTO":null,"BORDERPRECISION":1}},
{"type":"Feature","geometry":{"type":"Polygon","coordinates":[[[-133.065,55.419],[-132.865,55.277],[-132.661,55.465],[-133.065,55.419]]]},"properties":{"NAME":null,"SUBJECTO":null,"BORDERPRECISION":1}},
{"type":"Feature","geometry":{"type":"Polygon","coordinates":[[[-171.854,63.74],[-172.052,63.6],[-171.889,63.687],[-171.854,63.74]]]},"properties":{"NAME":null,"SUBJECTO":null,"BORDERPRECISION":1}},
{"type":"Feature","geometry":{"type":"Polygon","coordinates":[[[-147.919,61.317],[-148.068,61.28],[-148.12,61.237],[-147.919,61.317]]]},"properties":{"NAME":null,"SUBJECTO":null,"BORDERPRECISION":1}},
{"type":"Feature","geometry":{"type":"Polygon","coordinates":[[[-145.821,61.136],[-146.357,61.365],[-146.04,61.229],[-145.821,61.136]]]},"properties":{"NAME":null,"SUBJECTO":null,"BORDERPRECISION":1}},
{"type":"Feature","geometry":{"type":"Polygon","coordinates":[[[-137.029,68.228],[-136.627,68.05],[-136.582,68.04],[-136.582,68.186],[-137.029,68.228]]]},"properties":{"NAME":null,"SUBJECTO":null,"BORDERPRECISION":1}},
{"type":"Feature","geometry":{"type":"Polygon","coordinates":[[[-128.89,54.997],[-128.842,55.028],[-128.889,55.054],[-128.89,54.997]]]},"properties":{"NAME":null,"SUBJECTO":null,"BORDERPRECISION":1}},
{"type":"Feature","geometry":{"type":"Polygon","coordinates":[[[-128.485,55.759],[-128.501,55.792],[-128.523,55.779],[-128.485,55.759]]]},"properties":{"NAME":null,"SUBJECTO":null,"BORDERPRECISION":1}},
{"type":"Feature","geometry":{"type":"Polygon","coordinates":[[[-128.825,55.093],[-128.809,55.106],[-128.824,55.104],[-128.825,55.093]]]},"properties":{"NAME":null,"SUBJECTO":null,"BORDERPRECISION":1}},
{"type":"Feature","geometry":{"type":"Polygon","coordinates":[[[-128.882,55.066],[-128.879,55.068],[-128.881,55.069],[-128.882,55.066]]]},"properties":{"NAME":null,"SUBJECTO":null,"BORDERPRECISION":1}},
{"type":"Feature","geometry":{"type":"Polygon","coordinates":[[[-128.123,55.143],[-127.924,55.152],[-127.92,55.168],[-128.123,55.143]]]},"properties":{"NAME":null,"SUBJECTO":null,"BORDERPRECISION":1}},
{"type":"Feature","geometry":{"type":"Polygon","coordinates":[[[-127.905,55.223],[-127.929,55.389],[-127.983,55.274],[-127.905,55.223]]]},"properties":{"NAME":null,"SUBJECTO":null,"BORDERPRECISION":1}},
{"type":"Feature","geometry":{"type":"Polygon","coordinates":[[[-128.496,55.725],[-128.535,55.735],[-128.503,55.726],[-128.496,55.725]]]},"properties":{"NAME":null,"SUBJECTO":null,"BORDERPRECISION":1}},
{"type":"Feature","geometry":{"type":"Polygon","coordinates":[[[-128.383,55.226],[-128.437,55.171],[-128.154,55.141],[-128.383,55.226]]]},"properties":{"NAME":null,"SUBJECTO":null,"BORDERPRECISION":1}},
{"type":"Feature","geometry":{"type":"Polygon","coordinates":[[[-155.44,58.466],[-157.413,58.196],[-156.161,58.324],[-155.44,58.466]]]},"properties":{"NAME":null,"SUBJECTO":null,"BORDERPRECISION":1}},
{"type":"Feature","geometry":{"type":"Polygon","coordinates":[[[-130.151,56.58],[-130.693,56.38],[-130.619,56.278],[-130.22,56.112],[-130.212,56.375],[-130.089,56.475],[-130.151,56.58]]]},"properties":{"NAME":null,"SUBJECTO":null,"BORDERPRECISION":1}},
{"type":"Feature","geometry":{"type":"Polygon","coordinates":[[[-145.755,60.574],[-145.654,60.618],[-145.522,60.78],[-145.755,60.574]]]},"properties":{"NAME":null,"SUBJECTO":null,"BORDERPRECISION":1}},
{"type":"Feature","geometry":{"type":"Polygon","coordinates":[[[-154.371,59.083],[-154.454,59.107],[-155.321,58.498],[-154.371,59.083]]]},"properties":{"NAME":null,"SUBJECTO":null,"BORDERPRECISION":1}},
{"type":"Feature","geometry":{"type":"Polygon","coordinates":[[[-128.699,55.152],[-128.648,55.145],[-128.682,55.157],[-128.699,55.152]]]},"properties":{"NAME":null,"SUBJECTO":null,"BORDERPRECISION":1}},
{"type":"Feature","geometry":{"type":"Polygon","coordinates":[[[-128.835,55.191],[-128.807,55.193],[-128.815,55.195],[-128.835,55.191]]]},"properties":{"NAME":null,"SUBJECTO":null,"BORDERPRECISION":1}},
{"type":"Feature","geometry":{"type":"Polygon","coordinates":[[[-130.195,56.104],[-130.059,56.056],[-130.04,56.05],[-130.195,56.104]]]},"properties":{"NAME":null,"SUBJECTO":null,"BORDERPRECISION":1}},
{"type":"Feature","geometry":{"type":"Polygon","coordinates":[[[-130.031,56.04],[-130.005,55.966],[-130.004,56.009],[-130.031,56.04]]]},"properties":{"NAME":null,"SUBJECTO":null,"BORDERPRECISION":1}},
{"type":"Feature","geometry":{"type":"Polygon","coordinates":[[[-76.814,-2.037],[-76.813,-2.037],[-76.814,-2.036],[-76.814,-2.037]]]},"properties":{"NAME":null,"SUBJECTO":null,"BORDERPRECISION":1}},
{"type":"Feature","geometry":null,"properties":{"NAME":null,"SUBJECTO":null,"BORDERPRECISION":1}},
{"type":"Feature","geometry":null,"properties":{"NAME":null,"SUBJECTO":null,"BORDERPRECISION":1}},
{"type":"Feature","geometry":{"type":"Polygon","coordinates":[[[-76.817,-2.036],[-76.816,-2.037],[-76.816,-2.036],[-76.817,-2.036]]]},"properties":{"NAME":null,"SUBJECTO":null,"BORDERPRECISION":1}},
{"type":"Feature","geometry":null,"properties":{"NAME":null,"SUBJECTO":null,"BORDERPRECISION":1}},
{"type":"Feature","geometry":null,"properties":{"NAME":null,"SUBJECTO":null,"BORDERPRECISION":1}},
{"type":"Feature","geometry":{"type":"Polygon","coordinates":[[[-76.812,-2.04],[-76.811,-2.042],[-76.811,-2.041],[-76.812,-2.04]]]},"properties":{"NAME":null,"SUBJECTO":null,"BORDERPRECISION":1}},
{"type":"Feature","geometry":{"type":"Polygon","coordinates":[[[-76.811,-2.042],[-76.81,-2.044],[-76.81,-2.043],[-76.811,-2.042]]]},"properties":{"NAME":null,"SUBJECTO":null,"BORDERPRECISION":1}},
{"type":"Feature","geometry":null,"properties":{"NAME":null,"SUBJECTO":null,"BORDERPRECISION":1}},
{"type":"Feature","geometry":null,"properties":{"NAME":null,"SUBJECTO":null,"BORDERPRECISION":1}},
{"type":"Feature","geometry":null,"properties":{"NAME":null,"SUBJECTO":null,"BORDERPRECISION":1}},
{"type":"Feature","geometry":null,"properties":{"NAME":null,"SUBJECTO":null,"BORDERPRECISION":1}},
{"type":"Feature","geometry":null,"properties":{"NAME":null,"SUBJECTO":null,"BORDERPRECISION":1}},
{"type":"Feature","geometry":null,"properties":{"NAME":null,"SUBJECTO":null,"BORDERPRECISION":1}},
{"type":"Feature","geometry":null,"properties":{"NAME":null,"SUBJECTO":null,"BORDERPRECISION":1}},
{"type":"Feature","geometry":{"type":"Polygon","coordinates":[[[-76.824,-2.027],[-76.823,-2.028],[-76.823,-2.027],[-76.824,-2.027]]]},"properties":{"NAME":null,"SUBJECTO":null,"BORDERPRECISION":1}},
{"type":"Feature","geometry":{"type":"Polygon","coordinates":[[[-76.86,-2.173],[-76.867,-2.172],[-76.867,-2.175],[-76.861,-2.176],[-76.86,-2.173]]]},"properties":{"NAME":null,"SUBJECTO":null,"BORDERPRECISION":1}},
{"type":"Feature","geometry":{"type":"Polygon","coordinates":[[[-76.844,-2.189],[-76.845,-2.192],[-76.844,-2.191],[-76.844,-2.189]]]},"properties":{"NAME":null,"SUBJECTO":null,"BORDERPRECISION":1}},
{"type":"Feature","geometry":{"type":"Polygon","coordinates":[[[-76.858,-2.157],[-76.86,-2.161],[-76.858,-2.158],[-76.858,-2.157]]]},"properties":{"NAME":null,"SUBJECTO":null,"BORDERPRECISION":1}},
{"type":"Feature","geometry":{"type":"Polygon","coordinates":[[[-76.86,-2.161],[-76.861,-2.168],[-76.86,-2.169],[-76.86,-2.161]]]},"properties":{"NAME":null,"SUBJECTO":null,"BORDERPRECISION":1}},
{"type":"Feature","geometry":{"type":"Polygon","coordinates":[[[-76.841,-2.2],[-76.84,-2.201],[-76.834,-2.201],[-76.841,-2.2]]]},"properties":{"NAME":null,"SUBJECTO":null,"BORDERPRECISION":1}},
{"type":"Feature","geometry":null,"properties":{"NAME":null,"SUBJECTO":null,"BORDERPRECISION":1}},
{"type":"Feature","geometry":{"type":"Polygon","coordinates":[[[-76.841,-2.193],[-76.839,-2.188],[-76.84,-2.189],[-76.841,-2.193]]]},"properties":{"NAME":null,"SUBJECTO":null,"BORDERPRECISION":1}},
{"type":"Feature","geometry":null,"properties":{"NAME":null,"SUBJECTO":null,"BORDERPRECISION":1}},
{"type":"Feature","geometry":null,"properties":{"NAME":null,"SUBJECTO":null,"BORDERPRECISION":1}},
{"type":"Feature","geometry":{"type":"Polygon","coordinates":[[[-76.801,-2.058],[-76.801,-2.059],[-76.8,-2.058],[-76.801,-2.058]]]},"properties":{"NAME":null,"SUBJECTO":null,"BORDERPRECISION":1}},
{"type":"Feature","geometry":{"type":"Polygon","coordinates":[[[-76.805,-2.051],[-76.805,-2.054],[-76.804,-2.052],[-76.805,-2.051]]]},"properties":{"NAME":null,"SUBJECTO":null,"BORDERPRECISION":1}},
{"type":"Feature","geometry":null,"properties":{"NAME":null,"SUBJECTO":null,"BORDERPRECISION":1}},
{"type":"Feature","geometry":{"type":"Polygon","coordinates":[[[-76.8,-2.073],[-76.862,-2.131],[-76.795,-2.079],[-76.8,-2.073]]]},"properties":{"NAME":null,"SUBJECTO":null,"BORDERPRECISION":1}},
{"type":"Feature","geometry":{"type":"MultiPolygon","coordinates":[]},"properties":{"NAME":null,"SUBJECTO":null,"BORDERPRECISION":1}},
{"type":"Feature","geometry":{"type":"Polygon","coordinates":[[[-76.8,-2.06],[-76.797,-2.065],[-76.798,-2.063],[-76.8,-2.06]]]},"properties":{"NAME":null,"SUBJECTO":null,"BORDERPRECISION":1}},
{"type":"Feature","geometry":{"type":"Polygon","coordinates":[[[-76.798,-2.067],[-76.799,-2.068],[-76.798,-2.068],[-76.797,-2.067],[-76.798,-2.067]]]},"properties":{"NAME":null,"SUBJECTO":null,"BORDERPRECISION":1}},
{"type":"Feature","geometry":{"type":"Polygon","coordinates":[[[-76.998,-2.317],[-76.999,-2.316],[-77.002,-2.317],[-76.998,-2.317]]]},"properties":{"NAME":null,"SUBJECTO":null,"BORDERPRECISION":1}},
{"type":"Feature","geometry":{"type":"Polygon","coordinates":[[[-77.009,-2.314],[-77.01,-2.311],[-77.011,-2.311],[-77.009,-2.314]]]},"properties":{"NAME":null,"SUBJECTO":null,"BORDERPRECISION":1}},
{"type":"Feature","geometry":{"type":"Polygon","coordinates":[[[-76.936,-2.298],[-76.943,-2.3],[-76.973,-2.325],[-76.936,-2.298]]]},"properties":{"NAME":null,"SUBJECTO":null,"BORDERPRECISION":1}},
{"type":"Feature","geometry":{"type":"Polygon","coordinates":[[[-76.988,-2.323],[-76.99,-2.321],[-76.995,-2.32],[-76.988,-2.323]]]},"properties":{"NAME":null,"SUBJECTO":null,"BORDERPRECISION":1}},
{"type":"Feature","geometry":{"type":"Polygon","coordinates":[[[-77.026,-2.292],[-77.027,-2.291],[-77.028,-2.291],[-77.026,-2.292]]]},"properties":{"NAME":null,"SUBJECTO":null,"BORDERPRECISION":1}},
{"type":"Feature","geometry":{"type":"Polygon","coordinates":[[[-77.032,-2.289],[-77.032,-2.288],[-77.034,-2.286],[-77.032,-2.289]]]},"properties":{"NAME":null,"SUBJECTO":null,"BORDERPRECISION":1}},
{"type":"Feature","geometry":null,"properties":{"NAME":null,"SUBJECTO":null,"BORDERPRECISION":1}},
{"type":"Feature","geometry":{"type":"Polygon","coordinates":[[[-77.023,-2.296],[-77.023,-2.295],[-77.024,-2.294],[-77.023,-2.296]]]},"properties":{"NAME":null,"SUBJECTO":null,"BORDERPRECISION":1}},
{"type":"Feature","geometry":{"type":"Polygon","coordinates":[[[-76.82,-2.231],[-76.819,-2.232],[-76.817,-2.231],[-76.82,-2.231]]]},"properties":{"NAME":null,"SUBJECTO":null,"BORDERPRECISION":1}},
{"type":"Feature","geometry":{"type":"Polygon","coordinates":[[[-76.805,-2.231],[-76.802,-2.236],[-76.801,-2.237],[-76.805,-2.231]]]},"properties":{"NAME":null,"SUBJECTO":null,"BORDERPRECISION":1}},
{"type":"Feature","geometry":{"type":"Polygon","coordinates":[[[-76.83,-2.21],[-76.829,-2.213],[-76.829,-2.211],[-76.83,-2.21]]]},"properties":{"NAME":null,"SUBJECTO":null,"BORDERPRECISION":1}},
{"type":"Feature","geometry":null,"properties":{"NAME":null,"SUBJECTO":null,"BORDERPRECISION":1}},
{"type":"Feature","geometry":{"type":"Polygon","coordinates":[[[-76.794,-2.254],[-76.854,-2.284],[-76.808,-2.266],[-76.794,-2.254]]]},"properties":{"NAME":null,"SUBJECTO":null,"BORDERPRECISION":1}},
{"type":"Feature","geometry":null,"properties":{"NAME":null,"SUBJECTO":null,"BORDERPRECISION":1}},
{"type":"Feature","geometry":{"type":"Polygon","coordinates":[[[-76.794,-2.24],[-76.794,-2.246],[-76.793,-2.241],[-76.794,-2.24]]]},"properties":{"NAME":null,"SUBJECTO":null,"BORDERPRECISION":1}},
{"type":"Feature","geometry":null,"properties":{"NAME":null,"SUBJECTO":null,"BORDERPRECISION":1}},
{"type":"Feature","geometry":{"type":"Polygon","coordinates":[[[-75.971,-5.47],[-75.93,-5.507],[-75.807,-5.344],[-75.762,-5.301],[-75.734,-5.105],[-75.823,-5.114],[-75.922,-5.153],[-75.903,-5.266],[-75.971,-5.47]]]},"properties":{"NAME":null,"SUBJECTO":null,"BORDERPRECISION":1}},
{"type":"Feature","geometry":{"type":"Polygon","coordinates":[[[-75.533,-4.861],[-75.529,-4.865],[-75.527,-4.862],[-75.533,-4.861]]]},"properties":{"NAME":null,"SUBJECTO":null,"BORDERPRECISION":1}},
{"type":"Feature","geometry":null,"properties":{"NAME":null,"SUBJECTO":null,"BORDERPRECISION":1}},
{"type":"Feature","geometry":{"type":"Polygon","coordinates":[[[-77.003,-2.198],[-76.981,-2.158],[-77.027,-2.124],[-77.003,-2.198]]]},"properties":{"NAME":null,"SUBJECTO":null,"BORDERPRECISION":1}},
{"type":"Feature","geometry":{"type":"Polygon","coordinates":[[[-73.966,-1.002],[-73.888,-1.059],[-73.894,-1.044],[-73.966,-1.002]]]},"properties":{"NAME":null,"SUBJECTO":null,"BORDERPRECISION":1}},
{"type":"Feature","geometry":{"type":"Polygon","coordinates":[[[-73.677,-2.046],[-73.809,-2.145],[-73.667,-2.233],[-73.677,-2.046]]]},"properties":{"NAME":null,"SUBJECTO":null,"BORDERPRECISION":1}},
{"type":"Feature","geometry":{"type":"Polygon","coordinates":[[[-75.777,-4.68],[-75.759,-4.69],[-75.838,-4.551],[-75.777,-4.68]]]},"properties":{"NAME":null,"SUBJECTO":null,"BORDERPRECISION":1}},
{"type":"Feature","geometry":{"type":"Polygon","coordinates":[[[-75.443,-6.288],[-74.994,-6.089],[-75.275,-5.964],[-75.516,-5.908],[-75.473,-6.166],[-75.455,-6.205],[-75.443,-6.288]]]},"properties":{"NAME":null,"SUBJECTO":null,"BORDERPRECISION":1}},
{"type":"Feature","geometry":{"type":"Polygon","coordinates":[[[-77.046,-2.269],[-77.047,-2.264],[-77.051,-2.262],[-77.046,-2.269]]]},"properties":{"NAME":null,"SUBJECTO":null,"BORDERPRECISION":1}},
{"type":"Feature","geometry":{"type":"Polygon","coordinates":[[[-77.054,-2.254],[-77.054,-2.252],[-77.055,-2.251],[-77.054,-2.254]]]},"properties":{"NAME":null,"SUBJECTO":null,"BORDERPRECISION":1}},
{"type":"Feature","geometry":{"type":"Polygon","coordinates":[[[-77.035,-2.285],[-77.036,-2.28],[-77.039,-2.278],[-77.035,-2.285]]]},"properties":{"NAME":null,"SUBJECTO":null,"BORDERPRECISION":1}},
{"type":"Feature","geometry":{"type":"Polygon","coordinates":[[[-77.044,-2.272],[-77.044,-2.271],[-77.045,-2.27],[-77.044,-2.272]]]},"properties":{"NAME":null,"SUBJECTO":null,"BORDERPRECISION":1}},
{"type":"Feature","geometry":{"type":"Polygon","coordinates":[[[-77.047,-2.216],[-77.044,-2.217],[-77.043,-2.217],[-77.047,-2.216]]]},"properties":{"NAME":null,"SUBJECTO":null,"BORDERPRECISION":1}},
{"type":"Feature","geometry":{"type":"Polygon","coordinates":[[[-77.038,-2.219],[-77.034,-2.221],[-77.033,-2.221],[-77.038,-2.219]]]},"properties":{"NAME":null,"SUBJECTO":null,"BORDERPRECISION":1}},
{"type":"Feature","geometry":null,"properties":{"NAME":null,"SUBJECTO":null,"BORDERPRECISION":1}},
{"type":"Feature","geometry":null,"properties":{"NAME":null,"SUBJECTO":null,"BORDERPRECISION":1}},
{"type":"Feature","geometry":{"type":"Polygon","coordinates":[[[-76.173,-2.112],[-76.179,-2.112],[-76.18,-2.114],[-76.173,-2.112]]]},"properties":{"NAME":null,"SUBJECTO":null,"BORDERPRECISION":1}},
{"type":"Feature","geometry":{"type":"Polygon","coordinates":[[[-76.193,-2.115],[-76.194,-2.111],[-76.196,-2.116],[-76.193,-2.115]]]},"properties":{"NAME":null,"SUBJECTO":null,"BORDERPRECISION":1}},
{"type":"Feature","geometry":{"type":"Polygon","coordinates":[[[-77.39,-1.44],[-77.287,-1.442],[-77.305,-1.434],[-77.39,-1.44]]]},"properties":{"NAME":null,"SUBJECTO":null,"BORDERPRECISION":1}},
{"type":"Feature","geometry":{"type":"Polygon","coordinates":[[[-75.588,-2.457],[-75.439,-2.602],[-75.054,-3.12],[-74.985,-3.178],[-75.737,-2.216],[-75.634,-2.391],[-75.616,-2.413],[-75.588,-2.457]]]},"properties":{"NAME":null,"SUBJECTO":null,"BORDERPRECISION":1}},
{"type":"Feature","geometry":{"type":"Polygon","coordinates":[[[-76.265,-2.077],[-76.265,-2.076],[-76.268,-2.075],[-76.265,-2.077]]]},"properties":{"NAME":null,"SUBJECTO":null,"BORDERPRECISION":1}},
{"type":"Feature","geometry":{"type":"Polygon","coordinates":[[[-76.273,-2.071],[-76.275,-2.07],[-76.276,-2.071],[-76.273,-2.071]]]},"properties":{"NAME":null,"SUBJECTO":null,"BORDERPRECISION":1}},
{"type":"Feature","geometry":{"type":"Polygon","coordinates":[[[-76.207,-2.107],[-76.209,-2.109],[-76.21,-2.111],[-76.207,-2.107]]]},"properties":{"NAME":null,"SUBJECTO":null,"BORDERPRECISION":1}},
{"type":"Feature","geometry":{"type":"Polygon","coordinates":[[[-76.259,-2.08],[-76.26,-2.079],[-76.262,-2.079],[-76.259,-2.08]]]},"properties":{"NAME":null,"SUBJECTO":null,"BORDERPRECISION":1}},
{"type":"Feature","geometry":{"type":"Polygon","coordinates":[[[-79.103,-3.739],[-79.132,-3.835],[-79.097,-4.496],[-79.076,-4.547],[-78.902,-4.793],[-78.225,-3.575],[-79.103,-3.739]]]},"properties":{"NAME":null,"SUBJECTO":null,"BORDERPRECISION":1}},
{"type":"Feature","geometry":{"type":"Polygon","coordinates":[[[-77.805,0.366],[-77.807,0.359],[-77.802,0.366],[-77.805,0.366]]]},"properties":{"NAME":null,"SUBJECTO":null,"BORDERPRECISION":1}},
{"type":"Feature","geometry":{"type":"Polygon","coordinates":[[[-79.897,-4.4],[-79.901,-4.398],[-79.984,-4.354],[-79.972,-4.668],[-79.93,-4.678],[-79.872,-4.722],[-79.684,-4.456],[-79.698,-4.453],[-79.897,-4.4]]]},"properties":{"NAME":null,"SUBJECTO":null,"BORDERPRECISION":1}},
{"type":"Feature","geometry":{"type":"Polygon","coordinates":[[[-79.97,-3.877],[-79.97,-3.885],[-79.96,-3.874],[-79.97,-3.877]]]},"properties":{"NAME":null,"SUBJECTO":null,"BORDERPRECISION":1}},
{"type":"Feature","geometry":{"type":"Polygon","coordinates":[[[-77.006,-0.929],[-77.042,-0.913],[-77.049,-0.913],[-77.006,-0.929]]]},"properties":{"NAME":null,"SUBJECTO":null,"BORDERPRECISION":1}},
{"type":"Feature","geometry":{"type":"Polygon","coordinates":[[[-77.506,-1.403],[-77.483,-1.421],[-77.459,-1.425],[-77.506,-1.403]]]},"properties":{"NAME":null,"SUBJECTO":null,"BORDERPRECISION":1}},
{"type":"Feature","geometry":{"type":"Polygon","coordinates":[[[-76.127,-0.902],[-76.336,-0.721],[-76.184,-0.924],[-76.127,-0.902]]]},"properties":{"NAME":null,"SUBJECTO":null,"BORDERPRECISION":1}},
{"type":"Feature","geometry":{"type":"Polygon","coordinates":[[[-76.414,-0.75],[-76.463,-0.79],[-76.432,-0.777],[-76.414,-0.75]]]},"properties":{"NAME":null,"SUBJECTO":null,"BORDERPRECISION":1}},
{"type":"Feature","geometry":{"type":"Polygon","coordinates":[[[-76.421,-2.022],[-76.425,-2.027],[-76.421,-2.026],[-76.421,-2.022]]]},"properties":{"NAME":null,"SUBJECTO":null,"BORDERPRECISION":1}},
{"type":"Feature","geometry":{"type":"Polygon","coordinates":[[[-76.425,-2.01],[-76.425,-2.008],[-76.43,-2.006],[-76.425,-2.01]]]},"properties":{"NAME":null,"SUBJECTO":null,"BORDERPRECISION":1}},
{"type":"Feature","geometry":null,"properties":{"NAME":null,"SUBJECTO":null,"BORDERPRECISION":1}},
{"type":"Feature","geometry":{"type":"Polygon","coordinates":[[[-76.404,-2.037],[-76.403,-2.035],[-76.406,-2.027],[-76.407,-2.026],[-76.404,-2.034],[-76.404,-2.037]]]},"properties":{"NAME":null,"SUBJECTO":null,"BORDERPRECISION":1}},
{"type":"Feature","geometry":{"type":"Polygon","coordinates":[[[-76.472,-2.013],[-76.47,-2.008],[-76.471,-2.007],[-76.472,-2.013]]]},"properties":{"NAME":null,"SUBJECTO":null,"BORDERPRECISION":1}},
{"type":"Feature","geometry":{"type":"Polygon","coordinates":[[[-76.473,-2.003],[-76.474,-1.997],[-76.486,-1.991],[-76.473,-2.003]]]},"properties":{"NAME":null,"SUBJECTO":null,"BORDERPRECISION":1}},
{"type":"Feature","geometry":{"type":"Polygon","coordinates":[[[-76.439,-2.005],[-76.441,-2.004],[-76.448,-2.005],[-76.439,-2.005]]]},"properties":{"NAME":null,"SUBJECTO":null,"BORDERPRECISION":1}},
{"type":"Feature","geometry":{"type":"Polygon","coordinates":[[[-76.458,-2.008],[-76.459,-2.008],[-76.468,-2.015],[-76.458,-2.008]]]},"properties":{"NAME":null,"SUBJECTO":null,"BORDERPRECISION":1}},
{"type":"Feature","geometry":{"type":"Polygon","coordinates":[[[-76.296,-2.07],[-76.296,-2.069],[-76.297,-2.07],[-76.296,-2.07]]]},"properties":{"NAME":null,"SUBJECTO":null,"BORDERPRECISION":1}},
{"type":"Feature","geometry":{"type":"Polygon","coordinates":[[[-76.322,-2.053],[-76.323,-2.052],[-76.327,-2.05],[-76.322,-2.053]]]},"properties":{"NAME":null,"SUBJECTO":null,"BORDERPRECISION":1}},
{"type":"Feature","geometry":null,"properties":{"NAME":null,"SUBJECTO":null,"BORDERPRECISION":1}},
{"type":"Feature","geometry":{"type":"Polygon","coordinates":[[[-76.284,-2.071],[-76.286,-2.071],[-76.287,-2.072],[-76.284,-2.071]]]},"properties":{"NAME":null,"SUBJECTO":null,"BORDERPRECISION":1}},
{"type":"Feature","geometry":{"type":"Polygon","coordinates":[[[-76.357,-2.042],[-76.358,-2.04],[-76.358,-2.041],[-76.357,-2.042]]]},"properties":{"NAME":null,"SUBJECTO":null,"BORDERPRECISION":1}},
{"type":"Feature","geometry":null,"properties":{"NAME":null,"SUBJECTO":null,"BORDERPRECISION":1}},
{"type":"Feature","geometry":null,"properties":{"NAME":null,"SUBJECTO":null,"BORDERPRECISION":1}},
{"type":"Feature","geometry":{"type":"Polygon","coordinates":[[[-76.344,-2.051],[-76.344,-2.048],[-76.347,-2.047],[-76.344,-2.051]]]},"properties":{"NAME":null,"SUBJECTO":null,"BORDERPRECISION":1}},
{"type":"Feature","geometry":{"type":"Polygon","coordinates":[[[-76.054,-2.535],[-76.06,-2.532],[-76.051,-2.538],[-76.054,-2.535]]]},"properties":{"NAME":null,"SUBJECTO":null,"BORDERPRECISION":1}},
{"type":"Feature","geometry":{"type":"Polygon","coordinates":[[[-76.237,-2.421],[-76.122,-2.491],[-76.158,-2.456],[-76.237,-2.421]]]},"properties":{"NAME":null,"SUBJECTO":null,"BORDERPRECISION":1}},
{"type":"Feature","geometry":null,"properties":{"NAME":null,"SUBJECTO":null,"BORDERPRECISION":1}},
{"type":"Feature","geometry":{"type":"Polygon","coordinates":[[[-75.9,-2.676],[-75.888,-2.691],[-75.892,-2.683],[-75.9,-2.676]]]},"properties":{"NAME":null,"SUBJECTO":null,"BORDERPRECISION":1}},
{"type":"Feature","geometry":{"type":"Polygon","coordinates":[[[-76.416,-1.568],[-76.424,-1.567],[-76.421,-1.57],[-76.416,-1.568]]]},"properties":{"NAME":null,"SUBJECTO":null,"BORDERPRECISION":1}},
{"type":"Feature","geometry":{"type":"Polygon","coordinates":[[[-76.464,-1.556],[-76.472,-1.551],[-76.468,-1.556],[-76.464,-1.556]]]},"properties":{"NAME":null,"SUBJECTO":null,"BORDERPRECISION":1}},
{"type":"Feature","geometry":{"type":"Polygon","coordinates":[[[-76.681,-2.287],[-76.679,-2.288],[-76.409,-2.121],[-76.681,-2.287]]]},"properties":{"NAME":null,"SUBJECTO":null,"BORDERPRECISION":1}},
{"type":"Feature","geometry":{"type":"Polygon","coordinates":[[[-76.043,-2.047],[-75.959,-2.028],[-75.295,-1.86],[-75.203,-1.895],[-75.114,-1.951],[-75.026,-1.999],[-75.284,-0.985],[-75.346,-0.944],[-76.088,-0.91],[-76.393,-1.579],[-76.043,-2.047]]]},"properties":{"NAME":null,"SUBJECTO":null,"BORDERPRECISION":1}},
{"type":"Feature","geometry":{"type":"Polygon","coordinates":[[[-76.562,-1.958],[-76.566,-1.954],[-76.563,-1.957],[-76.562,-1.958]]]},"properties":{"NAME":null,"SUBJECTO":null,"BORDERPRECISION":1}},
{"type":"Feature","geometry":{"type":"Polygon","coordinates":[[[-76.567,-1.953],[-76.575,-1.939],[-76.583,-1.934],[-76.567,-1.953]]]},"properties":{"NAME":null,"SUBJECTO":null,"BORDERPRECISION":1}},
{"type":"Feature","geometry":{"type":"Polygon","coordinates":[[[-76.49,-1.987],[-76.5,-1.977],[-76.511,-1.974],[-76.49,-1.987]]]},"properties":{"NAME":null,"SUBJECTO":null,"BORDERPRECISION":1}},
{"type":"Feature","geometry":{"type":"Polygon","coordinates":[[[-76.517,-1.972],[-76.52,-1.97],[-76.526,-1.968],[-76.517,-1.972]]]},"properties":{"NAME":null,"SUBJECTO":null,"BORDERPRECISION":1}},
{"type":"Feature","geometry":{"type":"Polygon","coordinates":[[[-76.635,-1.902],[-76.634,-1.901],[-76.637,-1.897],[-76.635,-1.902]]]},"properties":{"NAME":null,"SUBJECTO":null,"BORDERPRECISION":1}},
{"type":"Feature","geometry":null,"properties":{"NAME":null,"SUBJECTO":null,"BORDERPRECISION":1}},
{"type":"Feature","geometry":{"type":"Polygon","coordinates":[[[-76.593,-1.927],[-76.596,-1.925],[-76.609,-1.926],[-76.593,-1.927]]]},"properties":{"NAME":null,"SUBJECTO":null,"BORDERPRECISION":1}},
{"type":"Feature","geometry":{"type":"Polygon","coordinates":[[[-76.628,-1.918],[-76.629,-1.911],[-76.631,-1.912],[-76.628,-1.918]]]},"properties":{"NAME":null,"SUBJECTO":null,"BORDERPRECISION":1}},
{"type":"Feature","geometry":null,"properties":{"NAME":null,"SUBJECTO":null,"BORDERPRECISION":1}},
{"type":"Feature","geometry":{"type":"Polygon","coordinates":[[[-76.838,-2.008],[-76.837,-2.007],[-76.839,-2.007],[-76.838,-2.008]]]},"properties":{"NAME":null,"SUBJECTO":null,"BORDERPRECISION":1}},
{"type":"Feature","geometry":null,"properties":{"NAME":null,"SUBJECTO":null,"BORDERPRECISION":1}},
{"type":"Feature","geometry":null,"properties":{"NAME":null,"SUBJECTO":null,"BORDERPRECISION":1}},
{"type":"Feature","geometry":null,"properties":{"NAME":null,"SUBJECTO":null,"BORDERPRECISION":1}},
{"type":"Feature","geometry":null,"properties":{"NAME":null,"SUBJECTO":null,"BORDERPRECISION":1}},
{"type":"Feature","geometry":{"type":"Polygon","coordinates":[[[-76.836,-2.007],[-76.835,-2.01],[-76.835,-2.009],[-76.836,-2.007]]]},"properties":{"NAME":null,"SUBJECTO":null,"BORDERPRECISION":1}},
{"type":"Feature","geometry":{"type":"Polygon","coordinates":[[[-76.835,-2.013],[-76.834,-2.013],[-76.834,-2.012],[-76.835,-2.013]]]},"properties":{"NAME":null,"SUBJECTO":null,"BORDERPRECISION":1}},
{"type":"Feature","geometry":{"type":"Polygon","coordinates":[[[-76.587,-1.495],[-76.597,-1.495],[-76.593,-1.505],[-76.587,-1.495]]]},"properties":{"NAME":null,"SUBJECTO":null,"BORDERPRECISION":1}},
{"type":"Feature","geometry":{"type":"Polygon","coordinates":[[[-76.594,-1.515],[-76.599,-1.512],[-76.594,-1.517],[-76.594,-1.515]]]},"properties":{"NAME":null,"SUBJECTO":null,"BORDERPRECISION":1}},
{"type":"Feature","geometry":{"type":"Polygon","coordinates":[[[-76.506,-1.543],[-76.512,-1.541],[-76.507,-1.547],[-76.506,-1.543]]]},"properties":{"NAME":null,"SUBJECTO":null,"BORDERPRECISION":1}},
{"type":"Feature","geometry":{"type":"Polygon","coordinates":[[[-76.528,-1.531],[-76.543,-1.515],[-76.537,-1.524],[-76.528,-1.531]]]},"properties":{"NAME":null,"SUBJECTO":null,"BORDERPRECISION":1}},
{"type":"Feature","geometry":{"type":"Polygon","coordinates":[[[-76.65,-1.867],[-76.853,-1.972],[-76.853,-1.977],[-76.65,-1.867]]]},"properties":{"NAME":null,"SUBJECTO":null,"BORDERPRECISION":1}},
{"type":"Feature","geometry":null,"properties":{"NAME":null,"SUBJECTO":null,"BORDERPRECISION":1}},
{"type":"Feature","geometry":{"type":"Polygon","coordinates":[[[-76.825,-1.621],[-76.851,-1.615],[-76.849,-1.618],[-76.825,-1.621]]]},"properties":{"NAME":null,"SUBJECTO":null,"BORDERPRECISION":1}},
{"type":"Feature","geometry":{"type":"Polygon","coordinates":[[[-76.954,-1.625],[-76.962,-1.626],[-76.955,-1.627],[-76.954,-1.625]]]},"properties":{"NAME":null,"SUBJECTO":null,"BORDERPRECISION":1}},
{"type":"Feature","geometry":{"type":"Polygon","coordinates":[[[-76.627,37.568],[-76.406,37.452],[-76.574,37.711],[-76.627,37.568]]]},"properties":{"NAME":null,"SUBJECTO":null,"BORDERPRECISION":1}},
{"type":"Feature","geometry":{"type":"Polygon","coordinates":[[[-76.612,37.755],[-76.632,37.778],[-76.674,37.787],[-76.612,37.755]]]},"properties":{"NAME":null,"SUBJECTO":null,"BORDERPRECISION":1}},
{"type":"Feature","geometry":{"type":"Polygon","coordinates":[[[-76.796,37.21],[-76.804,37.228],[-76.825,37.235],[-76.89,37.231],[-76.872,37.227],[-76.796,37.21]]]},"properties":{"NAME":null,"SUBJECTO":null,"BORDERPRECISION":1}},
{"type":"Feature","geometry":{"type":"Polygon","coordinates":[[[-76.288,37.143],[-76.342,37.251],[-76.666,37.383],[-76.513,37.226],[-76.508,37.228],[-76.288,37.143]]]},"properties":{"NAME":null,"SUBJECTO":null,"BORDERPRECISION":1}},
{"type":"Feature","geometry":{"type":"Polygon","coordinates":[[[-76.524,38.099],[-76.514,38.118],[-76.56,38.132],[-76.524,38.099]]]},"properties":{"NAME":null,"SUBJECTO":null,"BORDERPRECISION":1}},
{"type":"Feature","geometry":{"type":"Polygon","coordinates":[[[-76.905,38.133],[-76.855,38.083],[-76.708,38.178],[-76.743,38.189],[-76.901,38.238],[-76.956,38.266],[-76.905,38.133]]]},"properties":{"NAME":null,"SUBJECTO":null,"BORDERPRECISION":1}},
{"type":"Feature","geometry":{"type":"Polygon","coordinates":[[[-76.471,37.748],[-76.298,37.767],[-76.396,37.803],[-76.471,37.748]]]},"properties":{"NAME":null,"SUBJECTO":null,"BORDERPRECISION":1}},
{"type":"Feature","geometry":{"type":"Polygon","coordinates":[[[-76.511,38.057],[-76.415,37.929],[-76.232,37.906],[-76.51,38.069],[-76.511,38.057]]]},"properties":{"NAME":null,"SUBJECTO":null,"BORDERPRECISION":1}},
{"type":"Feature","geometry":{"type":"Polygon","coordinates":[[[-87.954,30.667],[-87.982,30.594],[-87.948,30.54],[-87.954,30.667]]]},"properties":{"NAME":null,"SUBJECTO":null,"BORDERPRECISION":1}},
{"type":"Feature","geometry":null,"properties":{"NAME":null,"SUBJECTO":null,"BORDERPRECISION":1}},
{"type":"Feature","geometry":{"type":"Polygon","coordinates":[[[-95.333,18.769],[-95.343,18.772],[-95.348,18.772],[-95.333,18.769]]]},"properties":{"NAME":null,"SUBJECTO":null,"BORDERPRECISION":1}},
{"type":"Feature","geometry":{"type":"Polygon","coordinates":[[[-97.856,22.164],[-97.789,22.046],[-97.825,22.158],[-97.856,22.164]]]},"properties":{"NAME":null,"SUBJECTO":null,"BORDERPRECISION":1}},
{"type":"Feature","geometry":{"type":"Polygon","coordinates":[[[-76.636,37.133],[-76.648,37.142],[-76.549,37.028],[-76.52,37.022],[-76.539,37.038],[-76.636,37.133]]]},"properties":{"NAME":null,"SUBJECTO":null,"BORDERPRECISION":1}},
{"type":"Feature","geometry":{"type":"Polygon","coordinates":[[[-76.723,37.173],[-76.703,37.186],[-76.71,37.191],[-76.745,37.183],[-76.723,37.173]]]},"properties":{"NAME":null,"SUBJECTO":null,"BORDERPRECISION":1}},
{"type":"Feature","geometry":{"type":"Polygon","coordinates":[[[-79.472,33.219],[-79.532,33.29],[-80.87,33.41],[-81.048,33.417],[-81.127,33.41],[-80.793,32.951],[-79.564,32.927],[-79.515,32.968],[-79.472,33.219]]]},"properties":{"NAME":null,"SUBJECTO":null,"BORDERPRECISION":1}},
{"type":"Feature","geometry":{"type":"Polygon","coordinates":[[[-76.294,36.988],[-76.309,36.99],[-76.311,36.99],[-76.314,36.981],[-76.294,36.988]]]},"properties":{"NAME":null,"SUBJECTO":null,"BORDERPRECISION":1}},
{"type":"Feature","geometry":{"type":"Polygon","coordinates":[[[-124.44,47.666],[-124.437,47.662],[-124.436,47.662],[-124.44,47.666]]]},"properties":{"NAME":null,"SUBJECTO":null,"BORDERPRECISION":1}},
{"type":"Feature","geometry":{"type":"Polygon","coordinates":[[[-124.25,47.024],[-124.249,47.019],[-124.243,47.021],[-124.25,47.024]]]},"properties":{"NAME":null,"SUBJECTO":null,"BORDERPRECISION":1}},
{"type":"Feature","geometry":{"type":"Polygon","coordinates":[[[-93.088,58.506],[-93.047,58.501],[-93.313,58.694],[-93.088,58.506]]]},"properties":{"NAME":null,"SUBJECTO":null,"BORDERPRECISION":1}},
{"type":"Feature","geometry":{"type":"Polygon","coordinates":[[[-127.617,51.392],[-127.62,51.383],[-127.178,51.535],[-127.617,51.392]]]},"properties":{"NAME":null,"SUBJECTO":null,"BORDERPRECISION":1}},
{"type":"Feature","geometry":{"type":"Polygon","coordinates":[[[-124.473,43.258],[-124.63,43.014],[-124.603,42.855],[-124.473,43.258]]]},"properties":{"NAME":null,"SUBJECTO":null,"BORDERPRECISION":1}},
{"type":"Feature","geometry":{"type":"Polygon","coordinates":[[[-124.582,42.729],[-124.494,42.459],[-124.509,42.586],[-124.582,42.729]]]},"properties":{"NAME":null,"SUBJECTO":null,"BORDERPRECISION":1}},
{"type":"Feature","geometry":{"type":"Polygon","coordinates":[[[-124.152,46.427],[-124.159,46.35],[-124.139,46.347],[-124.152,46.427]]]},"properties":{"NAME":null,"SUBJECTO":null,"BORDERPRECISION":1}},
{"type":"Feature","geometry":{"type":"Polygon","coordinates":[[[-124.215,44.51],[-124.331,44.072],[-124.248,43.84],[-124.215,44.51]]]},"properties":{"NAME":null,"SUBJECTO":null,"BORDERPRECISION":1}},
{"type":"Feature","geometry":{"type":"Polygon","coordinates":[[[-75.923,38.219],[-75.924,38.203],[-75.883,38.227],[-75.923,38.219]]]},"properties":{"NAME":null,"SUBJECTO":null,"BORDERPRECISION":1}},
{"type":"Feature","geometry":{"type":"Polygon","coordinates":[[[-75.478,37.899],[-75.474,37.907],[-75.551,37.92],[-75.503,37.909],[-75.478,37.899]]]},"properties":{"NAME":null,"SUBJECTO":null,"BORDERPRECISION":1}},
{"type":"Feature","geometry":{"type":"Polygon","coordinates":[[[-77.146,38.375],[-77.15,38.376],[-77.237,38.384],[-77.247,38.393],[-77.267,38.409],[-77.244,38.333],[-77.146,38.375]]]},"properties":{"NAME":null,"SUBJECTO":null,"BORDERPRECISION":1}},
{"type":"Feature","geometry":{"type":"Polygon","coordinates":[[[-77.249,38.533],[-77.249,38.52],[-77.227,38.558],[-77.249,38.533]]]},"properties":{"NAME":null,"SUBJECTO":null,"BORDERPRECISION":1}},
{"type":"Feature","geometry":{"type":"Polygon","coordinates":[[[-69.915,48.199],[-69.838,48.156],[-69.826,48.168],[-69.915,48.199]]]},"properties":{"NAME":null,"SUBJECTO":null,"BORDERPRECISION":1}},
{"type":"Feature","geometry":{"type":"Polygon","coordinates":[[[-82.229,54.906],[-82.202,54.969],[-82.53,55.078],[-82.229,54.906]]]},"properties":{"NAME":null,"SUBJECTO":null,"BORDERPRECISION":1}},
{"type":"Feature","geometry":{"type":"Polygon","coordinates":[[[-70.853,42.323],[-70.789,42.291],[-70.749,42.272],[-70.856,42.33],[-70.853,42.323]]]},"properties":{"NAME":null,"SUBJECTO":null,"BORDERPRECISION":1}},
{"type":"Feature","geometry":{"type":"Polygon","coordinates":[[[-70.59,42.692],[-70.57,42.716],[-70.652,42.716],[-70.59,42.692]]]},"properties":{"NAME":null,"SUBJECTO":null,"BORDERPRECISION":1}},
{"type":"Feature","geometry":{"type":"Polygon","coordinates":[[[-116.705,31.596],[-116.705,31.591],[-116.693,31.572],[-116.705,31.596]]]},"properties":{"NAME":null,"SUBJECTO":null,"BORDERPRECISION":1}},
{"type":"Feature","geometry":{"type":"Polygon","coordinates":[[[-116.499,31.339],[-116.585,31.396],[-116.362,31.099],[-116.499,31.339]]]},"properties":{"NAME":null,"SUBJECTO":null,"BORDERPRECISION":1}},
{"type":"Feature","geometry":{"type":"Polygon","coordinates":[[[-121.524,36.063],[-121.552,36.051],[-121.548,36.044],[-121.524,36.063]]]},"properties":{"NAME":null,"SUBJECTO":null,"BORDERPRECISION":1}},
{"type":"Feature","geometry":{"type":"Polygon","coordinates":[[[-117.348,33.02],[-117.349,32.755],[-117.264,32.693],[-117.348,33.02]]]},"properties":{"NAME":null,"SUBJECTO":null,"BORDERPRECISION":1}},
{"type":"Feature","geometry":{"type":"Polygon","coordinates":[[[-110.336,23.584],[-110.421,23.584],[-110.297,23.468],[-110.336,23.584]]]},"properties":{"NAME":null,"SUBJECTO":null,"BORDERPRECISION":1}},
{"type":"Feature","geometry":{"type":"Polygon","coordinates":[[[-114.779,30.779],[-114.734,30.799],[-114.734,30.814],[-114.779,30.779]]]},"properties":{"NAME":null,"SUBJECTO":null,"BORDERPRECISION":1}},
{"type":"Feature","geometry":{"type":"Polygon","coordinates":[[[-115.026,30.724],[-116.102,30.442],[-115.869,30.286],[-114.952,30.704],[-115.026,30.724]]]},"properties":{"NAME":null,"SUBJECTO":null,"BORDERPRECISION":1}},
{"type":"Feature","geometry":{"type":"Polygon","coordinates":[[[-111.237,25.572],[-112.172,25.75],[-112.148,25.7],[-111.237,25.572]]]},"properties":{"NAME":null,"SUBJECTO":null,"BORDERPRECISION":1}},
{"type":"Feature","geometry":{"type":"Polygon","coordinates":[[[-123.849,39.529],[-123.856,39.331],[-123.816,39.529],[-123.849,39.529]]]},"properties":{"NAME":null,"SUBJECTO":null,"BORDERPRECISION":1}},
{"type":"Feature","geometry":{"type":"Polygon","coordinates":[[[-123.831,39.274],[-123.826,39.261],[-123.808,39.273],[-123.831,39.274]]]},"properties":{"NAME":null,"SUBJECTO":null,"BORDERPRECISION":1}},
{"type":"Feature","geometry":{"type":"Polygon","coordinates":[[[-124.132,41.623],[-124.171,41.646],[-124.407,40.498],[-123.992,40.987],[-123.992,41.015],[-124.132,41.623]]]},"properties":{"NAME":null,"SUBJECTO":null,"BORDERPRECISION":1}},
{"type":"Feature","geometry":{"type":"Polygon","coordinates":[[[-123.875,39.822],[-123.904,39.857],[-123.967,39.876],[-123.871,39.704],[-123.875,39.822]]]},"properties":{"NAME":null,"SUBJECTO":null,"BORDERPRECISION":1}},
{"type":"Feature","geometry":null,"properties":{"NAME":null,"SUBJECTO":null,"BORDERPRECISION":1}},
{"type":"Feature","geometry":{"type":"Polygon","coordinates":[[[-121.986,36.678],[-121.998,36.678],[-121.998,36.673],[-121.986,36.678]]]},"properties":{"NAME":null,"SUBJECTO":null,"BORDERPRECISION":1}},
{"type":"Feature","geometry":{"type":"Polygon","coordinates":[[[-123.556,38.819],[-123.577,38.813],[-123.529,38.768],[-123.51,38.773],[-123.556,38.819]]]},"properties":{"NAME":null,"SUBJECTO":null,"BORDERPRECISION":1}},
{"type":"Feature","geometry":{"type":"Polygon","coordinates":[[[-122.567,37.803],[-122.575,37.742],[-122.523,37.805],[-122.567,37.803]]]},"properties":{"NAME":null,"SUBJECTO":null,"BORDERPRECISION":1}},
{"type":"Feature","geometry":{"type":"Polygon","coordinates":[[[-83.401,9.461],[-83.695,9.851],[-84.16,9.45],[-84.148,9.428],[-83.497,9.463],[-83.401,9.461]]]},"properties":{"NAME":null,"SUBJECTO":null,"BORDERPRECISION":1}},
{"type":"Feature","geometry":{"type":"Polygon","coordinates":[[[-83.263,8.422],[-83.228,8.441],[-83.278,8.558],[-83.263,8.422]]]},"properties":{"NAME":null,"SUBJECTO":null,"BORDERPRECISION":1}},
{"type":"Feature","geometry":{"type":"Polygon","coordinates":[[[-86.742,12.101],[-86.193,11.538],[-85.929,11.663],[-86.793,12.682],[-87.416,12.723],[-87.158,12.522],[-86.749,12.505],[-86.742,12.101]]]},"properties":{"NAME":null,"SUBJECTO":null,"BORDERPRECISION":1}},
{"type":"Feature","geometry":{"type":"Polygon","coordinates":[[[-85.642,9.979],[-85.197,10.177],[-85.233,10.259],[-85.219,10.288],[-85.207,10.329],[-85.292,10.342],[-85.642,9.979]]]},"properties":{"NAME":null,"SUBJECTO":null,"BORDERPRECISION":1}},
{"type":"Feature","geometry":{"type":"Polygon","coordinates":[[[-81.251,-5.975],[-81.297,-6.041],[-81.2,-6.099],[-81.251,-5.975]]]},"properties":{"NAME":null,"SUBJECTO":null,"BORDERPRECISION":1}},
{"type":"Feature","geometry":{"type":"Polygon","coordinates":[[[-82.957,8.171],[-78.965,8.991],[-78.904,9.109],[-78.814,9.183],[-78.761,9.342],[-79.103,9.553],[-81.213,8.833],[-82.957,8.171]]]},"properties":{"NAME":null,"SUBJECTO":null,"BORDERPRECISION":1}},
{"type":"Feature","geometry":{"type":"Polygon","coordinates":[[[-78.418,0.663],[-78.493,0.773],[-78.543,0.71],[-78.979,0.621],[-78.972,0.659],[-79.081,0.828],[-79.162,0.903],[-79.127,1.046],[-79.136,1.174],[-80.416,-0.568],[-79.866,-2.987],[-80.053,-3.307],[-79.984,-3.577],[-79.705,-3.693],[-79.708,-3.723],[-79.523,-3.672],[-79.453,-3.45],[-79.721,-3.104],[-79.183,-2.245],[-78.637,-0.212],[-78.774,-0.084],[-78.702,0.142],[-78.306,0.567],[-78.399,0.607],[-78.418,0.663]],[[-79.42,-0.173],[-79.108,-0.325],[-79.405,-0.486],[-79.42,-0.173]]]},"properties":{"NAME":null,"SUBJECTO":null,"BORDERPRECISION":1}},
{"type":"Feature","geometry":{"type":"Polygon","coordinates":[[[-105.266,21.447],[-105.259,21.427],[-105.264,21.447],[-105.266,21.447]]]},"properties":{"NAME":null,"SUBJECTO":null,"BORDERPRECISION":1}},
{"type":"Feature","geometry":{"type":"Polygon","coordinates":[[[-104.072,19.517],[-104.189,19.281],[-104.405,19.303],[-104.349,19.627],[-104.122,19.571],[-104.259,20.069],[-104.561,20.195],[-104.533,20.434],[-104.178,20.458],[-104.058,20.6],[-104.026,20.774],[-103.96,20.888],[-103.752,21.516],[-104.69,21.821],[-104.926,21.598],[-105.23,21.35],[-105.67,20.352],[-103.841,18.712],[-104.072,19.517]]]},"properties":{"NAME":null,"SUBJECTO":null,"BORDERPRECISION":1}},
{"type":"Feature","geometry":{"type":"Polygon","coordinates":[[[-110.045,27.102],[-109.975,27.061],[-109.916,27.185],[-110.045,27.102]]]},"properties":{"NAME":null,"SUBJECTO":null,"BORDERPRECISION":1}},
{"type":"Feature","geometry":{"type":"Polygon","coordinates":[[[-106.821,23.708],[-106.883,23.723],[-106.819,23.653],[-106.821,23.708]]]},"properties":{"NAME":null,"SUBJECTO":null,"BORDERPRECISION":1}},
{"type":"Feature","geometry":{"type":"Polygon","coordinates":[[[-92.898,16.375],[-93.129,16.676],[-93.146,16.686],[-93.194,16.669],[-93.582,16.712],[-93.587,16.726],[-93.881,16.914],[-94.275,16.578],[-94,16.1],[-93.977,16.03],[-93.063,15.321],[-93.096,15.798],[-92.796,16.214],[-92.803,16.221],[-92.898,16.375]]]},"properties":{"NAME":null,"SUBJECTO":null,"BORDERPRECISION":1}},
{"type":"Feature","geometry":{"type":"Polygon","coordinates":[[[-92.306,14.662],[-91.634,14.144],[-91.522,14.302],[-91.701,14.541],[-92.233,14.722],[-92.306,14.662]]]},"properties":{"NAME":null,"SUBJECTO":null,"BORDERPRECISION":1}},
{"type":"Feature","geometry":{"type":"Polygon","coordinates":[[[-103.789,18.646],[-103.722,18.57],[-103.722,18.571],[-103.789,18.646]]]},"properties":{"NAME":null,"SUBJECTO":null,"BORDERPRECISION":1}},
{"type":"Feature","geometry":{"type":"Polygon","coordinates":[[[-99.725,17.647],[-99.72,16.834],[-99.419,16.765],[-99.339,17.24],[-99.437,17.286],[-99.725,17.647]]]},"properties":{"NAME":null,"SUBJECTO":null,"BORDERPRECISION":1}},
{"type":"Feature","geometry":{"type":"Polygon","coordinates":[[[-63.829,-33.536],[-63.209,-33.659],[-62.284,-33.401],[-62.242,-31.321],[-62.683,-31.488],[-63.829,-33.536]]]},"properties":{"NAME":null,"SUBJECTO":null,"BORDERPRECISION":1}},
{"type":"Feature","geometry":{"type":"Polygon","coordinates":[[[-61.933,-28.299],[-61.414,-26.65],[-61.794,-25.437],[-62.2,-25.494],[-62.387,-28.401],[-62.394,-28.501],[-62.27,-28.403],[-61.933,-28.299]]]},"properties":{"NAME":null,"SUBJECTO":null,"BORDERPRECISION":1}},
{"type":"Feature","geometry":{"type":"Polygon","coordinates":[[[-64.439,-24.805],[-64.365,-24.83],[-64.317,-24.67],[-64.439,-24.805]]]},"properties":{"NAME":null,"SUBJECTO":null,"BORDERPRECISION":1}},
{"type":"Feature","geometry":{"type":"Polygon","coordinates":[[[-64.013,-29.588],[-63.558,-29.703],[-63.524,-29.638],[-64.013,-29.588]]]},"properties":{"NAME":null,"SUBJECTO":null,"BORDERPRECISION":1}},
{"type":"Feature","geometry":{"type":"Polygon","coordinates":[[[-59.998,-24.05],[-59.722,-23.659],[-59.788,-23.413],[-60.144,-23.238],[-60.379,-23.989],[-59.998,-24.05]]]},"properties":{"NAME":null,"SUBJECTO":null,"BORDERPRECISION":1}},
{"type":"Feature","geometry":{"type":"Polygon","coordinates":[[[-66.925,-16.111],[-66.893,-16.159],[-66.886,-16.121],[-66.925,-16.111]]]},"properties":{"NAME":null,"SUBJECTO":null,"BORDERPRECISION":1}},
{"type":"Feature","geometry":{"type":"Polygon","coordinates":[[[-60.563,-24.649],[-60.517,-24.731],[-60.411,-24.728],[-60.532,-24.653],[-60.563,-24.649]]]},"properties":{"NAME":null,"SUBJECTO":null,"BORDERPRECISION":1}},
{"type":"Feature","geometry":{"type":"Polygon","coordinates":[[[-58.784,-24.387],[-58.786,-24.372],[-58.951,-24.34],[-58.959,-24.337],[-59.219,-24.057],[-59.102,-24.389],[-59.088,-24.387],[-58.784,-24.387]]]},"properties":{"NAME":null,"SUBJECTO":null,"BORDERPRECISION":1}},
{"type":"Feature","geometry":{"type":"Polygon","coordinates":[[[-75.945,-4.209],[-75.601,-3.68],[-76.122,-3.575],[-76.182,-3.78],[-76.154,-3.785],[-75.945,-4.209]]]},"properties":{"NAME":null,"SUBJECTO":null,"BORDERPRECISION":1}},
{"type":"Feature","geometry":{"type":"Polygon","coordinates":[[[-58.237,-17.195],[-58.226,-17.234],[-58.218,-17.239],[-58.237,-17.195]]]},"properties":{"NAME":null,"SUBJECTO":null,"BORDERPRECISION":1}},
{"type":"Feature","geometry":{"type":"Polygon","coordinates":[[[-73.703,-3.929],[-73.805,-4.086],[-74.032,-4.032],[-74.162,-4.005],[-73.991,-4.343],[-73.547,-4.157],[-73.526,-3.303],[-74.813,-2.228],[-73.618,-3.47],[-73.684,-3.893],[-73.703,-3.929]]]},"properties":{"NAME":null,"SUBJECTO":null,"BORDERPRECISION":1}},
{"type":"Feature","geometry":{"type":"Polygon","coordinates":[[[-74.787,-4.449],[-74.445,-4.422],[-74.784,-3.941],[-74.889,-3.937],[-74.787,-4.449]]]},"properties":{"NAME":null,"SUBJECTO":null,"BORDERPRECISION":1}},
{"type":"Feature","geometry":{"type":"Polygon","coordinates":[[[-59.706,-30.814],[-59.731,-30.89],[-59.706,-30.857],[-59.706,-30.814]]]},"properties":{"NAME":null,"SUBJECTO":null,"BORDERPRECISION":1}},
{"type":"Feature","geometry":{"type":"Polygon","coordinates":[[[-59.118,-28.368],[-59.319,-29.055],[-56.766,-29.144],[-57.923,-26.139],[-59.118,-28.368]]]},"properties":{"NAME":null,"SUBJECTO":null,"BORDERPRECISION":1}},
{"type":"Feature","geometry":{"type":"Polygon","coordinates":[[[-58.919,-12.223],[-58.888,-12.217],[-58.898,-12.216],[-58.919,-12.223]]]},"properties":{"NAME":null,"SUBJECTO":null,"BORDERPRECISION":1}},
{"type":"Feature","geometry":{"type":"Polygon","coordinates":[[[-59.64,-12.556],[-59.632,-12.549],[-59.636,-12.552],[-59.64,-12.556]]]},"properties":{"NAME":null,"SUBJECTO":null,"BORDERPRECISION":1}},
{"type":"Feature","geometry":{"type":"Polygon","coordinates":[[[-73.042,-7.566],[-73.005,-7.547],[-73.016,-7.547],[-73.042,-7.566]]]},"properties":{"NAME":null,"SUBJECTO":null,"BORDERPRECISION":1}},
{"type":"Feature","geometry":{"type":"Polygon","coordinates":[[[-73.05,-7.57],[-73.042,-7.566],[-73.046,-7.567],[-73.05,-7.57]]]},"properties":{"NAME":null,"SUBJECTO":null,"BORDERPRECISION":1}},
{"type":"Feature","geometry":{"type":"Polygon","coordinates":[[[-67.878,-14.469],[-68.467,-14.064],[-68.398,-13.409],[-68.366,-13.447],[-68.243,-13.365],[-68.386,-13.138],[-70.038,-13.187],[-70.232,-13.288],[-67.878,-14.469]]]},"properties":{"NAME":null,"SUBJECTO":null,"BORDERPRECISION":1}},
{"type":"Feature","geometry":{"type":"Polygon","coordinates":[[[-72.992,-7.541],[-72.983,-7.536],[-72.987,-7.534],[-72.992,-7.541]]]},"properties":{"NAME":null,"SUBJECTO":null,"BORDERPRECISION":1}},
{"type":"Feature","geometry":{"type":"Polygon","coordinates":[[[-77.2,-8.09],[-77.635,-7.015],[-77.577,-7.516],[-77.2,-8.09]]]},"properties":{"NAME":null,"SUBJECTO":null,"BORDERPRECISION":1}},
{"type":"Feature","geometry":{"type":"Polygon","coordinates":[[[-71.133,-1.449],[-71.4,-1.686],[-71.149,-1.78],[-70.796,-1.97],[-70.82,-1.549],[-71.133,-1.449]]]},"properties":{"NAME":null,"SUBJECTO":null,"BORDERPRECISION":1}},
{"type":"Feature","geometry":{"type":"Polygon","coordinates":[[[-74.881,-8.887],[-74.549,-8.653],[-75.008,-8.885],[-74.998,-8.905],[-74.881,-8.887]]]},"properties":{"NAME":null,"SUBJECTO":null,"BORDERPRECISION":1}},
{"type":"Feature","geometry":{"type":"Polygon","coordinates":[[[-76.892,-8.641],[-75.652,-9.948],[-75.46,-9.574],[-75.745,-8.715],[-75.48,-6.687],[-76.892,-8.641]]]},"properties":{"NAME":null,"SUBJECTO":null,"BORDERPRECISION":1}},
{"type":"Feature","geometry":{"type":"Polygon","coordinates":[[[-64.259,-18.794],[-63.989,-16.69],[-64.503,-16.854],[-64.259,-18.794]]]},"properties":{"NAME":null,"SUBJECTO":null,"BORDERPRECISION":1}},
{"type":"Feature","geometry":{"type":"Polygon","coordinates":[[[-66.771,-15.673],[-66.754,-15.48],[-66.834,-15.446],[-66.831,-15.599],[-66.771,-15.673]]]},"properties":{"NAME":null,"SUBJECTO":null,"BORDERPRECISION":1}},
{"type":"Feature","geometry":{"type":"Polygon","coordinates":[[[-71.317,-13.216],[-70.98,-13.342],[-70.796,-13.303],[-71.499,-13.08],[-71.317,-13.216]]]},"properties":{"NAME":null,"SUBJECTO":null,"BORDERPRECISION":1}},
{"type":"Feature","geometry":{"type":"Polygon","coordinates":[[[-69.542,-24.93],[-69.591,-24.898],[-69.613,-25.028],[-69.542,-24.93]]]},"properties":{"NAME":null,"SUBJECTO":null,"BORDERPRECISION":1}},
{"type":"Feature","geometry":{"type":"Polygon","coordinates":[[[-72.531,-45.927],[-72.395,-45.815],[-72.351,-45.665],[-72.531,-45.927]]]},"properties":{"NAME":null,"SUBJECTO":null,"BORDERPRECISION":1}},
{"type":"Feature","geometry":{"type":"Polygon","coordinates":[[[-66.068,-14.612],[-65.517,-14.426],[-66.67,-13.538],[-67.351,-13.434],[-67.53,-14.593],[-67.003,-15.117],[-66.496,-15.031],[-66.068,-14.612]]]},"properties":{"NAME":null,"SUBJECTO":null,"BORDERPRECISION":1}},
{"type":"Feature","geometry":{"type":"Polygon","coordinates":[[[-65.374,-27.563],[-66.325,-27.315],[-70.563,-30.489],[-70.343,-30.996],[-65.828,-32.459],[-64.207,-29.547],[-65.133,-27.874],[-65.293,-27.647],[-65.374,-27.563]]]},"properties":{"NAME":null,"SUBJECTO":null,"BORDERPRECISION":1}},
{"type":"Feature","geometry":{"type":"Polygon","coordinates":[[[-72.3,-45.513],[-72.194,-45.25],[-72.239,-44.994],[-72.3,-45.513]]]},"properties":{"NAME":null,"SUBJECTO":null,"BORDERPRECISION":1}},
{"type":"Feature","geometry":{"type":"Polygon","coordinates":[[[-66.632,-1.785],[-67.542,-1.693],[-69.389,-1.507],[-69.547,-1.643],[-70.711,-2.075],[-70.533,-2.31],[-70.256,-2.568],[-70.223,-2.594],[-69.751,-2.617],[-65.908,-2.137],[-65.565,-1.893],[-66.632,-1.785]]]},"properties":{"NAME":null,"SUBJECTO":null,"BORDERPRECISION":1}},
{"type":"Feature","geometry":{"type":"Polygon","coordinates":[[[-67.544,-1.684],[-67.13,-0.661],[-67.741,-0.341],[-69.781,-0.312],[-69.27,-1.161],[-69.388,-1.36],[-69.385,-1.494],[-67.544,-1.684]]]},"properties":{"NAME":null,"SUBJECTO":null,"BORDERPRECISION":1}},
{"type":"Feature","geometry":{"type":"Polygon","coordinates":[[[-58.535,-11.977],[-59.001,-11.668],[-59.167,-11.734],[-58.535,-11.977]]]},"properties":{"NAME":null,"SUBJECTO":null,"BORDERPRECISION":1}},
{"type":"Feature","geometry":{"type":"Polygon","coordinates":[[[-65.897,-2.14],[-65.597,-2.238],[-65.617,-2.056],[-65.897,-2.14]]]},"properties":{"NAME":null,"SUBJECTO":null,"BORDERPRECISION":1}},
{"type":"Feature","geometry":{"type":"Polygon","coordinates":[[[-74.016,-47.182],[-74.384,-47.447],[-74.162,-47.479],[-73.935,-47.175],[-74.016,-47.182]]]},"properties":{"NAME":null,"SUBJECTO":null,"BORDERPRECISION":1}},
{"type":"Feature","geometry":{"type":"Polygon","coordinates":[[[-70.78,-52.91],[-70.613,-52.732],[-70.572,-52.691],[-71.035,-52.74],[-70.78,-52.91]]]},"properties":{"NAME":null,"SUBJECTO":null,"BORDERPRECISION":1}},
{"type":"Feature","geometry":{"type":"Polygon","coordinates":[[[-65.83,6.194],[-66.733,6.364],[-66.807,6.175],[-66.772,6.147],[-66.287,5.875],[-65.835,6.177],[-65.83,6.194]]]},"properties":{"NAME":null,"SUBJECTO":null,"BORDERPRECISION":1}},
{"type":"Feature","geometry":{"type":"Polygon","coordinates":[[[-72.303,-16.174],[-72.668,-16.698],[-70.809,-17.985],[-71.015,-17.313],[-71.062,-17.251],[-71.047,-17.182],[-71.05,-16.952],[-72.303,-16.174]]]},"properties":{"NAME":null,"SUBJECTO":null,"BORDERPRECISION":1}},
{"type":"Feature","geometry":{"type":"Polygon","coordinates":[[[-72.633,-0.223],[-72.663,-0.217],[-72.68,-0.22],[-72.633,-0.223]]]},"properties":{"NAME":null,"SUBJECTO":null,"BORDERPRECISION":1}},
{"type":"Feature","geometry":{"type":"Polygon","coordinates":[[[-74.193,-0.583],[-74.292,-0.57],[-74.083,-0.916],[-74.193,-0.583]]]},"properties":{"NAME":null,"SUBJECTO":null,"BORDERPRECISION":1}},
{"type":"Feature","geometry":{"type":"Polygon","coordinates":[[[-71.242,-0.767],[-72.127,-0.443],[-71.877,-0.777],[-71.823,-0.811],[-71.242,-0.767]]]},"properties":{"NAME":null,"SUBJECTO":null,"BORDERPRECISION":1}},
{"type":"Feature","geometry":{"type":"Polygon","coordinates":[[[-72.159,-0.435],[-72.136,-0.44],[-72.171,-0.427],[-72.159,-0.435]]]},"properties":{"NAME":null,"SUBJECTO":null,"BORDERPRECISION":1}},
{"type":"Feature","geometry":{"type":"Polygon","coordinates":[[[-76.853,-6.062],[-77.053,-5.989],[-78.658,-5.321],[-79.251,-4.753],[-79.224,-4.685],[-79.389,-4.628],[-79.382,-5.691],[-79.326,-5.754],[-78.189,-6.033],[-77.613,-6.373],[-77.639,-6.98],[-77.188,-8.095],[-76.959,-8.36],[-76.853,-6.062]]]},"properties":{"NAME":null,"SUBJECTO":null,"BORDERPRECISION":1}},
{"type":"Feature","geometry":{"type":"Polygon","coordinates":[[[-54.168,-15.117],[-53.087,-13.333],[-53.031,-13.03],[-54.006,-12.752],[-54.027,-11.913],[-53.988,-11.543],[-53.874,-11.135],[-53.886,-11.059],[-54.651,-11.091],[-55.509,-12.399],[-55.508,-12.417],[-56.045,-12.377],[-57.678,-11.223],[-57.749,-12.173],[-57.384,-12.827],[-58.033,-12.969],[-57.916,-12.233],[-58.468,-12.017],[-58.94,-12.656],[-59.408,-14.725],[-58.353,-16.638],[-58.269,-16.362],[-54.168,-15.117]],[[-57.227,-15.097],[-59.044,-13.997],[-56.465,-13.596],[-57.227,-15.097]]]},"properties":{"NAME":null,"SUBJECTO":null,"BORDERPRECISION":1}},
{"type":"Feature","geometry":{"type":"Polygon","coordinates":[[[-78.509,-2.295],[-78.547,-2.517],[-79.037,-3.514],[-79.091,-3.696],[-78.038,-1.551],[-77.39,0.02],[-77.855,0.228],[-78.05,-0.114],[-78.043,-0.136],[-78.082,-0.186],[-78.43,-0.873],[-78.408,-0.989],[-78.435,-1.572],[-78.392,-1.591],[-78.509,-2.295]]]},"properties":{"NAME":null,"SUBJECTO":null,"BORDERPRECISION":1}},
{"type":"Feature","geometry":{"type":"Polygon","coordinates":[[[-77.323,-2.342],[-77.303,-2.313],[-77.329,-2.304],[-77.323,-2.342]]]},"properties":{"NAME":null,"SUBJECTO":null,"BORDERPRECISION":1}},
{"type":"Feature","geometry":{"type":"Polygon","coordinates":[[[-77.829,9.094],[-78.266,9.386],[-78.994,9.533],[-77.829,9.094]]]},"properties":{"NAME":null,"SUBJECTO":null,"BORDERPRECISION":1}},
{"type":"Feature","geometry":{"type":"Polygon","coordinates":[[[-81.244,8.836],[-81.441,8.859],[-81.35,8.837],[-81.244,8.836]]]},"properties":{"NAME":null,"SUBJECTO":null,"BORDERPRECISION":1}},
{"type":"Feature","geometry":{"type":"Polygon","coordinates":[[[-71.146,-0.769],[-71.004,0.156],[-70.948,0.243],[-71.085,0.48],[-71.118,0.524],[-71.112,0.551],[-71.052,1.132],[-71.015,1.143],[-71.026,1.176],[-71.072,1.32],[-71.067,1.703],[-71.034,2.178],[-71.332,2.895],[-71.977,3.311],[-72.58,4.307],[-72.111,4.296],[-71.43,4.883],[-71.904,4.983],[-72.412,5.898],[-72.479,5.961],[-73.814,6.336],[-73.833,6.347],[-72.913,6.862],[-72.662,6.99],[-72.456,7.374],[-72.545,7.641],[-73.519,9.636],[-73.27,10.372],[-73.291,10.395],[-74.228,10.679],[-74.285,10.729],[-74.332,10.756],[-74.342,10.761],[-74.364,10.813],[-74.356,10.834],[-74.331,10.913],[-74.741,11.061],[-74.773,10.409],[-75.339,10.726],[-75.594,10.027],[-74.495,7.955],[-74.447,7.871],[-73.889,7.344],[-73.979,6.914],[-74.612,5.796],[-74.639,5.508],[-74.765,5.304],[-74.945,5.23],[-75.347,4.433],[-75.142,3.402],[-75.003,3.118],[-74.975,2.985],[-75.338,2.506],[-75.996,1.131],[-75.247,0.766],[-74.402,0.531],[-74.403,0.479],[-72.908,-0.175],[-73.1,0.795],[-72.364,1.043],[-71.736,0.322],[-72.227,-0.389],[-72.184,-0.418],[-71.229,-0.768],[-71.146,-0.769]],[[-74.284,2.893],[-73.765,2.437],[-73.661,1.124],[-74.295,0.969],[-74.284,2.893]]]},"properties":{"NAME":null,"SUBJECTO":null,"BORDERPRECISION":1}},
{"type":"Feature","geometry":{"type":"Polygon","coordinates":[[[-77.577,8.796],[-77.678,8.961],[-77.758,9.031],[-77.577,8.796]]]},"properties":{"NAME":null,"SUBJECTO":null,"BORDERPRECISION":1}},
{"type":"Feature","geometry":{"type":"Polygon","coordinates":[[[-84.279,15.632],[-84.177,15.707],[-84.746,15.933],[-84.905,15.609],[-84.279,15.632]]]},"properties":{"NAME":null,"SUBJECTO":null,"BORDERPRECISION":1}},
{"type":"Feature","geometry":{"type":"Polygon","coordinates":[[[-92.014,17.772],[-91.853,17.788],[-91.676,17.855],[-91.629,17.929],[-91.461,18.159],[-90.421,21.065],[-91.702,18.823],[-94.421,18.256],[-94.267,17.477],[-94.243,17.445],[-94.245,17.439],[-94.907,17.112],[-94.939,17.005],[-94.922,16.957],[-93.881,16.915],[-93.864,17.114],[-93.104,17.891],[-92.218,17.816],[-92.014,17.772]]]},"properties":{"NAME":null,"SUBJECTO":null,"BORDERPRECISION":1}},
{"type":"Feature","geometry":{"type":"Polygon","coordinates":[[[-81.527,8.899],[-81.674,9.058],[-81.69,9.045],[-81.527,8.899]]]},"properties":{"NAME":null,"SUBJECTO":null,"BORDERPRECISION":1}},
{"type":"Feature","geometry":{"type":"Polygon","coordinates":[[[-82.159,9.016],[-83.4,10.504],[-83.831,10.402],[-83.664,9.989],[-82.741,9.465],[-82.91,8.744],[-82.159,9.016]]]},"properties":{"NAME":null,"SUBJECTO":null,"BORDERPRECISION":1}},
{"type":"Feature","geometry":{"type":"Polygon","coordinates":[[[-51.474,-0.375],[-49.884,1.214],[-50.628,2.104],[-51.474,-0.375]]]},"properties":{"NAME":null,"SUBJECTO":null,"BORDERPRECISION":1}},
{"type":"Feature","geometry":{"type":"Polygon","coordinates":[[[-53.903,5.201],[-53.034,3.224],[-51.799,2.936],[-51.003,3.286],[-51.209,4.071],[-51.71,4.228],[-52.598,5.12],[-53.903,5.201]],[[-51.742,3.85],[-51.203,3.602],[-51.334,3.151],[-51.77,3.368],[-51.742,3.85]]]},"properties":{"NAME":null,"SUBJECTO":null,"BORDERPRECISION":1}},
{"type":"Feature","geometry":{"type":"Polygon","coordinates":[[[-58.749,-33.976],[-59.431,-33.718],[-59.885,-33.529],[-59.898,-33.523],[-60.038,-33.457],[-60.25,-33.273],[-60.721,-33.064],[-60.789,-33.525],[-58.445,-34.379],[-57.572,-34.568],[-58.613,-34.024],[-58.64,-34.027],[-58.749,-33.976]]]},"properties":{"NAME":null,"SUBJECTO":null,"BORDERPRECISION":1}},
{"type":"Feature","geometry":{"type":"Polygon","coordinates":[[[-64.987,-12.957],[-64.138,-13.005],[-63.206,-12.642],[-63.826,-12.274],[-63.831,-12.271],[-64.676,-12.108],[-65.057,-11.939],[-65.028,-11.943],[-65.427,-10.487],[-64.967,-10.177],[-64.612,-11.131],[-64.892,-11.99],[-64.733,-12.05],[-63.833,-12.27],[-63.589,-11.868],[-63.508,-11.849],[-64.188,-11.216],[-64.289,-11.189],[-64.288,-11.184],[-62.95,-11.038],[-62.909,-11.094],[-62.901,-11.15],[-62.719,-11.134],[-62.703,-11.128],[-62.688,-11.13],[-62.687,-11.131],[-63.27,-11.787],[-63.824,-12.275],[-63.206,-12.642],[-63.054,-12.732],[-62.856,-12.851],[-63.053,-12.733],[-63.529,-13.323],[-63.386,-13.653],[-62.527,-13.913],[-62.279,-13.817],[-61.845,-13.671],[-61.064,-13.053],[-60.734,-13.665],[-60.381,-13.955],[-60.863,-12.635],[-61.252,-12.703],[-61.232,-12.579],[-61.051,-12.664],[-60.863,-12.634],[-60.92,-12.431],[-61.263,-12.38],[-61.444,-12.457],[-61.477,-12.287],[-61.346,-12.24],[-61.263,-12.379],[-60.921,-12.431],[-59.92,-12.67],[-59.926,-12.666],[-59.323,-11.802],[-60.523,-10.742],[-60.922,-10.961],[-60.922,-10.964],[-61.453,-10.889],[-61.513,-10.84],[-61.81,-10.637],[-61.738,-10.502],[-61.148,-10.681],[-60.511,-10.605],[-59.577,-10.478],[-58.559,-8.925],[-58.593,-7.575],[-58.672,-6.728],[-60.642,-5.42],[-57.549,-2.402],[-55.126,-2.828],[-54.709,-3.244],[-52.469,-3.493],[-51.626,-3.541],[-51.618,-3.573],[-51.569,-3.659],[-51.654,-3.697],[-51.673,-3.725],[-52.007,-4.97],[-52.003,-5.346],[-52.387,-5.984],[-52.521,-6.929],[-52.967,-9.903],[-53.083,-10.675],[-52.915,-11.357],[-52.907,-11.371],[-52.983,-12.071],[-52.79,-12.854],[-52.782,-13.145],[-52.984,-15.375],[-49.824,-16.834],[-52.399,-19.437],[-47.64,-20.247],[-46.006,-22.93],[-41.759,-18.147],[-41.773,-17.95],[-39.655,-16.783],[-39.115,-16.736],[-38.968,-15.745],[-39.308,-15.049],[-39.057,-14.922],[-34.891,-7.612],[-35.464,-5.268],[-40.231,-2.851],[-44.222,-2.777],[-47.237,-0.68],[-49.221,-2.108],[-50.643,-1.882],[-51.535,-0.438],[-52.866,-0.187],[-54.668,-0.06],[-55.016,0.178],[-56.174,1.313],[-55.621,3.394],[-54.375,3.612],[-54.359,3.743],[-53.885,3.301],[-54.328,1.311],[-52.89,0.11],[-53.098,3.294],[-55.319,5.139],[-55.626,5.093],[-56.289,5.111],[-58.267,5.509],[-58.667,5.281],[-58.863,5.207],[-59.301,4.31],[-58.658,4.197],[-58.54,4.167],[-58.34,3.516],[-58.38,2.53],[-57.74,0.817],[-57.679,0.849],[-56.98,-1.038],[-58.497,-1.336],[-58.66,-1.147],[-58.71,-1.087],[-58.926,-0.905],[-59.053,-0.62],[-59.875,1.861],[-60.768,2.602],[-62.087,3.689],[-62.124,3.663],[-65.318,2.997],[-66.443,4.166],[-66.845,4.052],[-66.748,3.226],[-66.75,3.139],[-66.814,2.54],[-66.82,2.103],[-66.471,1.601],[-67.035,1.514],[-67.141,1.412],[-67.077,0.997],[-67.301,1.164],[-67.914,0.995],[-68.425,0.737],[-67.403,0.273],[-67.344,0.274],[-67.335,0.228],[-67.183,-0.033],[-65.496,-0.693],[-66.609,-1.781],[-65.563,-1.889],[-64.889,-1.84],[-64.812,-2.459],[-64.774,-2.617],[-63.983,-3.277],[-63.773,-3.384],[-64.634,-3.878],[-67.335,-3.284],[-69.713,-4.627],[-69.73,-4.637],[-70.551,-4.522],[-71.099,-4.361],[-72.626,-4.369],[-73.332,-4.593],[-74.01,-5.55],[-74.138,-5.762],[-74.114,-5.715],[-74.837,-6.119],[-74.498,-7.845],[-73.605,-7.202],[-73.541,-7.282],[-73.537,-7.287],[-73.521,-7.312],[-73.341,-7.397],[-73.458,-7.438],[-74.037,-8.293],[-73.879,-8.526],[-73.316,-8.854],[-73.254,-8.834],[-72.771,-8.005],[-73.052,-7.572],[-73.137,-7.653],[-73.173,-7.558],[-73.065,-7.454],[-72.978,-7.532],[-72.978,-7.533],[-72.76,-8.014],[-72.698,-8.111],[-72.696,-8.101],[-72.325,-8.808],[-72.18,-9.014],[-71.892,-8.979],[-71.894,-8.622],[-71.926,-8.629],[-71.966,-8.635],[-71.98,-8.637],[-71.975,-8.498],[-71.973,-8.479],[-71.944,-8.441],[-71.793,-8.028],[-70.013,-9.213],[-69.271,-10.459],[-68.734,-11.661],[-68.193,-11.492],[-67.086,-11.251],[-65.452,-11.835],[-65.614,-12.419],[-66.079,-12.503],[-66.213,-12.517],[-66.291,-12.658],[-65.49,-12.538],[-65.39,-12.488],[-64.987,-12.957]],[[-48.318,-9.207],[-47.796,-9.176],[-47.69,-9.984],[-48.286,-10.075],[-48.318,-9.207]],[[-44.861,-5.532],[-45.147,-5.8],[-45.462,-6.425],[-45.463,-6.424],[-45.843,-6.063],[-46.97,-4.617],[-47.074,-3.003],[-46.931,-2.049],[-46.942,-1.988],[-46.564,-2.266],[-46.373,-2.475],[-45.807,-2.997],[-46.164,-3.222],[-46.155,-3.495],[-46.155,-3.534],[-45.047,-4.108],[-44.966,-4.096],[-44.861,-5.532]],[[-64.735,-7.303],[-64.566,-8.577],[-64.572,-8.588],[-64.756,-8.627],[-67.685,-8.488],[-68.806,-7.76],[-68.658,-7.117],[-68.635,-7.069],[-68.253,-6.723],[-68.202,-6.56],[-66.292,-6.58],[-66.718,-7.112],[-66.803,-7.159],[-66.861,-7.348],[-65.581,-7.396],[-65.821,-7.256],[-65.822,-7.217],[-65.818,-7.178],[-65.092,-6.765],[-64.823,-6.518],[-64.82,-6.518],[-64.8,-6.863],[-64.779,-7.226],[-64.758,-7.279],[-64.741,-7.288],[-64.735,-7.303]],[[-47.007,-5.71],[-46.721,-6.029],[-47.141,-6.074],[-47.007,-5.71]],[[-66.436,-9.248],[-65.512,-9.044],[-65.601,-9.709],[-66.436,-9.248]],[[-39.702,-15.585],[-39.78,-15.145],[-39.602,-15.224],[-39.702,-15.585]],[[-38.721,-9.541],[-38.592,-9.267],[-38.13,-9.198],[-38.615,-9.554],[-38.721,-9.541]],[[-47.998,-6.028],[-48.516,-7.101],[-48.739,-6.644],[-48.29,-5.753],[-47.759,-5.246],[-47.443,-5.527],[-47.95,-6.092],[-47.998,-6.028]],[[-59.767,0.096],[-60.642,-1.988],[-61.563,-1.162],[-59.767,0.096]],[[-61.981,-11.822],[-62.124,-11.912],[-61.571,-12.497],[-61.614,-12.763],[-61.894,-12.815],[-62.566,-12.327],[-62.582,-12.331],[-62.782,-12.016],[-62.76,-12.007],[-62.67,-11.919],[-62.514,-11.799],[-62.274,-11.719],[-62.266,-11.711],[-61.981,-11.822]],[[-62.163,-8.682],[-63.018,-7.502],[-62.136,-6.986],[-61.904,-6.464],[-61.681,-6.556],[-62.163,-8.682]],[[-38.888,-8.379],[-38.946,-8.199],[-38.737,-8.222],[-38.73,-8.341],[-38.888,-8.379]],[[-71.148,-5.298],[-70.864,-5.723],[-71.099,-5.986],[-71.318,-5.542],[-71.148,-5.298]],[[-47.769,-8.355],[-47.375,-7.853],[-46.391,-7.717],[-46.282,-8.409],[-46.995,-8.781],[-47.769,-8.355]],[[-45.453,-19.136],[-45.029,-19.01],[-44.754,-19.481],[-45.411,-19.503],[-45.453,-19.136]],[[-64.335,-9.21],[-63.364,-8.966],[-63.179,-9.318],[-64.124,-9.482],[-64.335,-9.21]],[[-64.097,-7.264],[-63.838,-7.364],[-63.881,-7.436],[-64.065,-7.412],[-64.097,-7.264]],[[-72.004,-5.231],[-71.606,-5.118],[-71.587,-5.489],[-71.955,-5.531],[-72.03,-5.092],[-72.004,-5.231]],[[-70.253,-4.647],[-70.071,-4.837],[-70.29,-5.202],[-70.548,-5.007],[-70.253,-4.647]],[[-38.417,-9.156],[-38.385,-9.14],[-38.363,-9.17],[-38.394,-9.189],[-38.417,-9.156]],[[-44.324,-14.545],[-42.699,-14.749],[-42.973,-16.164],[-44.068,-15.774],[-44.324,-14.545]],[[-50.599,-10.675],[-51.555,-10.513],[-50.594,-9.133],[-49.951,-10.021],[-50.601,-10.681],[-50.599,-10.675]],[[-72.598,-6.413],[-71.976,-6.606],[-72.354,-6.993],[-72.598,-6.413]],[[-49.012,-4.644],[-48.742,-4.708],[-48.845,-5.262],[-48.997,-5.251],[-49.012,-4.644]],[[-38.852,-10.401],[-38.774,-10.365],[-38.721,-10.455],[-38.773,-10.497],[-38.852,-10.401]],[[-50.311,-3.195],[-50.076,-3.099],[-50.051,-3.462],[-50.237,-3.483],[-50.311,-3.195]],[[-38.795,-8.44],[-38.712,-8.341],[-38.647,-8.396],[-38.683,-8.499],[-38.795,-8.44]],[[-56.115,0.392],[-55.453,0.28],[-55.921,-0.52],[-56.115,0.392]],[[-38.652,-9.003],[-38.901,-9.123],[-38.951,-8.82],[-38.762,-8.801],[-38.652,-9.003]],[[-64.374,-9.578],[-64.485,-10.244],[-64.95,-9.799],[-64.374,-9.578]],[[-38.678,-10.593],[-38.53,-10.577],[-38.598,-10.737],[-38.717,-10.686],[-38.678,-10.593]],[[-39.506,-8.603],[-39.24,-8.636],[-39.316,-8.837],[-39.457,-8.818],[-39.506,-8.603]]]},"properties":{"NAME":null,"SUBJECTO":null,"BORDERPRECISION":1}},
{"type":"Feature","geometry":{"type":"Polygon","coordinates":[[[-74.084,11.383],[-74.219,11.368],[-74.254,11.27],[-74.084,11.383]]]},"properties":{"NAME":null,"SUBJECTO":null,"BORDERPRECISION":1}},
{"type":"Feature","geometry":{"type":"Polygon","coordinates":[[[-74.267,11.234],[-74.321,10.948],[-74.267,11.092],[-74.267,11.234]]]},"properties":{"NAME":null,"SUBJECTO":null,"BORDERPRECISION":1}},
{"type":"Feature","geometry":{"type":"Polygon","coordinates":[[[-63.075,4.552],[-63.027,4.789],[-61.577,7.089],[-61.317,8.143],[-63.076,10.472],[-64.241,10.493],[-71.542,10.952],[-71.543,10.946],[-71.587,10.735],[-71.579,10.707],[-71.017,9.61],[-70.999,9.562],[-70.905,9.642],[-70.257,9.003],[-71.782,7.447],[-71.653,7.18],[-69.716,7.128],[-67.118,7.243],[-66.934,7.045],[-66.943,7.026],[-66.9,6.981],[-65.23,6.559],[-65.111,6.534],[-65.059,6.451],[-63.803,4.902],[-63.777,4.879],[-63.075,4.552]]]},"properties":{"NAME":null,"SUBJECTO":null,"BORDERPRECISION":1}},
{"type":"Feature","geometry":{"type":"Polygon","coordinates":[[[-73.798,11.307],[-73.784,11.332],[-73.903,11.338],[-73.798,11.307]]]},"properties":{"NAME":null,"SUBJECTO":null,"BORDERPRECISION":1}},
{"type":"Feature","geometry":{"type":"Polygon","coordinates":[[[-121.899,39.493],[-121.942,39.489],[-121.95,39.46],[-121.943,39.345],[-121.899,39.493]]]},"properties":{"NAME":null,"SUBJECTO":null,"BORDERPRECISION":1}},
{"type":"Feature","geometry":{"type":"Polygon","coordinates":[[[-123.672,41.716],[-123.684,41.664],[-123.685,41.653],[-123.672,41.716]]]},"properties":{"NAME":null,"SUBJECTO":null,"BORDERPRECISION":1}},
{"type":"Feature","geometry":{"type":"Polygon","coordinates":[[[-121.266,39.461],[-121.448,39.298],[-121.355,39.317],[-121.266,39.461]]]},"properties":{"NAME":null,"SUBJECTO":null,"BORDERPRECISION":1}},
{"type":"Feature","geometry":null,"properties":{"NAME":null,"SUBJECTO":null,"BORDERPRECISION":1}},
{"type":"Feature","geometry":{"type":"Polygon","coordinates":[[[-123.476,40.306],[-123.357,40.334],[-123.362,40.339],[-123.476,40.306]]]},"properties":{"NAME":null,"SUBJECTO":null,"BORDERPRECISION":1}},
{"type":"Feature","geometry":{"type":"Polygon","coordinates":[[[-123.533,40.708],[-123.532,40.7],[-123.519,40.697],[-123.475,40.607],[-123.434,40.612],[-123.442,40.622],[-123.507,40.708],[-123.533,40.708]]]},"properties":{"NAME":null,"SUBJECTO":null,"BORDERPRECISION":1}},
{"type":"Feature","geometry":{"type":"Polygon","coordinates":[[[-123.916,41.529],[-123.929,41.556],[-123.926,41.525],[-123.916,41.529]]]},"properties":{"NAME":null,"SUBJECTO":null,"BORDERPRECISION":1}},
{"type":"Feature","geometry":{"type":"Polygon","coordinates":[[[-124.066,41.662],[-124.075,41.662],[-124.077,41.655],[-124.066,41.662]]]},"properties":{"NAME":null,"SUBJECTO":null,"BORDERPRECISION":1}},
{"type":"Feature","geometry":{"type":"Polygon","coordinates":[[[-118.632,36.466],[-118.576,36.563],[-118.646,36.599],[-118.632,36.466]]]},"properties":{"NAME":null,"SUBJECTO":null,"BORDERPRECISION":1}},
{"type":"Feature","geometry":{"type":"Polygon","coordinates":[[[-112.441,39.783],[-112.368,39.958],[-112.412,39.91],[-112.441,39.783]]]},"properties":{"NAME":null,"SUBJECTO":null,"BORDERPRECISION":1}},
{"type":"Feature","geometry":{"type":"Polygon","coordinates":[[[-120.253,37.76],[-120.223,37.763],[-120.25,37.762],[-120.253,37.76]]]},"properties":{"NAME":null,"SUBJECTO":null,"BORDERPRECISION":1}},
{"type":"Feature","geometry":{"type":"Polygon","coordinates":[[[-120.257,37.685],[-120.277,37.751],[-120.289,37.746],[-120.257,37.685]]]},"properties":{"NAME":null,"SUBJECTO":null,"BORDERPRECISION":1}},
{"type":"Feature","geometry":{"type":"Polygon","coordinates":[[[-120.383,38.31],[-120.686,38.059],[-120.664,38.038],[-120.359,38.298],[-120.383,38.31]]]},"properties":{"NAME":null,"SUBJECTO":null,"BORDERPRECISION":1}},
{"type":"Feature","geometry":{"type":"Polygon","coordinates":[[[-120.872,39.741],[-120.871,39.746],[-120.912,39.748],[-121.195,39.498],[-120.872,39.741]]]},"properties":{"NAME":null,"SUBJECTO":null,"BORDERPRECISION":1}},
{"type":"Feature","geometry":{"type":"Polygon","coordinates":[[[-113.426,41.723],[-112.126,41.229],[-111.987,41.56],[-113.426,41.723]]]},"properties":{"NAME":null,"SUBJECTO":null,"BORDERPRECISION":1}},
{"type":"Feature","geometry":{"type":"Polygon","coordinates":[[[-117.543,38.778],[-116.131,41.472],[-116.82,41.545],[-117.543,38.778]]]},"properties":{"NAME":null,"SUBJECTO":null,"BORDERPRECISION":1}},
{"type":"Feature","geometry":{"type":"Polygon","coordinates":[[[-123.252,38.892],[-123.267,38.891],[-123.276,38.889],[-123.252,38.892]]]},"properties":{"NAME":null,"SUBJECTO":null,"BORDERPRECISION":1}},
{"type":"Feature","geometry":null,"properties":{"NAME":null,"SUBJECTO":null,"BORDERPRECISION":1}},
{"type":"Feature","geometry":{"type":"Polygon","coordinates":[[[-123.328,39.034],[-123.334,39.146],[-123.376,39.079],[-123.328,39.034]]]},"properties":{"NAME":null,"SUBJECTO":null,"BORDERPRECISION":1}},
{"type":"Feature","geometry":{"type":"Polygon","coordinates":[[[-123.673,39.181],[-123.596,39.07],[-123.472,39.02],[-123.673,39.181]]]},"properties":{"NAME":null,"SUBJECTO":null,"BORDERPRECISION":1}},
{"type":"Feature","geometry":{"type":"Polygon","coordinates":[[[-122.887,38.889],[-122.888,38.888],[-122.893,38.863],[-122.852,38.849],[-122.838,38.848],[-122.887,38.889]]]},"properties":{"NAME":null,"SUBJECTO":null,"BORDERPRECISION":1}},
{"type":"Feature","geometry":{"type":"Polygon","coordinates":[[[-122.995,39.35],[-122.943,39.186],[-122.988,39.345],[-122.995,39.35]]]},"properties":{"NAME":null,"SUBJECTO":null,"BORDERPRECISION":1}},
{"type":"Feature","geometry":{"type":"Polygon","coordinates":[[[-122.86,39.026],[-122.857,39.033],[-122.86,39.033],[-122.86,39.026]]]},"properties":{"NAME":null,"SUBJECTO":null,"BORDERPRECISION":1}},
{"type":"Feature","geometry":{"type":"Polygon","coordinates":[[[-122.899,38.865],[-122.893,38.888],[-122.953,38.878],[-122.899,38.865]]]},"properties":{"NAME":null,"SUBJECTO":null,"BORDERPRECISION":1}},
{"type":"Feature","geometry":{"type":"Polygon","coordinates":[[[-123.571,41.172],[-123.575,41.16],[-123.526,41.168],[-123.571,41.172]]]},"properties":{"NAME":null,"SUBJECTO":null,"BORDERPRECISION":1}},
{"type":"Feature","geometry":{"type":"Polygon","coordinates":[[[-123.884,41.172],[-123.882,41.17],[-123.875,41.168],[-123.884,41.172]]]},"properties":{"NAME":null,"SUBJECTO":null,"BORDERPRECISION":1}},
{"type":"Feature","geometry":{"type":"Polygon","coordinates":[[[-123.788,40.963],[-123.803,40.949],[-123.774,40.937],[-123.788,40.963]]]},"properties":{"NAME":null,"SUBJECTO":null,"BORDERPRECISION":1}},
{"type":"Feature","geometry":{"type":"Polygon","coordinates":[[[-123.927,40.994],[-123.869,40.935],[-123.81,40.951],[-123.927,40.994]]]},"properties":{"NAME":null,"SUBJECTO":null,"BORDERPRECISION":1}},
{"type":"Feature","geometry":{"type":"Polygon","coordinates":[[[-123.378,39.918],[-123.311,39.896],[-123.179,39.92],[-123.378,39.918]]]},"properties":{"NAME":null,"SUBJECTO":null,"BORDERPRECISION":1}},
{"type":"Feature","geometry":{"type":"Polygon","coordinates":[[[-122.764,39.408],[-122.761,39.411],[-122.762,39.411],[-122.764,39.408]]]},"properties":{"NAME":null,"SUBJECTO":null,"BORDERPRECISION":1}},
{"type":"Feature","geometry":{"type":"Polygon","coordinates":[[[-124.002,41.169],[-124.001,41.171],[-124.003,41.17],[-124.002,41.169]]]},"properties":{"NAME":null,"SUBJECTO":null,"BORDERPRECISION":1}},
{"type":"Feature","geometry":{"type":"Polygon","coordinates":[[[-124.151,40.514],[-124.171,40.43],[-124.116,40.403],[-124.142,40.511],[-124.151,40.514]]]},"properties":{"NAME":null,"SUBJECTO":null,"BORDERPRECISION":1}},
{"type":"Feature","geometry":{"type":"Polygon","coordinates":[[[-122.796,38.833],[-122.78,38.835],[-122.805,38.837],[-122.796,38.833]]]},"properties":{"NAME":null,"SUBJECTO":null,"BORDERPRECISION":1}},
{"type":"Feature","geometry":{"type":"Polygon","coordinates":[[[-122.838,38.848],[-122.827,38.847],[-122.827,38.863],[-122.838,38.848]]]},"properties":{"NAME":null,"SUBJECTO":null,"BORDERPRECISION":1}},
{"type":"Feature","geometry":{"type":"Polygon","coordinates":[[[-122.302,38.535],[-122.384,38.645],[-122.351,38.564],[-122.302,38.535]]]},"properties":{"NAME":null,"SUBJECTO":null,"BORDERPRECISION":1}},
{"type":"Feature","geometry":{"type":"Polygon","coordinates":[[[-122.42,38.685],[-122.509,38.729],[-122.472,38.692],[-122.42,38.685]]]},"properties":{"NAME":null,"SUBJECTO":null,"BORDERPRECISION":1}},
{"type":"Feature","geometry":{"type":"Polygon","coordinates":[[[-122.763,39.133],[-122.754,39.127],[-122.723,39.142],[-122.753,39.162],[-122.763,39.133]]]},"properties":{"NAME":null,"SUBJECTO":null,"BORDERPRECISION":1}},
{"type":"Feature","geometry":{"type":"Polygon","coordinates":[[[-122.761,39.373],[-122.668,39.39],[-122.706,39.385],[-122.761,39.373]]]},"properties":{"NAME":null,"SUBJECTO":null,"BORDERPRECISION":1}},
{"type":"Feature","geometry":{"type":"Polygon","coordinates":[[[-122.8,38.947],[-122.798,38.948],[-122.801,38.948],[-122.8,38.947]]]},"properties":{"NAME":null,"SUBJECTO":null,"BORDERPRECISION":1}},
{"type":"Feature","geometry":{"type":"Polygon","coordinates":[[[-122.825,39.044],[-122.854,39.033],[-122.807,39.022],[-122.81,39.037],[-122.811,39.037],[-122.825,39.044]]]},"properties":{"NAME":null,"SUBJECTO":null,"BORDERPRECISION":1}},
{"type":"Feature","geometry":{"type":"Polygon","coordinates":[[[-123.166,40.144],[-123.164,40.145],[-123.168,40.145],[-123.166,40.144]]]},"properties":{"NAME":null,"SUBJECTO":null,"BORDERPRECISION":1}},
{"type":"Feature","geometry":{"type":"Polygon","coordinates":[[[-123.315,40.138],[-123.341,40.117],[-123.322,40.112],[-123.315,40.138]]]},"properties":{"NAME":null,"SUBJECTO":null,"BORDERPRECISION":1}},
{"type":"Feature","geometry":{"type":"Polygon","coordinates":[[[-123.406,39.536],[-123.312,39.444],[-123.344,39.49],[-123.406,39.536]]]},"properties":{"NAME":null,"SUBJECTO":null,"BORDERPRECISION":1}},
{"type":"Feature","geometry":{"type":"Polygon","coordinates":[[[-123.498,39.674],[-123.551,39.657],[-123.5,39.592],[-123.481,39.584],[-123.498,39.674]]]},"properties":{"NAME":null,"SUBJECTO":null,"BORDERPRECISION":1}},
{"type":"Feature","geometry":{"type":"Polygon","coordinates":[[[-122.355,38.128],[-122.358,38.143],[-122.368,38.131],[-122.359,38.128],[-122.355,38.128]]]},"properties":{"NAME":null,"SUBJECTO":null,"BORDERPRECISION":1}},
{"type":"Feature","geometry":{"type":"Polygon","coordinates":[[[-122.354,38.297],[-122.289,38.319],[-122.364,38.333],[-122.354,38.297]]]},"properties":{"NAME":null,"SUBJECTO":null,"BORDERPRECISION":1}},
{"type":"Feature","geometry":{"type":"Polygon","coordinates":[[[-123.525,40.127],[-123.676,40.113],[-123.629,40.103],[-123.525,40.127]]]},"properties":{"NAME":null,"SUBJECTO":null,"BORDERPRECISION":1}},
{"type":"Feature","geometry":{"type":"Polygon","coordinates":[[[-123.743,39.997],[-123.763,39.901],[-123.623,39.935],[-123.63,39.943],[-123.743,39.997]]]},"properties":{"NAME":null,"SUBJECTO":null,"BORDERPRECISION":1}},
{"type":"Feature","geometry":{"type":"Polygon","coordinates":[[[-116.712,33.354],[-116.763,33.381],[-116.72,33.346],[-116.712,33.354]]]},"properties":{"NAME":null,"SUBJECTO":null,"BORDERPRECISION":1}},
{"type":"Feature","geometry":{"type":"Polygon","coordinates":[[[-118.731,34.692],[-118.681,34.834],[-118.696,34.864],[-118.752,34.843],[-118.731,34.692]]]},"properties":{"NAME":null,"SUBJECTO":null,"BORDERPRECISION":1}},
{"type":"Feature","geometry":{"type":"Polygon","coordinates":[[[-116.542,33.282],[-116.51,33.312],[-116.536,33.337],[-116.542,33.282]]]},"properties":{"NAME":null,"SUBJECTO":null,"BORDERPRECISION":1}},
{"type":"Feature","geometry":{"type":"Polygon","coordinates":[[[-116.567,33.367],[-116.576,33.376],[-116.603,33.367],[-116.567,33.367]]]},"properties":{"NAME":null,"SUBJECTO":null,"BORDERPRECISION":1}},
{"type":"Feature","geometry":{"type":"Polygon","coordinates":[[[-111.413,26.142],[-111.446,26.133],[-111.456,26.119],[-111.413,26.142]]]},"properties":{"NAME":null,"SUBJECTO":null,"BORDERPRECISION":1}},
{"type":"Feature","geometry":{"type":"Polygon","coordinates":[[[-108.31,25.392],[-108.32,25.367],[-107.607,24.644],[-108.31,25.392]]]},"properties":{"NAME":null,"SUBJECTO":null,"BORDERPRECISION":1}},
{"type":"Feature","geometry":{"type":"Polygon","coordinates":[[[-118.669,34.898],[-118.681,34.883],[-117.911,34.798],[-118.604,34.948],[-118.669,34.898]]]},"properties":{"NAME":null,"SUBJECTO":null,"BORDERPRECISION":1}},
{"type":"Feature","geometry":{"type":"Polygon","coordinates":[[[-120.105,35.544],[-120.168,35.616],[-120.118,35.538],[-120.105,35.544]]]},"properties":{"NAME":null,"SUBJECTO":null,"BORDERPRECISION":1}},
{"type":"Feature","geometry":{"type":"Polygon","coordinates":[[[-122.16,39.89],[-122.123,39.888],[-122.065,39.893],[-122.16,39.89]]]},"properties":{"NAME":null,"SUBJECTO":null,"BORDERPRECISION":1}},
{"type":"Feature","geometry":{"type":"Polygon","coordinates":[[[-122.194,40.535],[-122.194,40.377],[-122.184,40.357],[-122.19,40.348],[-122.197,40.346],[-122.211,40.332],[-122.212,40.328],[-122.212,40.327],[-122.198,40.282],[-122.204,40.278],[-122.212,40.272],[-122.212,40.236],[-122.21,40.227],[-121.988,39.903],[-121.496,40.115],[-121.56,40.218],[-122.145,40.661],[-122.18,40.634],[-122.182,40.626],[-122.188,40.58],[-122.191,40.541],[-122.194,40.535]]]},"properties":{"NAME":null,"SUBJECTO":null,"BORDERPRECISION":1}},
{"type":"Feature","geometry":{"type":"Polygon","coordinates":[[[-122.54,39.409],[-122.531,39.411],[-122.529,39.415],[-122.54,39.409]]]},"properties":{"NAME":null,"SUBJECTO":null,"BORDERPRECISION":1}},
{"type":"Feature","geometry":{"type":"Polygon","coordinates":[[[-122.241,39.461],[-122.104,39.461],[-122.164,39.889],[-122.241,39.461]]]},"properties":{"NAME":null,"SUBJECTO":null,"BORDERPRECISION":1}},
{"type":"Feature","geometry":{"type":"Polygon","coordinates":[[[-114.686,35.885],[-114.671,35.878],[-114.685,35.892],[-114.686,35.885]]]},"properties":{"NAME":null,"SUBJECTO":null,"BORDERPRECISION":1}},
{"type":"Feature","geometry":{"type":"Polygon","coordinates":[[[-111.84,29.826],[-111.784,29.755],[-111.805,29.818],[-111.84,29.826]]]},"properties":{"NAME":null,"SUBJECTO":null,"BORDERPRECISION":1}},
{"type":"Feature","geometry":{"type":"Polygon","coordinates":[[[-121.995,40.879],[-121.998,40.842],[-121.997,40.842],[-121.998,40.828],[-121.959,40.839],[-121.995,40.879]]]},"properties":{"NAME":null,"SUBJECTO":null,"BORDERPRECISION":1}},
{"type":"Feature","geometry":{"type":"Polygon","coordinates":[[[-120.214,35.695],[-120.212,35.684],[-120.212,35.693],[-120.214,35.695]]]},"properties":{"NAME":null,"SUBJECTO":null,"BORDERPRECISION":1}},
{"type":"Feature","geometry":{"type":"Polygon","coordinates":[[[-124.327,51.133],[-124.384,51.176],[-124.39,51.138],[-124.327,51.133]]]},"properties":{"NAME":null,"SUBJECTO":null,"BORDERPRECISION":1}},
{"type":"Feature","geometry":{"type":"Polygon","coordinates":[[[-125.487,51.937],[-125.546,51.954],[-125.597,51.926],[-125.558,51.903],[-125.487,51.937]]]},"properties":{"NAME":null,"SUBJECTO":null,"BORDERPRECISION":1}},
{"type":"Feature","geometry":null,"properties":{"NAME":null,"SUBJECTO":null,"BORDERPRECISION":1}},
{"type":"Feature","geometry":{"type":"Polygon","coordinates":[[[-124,50.487],[-123.985,50.507],[-123.997,50.501],[-124,50.487]]]},"properties":{"NAME":null,"SUBJECTO":null,"BORDERPRECISION":1}},
{"type":"Feature","geometry":{"type":"Polygon","coordinates":[[[-127.484,53.434],[-127.518,53.461],[-127.55,53.483],[-127.611,53.522],[-127.484,53.434]]]},"properties":{"NAME":null,"SUBJECTO":null,"BORDERPRECISION":1}},
{"type":"Feature","geometry":{"type":"Polygon","coordinates":[[[-127.986,54.109],[-128.025,54.067],[-128.03,54.035],[-128.02,54.023],[-127.888,54.155],[-127.829,54.239],[-127.928,54.152],[-127.972,54.13],[-127.986,54.109]]]},"properties":{"NAME":null,"SUBJECTO":null,"BORDERPRECISION":1}},
{"type":"Feature","geometry":{"type":"Polygon","coordinates":[[[-126.126,52.704],[-126.069,52.738],[-126.531,52.907],[-126.681,53.006],[-126.562,52.836],[-126.126,52.704]]]},"properties":{"NAME":null,"SUBJECTO":null,"BORDERPRECISION":1}},
{"type":"Feature","geometry":{"type":"Polygon","coordinates":[[[-127.265,53.038],[-127.192,53.193],[-127.283,53.207],[-127.265,53.038]]]},"properties":{"NAME":null,"SUBJECTO":null,"BORDERPRECISION":1}},
{"type":"Feature","geometry":{"type":"Polygon","coordinates":[[[-126.516,51.856],[-126.551,51.862],[-126.535,51.853],[-126.516,51.856]]]},"properties":{"NAME":null,"SUBJECTO":null,"BORDERPRECISION":1}},
{"type":"Feature","geometry":{"type":"Polygon","coordinates":[[[-128.522,53.292],[-128.525,53.284],[-128.518,53.281],[-128.498,53.279],[-128.522,53.292]]]},"properties":{"NAME":null,"SUBJECTO":null,"BORDERPRECISION":1}},
{"type":"Feature","geometry":{"type":"Polygon","coordinates":[[[-128.163,55.501],[-128.181,55.514],[-128.17,55.503],[-128.163,55.501]]]},"properties":{"NAME":null,"SUBJECTO":null,"BORDERPRECISION":1}},
{"type":"Feature","geometry":{"type":"Polygon","coordinates":[[[-128.456,55.943],[-128.453,55.972],[-128.477,55.958],[-128.456,55.943]]]},"properties":{"NAME":null,"SUBJECTO":null,"BORDERPRECISION":1}},
{"type":"Feature","geometry":{"type":"Polygon","coordinates":[[[-124.386,48.106],[-124.457,48.121],[-124.373,48.098],[-124.374,48.099],[-124.386,48.106]]]},"properties":{"NAME":null,"SUBJECTO":null,"BORDERPRECISION":1}},
{"type":"Feature","geometry":{"type":"Polygon","coordinates":[[[-124.265,48.121],[-124.328,48.094],[-124.323,48.085],[-124.245,48.078],[-124.265,48.121]]]},"properties":{"NAME":null,"SUBJECTO":null,"BORDERPRECISION":1}},
{"type":"Feature","geometry":{"type":"Polygon","coordinates":[[[-125.196,51.309],[-125.189,51.319],[-125.19,51.32],[-125.196,51.309]]]},"properties":{"NAME":null,"SUBJECTO":null,"BORDERPRECISION":1}},
{"type":"Feature","geometry":{"type":"Polygon","coordinates":[[[-126.932,51.502],[-126.843,51.437],[-126.793,51.433],[-126.932,51.502]]]},"properties":{"NAME":null,"SUBJECTO":null,"BORDERPRECISION":1}},
{"type":"Feature","geometry":{"type":"Polygon","coordinates":[[[-121.356,47.232],[-121.288,47.262],[-121.317,47.277],[-121.356,47.232]]]},"properties":{"NAME":null,"SUBJECTO":null,"BORDERPRECISION":1}},
{"type":"Feature","geometry":{"type":"Polygon","coordinates":[[[-77.259,38.753],[-77.203,38.8],[-77.213,38.882],[-77.259,38.753]]]},"properties":{"NAME":null,"SUBJECTO":null,"BORDERPRECISION":1}},
{"type":"Feature","geometry":{"type":"Polygon","coordinates":[[[-116.032,46.687],[-115.623,46.745],[-115.796,46.77],[-116.032,46.687]]]},"properties":{"NAME":null,"SUBJECTO":null,"BORDERPRECISION":1}},
{"type":"Feature","geometry":{"type":"Polygon","coordinates":[[[-116.74,46.857],[-116.203,46.687],[-116.433,46.83],[-116.74,46.857]]]},"properties":{"NAME":null,"SUBJECTO":null,"BORDERPRECISION":1}},
{"type":"Feature","geometry":{"type":"Polygon","coordinates":[[[-91.181,30.339],[-91.165,30.317],[-91.166,30.339],[-91.181,30.339]]]},"properties":{"NAME":null,"SUBJECTO":null,"BORDERPRECISION":1}},
{"type":"Feature","geometry":{"type":"Polygon","coordinates":[[[-91.196,30.442],[-91.255,30.443],[-91.217,30.39],[-91.196,30.442]]]},"properties":{"NAME":null,"SUBJECTO":null,"BORDERPRECISION":1}},
{"type":"Feature","geometry":{"type":"Polygon","coordinates":[[[-77.503,37.615],[-77.551,37.719],[-77.592,37.581],[-77.503,37.615]]]},"properties":{"NAME":null,"SUBJECTO":null,"BORDERPRECISION":1}},
{"type":"Feature","geometry":{"type":"Polygon","coordinates":[[[-79.942,35.824],[-80.521,35.547],[-80.479,35.225],[-80.354,35.173],[-79.557,35.846],[-79.572,35.849],[-79.615,35.817],[-79.942,35.824]]]},"properties":{"NAME":null,"SUBJECTO":null,"BORDERPRECISION":1}},
{"type":"Feature","geometry":{"type":"Polygon","coordinates":[[[-160.617,63.373],[-160.493,63.424],[-160.489,63.445],[-160.617,63.373]]]},"properties":{"NAME":null,"SUBJECTO":null,"BORDERPRECISION":1}},
{"type":"Feature","geometry":{"type":"Polygon","coordinates":[[[-159.765,63.969],[-159.939,63.88],[-160.222,63.578],[-160.192,63.567],[-160.029,63.664],[-159.765,63.969]]]},"properties":{"NAME":null,"SUBJECTO":null,"BORDERPRECISION":1}},
{"type":"Feature","geometry":{"type":"Polygon","coordinates":[[[-120.663,67.755],[-120.905,67.626],[-120.287,67.489],[-120.663,67.755]]]},"properties":{"NAME":null,"SUBJECTO":null,"BORDERPRECISION":1}},
{"type":"Feature","geometry":{"type":"Polygon","coordinates":[[[-159.364,62.742],[-157.435,62.639],[-157.575,62.816],[-159.364,62.742]]]},"properties":{"NAME":null,"SUBJECTO":null,"BORDERPRECISION":1}},
{"type":"Feature","geometry":{"type":"Polygon","coordinates":[[[-121.133,48.01],[-121.132,48.012],[-121.135,48.014],[-121.133,48.01]]]},"properties":{"NAME":null,"SUBJECTO":null,"BORDERPRECISION":1}},
{"type":"Feature","geometry":{"type":"Polygon","coordinates":[[[-121.149,47.994],[-121.146,47.985],[-121.136,47.995],[-121.149,47.994]]]},"properties":{"NAME":null,"SUBJECTO":null,"BORDERPRECISION":1}},
{"type":"Feature","geometry":{"type":"Polygon","coordinates":[[[-160.815,63.86],[-160.821,63.86],[-160.837,63.859],[-160.815,63.86]]]},"properties":{"NAME":null,"SUBJECTO":null,"BORDERPRECISION":1}},
{"type":"Feature","geometry":{"type":"Polygon","coordinates":[[[-93.773,53.407],[-87.152,53.143],[-92.136,54.835],[-93.773,53.407]]]},"properties":{"NAME":null,"SUBJECTO":null,"BORDERPRECISION":1}},
{"type":"Feature","geometry":{"type":"Polygon","coordinates":[[[-88.03,32.43],[-88.037,32.41],[-88.02,32.381],[-88.03,32.43]]]},"properties":{"NAME":null,"SUBJECTO":null,"BORDERPRECISION":1}},
{"type":"Feature","geometry":{"type":"Polygon","coordinates":[[[-88.079,32.076],[-88.102,32.053],[-88.095,32.001],[-88.079,32.076]]]},"properties":{"NAME":null,"SUBJECTO":null,"BORDERPRECISION":1}},
{"type":"Feature","geometry":{"type":"Polygon","coordinates":[[[-87.618,33.056],[-87.746,32.991],[-87.823,32.862],[-87.618,33.056]]]},"properties":{"NAME":null,"SUBJECTO":null,"BORDERPRECISION":1}},
{"type":"Feature","geometry":{"type":"Polygon","coordinates":[[[-87.884,32.524],[-87.906,32.524],[-87.943,32.489],[-87.884,32.524]]]},"properties":{"NAME":null,"SUBJECTO":null,"BORDERPRECISION":1}},
{"type":"Feature","geometry":{"type":"Polygon","coordinates":[[[-87.902,31.349],[-87.937,31.303],[-87.938,31.25],[-87.902,31.349]]]},"properties":{"NAME":null,"SUBJECTO":null,"BORDERPRECISION":1}},
{"type":"Feature","geometry":{"type":"Polygon","coordinates":[[[-87.954,31.096],[-87.97,31.027],[-87.964,30.994],[-87.954,31.096]]]},"properties":{"NAME":null,"SUBJECTO":null,"BORDERPRECISION":1}},
{"type":"Feature","geometry":{"type":"Polygon","coordinates":[[[-88.093,31.939],[-88.156,31.823],[-88.059,31.632],[-88.093,31.939]]]},"properties":{"NAME":null,"SUBJECTO":null,"BORDERPRECISION":1}},
{"type":"Feature","geometry":{"type":"Polygon","coordinates":[[[-87.993,31.567],[-87.893,31.425],[-87.902,31.542],[-87.993,31.567]]]},"properties":{"NAME":null,"SUBJECTO":null,"BORDERPRECISION":1}},
{"type":"Feature","geometry":{"type":"Polygon","coordinates":[[[-82.026,33.545],[-82.109,33.574],[-82.06,33.516],[-82.026,33.545]]]},"properties":{"NAME":null,"SUBJECTO":null,"BORDERPRECISION":1}},
{"type":"Feature","geometry":{"type":"Polygon","coordinates":[[[-81.61,33.063],[-81.504,32.973],[-81.6,33.074],[-81.61,33.063]]]},"properties":{"NAME":null,"SUBJECTO":null,"BORDERPRECISION":1}},
{"type":"Feature","geometry":{"type":"Polygon","coordinates":[[[-92.112,32.055],[-92.077,32.064],[-92.102,32.077],[-92.112,32.055]]]},"properties":{"NAME":null,"SUBJECTO":null,"BORDERPRECISION":1}},
{"type":"Feature","geometry":{"type":"Polygon","coordinates":[[[-94.92,31.176],[-94.616,31.246],[-94.921,31.297],[-94.92,31.176]]]},"properties":{"NAME":null,"SUBJECTO":null,"BORDERPRECISION":1}},
{"type":"Feature","geometry":{"type":"Polygon","coordinates":[[[-82.382,33.912],[-82.391,33.948],[-82.441,33.962],[-82.382,33.912]]]},"properties":{"NAME":null,"SUBJECTO":null,"BORDERPRECISION":1}},
{"type":"Feature","geometry":{"type":"Polygon","coordinates":[[[-87.495,33.386],[-87.662,33.226],[-87.651,33.138],[-87.495,33.386]]]},"properties":{"NAME":null,"SUBJECTO":null,"BORDERPRECISION":1}},
{"type":"Feature","geometry":{"type":"Polygon","coordinates":[[[-83.947,30.107],[-83.957,30.107],[-83.961,30.105],[-83.947,30.107]]]},"properties":{"NAME":null,"SUBJECTO":null,"BORDERPRECISION":1}},
{"type":"Feature","geometry":{"type":"Polygon","coordinates":[[[-79.558,33.373],[-79.39,33.552],[-79.321,33.631],[-79.333,33.815],[-79.95,33.736],[-80.15,33.676],[-80.007,33.608],[-79.558,33.373]]]},"properties":{"NAME":null,"SUBJECTO":null,"BORDERPRECISION":1}},
{"type":"Feature","geometry":{"type":"Polygon","coordinates":[[[-121.955,39.28],[-121.761,38.924],[-121.761,39.062],[-121.955,39.28]]]},"properties":{"NAME":null,"SUBJECTO":null,"BORDERPRECISION":1}},
{"type":"Feature","geometry":{"type":"Polygon","coordinates":[[[-121.666,38.782],[-121.662,38.769],[-121.644,38.765],[-121.666,38.782]]]},"properties":{"NAME":null,"SUBJECTO":null,"BORDERPRECISION":1}},
{"type":"Feature","geometry":{"type":"Polygon","coordinates":[[[-122.532,38.984],[-122.585,39.037],[-122.585,39.002],[-122.532,38.984]]]},"properties":{"NAME":null,"SUBJECTO":null,"BORDERPRECISION":1}},
{"type":"Feature","geometry":{"type":"Polygon","coordinates":[[[-120.53,38.587],[-120.523,38.585],[-120.522,38.59],[-120.53,38.587]]]},"properties":{"NAME":null,"SUBJECTO":null,"BORDERPRECISION":1}},
{"type":"Feature","geometry":null,"properties":{"NAME":null,"SUBJECTO":null,"BORDERPRECISION":1}},
{"type":"Feature","geometry":{"type":"Polygon","coordinates":[[[-120.116,37.785],[-120.087,37.79],[-120.098,37.79],[-120.116,37.785]]]},"properties":{"NAME":null,"SUBJECTO":null,"BORDERPRECISION":1}},
{"type":"Feature","geometry":{"type":"Polygon","coordinates":[[[-114.493,40.714],[-114.521,40.664],[-114.537,40.372],[-114.493,40.714]]]},"properties":{"NAME":null,"SUBJECTO":null,"BORDERPRECISION":1}},
{"type":"Feature","geometry":{"type":"Polygon","coordinates":[[[-119.494,37.396],[-119.604,37.317],[-119.58,37.221],[-119.449,37.38],[-119.494,37.396]]]},"properties":{"NAME":null,"SUBJECTO":null,"BORDERPRECISION":1}},
{"type":"Feature","geometry":{"type":"Polygon","coordinates":[[[-120.595,40.51],[-120.471,40.58],[-120.576,40.559],[-120.595,40.51]]]},"properties":{"NAME":null,"SUBJECTO":null,"BORDERPRECISION":1}},
{"type":"Feature","geometry":{"type":"Polygon","coordinates":[[[-120.861,40.475],[-120.839,40.455],[-120.695,40.469],[-120.861,40.475]]]},"properties":{"NAME":null,"SUBJECTO":null,"BORDERPRECISION":1}},
{"type":"Feature","geometry":{"type":"Polygon","coordinates":[[[-78.677,40.288],[-78.741,40.147],[-77.565,39.515],[-76.479,39.719],[-78.677,40.288]]]},"properties":{"NAME":null,"SUBJECTO":null,"BORDERPRECISION":1}},
{"type":"Feature","geometry":{"type":"Polygon","coordinates":[[[-79.434,38.213],[-79.034,38.817],[-79.645,38.763],[-79.678,38.619],[-80.169,37.868],[-80.276,37.647],[-80.362,37.527],[-79.704,37.266],[-78.861,37.015],[-78.529,37.128],[-79.434,38.213]]]},"properties":{"NAME":null,"SUBJECTO":null,"BORDERPRECISION":1}},
{"type":"Feature","geometry":{"type":"Polygon","coordinates":[[[-121.916,40.788],[-121.639,40.454],[-121.575,40.513],[-121.916,40.788]]]},"properties":{"NAME":null,"SUBJECTO":null,"BORDERPRECISION":1}},
{"type":"Feature","geometry":{"type":"Polygon","coordinates":[[[-122.612,39.058],[-122.703,39.127],[-122.673,39.087],[-122.612,39.058]]]},"properties":{"NAME":null,"SUBJECTO":null,"BORDERPRECISION":1}},
{"type":"Feature","geometry":{"type":"Polygon","coordinates":[[[-121.311,40.479],[-121.018,40.502],[-121.271,40.496],[-121.311,40.479]]]},"properties":{"NAME":null,"SUBJECTO":null,"BORDERPRECISION":1}},
{"type":"Feature","geometry":{"type":"Polygon","coordinates":[[[-121.508,40.491],[-121.487,40.464],[-121.422,40.469],[-121.508,40.491]]]},"properties":{"NAME":null,"SUBJECTO":null,"BORDERPRECISION":1}},
{"type":"Feature","geometry":{"type":"Polygon","coordinates":[[[-73.842,46.296],[-73.757,46.199],[-73.69,46.247],[-73.842,46.296]]]},"properties":{"NAME":null,"SUBJECTO":null,"BORDERPRECISION":1}},
{"type":"Feature","geometry":{"type":"Polygon","coordinates":[[[-73.437,45.794],[-73.298,45.608],[-73.023,46.195],[-73.027,46.24],[-73.682,46.244],[-73.753,46.194],[-73.451,45.807],[-73.437,45.794]]]},"properties":{"NAME":null,"SUBJECTO":null,"BORDERPRECISION":1}},
{"type":"Feature","geometry":{"type":"Polygon","coordinates":[[[-74.889,46.638],[-74.94,46.654],[-74.925,46.631],[-74.889,46.638]]]},"properties":{"NAME":null,"SUBJECTO":null,"BORDERPRECISION":1}},
{"type":"Feature","geometry":{"type":"Polygon","coordinates":[[[-73.977,46.324],[-73.907,46.317],[-74.003,46.349],[-73.977,46.324]]]},"properties":{"NAME":null,"SUBJECTO":null,"BORDERPRECISION":1}},
{"type":"Feature","geometry":{"type":"Polygon","coordinates":[[[-72.136,42.529],[-72.235,42.514],[-72.041,42.447],[-71.792,42.578],[-71.995,42.549],[-72.136,42.529]]]},"properties":{"NAME":null,"SUBJECTO":null,"BORDERPRECISION":1}},
{"type":"Feature","geometry":{"type":"Polygon","coordinates":[[[-71.781,41.579],[-71.792,41.504],[-71.79,41.481],[-71.781,41.579]]]},"properties":{"NAME":null,"SUBJECTO":null,"BORDERPRECISION":1}},
{"type":"Feature","geometry":{"type":"Polygon","coordinates":[[[-70.713,48.355],[-70.492,48.343],[-70.656,48.361],[-70.713,48.355]]]},"properties":{"NAME":null,"SUBJECTO":null,"BORDERPRECISION":1}},
{"type":"Feature","geometry":{"type":"Polygon","coordinates":[[[-70.218,48.278],[-70.085,48.219],[-69.992,48.219],[-70.218,48.278]]]},"properties":{"NAME":null,"SUBJECTO":null,"BORDERPRECISION":1}},
{"type":"Feature","geometry":{"type":"Polygon","coordinates":[[[-91.08,30.199],[-90.926,29.983],[-90.826,29.988],[-91.08,30.199]]]},"properties":{"NAME":null,"SUBJECTO":null,"BORDERPRECISION":1}},
{"type":"Feature","geometry":{"type":"Polygon","coordinates":[[[-92.056,30.413],[-92.025,30.308],[-90.928,29.982],[-91.084,30.198],[-91.171,30.317],[-91.187,30.339],[-91.22,30.385],[-91.927,30.948],[-92.094,30.901],[-92.037,30.614],[-92.027,30.613],[-92.056,30.413]]]},"properties":{"NAME":null,"SUBJECTO":null,"BORDERPRECISION":1}},
{"type":"Feature","geometry":{"type":"Polygon","coordinates":[[[-90.673,30.033],[-90.616,30.036],[-90.626,30.042],[-90.673,30.033]]]},"properties":{"NAME":null,"SUBJECTO":null,"BORDERPRECISION":1}},
{"type":"Feature","geometry":{"type":"Polygon","coordinates":[[[-90.763,30.001],[-90.762,30.001],[-90.759,30.002],[-90.763,30.001]]]},"properties":{"NAME":null,"SUBJECTO":null,"BORDERPRECISION":1}},
{"type":"Feature","geometry":{"type":"Polygon","coordinates":[[[-75.868,48.895],[-75.872,48.894],[-75.872,48.892],[-75.868,48.895]]]},"properties":{"NAME":null,"SUBJECTO":null,"BORDERPRECISION":1}},
{"type":"Feature","geometry":{"type":"Polygon","coordinates":[[[-76.276,47.919],[-76.13,47.892],[-76.259,48.206],[-76.431,48.407],[-76.491,48.23],[-76.276,47.919]]]},"properties":{"NAME":null,"SUBJECTO":null,"BORDERPRECISION":1}},
{"type":"Feature","geometry":{"type":"Polygon","coordinates":[[[-92.184,30.252],[-92.193,30.139],[-92.123,30.254],[-92.184,30.252]]]},"properties":{"NAME":null,"SUBJECTO":null,"BORDERPRECISION":1}},
{"type":"Feature","geometry":{"type":"Polygon","coordinates":[[[-92.186,29.944],[-92.198,30.073],[-92.203,30.001],[-92.186,29.944]]]},"properties":{"NAME":null,"SUBJECTO":null,"BORDERPRECISION":1}},
{"type":"Feature","geometry":{"type":"Polygon","coordinates":[[[-90.618,14.562],[-90.589,14.624],[-90.608,14.612],[-90.618,14.562]]]},"properties":{"NAME":null,"SUBJECTO":null,"BORDERPRECISION":1}},
{"type":"Feature","geometry":{"type":"Polygon","coordinates":[[[-90.071,15.164],[-90.143,15.168],[-90.616,14.931],[-90.605,14.897],[-90.467,14.725],[-89.652,14.754],[-89.347,15.278],[-90.071,15.164]]]},"properties":{"NAME":null,"SUBJECTO":null,"BORDERPRECISION":1}},
{"type":"Feature","geometry":{"type":"Polygon","coordinates":[[[-76.103,40.938],[-75.588,41.386],[-75.628,41.64],[-76.068,41.594],[-76.103,40.938]]]},"properties":{"NAME":null,"SUBJECTO":null,"BORDERPRECISION":1}},
{"type":"Feature","geometry":{"type":"Polygon","coordinates":[[[-89.616,13.998],[-89.77,14.042],[-89.789,14.038],[-89.776,13.997],[-89.616,13.998]]]},"properties":{"NAME":null,"SUBJECTO":null,"BORDERPRECISION":1}},
{"type":"Feature","geometry":{"type":"Polygon","coordinates":[[[-90.788,16.036],[-90.878,16.036],[-90.925,16.035],[-91.044,15.763],[-90.956,15.666],[-90.711,16.032],[-90.788,16.036]]]},"properties":{"NAME":null,"SUBJECTO":null,"BORDERPRECISION":1}},
{"type":"Feature","geometry":{"type":"Polygon","coordinates":[[[-91.545,15.251],[-91.587,15.1],[-91.485,15.235],[-91.545,15.251]]]},"properties":{"NAME":null,"SUBJECTO":null,"BORDERPRECISION":1}},
{"type":"Feature","geometry":{"type":"Polygon","coordinates":[[[-90.817,15.454],[-90.585,15.315],[-90.335,15.4],[-90.817,15.454]]]},"properties":{"NAME":null,"SUBJECTO":null,"BORDERPRECISION":1}},
{"type":"Feature","geometry":{"type":"Polygon","coordinates":[[[-90.945,15.63],[-90.928,15.481],[-90.879,15.482],[-90.945,15.63]]]},"properties":{"NAME":null,"SUBJECTO":null,"BORDERPRECISION":1}},
{"type":"Feature","geometry":{"type":"Polygon","coordinates":[[[-72.293,41.415],[-72.364,41.565],[-72.391,41.438],[-72.293,41.415]]]},"properties":{"NAME":null,"SUBJECTO":null,"BORDERPRECISION":1}},
{"type":"Feature","geometry":{"type":"Polygon","coordinates":[[[-72.419,42.001],[-72.463,41.98],[-72.454,41.977],[-72.449,41.984],[-72.375,41.908],[-72.373,41.863],[-72.327,41.858],[-72.419,42.001]]]},"properties":{"NAME":null,"SUBJECTO":null,"BORDERPRECISION":1}},
{"type":"Feature","geometry":{"type":"Polygon","coordinates":[[[-75.276,38.366],[-75.213,38.375],[-75.184,38.383],[-75.276,38.366]]]},"properties":{"NAME":null,"SUBJECTO":null,"BORDERPRECISION":1}},
{"type":"Feature","geometry":{"type":"Polygon","coordinates":[[[-75.57,38.304],[-75.491,38.311],[-75.334,38.356],[-75.57,38.304]]]},"properties":{"NAME":null,"SUBJECTO":null,"BORDERPRECISION":1}},
{"type":"Feature","geometry":{"type":"Polygon","coordinates":[[[-76.639,48.543],[-76.435,48.474],[-78.045,49.987],[-77.768,49.101],[-77.033,48.729],[-76.808,48.615],[-76.768,48.595],[-76.639,48.543]]]},"properties":{"NAME":null,"SUBJECTO":null,"BORDERPRECISION":1}},
{"type":"Feature","geometry":{"type":"Polygon","coordinates":[[[-78.675,41.534],[-78.817,41.535],[-80.169,41.12],[-78.989,40.66],[-78.675,41.534]]]},"properties":{"NAME":null,"SUBJECTO":null,"BORDERPRECISION":1}},
{"type":"Feature","geometry":{"type":"Polygon","coordinates":[[[-72.741,41.902],[-72.686,41.92],[-72.651,41.957],[-72.768,41.958],[-72.787,41.895],[-72.741,41.902]]]},"properties":{"NAME":null,"SUBJECTO":null,"BORDERPRECISION":1}},
{"type":"Feature","geometry":{"type":"Polygon","coordinates":[[[-72.938,41.792],[-72.849,41.974],[-73.041,42.067],[-73.071,41.786],[-72.944,41.766],[-72.938,41.792]]]},"properties":{"NAME":null,"SUBJECTO":null,"BORDERPRECISION":1}},
{"type":"Feature","geometry":{"type":"Polygon","coordinates":[[[-95.112,17.555],[-95.199,17.576],[-94.9,17.359],[-95.112,17.555]]]},"properties":{"NAME":null,"SUBJECTO":null,"BORDERPRECISION":1}},
{"type":"Feature","geometry":{"type":"Polygon","coordinates":[[[-45.376,-5.93],[-45.481,-5.957],[-45.389,-5.966],[-45.376,-5.93]]]},"properties":{"NAME":null,"SUBJECTO":null,"BORDERPRECISION":1}},
{"type":"Feature","geometry":{"type":"Polygon","coordinates":[[[-84.893,15.193],[-85.12,15.141],[-84.892,15.166],[-84.893,15.193]]]},"properties":{"NAME":null,"SUBJECTO":null,"BORDERPRECISION":1}},
{"type":"Feature","geometry":{"type":"Polygon","coordinates":[[[-85.792,13.395],[-85.119,13.205],[-85.265,12.698],[-84.816,11.274],[-84.243,11.836],[-83.997,12.122],[-84.192,12.715],[-84.547,13.069],[-85.192,14.027],[-85.37,14.208],[-85.31,14.249],[-85.262,14.265],[-85.219,14.289],[-85.207,14.31],[-85.204,14.361],[-85.199,14.41],[-85.217,14.873],[-85.238,14.912],[-85.313,15.67],[-88.893,15.563],[-89.229,15.322],[-89.089,14.065],[-88.526,13.797],[-87.529,14.998],[-87.757,15.592],[-86.166,15.444],[-87.092,14.545],[-87.388,13.654],[-87.204,13.564],[-85.792,13.395]]]},"properties":{"NAME":null,"SUBJECTO":null,"BORDERPRECISION":1}},
{"type":"Feature","geometry":{"type":"Polygon","coordinates":[[[-66.953,-7.39],[-67.031,-7.404],[-67,-7.48],[-66.953,-7.39]]]},"properties":{"NAME":null,"SUBJECTO":null,"BORDERPRECISION":1}},
{"type":"Feature","geometry":{"type":"Polygon","coordinates":[[[-64.803,-6.864],[-64.945,-7.053],[-64.922,-7.081],[-64.87,-7.126],[-64.782,-7.223],[-64.803,-6.864]]]},"properties":{"NAME":null,"SUBJECTO":null,"BORDERPRECISION":1}},
{"type":"Feature","geometry":{"type":"Polygon","coordinates":[[[-65.223,-7.413],[-64.806,-7.273],[-64.781,-7.24],[-64.982,-7.202],[-65.052,-7.238],[-65.084,-7.261],[-65.178,-7.329],[-65.302,-7.406],[-65.304,-7.408],[-65.223,-7.413]]]},"properties":{"NAME":null,"SUBJECTO":null,"BORDERPRECISION":1}},
{"type":"Feature","geometry":{"type":"Polygon","coordinates":[[[-67.554,-8.178],[-67.842,-8.319],[-67.667,-8.466],[-67.554,-8.178]]]},"properties":{"NAME":null,"SUBJECTO":null,"BORDERPRECISION":1}},
{"type":"Feature","geometry":{"type":"Polygon","coordinates":[[[-90.437,16.568],[-90.685,16.775],[-90.623,16.663],[-90.492,16.542],[-90.437,16.568]]]},"properties":{"NAME":null,"SUBJECTO":null,"BORDERPRECISION":1}},
{"type":"Feature","geometry":{"type":"Polygon","coordinates":[[[-91.335,17.251],[-91.246,17.134],[-91.156,17.063],[-90.844,16.9],[-91.285,17.245],[-91.335,17.251]]]},"properties":{"NAME":null,"SUBJECTO":null,"BORDERPRECISION":1}},
{"type":"Feature","geometry":{"type":"Polygon","coordinates":[[[-92.47,15.761],[-92.196,15.874],[-92.194,15.881],[-92.47,15.761]]]},"properties":{"NAME":null,"SUBJECTO":null,"BORDERPRECISION":1}},
{"type":"Feature","geometry":{"type":"Polygon","coordinates":[[[-92.763,15.537],[-92.6,15.693],[-92.976,15.709],[-92.763,15.537]]]},"properties":{"NAME":null,"SUBJECTO":null,"BORDERPRECISION":1}},
{"type":"Feature","geometry":{"type":"Polygon","coordinates":[[[-87.21,13.564],[-87.389,13.652],[-87.428,13.607],[-87.21,13.564]]]},"properties":{"NAME":null,"SUBJECTO":null,"BORDERPRECISION":1}},
{"type":"Feature","geometry":{"type":"Polygon","coordinates":[[[-84.906,15.606],[-85.205,15.644],[-84.894,15.195],[-84.906,15.606]]]},"properties":{"NAME":null,"SUBJECTO":null,"BORDERPRECISION":1}},
{"type":"Feature","geometry":{"type":"Polygon","coordinates":[[[-92.752,17.739],[-93.07,17.838],[-92.926,17.589],[-92.912,17.616],[-92.752,17.739]]]},"properties":{"NAME":null,"SUBJECTO":null,"BORDERPRECISION":1}},
{"type":"Feature","geometry":{"type":"Polygon","coordinates":[[[-83.991,10.513],[-84.165,10.315],[-83.924,10.462],[-83.991,10.513]]]},"properties":{"NAME":null,"SUBJECTO":null,"BORDERPRECISION":1}},
{"type":"Feature","geometry":{"type":"Polygon","coordinates":[[[-74.96,5.224],[-75.51,4.449],[-75.358,4.436],[-74.96,5.224]]]},"properties":{"NAME":null,"SUBJECTO":null,"BORDERPRECISION":1}},
{"type":"Feature","geometry":{"type":"Polygon","coordinates":[[[-78.707,9.338],[-78.668,9.299],[-78.562,9.308],[-78.707,9.338]]]},"properties":{"NAME":null,"SUBJECTO":null,"BORDERPRECISION":1}},
{"type":"Feature","geometry":{"type":"Polygon","coordinates":[[[-70.95,9.149],[-70.971,9.118],[-70.935,9.133],[-70.95,9.149]]]},"properties":{"NAME":null,"SUBJECTO":null,"BORDERPRECISION":1}},
{"type":"Feature","geometry":{"type":"Polygon","coordinates":[[[-71.504,6.755],[-71.614,6.967],[-71.644,6.755],[-71.504,6.755]]]},"properties":{"NAME":null,"SUBJECTO":null,"BORDERPRECISION":1}},
{"type":"Feature","geometry":{"type":"Polygon","coordinates":[[[-78.269,9.191],[-78.095,8.974],[-77.984,9.032],[-78.269,9.191]]]},"properties":{"NAME":null,"SUBJECTO":null,"BORDERPRECISION":1}},
{"type":"Feature","geometry":{"type":"Polygon","coordinates":[[[-79.552,-4.508],[-79.56,-4.506],[-79.815,-4.757],[-79.715,-5.35],[-79.386,-5.686],[-79.392,-4.62],[-79.4,-4.604],[-79.412,-4.609],[-79.552,-4.508]]]},"properties":{"NAME":null,"SUBJECTO":null,"BORDERPRECISION":1}},
{"type":"Feature","geometry":{"type":"Polygon","coordinates":[[[-78.473,9.265],[-78.418,9.222],[-78.272,9.192],[-78.473,9.265]]]},"properties":{"NAME":null,"SUBJECTO":null,"BORDERPRECISION":1}},
{"type":"Feature","geometry":{"type":"Polygon","coordinates":[[[-77.629,8.683],[-77.767,8.839],[-77.9,8.81],[-77.675,8.678],[-77.629,8.683]]]},"properties":{"NAME":null,"SUBJECTO":null,"BORDERPRECISION":1}},
{"type":"Feature","geometry":{"type":"Polygon","coordinates":[[[-62.028,-7.117],[-62.102,-7.145],[-62.103,-7.147],[-62.028,-7.117]]]},"properties":{"NAME":null,"SUBJECTO":null,"BORDERPRECISION":1}},
{"type":"Feature","geometry":{"type":"Polygon","coordinates":[[[-62.274,-8.145],[-62.165,-8.408],[-62.167,-8.171],[-62.171,-8.176],[-62.274,-8.145]]]},"properties":{"NAME":null,"SUBJECTO":null,"BORDERPRECISION":1}},
{"type":"Feature","geometry":{"type":"Polygon","coordinates":[[[-61.698,-6.573],[-61.705,-6.575],[-61.706,-6.582],[-61.698,-6.573]]]},"properties":{"NAME":null,"SUBJECTO":null,"BORDERPRECISION":1}},
{"type":"Feature","geometry":{"type":"Polygon","coordinates":[[[-61.775,-6.676],[-61.8,-6.703],[-61.8,-6.709],[-61.775,-6.676]]]},"properties":{"NAME":null,"SUBJECTO":null,"BORDERPRECISION":1}},
{"type":"Feature","geometry":{"type":"Polygon","coordinates":[[[-52.979,-9.902],[-53.83,-9.651],[-53.835,-9.654],[-54.511,-8.831],[-52.525,-6.93],[-52.728,-3.962],[-54.99,-4.082],[-57.554,-8.262],[-57.144,-8.477],[-56.669,-8.913],[-56.563,-9.376],[-53.097,-10.673],[-52.979,-9.902]],[[-54.501,-5.485],[-54.358,-5.757],[-54.626,-6.01],[-54.826,-5.724],[-54.501,-5.485]]]},"properties":{"NAME":null,"SUBJECTO":null,"BORDERPRECISION":1}},
{"type":"Feature","geometry":{"type":"Polygon","coordinates":[[[-53.573,-10.616],[-54.651,-11.075],[-53.889,-11.04],[-53.573,-10.616]]]},"properties":{"NAME":null,"SUBJECTO":null,"BORDERPRECISION":1}},
{"type":"Feature","geometry":{"type":"Polygon","coordinates":[[[-62.213,-7.513],[-62.198,-7.463],[-62.227,-7.511],[-62.229,-7.518],[-62.213,-7.513]]]},"properties":{"NAME":null,"SUBJECTO":null,"BORDERPRECISION":1}},
{"type":"Feature","geometry":{"type":"Polygon","coordinates":[[[-52.089,-5.452],[-52.098,-5.453],[-52.096,-5.454],[-52.089,-5.452]]]},"properties":{"NAME":null,"SUBJECTO":null,"BORDERPRECISION":1}},
{"type":"Feature","geometry":{"type":"Polygon","coordinates":[[[-103.664,22.106],[-103.686,22.134],[-103.696,22.111],[-103.664,22.106]]]},"properties":{"NAME":null,"SUBJECTO":null,"BORDERPRECISION":1}},
{"type":"Feature","geometry":{"type":"Polygon","coordinates":[[[-103.728,21.688],[-103.577,21.805],[-103.598,22.035],[-103.728,21.688]]]},"properties":{"NAME":null,"SUBJECTO":null,"BORDERPRECISION":1}},
{"type":"Feature","geometry":{"type":"Polygon","coordinates":[[[-103.216,20.989],[-103.104,21.013],[-102.97,21.167],[-103.216,20.989]]]},"properties":{"NAME":null,"SUBJECTO":null,"BORDERPRECISION":1}},
{"type":"Feature","geometry":{"type":"Polygon","coordinates":[[[-103.309,20.95],[-103.293,20.952],[-103.283,20.961],[-103.309,20.95]]]},"properties":{"NAME":null,"SUBJECTO":null,"BORDERPRECISION":1}},
{"type":"Feature","geometry":{"type":"Polygon","coordinates":[[[-98.418,22.465],[-98.429,22.419],[-98.425,22.419],[-98.418,22.465]]]},"properties":{"NAME":null,"SUBJECTO":null,"BORDERPRECISION":1}},
{"type":"Feature","geometry":{"type":"Polygon","coordinates":[[[-100.198,22.469],[-99.335,22.145],[-99.243,22.342],[-98.9,22.97],[-99.653,23.549],[-100.198,22.469]]]},"properties":{"NAME":null,"SUBJECTO":null,"BORDERPRECISION":1}},
{"type":"Feature","geometry":{"type":"Polygon","coordinates":[[[-101.938,20.736],[-102.086,21.311],[-102.239,21.531],[-102.383,21.534],[-102.454,21.485],[-102.62,21.291],[-102.501,20.747],[-101.938,20.736]]]},"properties":{"NAME":null,"SUBJECTO":null,"BORDERPRECISION":1}},
{"type":"Feature","geometry":{"type":"Polygon","coordinates":[[[-101.736,18.077],[-101.517,18.049],[-100.227,18.425],[-100.237,18.577],[-100.241,18.575],[-100.24,18.587],[-100.273,18.714],[-101.736,18.077]]]},"properties":{"NAME":null,"SUBJECTO":null,"BORDERPRECISION":1}},
{"type":"Feature","geometry":{"type":"Polygon","coordinates":[[[-99.435,24.587],[-99.123,24.667],[-99.655,25.581],[-101.411,25.982],[-101.864,25.678],[-101.838,25.681],[-99.435,24.587]]]},"properties":{"NAME":null,"SUBJECTO":null,"BORDERPRECISION":1}},
{"type":"Feature","geometry":{"type":"Polygon","coordinates":[[[-102.527,27.057],[-102.362,27.05],[-102.422,27.125],[-102.527,27.057]]]},"properties":{"NAME":null,"SUBJECTO":null,"BORDERPRECISION":1}},
{"type":"Feature","geometry":{"type":"Polygon","coordinates":[[[-98.847,22.914],[-98.401,22.58],[-98.383,22.7],[-98.847,22.914]]]},"properties":{"NAME":null,"SUBJECTO":null,"BORDERPRECISION":1}},
{"type":"Feature","geometry":{"type":"Polygon","coordinates":[[[-102.639,25.283],[-102.803,25.295],[-102.643,25.171],[-102.639,25.283]]]},"properties":{"NAME":null,"SUBJECTO":null,"BORDERPRECISION":1}},
{"type":"Feature","geometry":{"type":"Polygon","coordinates":[[[-107.556,25.627],[-107.276,25.369],[-107.384,25.226],[-106.66,24.372],[-105.994,24.652],[-106.91,25.544],[-107.243,25.666],[-107.985,26.316],[-108.208,27.617],[-108.88,27.373],[-108.557,26.769],[-108.094,26.106],[-108.349,25.813],[-108.492,25.648],[-108.321,25.477],[-107.556,25.627]]]},"properties":{"NAME":null,"SUBJECTO":null,"BORDERPRECISION":1}},
{"type":"Feature","geometry":{"type":"Polygon","coordinates":[[[-109.599,27.475],[-109.216,27.653],[-109.305,27.812],[-109.357,27.833],[-109.599,27.475]]]},"properties":{"NAME":null,"SUBJECTO":null,"BORDERPRECISION":1}},
{"type":"Feature","geometry":{"type":"Polygon","coordinates":[[[-104.035,25.844],[-103.972,24.864],[-103.268,25.302],[-102.724,26.901],[-104.035,25.844]]]},"properties":{"NAME":null,"SUBJECTO":null,"BORDERPRECISION":1}},
{"type":"Feature","geometry":{"type":"Polygon","coordinates":[[[-106.647,26.399],[-106.266,27.212],[-106.796,26.878],[-106.78,26.792],[-106.647,26.399]]]},"properties":{"NAME":null,"SUBJECTO":null,"BORDERPRECISION":1}},
{"type":"Feature","geometry":{"type":"Polygon","coordinates":[[[-113.653,35.843],[-113.648,35.825],[-113.626,35.828],[-113.653,35.843]]]},"properties":{"NAME":null,"SUBJECTO":null,"BORDERPRECISION":1}},
{"type":"Feature","geometry":{"type":"Polygon","coordinates":[[[-113.717,35.924],[-113.715,35.888],[-113.677,35.872],[-113.717,35.924]]]},"properties":{"NAME":null,"SUBJECTO":null,"BORDERPRECISION":1}},
{"type":"Feature","geometry":{"type":"Polygon","coordinates":[[[-113.44,35.755],[-113.397,35.753],[-113.375,35.765],[-113.44,35.755]]]},"properties":{"NAME":null,"SUBJECTO":null,"BORDERPRECISION":1}},
{"type":"Feature","geometry":{"type":"Polygon","coordinates":[[[-113.583,35.831],[-113.514,35.768],[-113.473,35.765],[-113.583,35.831]]]},"properties":{"NAME":null,"SUBJECTO":null,"BORDERPRECISION":1}},
{"type":"Feature","geometry":{"type":"Polygon","coordinates":[[[-114.314,36.086],[-114.24,36.02],[-114.161,36.031],[-114.314,36.086]]]},"properties":{"NAME":null,"SUBJECTO":null,"BORDERPRECISION":1}},
{"type":"Feature","geometry":{"type":"Polygon","coordinates":[[[-114.748,36.096],[-114.682,36.126],[-114.749,36.096],[-114.748,36.096]]]},"properties":{"NAME":null,"SUBJECTO":null,"BORDERPRECISION":1}},
{"type":"Feature","geometry":{"type":"Polygon","coordinates":[[[-113.787,36.019],[-113.775,35.982],[-113.724,35.936],[-113.787,36.019]]]},"properties":{"NAME":null,"SUBJECTO":null,"BORDERPRECISION":1}},
{"type":"Feature","geometry":{"type":"Polygon","coordinates":[[[-114.005,36.191],[-113.885,36.064],[-113.823,36.048],[-114.005,36.191]]]},"properties":{"NAME":null,"SUBJECTO":null,"BORDERPRECISION":1}},
{"type":"Feature","geometry":{"type":"Polygon","coordinates":[[[-106.607,24.016],[-106.621,24.014],[-106.624,23.992],[-106.607,24.016]]]},"properties":{"NAME":null,"SUBJECTO":null,"BORDERPRECISION":1}},
{"type":"Feature","geometry":{"type":"Polygon","coordinates":[[[-111.138,29.734],[-110.417,29.275],[-110.734,29.774],[-111.138,29.734]]]},"properties":{"NAME":null,"SUBJECTO":null,"BORDERPRECISION":1}},
{"type":"Feature","geometry":{"type":"Polygon","coordinates":[[[-103.67,22.61],[-103.595,22.627],[-103.982,22.776],[-104.038,22.713],[-103.67,22.61]]]},"properties":{"NAME":null,"SUBJECTO":null,"BORDERPRECISION":1}},
{"type":"Feature","geometry":{"type":"Polygon","coordinates":[[[-105.898,23.144],[-105.886,23.192],[-106.108,23.437],[-105.898,23.144]]]},"properties":{"NAME":null,"SUBJECTO":null,"BORDERPRECISION":1}},
{"type":"Feature","geometry":{"type":"Polygon","coordinates":[[[-113.323,35.956],[-113.317,35.97],[-113.326,35.978],[-113.323,35.956]]]},"properties":{"NAME":null,"SUBJECTO":null,"BORDERPRECISION":1}},
{"type":"Feature","geometry":{"type":"Polygon","coordinates":[[[-113.311,35.88],[-113.311,35.893],[-113.313,35.894],[-113.311,35.88]]]},"properties":{"NAME":null,"SUBJECTO":null,"BORDERPRECISION":1}},
{"type":"Feature","geometry":{"type":"Polygon","coordinates":[[[-111.549,29.737],[-111.721,29.674],[-111.581,29.518],[-111.195,29.728],[-111.549,29.737]]]},"properties":{"NAME":null,"SUBJECTO":null,"BORDERPRECISION":1}},
{"type":"Feature","geometry":{"type":"Polygon","coordinates":[[[-109.864,28.054],[-111.084,28.719],[-110.779,28.413],[-110.671,28.445],[-109.864,28.054]]]},"properties":{"NAME":null,"SUBJECTO":null,"BORDERPRECISION":1}},
{"type":"Feature","geometry":{"type":"Polygon","coordinates":[[[-119.861,45.86],[-119.751,45.882],[-119.687,45.927],[-119.861,45.86]]]},"properties":{"NAME":null,"SUBJECTO":null,"BORDERPRECISION":1}},
{"type":"Feature","geometry":{"type":"Polygon","coordinates":[[[-120.834,43.796],[-120.85,44.005],[-121.367,44.006],[-121.375,44.001],[-121.391,43.991],[-121.375,43.554],[-121.269,43.733],[-120.834,43.796]]]},"properties":{"NAME":null,"SUBJECTO":null,"BORDERPRECISION":1}},
{"type":"Feature","geometry":{"type":"Polygon","coordinates":[[[-116.841,43.968],[-115.362,44.717],[-117.03,44.725],[-116.924,44.006],[-116.841,43.968]]]},"properties":{"NAME":null,"SUBJECTO":null,"BORDERPRECISION":1}},
{"type":"Feature","geometry":{"type":"Polygon","coordinates":[[[-119.529,46.192],[-119.509,46.362],[-119.568,46.357],[-119.529,46.192]]]},"properties":{"NAME":null,"SUBJECTO":null,"BORDERPRECISION":1}},
{"type":"Feature","geometry":{"type":"Polygon","coordinates":[[[-76.832,38.059],[-76.845,38.069],[-76.845,38.06],[-76.832,38.059]]]},"properties":{"NAME":null,"SUBJECTO":null,"BORDERPRECISION":1}},
{"type":"Feature","geometry":{"type":"Polygon","coordinates":[[[-77.058,38.105],[-77.041,38.111],[-77.054,38.146],[-77.058,38.105]]]},"properties":{"NAME":null,"SUBJECTO":null,"BORDERPRECISION":1}},
{"type":"Feature","geometry":{"type":"Polygon","coordinates":[[[-121.681,46.79],[-121.528,46.854],[-121.466,46.94],[-121.727,46.816],[-121.722,46.815],[-121.681,46.79]]]},"properties":{"NAME":null,"SUBJECTO":null,"BORDERPRECISION":1}},
{"type":"Feature","geometry":{"type":"Polygon","coordinates":[[[-76.654,37.916],[-76.631,37.926],[-76.642,37.935],[-76.654,37.916]]]},"properties":{"NAME":null,"SUBJECTO":null,"BORDERPRECISION":1}},
{"type":"Feature","geometry":{"type":"Polygon","coordinates":[[[-118.629,36.429],[-118.634,36.441],[-118.687,36.41],[-118.629,36.429]]]},"properties":{"NAME":null,"SUBJECTO":null,"BORDERPRECISION":1}},
{"type":"Feature","geometry":{"type":"Polygon","coordinates":[[[-118.789,36.426],[-118.972,36.58],[-118.939,36.502],[-118.789,36.426]]]},"properties":{"NAME":null,"SUBJECTO":null,"BORDERPRECISION":1}},
{"type":"Feature","geometry":{"type":"Polygon","coordinates":[[[-118.517,35.552],[-118.063,35.682],[-118.513,35.601],[-118.517,35.552]]]},"properties":{"NAME":null,"SUBJECTO":null,"BORDERPRECISION":1}},
{"type":"Feature","geometry":{"type":"Polygon","coordinates":[[[-118.575,35.823],[-118.641,35.898],[-118.693,35.923],[-118.575,35.823]]]},"properties":{"NAME":null,"SUBJECTO":null,"BORDERPRECISION":1}},
{"type":"Feature","geometry":{"type":"Polygon","coordinates":[[[-121.769,36.444],[-121.619,36.531],[-121.783,36.518],[-121.769,36.444]]]},"properties":{"NAME":null,"SUBJECTO":null,"BORDERPRECISION":1}},
{"type":"Feature","geometry":{"type":"Polygon","coordinates":[[[-114.016,45.599],[-113.26,45.957],[-113.895,46.362],[-114.409,46.411],[-114.29,45.47],[-114.126,45.614],[-114.016,45.599]]]},"properties":{"NAME":null,"SUBJECTO":null,"BORDERPRECISION":1}},
{"type":"Feature","geometry":{"type":"Polygon","coordinates":[[[-120.271,37.408],[-120.469,37.63],[-120.507,37.635],[-120.537,37.629],[-120.271,37.408]]]},"properties":{"NAME":null,"SUBJECTO":null,"BORDERPRECISION":1}},
{"type":"Feature","geometry":{"type":"Polygon","coordinates":[[[-120.741,36.431],[-120.88,36.348],[-120.306,35.916],[-120.585,36.491],[-120.741,36.431]]]},"properties":{"NAME":null,"SUBJECTO":null,"BORDERPRECISION":1}},
{"type":"Feature","geometry":{"type":"Polygon","coordinates":[[[-77.123,37.63],[-77.129,37.62],[-77.117,37.619],[-77.123,37.63]]]},"properties":{"NAME":null,"SUBJECTO":null,"BORDERPRECISION":1}},
{"type":"Feature","geometry":{"type":"Polygon","coordinates":[[[-77.479,37.417],[-77.628,37.457],[-77.594,37.287],[-77.529,37.298],[-77.54,37.304],[-77.479,37.417]]]},"properties":{"NAME":null,"SUBJECTO":null,"BORDERPRECISION":1}},
{"type":"Feature","geometry":{"type":"Polygon","coordinates":[[[-76.749,37.469],[-76.76,37.483],[-76.772,37.49],[-76.749,37.469]]]},"properties":{"NAME":null,"SUBJECTO":null,"BORDERPRECISION":1}},
{"type":"Feature","geometry":{"type":"Polygon","coordinates":[[[-76.967,37.515],[-76.899,37.441],[-76.807,37.409],[-76.775,37.491],[-76.801,37.513],[-76.967,37.515]]]},"properties":{"NAME":null,"SUBJECTO":null,"BORDERPRECISION":1}},
{"type":"Feature","geometry":{"type":"Polygon","coordinates":[[[-90.491,30.034],[-90.465,30.013],[-90.471,30.023],[-90.491,30.034]]]},"properties":{"NAME":null,"SUBJECTO":null,"BORDERPRECISION":1}},
{"type":"Feature","geometry":{"type":"Polygon","coordinates":[[[-90.583,30.038],[-90.499,30.038],[-90.558,30.043],[-90.583,30.038]]]},"properties":{"NAME":null,"SUBJECTO":null,"BORDERPRECISION":1}},
{"type":"Feature","geometry":{"type":"Polygon","coordinates":[[[-77.636,37.194],[-77.623,37.195],[-77.623,37.208],[-77.636,37.194]]]},"properties":{"NAME":null,"SUBJECTO":null,"BORDERPRECISION":1}},
{"type":"Feature","geometry":{"type":"Polygon","coordinates":[[[-90.437,29.991],[-90.4,29.972],[-90.41,29.983],[-90.437,29.991]]]},"properties":{"NAME":null,"SUBJECTO":null,"BORDERPRECISION":1}},
{"type":"Feature","geometry":{"type":"Polygon","coordinates":[[[-77.273,38.238],[-77.277,38.255],[-77.292,38.239],[-77.273,38.238]]]},"properties":{"NAME":null,"SUBJECTO":null,"BORDERPRECISION":1}},
{"type":"Feature","geometry":{"type":"Polygon","coordinates":[[[-77.407,38.223],[-77.408,38.223],[-77.408,38.222],[-77.407,38.223]]]},"properties":{"NAME":null,"SUBJECTO":null,"BORDERPRECISION":1}},
{"type":"Feature","geometry":{"type":"Polygon","coordinates":[[[-77.13,38.161],[-77.188,38.178],[-77.171,38.168],[-77.13,38.161]]]},"properties":{"NAME":null,"SUBJECTO":null,"BORDERPRECISION":1}},
{"type":"Feature","geometry":{"type":"Polygon","coordinates":[[[-77.204,38.187],[-77.215,38.198],[-77.228,38.197],[-77.204,38.187]]]},"properties":{"NAME":null,"SUBJECTO":null,"BORDERPRECISION":1}},
{"type":"Feature","geometry":{"type":"Polygon","coordinates":[[[-76.754,37.828],[-76.72,37.817],[-76.718,37.846],[-76.754,37.828]]]},"properties":{"NAME":null,"SUBJECTO":null,"BORDERPRECISION":1}},
{"type":"Feature","geometry":{"type":"Polygon","coordinates":[[[-77.207,37.17],[-77.213,37.171],[-77.215,37.161],[-77.212,37.16],[-77.207,37.17]]]},"properties":{"NAME":null,"SUBJECTO":null,"BORDERPRECISION":1}},
{"type":"Feature","geometry":{"type":"Polygon","coordinates":[[[-77,37.717],[-77.043,37.764],[-77.437,37.946],[-77.516,37.838],[-77.55,37.724],[-77.123,37.68],[-77,37.717]]]},"properties":{"NAME":null,"SUBJECTO":null,"BORDERPRECISION":1}},
{"type":"Feature","geometry":{"type":"Polygon","coordinates":[[[-77.018,37.814],[-77.023,37.788],[-76.98,37.808],[-77.018,37.814]]]},"properties":{"NAME":null,"SUBJECTO":null,"BORDERPRECISION":1}},
{"type":"Feature","geometry":{"type":"Polygon","coordinates":[[[-1.06,50.687],[-1.309,50.771],[-1.523,50.695],[-1.282,50.579],[-1.06,50.687]]]},"properties":{"NAME":null,"SUBJECTO":null,"BORDERPRECISION":1}},
{"type":"Feature","geometry":{"type":"Polygon","coordinates":[[[-4.153,53.226],[-4.277,53.398],[-4.567,53.273],[-4.351,53.124],[-4.153,53.226]]]},"properties":{"NAME":null,"SUBJECTO":null,"BORDERPRECISION":1}},
{"type":"Feature","geometry":{"type":"Polygon","coordinates":[[[-5.104,55.439],[-5.155,55.673],[-5.4,55.601],[-5.104,55.439]]]},"properties":{"NAME":null,"SUBJECTO":null,"BORDERPRECISION":1}},
{"type":"Feature","geometry":{"type":"Polygon","coordinates":[[[-6.122,55.879],[-6.327,55.589],[-6.025,55.681],[-6.122,55.879]]]},"properties":{"NAME":null,"SUBJECTO":null,"BORDERPRECISION":1}},
{"type":"Feature","geometry":{"type":"Polygon","coordinates":[[[-5.947,55.83],[-5.746,56.064],[-5.968,56.024],[-6.079,55.906],[-5.947,55.83]]]},"properties":{"NAME":null,"SUBJECTO":null,"BORDERPRECISION":1}},
{"type":"Feature","geometry":{"type":"Polygon","coordinates":[[[-7.467,56.941],[-7.376,56.979],[-7.446,57.056],[-7.554,56.966],[-7.467,56.941]]]},"properties":{"NAME":null,"SUBJECTO":null,"BORDERPRECISION":1}},
{"type":"Feature","geometry":{"type":"Polygon","coordinates":[[[-7.223,57.337],[-7.425,57.382],[-7.381,57.109],[-7.23,57.095],[-7.223,57.337]]]},"properties":{"NAME":null,"SUBJECTO":null,"BORDERPRECISION":1}},
{"type":"Feature","geometry":{"type":"Polygon","coordinates":[[[-7.269,57.399],[-7.205,57.461],[-7.351,57.489],[-7.388,57.424],[-7.269,57.399]]]},"properties":{"NAME":null,"SUBJECTO":null,"BORDERPRECISION":1}},
{"type":"Feature","geometry":{"type":"Polygon","coordinates":[[[-7.189,57.687],[-7.477,57.562],[-7.154,57.509],[-7.189,57.687]]]},"properties":{"NAME":null,"SUBJECTO":null,"BORDERPRECISION":1}},
{"type":"Feature","geometry":{"type":"Polygon","coordinates":[[[-7.006,57.881],[-6.994,57.919],[-7.074,57.896],[-7.006,57.881]]]},"properties":{"NAME":null,"SUBJECTO":null,"BORDERPRECISION":1}},
{"type":"Feature","geometry":{"type":"Polygon","coordinates":[[[-6.802,58.203],[-6.794,58.218],[-6.854,58.25],[-6.873,58.206],[-6.802,58.203]]]},"properties":{"NAME":null,"SUBJECTO":null,"BORDERPRECISION":1}},
{"type":"Feature","geometry":{"type":"Polygon","coordinates":[[[-6.204,58.356],[-7.032,58.238],[-6.474,57.94],[-6.204,58.356]]]},"properties":{"NAME":null,"SUBJECTO":null,"BORDERPRECISION":1}},
{"type":"Feature","geometry":{"type":"Polygon","coordinates":[[[-2.918,58.732],[-2.877,58.82],[-3.037,58.818],[-2.918,58.732]]]},"properties":{"NAME":null,"SUBJECTO":null,"BORDERPRECISION":1}},
{"type":"Feature","geometry":{"type":"Polygon","coordinates":[[[-3.231,58.776],[-3.136,58.804],[-3.336,58.927],[-3.431,58.871],[-3.231,58.776]]]},"properties":{"NAME":null,"SUBJECTO":null,"BORDERPRECISION":1}},
{"type":"Feature","geometry":{"type":"Polygon","coordinates":[[[-2.793,58.951],[-3.077,59.122],[-3.195,58.911],[-2.793,58.951]]]},"properties":{"NAME":null,"SUBJECTO":null,"BORDERPRECISION":1}},
{"type":"Feature","geometry":{"type":"Polygon","coordinates":[[[-2.681,59.196],[-2.621,59.236],[-2.496,59.245],[-2.414,59.314],[-2.593,59.291],[-2.681,59.196]]]},"properties":{"NAME":null,"SUBJECTO":null,"BORDERPRECISION":1}},
{"type":"Feature","geometry":{"type":"Polygon","coordinates":[[[-2.89,59.295],[-3.049,59.329],[-3.003,59.264],[-2.972,59.287],[-2.89,59.295]]]},"properties":{"NAME":null,"SUBJECTO":null,"BORDERPRECISION":1}},
{"type":"Feature","geometry":{"type":"Polygon","coordinates":[[[-1.296,60.491],[-1.32,60.356],[-1.655,60.226],[-1.126,60.152],[-1.041,60.447],[-1.296,60.491]]]},"properties":{"NAME":null,"SUBJECTO":null,"BORDERPRECISION":1}},
{"type":"Feature","geometry":{"type":"Polygon","coordinates":[[[-1.029,60.496],[-0.991,60.72],[-1.177,60.637],[-1.029,60.496]]]},"properties":{"NAME":null,"SUBJECTO":null,"BORDERPRECISION":1}},
{"type":"Feature","geometry":{"type":"Polygon","coordinates":[[[-0.82,60.689],[-0.768,60.829],[-0.939,60.794],[-0.966,60.688],[-0.82,60.689]]]},"properties":{"NAME":null,"SUBJECTO":null,"BORDERPRECISION":1}},
{"type":"Feature","geometry":{"type":"Polygon","coordinates":[[[-6.707,61.937],[-6.719,62.029],[-7.192,62.308],[-7.232,62.172],[-6.707,61.937]]]},"properties":{"NAME":null,"SUBJECTO":null,"BORDERPRECISION":1}},
{"type":"Feature","geometry":{"type":"Polygon","coordinates":[[[-4.778,54.056],[-4.394,54.186],[-4.527,54.367],[-4.778,54.056]]]},"properties":{"NAME":null,"SUBJECTO":null,"BORDERPRECISION":1}},
{"type":"Feature","geometry":{"type":"Polygon","coordinates":[[[129.716,28.451],[129.158,28.235],[129.369,28.116],[129.716,28.451]]]},"properties":{"NAME":null,"SUBJECTO":null,"BORDERPRECISION":1}},
{"type":"Feature","geometry":{"type":"Polygon","coordinates":[[[129.963,29.957],[129.942,30],[129.924,29.984],[129.963,29.957]]]},"properties":{"NAME":null,"SUBJECTO":null,"BORDERPRECISION":1}},
{"type":"Feature","geometry":{"type":"Polygon","coordinates":[[[129.896,29.874],[129.877,29.831],[129.923,29.825],[129.896,29.874]]]},"properties":{"NAME":null,"SUBJECTO":null,"BORDERPRECISION":1}},
{"type":"Feature","geometry":{"type":"Polygon","coordinates":[[[130.906,30.355],[131.074,30.689],[130.945,30.683],[130.906,30.355]]]},"properties":{"NAME":null,"SUBJECTO":null,"BORDERPRECISION":1}},
{"type":"Feature","geometry":{"type":"Polygon","coordinates":[[[130.559,30.236],[130.672,30.373],[130.511,30.459],[130.387,30.397],[130.559,30.236]]]},"properties":{"NAME":null,"SUBJECTO":null,"BORDERPRECISION":1}},
{"type":"Feature","geometry":{"type":"Polygon","coordinates":[[[121.735,25.139],[120.116,23.631],[120.879,22.341],[121.735,25.139]]]},"properties":{"NAME":"Taiwan","SUBJECTO":"Taiwan","BORDERPRECISION":1}},
{"type":"Feature","geometry":{"type":"Polygon","coordinates":[[[128.901,32.643],[128.649,32.778],[128.61,32.612],[128.901,32.643]]]},"properties":{"NAME":null,"SUBJECTO":null,"BORDERPRECISION":1}},
{"type":"Feature","geometry":{"type":"Polygon","coordinates":[[[123.871,24.252],[123.922,24.371],[123.767,24.414],[123.679,24.316],[123.871,24.252]]]},"properties":{"NAME":null,"SUBJECTO":null,"BORDERPRECISION":1}},
{"type":"Feature","geometry":{"type":"Polygon","coordinates":[[[125.356,24.777],[125.262,24.879],[125.252,24.738],[125.356,24.777]]]},"properties":{"NAME":null,"SUBJECTO":null,"BORDERPRECISION":1}},
{"type":"Feature","geometry":{"type":"Polygon","coordinates":[[[124.262,24.457],[124.078,24.42],[124.122,24.345],[124.23,24.338],[124.262,24.457]]]},"properties":{"NAME":null,"SUBJECTO":null,"BORDERPRECISION":1}},
{"type":"Feature","geometry":{"type":"Polygon","coordinates":[[[128.253,26.639],[128.247,26.84],[127.959,26.544],[128.253,26.639]]]},"properties":{"NAME":null,"SUBJECTO":null,"BORDERPRECISION":1}},
{"type":"Feature","geometry":{"type":"Polygon","coordinates":[[[126.762,26.387],[126.702,26.349],[126.781,26.298],[126.81,26.347],[126.762,26.387]]]},"properties":{"NAME":null,"SUBJECTO":null,"BORDERPRECISION":1}},
{"type":"Feature","geometry":{"type":"Polygon","coordinates":[[[128.951,27.676],[129.03,27.774],[128.899,27.898],[128.897,27.726],[128.951,27.676]]]},"properties":{"NAME":null,"SUBJECTO":null,"BORDERPRECISION":1}},
{"type":"Feature","geometry":{"type":"Polygon","coordinates":[[[128.609,27.359],[128.696,27.449],[128.524,27.414],[128.609,27.359]]]},"properties":{"NAME":null,"SUBJECTO":null,"BORDERPRECISION":1}},
{"type":"Feature","geometry":{"type":"Polygon","coordinates":[[[129.992,28.282],[130.032,28.353],[129.943,28.322],[129.992,28.282]]]},"properties":{"NAME":null,"SUBJECTO":null,"BORDERPRECISION":1}},
{"type":"Feature","geometry":{"type":"Polygon","coordinates":[[[129.336,28.075],[129.34,28.111],[129.224,28.184],[129.219,28.098],[129.336,28.075]]]},"properties":{"NAME":null,"SUBJECTO":null,"BORDERPRECISION":1}},
{"type":"Feature","geometry":{"type":"Polygon","coordinates":[[[129.733,29.61],[129.753,29.648],[129.71,29.652],[129.733,29.61]]]},"properties":{"NAME":null,"SUBJECTO":null,"BORDERPRECISION":1}},
{"type":"Feature","geometry":{"type":"Polygon","coordinates":[[[77.978,34.873],[89.917,35.186],[95.519,37.102],[95.592,38.945],[102.926,39.018],[119.604,42.03],[131.865,43.29],[134.139,42.993],[140.081,48.503],[141.121,53.052],[136.487,53.655],[126.437,54.917],[118.11,56.893],[102.586,57.296],[87.206,49.606],[85.516,48.411],[77.181,46.783],[68.228,42.242],[64.531,40.153],[72.027,35.608],[75.333,34.946],[77.978,34.873]]]},"properties":{"NAME":"Chagatai Khanate","SUBJECTO":"Chagatai Khanate","BORDERPRECISION":1}},
{"type":"Feature","geometry":null,"properties":{"NAME":null,"SUBJECTO":null,"BORDERPRECISION":1}},
{"type":"Feature","geometry":{"type":"Polygon","coordinates":[[[18.534,66.432],[26.479,65.572],[32.644,67.046],[24.571,70.741],[19.821,69.37],[18.534,66.432]]]},"properties":{"NAME":"Sámi","SUBJECTO":"Sámi","BORDERPRECISION":1}},
{"type":"Feature","geometry":{"type":"Polygon","coordinates":[[[59.285,45.275],[59.046,44.955],[59.238,44.797],[59.461,45.055],[59.285,45.275]]]},"properties":{"NAME":null,"SUBJECTO":null,"BORDERPRECISION":1}},
{"type":"Feature","geometry":{"type":"Polygon","coordinates":[[[75.239,62.134],[75.664,58.615],[82.536,57.08],[78.805,54.394],[87.206,49.606],[102.586,57.296],[93.975,56.893],[85.083,58.163],[75.239,62.134]]]},"properties":{"NAME":"Oirat Confederation","SUBJECTO":"Oirat Confederation","BORDERPRECISION":1}},
{"type":"Feature","geometry":{"type":"Polygon","coordinates":[[[56.674,58.259],[52.854,46.938],[51.171,43.718],[54.071,38.897],[58.879,43.849],[61.271,46.256],[66.666,44.427],[68.228,42.242],[77.181,46.783],[85.516,48.411],[87.206,49.606],[78.805,54.394],[68.591,54.282],[64.679,55.974],[67.89,61.685],[61.881,59.852],[56.674,58.259]]]},"properties":{"NAME":"White Horde","SUBJECTO":"White Horde","BORDERPRECISION":1}},
{"type":"Feature","geometry":{"type":"Polygon","coordinates":[[[59.984,26.512],[65.519,26.93],[70.342,31.384],[72.027,35.608],[64.531,40.153],[68.228,42.242],[66.666,44.427],[61.271,46.256],[58.879,43.849],[54.071,38.897],[53.984,36.782],[57.19,30.763],[59.984,26.512]]]},"properties":{"NAME":"Timurid Emirates","SUBJECTO":"Timurid Emirates","BORDERPRECISION":1}},
{"type":"Feature","geometry":{"type":"Polygon","coordinates":[[[3.039,42.869],[-0.907,42.881],[-2.13,41.817],[-1.94,36.952],[3.039,42.869]]]},"properties":{"NAME":"Aragón","SUBJECTO":"Aragón","BORDERPRECISION":1}},
{"type":"Feature","geometry":{"type":"Polygon","coordinates":[[[60.48,25.298],[66.621,25.317],[68.232,23.49],[69.058,23.794],[70.134,28.104],[72.816,31.058],[70.342,31.384],[65.519,26.93],[59.984,26.512],[60.48,25.298]]]},"properties":{"NAME":"Sind","SUBJECTO":"Sind","BORDERPRECISION":1}},
{"type":"Feature","geometry":{"type":"Polygon","coordinates":[[[83.619,21.723],[78.573,20.438],[78.533,19.124],[79.956,17.604],[84.304,20.752],[83.619,21.723]]]},"properties":{"NAME":"Gondwana","SUBJECTO":"Gondwana","BORDERPRECISION":1}},
{"type":"Feature","geometry":{"type":"Polygon","coordinates":[[[72.816,31.058],[70.134,28.104],[69.058,23.794],[73.713,22.945],[76.928,23.897],[78.277,24.296],[74.585,30.689],[72.816,31.058]]]},"properties":{"NAME":"Rajastan","SUBJECTO":"Rajastan","BORDERPRECISION":1}},
{"type":"Feature","geometry":{"type":"Polygon","coordinates":[[[68.232,23.49],[72.789,19.883],[73.713,22.945],[69.058,23.794],[68.232,23.49]]]},"properties":{"NAME":"Gujarat","SUBJECTO":"Gujarat","BORDERPRECISION":1}},
{"type":"Feature","geometry":{"type":"Polygon","coordinates":[[[84.968,27.613],[80.673,29.683],[83.079,27.277],[84.968,27.613]]]},"properties":{"NAME":"Nepal","SUBJECTO":"Nepal","BORDERPRECISION":1}},
{"type":"Feature","geometry":{"type":"Polygon","coordinates":[[[75.333,34.946],[72.027,35.608],[70.342,31.384],[72.816,31.058],[75.333,34.946]]]},"properties":{"NAME":"Punjab","SUBJECTO":"Punjab","BORDERPRECISION":1}},
{"type":"Feature","geometry":{"type":"Polygon","coordinates":[[[78.573,20.438],[76.928,23.897],[73.713,22.945],[72.789,19.883],[73.396,16.616],[77.387,18.771],[78.173,19.013],[78.533,19.124],[78.573,20.438]]]},"properties":{"NAME":"Ahmadnagar","SUBJECTO":"Ahmadnagar","BORDERPRECISION":1}},
{"type":"Feature","geometry":{"type":"Polygon","coordinates":[[[78.277,24.296],[76.928,23.897],[78.573,20.438],[83.619,21.723],[82.546,23.245],[78.277,24.296]]]},"properties":{"NAME":"Berar","SUBJECTO":"Berar","BORDERPRECISION":1}},
{"type":"Feature","geometry":{"type":"Polygon","coordinates":[[[77.387,18.771],[77.997,16.465],[78.173,19.013],[77.387,18.771]]]},"properties":{"NAME":"Bidar","SUBJECTO":"Bidar","BORDERPRECISION":1}},
{"type":"Feature","geometry":{"type":"Polygon","coordinates":[[[77.922,16.246],[77.997,16.465],[77.387,18.771],[73.396,16.616],[73.494,16.288],[77.922,16.246]]]},"properties":{"NAME":"Bijapur","SUBJECTO":"Bijapur","BORDERPRECISION":1}},
{"type":"Feature","geometry":{"type":"Polygon","coordinates":[[[84.304,20.752],[79.956,17.604],[82.323,17.004],[85.379,19.605],[84.304,20.752]]]},"properties":{"NAME":"Orissa","SUBJECTO":"Orissa","BORDERPRECISION":1}},
{"type":"Feature","geometry":{"type":"Polygon","coordinates":[[[80.46,15.773],[82.323,17.004],[79.956,17.604],[78.533,19.124],[78.173,19.013],[77.997,16.465],[77.922,16.246],[80.46,15.773]]]},"properties":{"NAME":"Golkonda","SUBJECTO":"Golkonda","BORDERPRECISION":1}},
{"type":"Feature","geometry":{"type":"MultiPolygon","coordinates":[[[[-28.376,68.417],[-20.33,73.42],[-18.253,77.3],[-22.612,80.872],[-29.338,73.281],[-28.376,68.417]]],[[[-65.153,79.313],[-51.72,71.59],[-50.519,63.093],[-48.399,67.15],[-52.059,74.705],[-65.153,79.313]]]]},"properties":{"NAME":"Thule","SUBJECTO":"Thule","BORDERPRECISION":1}},
{"type":"Feature","geometry":{"type":"Polygon","coordinates":[[[178.176,-18.242],[178.171,-17.342],[177.51,-17.509],[177.333,-18.119],[178.176,-18.242]]]},"properties":{"NAME":"Tuʻi Tonga Empire","SUBJECTO":"Tuʻi Tonga Empire","BORDERPRECISION":1}},
{"type":"Feature","geometry":{"type":"Polygon","coordinates":[[[-109.241,-27.133],[-109.366,-27.063],[-109.428,-27.202],[-109.241,-27.133]]]},"properties":{"NAME":"Polynesians","SUBJECTO":"Polynesians","BORDERPRECISION":1}},
{"type":"Feature","geometry":{"type":"Polygon","coordinates":[[[125.382,39.409],[126.371,34.789],[129.439,35.476],[127.441,39.624],[129.641,41.656],[125.382,39.409]]]},"properties":{"NAME":"Korea","SUBJECTO":"Korea","BORDERPRECISION":3}},
{"type":"Feature","geometry":{"type":"MultiPolygon","coordinates":[[[[16.64,43.39],[16.992,43.323],[17.304,43.076],[19.369,40.26],[28.828,40.915],[27.502,42.516],[31.951,46.865],[26.54,45.25],[23.543,45.856],[16.701,43.847],[16.64,43.39]]],[[[38.61,38.368],[41.484,41.437],[33.556,41.983],[26.128,39.879],[27.16,37.36],[33.171,35.971],[35.891,36.771],[38.61,38.368]]]]},"properties":{"NAME":"Ottoman Empire","SUBJECTO":"Ottoman Empire","BORDERPRECISION":1}}
]}