{"type":"FeatureCollection", "features": [
{"type":"Feature","geometry":{"type":"Polygon","coordinates":[[[33.78,35.208],[32.819,35.282],[32.603,34.615],[33.925,34.953],[33.78,35.208]]]},"properties":{"NAME":"Cyprus","SUBJECTO":"Cyprus","BORDERPRECISION":1}},
{"type":"Feature","geometry":{"type":"MultiPolygon","coordinates":[[[[136.811,37.311],[135.978,35.973],[135.157,35.646],[133.006,35.254],[132.663,35.381],[130.899,33.904],[132.481,34.129],[134.427,34.628],[135.063,33.69],[135.756,33.342],[136.734,34.874],[138.149,34.528],[139.423,35.166],[140.317,35.034],[140.872,37.917],[141.496,38.422],[141.998,39.672],[141.153,40.865],[139.915,40.575],[140.03,39.483],[139.198,37.92],[137.176,36.643],[136.811,37.311]]],[[[132.568,32.637],[134.54,34.013],[132.784,33.908],[132.121,33.348],[132.568,32.637]]],[[[130.579,30.907],[131.319,31.511],[131.831,32.693],[131.67,33.309],[130.427,33.674],[129.343,33.151],[129.846,32.587],[130.579,30.907]]],[[[140.013,41.382],[141.155,41.749],[140.246,42.228],[141.928,42.501],[143.214,41.927],[143.848,42.775],[145.448,43.17],[145.36,43.33],[145.149,43.599],[145.059,43.786],[145.348,44.243],[144.614,43.843],[143.508,44.156],[143.021,44.464],[142.539,44.843],[142.132,45.21],[141.904,45.403],[141.567,44.97],[141.746,44.629],[141.743,44.249],[141.709,43.914],[141.304,43.187],[140.897,43.135],[140.374,43.185],[140.517,43.057],[140.5,42.896],[139.777,42.112],[140.1,41.946],[140.124,41.792],[140.013,41.382]]]]},"properties":{"NAME":"Japan","SUBJECTO":"Japan","BORDERPRECISION":1}},
{"type":"Feature","geometry":{"type":"Polygon","coordinates":[[[120.622,21.925],[120.696,21.971],[120.049,23.061],[120.116,23.631],[120.674,24.551],[120.021,23.62],[119.964,23.086],[120.113,22.642],[120.622,21.925]]]},"properties":{"NAME":"Taiwan","SUBJECTO":"Taiwan","BORDERPRECISION":1}},
{"type":"Feature","geometry":{"type":"Polygon","coordinates":[[[-82.177,22.366],[-79.735,21.672],[-78.728,21.617],[-78.45,20.969],[-77.291,20.704],[-77.461,19.871],[-75.519,19.907],[-74.345,20.323],[-75.604,21.013],[-77.34,21.512],[-78.171,22.12],[-79.76,22.759],[-81.431,23.137],[-82.959,23.025],[-82.177,22.366]]]},"properties":{"NAME":null,"SUBJECTO":null,"BORDERPRECISION":1}},
{"type":"Feature","geometry":{"type":"Polygon","coordinates":[[[-61.687,17.024],[-61.794,17.163],[-61.887,17.033],[-61.687,17.024]]]},"properties":{"NAME":null,"SUBJECTO":null,"BORDERPRECISION":1}},
{"type":"Feature","geometry":{"type":"Polygon","coordinates":[[[-71.551,19.897],[-72.676,19.392],[-72.746,18.509],[-71.401,17.704],[-70.621,18.507],[-68.657,18.873],[-70.882,19.93],[-71.551,19.897]]]},"properties":{"NAME":null,"SUBJECTO":null,"BORDERPRECISION":1}},
{"type":"Feature","geometry":{"type":"MultiPolygon","coordinates":[[[[120.364,14.531],[121.009,13.656],[121.729,14.108],[121.242,15.308],[122.396,17.114],[122.028,18.009],[121.036,18.528],[120.393,18.044],[120.303,16.417],[119.772,15.47],[120.364,14.531]]],[[[121.873,10.468],[122.897,11.15],[121.994,11.758],[121.873,10.468]]],[[[122.942,9.048],[123.312,10.738],[122.92,10.852],[122.396,9.478],[122.942,9.048]]],[[[126.045,6.608],[126.322,7.149],[126.272,8.426],[125.934,9.175],[123.663,8.014],[123.486,8.496],[122.094,7.775],[123.023,7.478],[123.465,7.791],[124.224,6.09],[125.073,5.723],[125.28,6.594],[126.045,6.608]]]]},"properties":{"NAME":"Philippines","SUBJECTO":"Philippines","BORDERPRECISION":1}},
{"type":"Feature","geometry":{"type":"Polygon","coordinates":[[[-67.152,17.987],[-65.724,18.333],[-67.211,18.438],[-67.162,18.33],[-67.152,17.987]]]},"properties":{"NAME":null,"SUBJECTO":null,"BORDERPRECISION":1}},
{"type":"Feature","geometry":{"type":"Polygon","coordinates":[[[-77.291,17.806],[-76.426,18.119],[-77.769,18.51],[-77.291,17.806]]]},"properties":{"NAME":null,"SUBJECTO":null,"BORDERPRECISION":1}},
{"type":"Feature","geometry":{"type":"Polygon","coordinates":[[[44.672,-16.236],[43.972,-17.553],[44.47,-20.17],[43.501,-21.494],[43.376,-22.632],[43.827,-23.413],[43.671,-24.227],[44.425,-25.312],[45.576,-25.621],[46.855,-25.218],[47.258,-24.766],[48.087,-22.044],[49.342,-18.228],[49.425,-17.198],[50.503,-15.314],[49.817,-12.831],[49.176,-12.266],[48.751,-13.418],[48.224,-13.794],[46.925,-15.36],[46.142,-15.826],[44.672,-16.236]],[[48.015,-17.023],[48.488,-20.041],[47.186,-23.119],[45.529,-23.592],[45.292,-22.645],[46.654,-17.733],[47.482,-16.904],[48.015,-17.023]]]},"properties":{"NAME":"Madagascar","SUBJECTO":"Madagascar","BORDERPRECISION":1}},
{"type":"Feature","geometry":{"type":"MultiPolygon","coordinates":[[[[175.308,-37.321],[174.217,-35.337],[173.166,-35.421],[174.765,-37.297],[174.655,-38.983],[173.805,-39.42],[175.354,-40.3],[174.895,-41.296],[176.011,-41.255],[177.157,-39.854],[177.024,-39.445],[178.408,-38.771],[177.528,-38.204],[175.308,-37.321]]],[[[172.063,-43.923],[174.234,-42.011],[173.264,-41.544],[172.148,-41.578],[171.458,-41.993],[171.024,-42.887],[168.416,-44.221],[167.137,-45.2],[166.523,-46.233],[169.399,-46.71],[170.612,-45.946],[171.378,-44.338],[172.063,-43.923]]]]},"properties":{"NAME":"Maori","SUBJECTO":"Maori","BORDERPRECISION":1}},
{"type":"Feature","geometry":{"type":"MultiPolygon","coordinates":[[[[11.614,58.247],[11.431,58.202],[11.802,58.178],[11.614,58.247]]],[[[13.283,79.487],[11.76,78.88],[15.099,77.115],[17.267,76.813],[19.116,78.455],[20.908,78.809],[17.834,79.809],[13.283,79.487]]],[[[21.253,79.789],[23.821,79.147],[27.197,79.944],[24.783,80.38],[21.253,79.789]]],[[[8.884,54.229],[9.441,54.247],[9.056,54.349],[8.581,54.194],[8.884,54.229]]],[[[8.368,56.667],[8.183,56.798],[8.368,56.667],[8.471,56.597],[8.666,56.7],[8.778,56.798],[8.847,56.986],[9.079,57.037],[9.503,56.975],[10.257,57.006],[10.451,57.458],[10.257,57.006],[9.503,56.975],[9.079,57.037],[8.847,56.986],[8.778,56.798],[8.666,56.7],[8.507,56.647],[8.471,56.597],[8.368,56.667]]],[[[-22.56,66.113],[-22.841,66.281],[-22.474,65.996],[-22.56,66.113]]],[[[-22.373,63.773],[-22.507,63.866],[-22.373,63.773],[-20.404,63.698],[-18.642,63.324],[-14.821,64.195],[-13.59,65.43],[-14.821,64.195],[-18.642,63.324],[-20.404,63.698],[-22.373,63.773]]]]},"properties":{"NAME":"Denmark-Norway","SUBJECTO":"Denmark-Norway","BORDERPRECISION":1}},
{"type":"Feature","geometry":{"type":"MultiPolygon","coordinates":[[[[-6.343,53.94],[-6.018,55.093],[-8.345,55.095],[-8.59,54.203],[-9.891,52.194],[-9.819,51.435],[-6.406,52.214],[-6.043,52.893],[-6.343,53.94]]],[[[-1.982,55.59],[-3.319,54.886],[-2.914,53.267],[-4.318,53.091],[-4.159,51.677],[-4.605,50.779],[-3.521,50.617],[0.192,50.731],[1.692,52.311],[-0.319,53.579],[-1.982,55.59]]]]},"properties":{"NAME":"England","SUBJECTO":"England","BORDERPRECISION":1}},
{"type":"Feature","geometry":{"type":"Polygon","coordinates":[[[-1.982,55.59],[-2.742,55.957],[-2.15,57.572],[-5.763,57.62],[-5.633,55.94],[-3.319,54.886],[-1.982,55.59]]]},"properties":{"NAME":"Scottland","SUBJECTO":"Scottland","BORDERPRECISION":1}},
{"type":"Feature","geometry":{"type":"Polygon","coordinates":[[[-7.492,37.208],[-7.394,38.295],[-6.933,38.961],[-6.709,41.96],[-8.806,41.889],[-8.694,40.992],[-9.549,38.775],[-8.854,38.5],[-8.667,37.121],[-7.492,37.208]]]},"properties":{"NAME":"Portugal","SUBJECTO":"Portugal","BORDERPRECISION":1}},
{"type":"Feature","geometry":{"type":"MultiPolygon","coordinates":[[[[149.554,-6.406],[151.056,-6.015],[152.059,-5.498],[151.588,-4.902],[150.289,-5.712],[148.377,-5.659],[149.554,-6.406]]],[[[140.948,-9.274],[142.607,-9.377],[143.331,-9],[143.437,-8.358],[144.38,-7.758],[145.82,-8.098],[146.646,-9.279],[147.874,-10.179],[149.783,-10.41],[149.83,-9.711],[148.589,-9.16],[148.035,-8.246],[147.376,-7.796],[146.909,-6.895],[147.376,-6.125],[145.593,-5.423],[145.728,-4.997],[143.446,-3.61],[140.87,-2.795],[140.945,-6.379],[140.948,-9.274]]]]},"properties":{"NAME":"Papua New Guinea","SUBJECTO":"Papua New Guinea","BORDERPRECISION":1}},
{"type":"Feature","geometry":{"type":"Polygon","coordinates":[[[-61.114,10.822],[-61.809,10.725],[-61.207,10.118],[-61.114,10.822]]]},"properties":{"NAME":null,"SUBJECTO":null,"BORDERPRECISION":1}},
{"type":"Feature","geometry":{"type":"MultiPolygon","coordinates":[[[[-73.112,-72.749],[-70.021,-72.672],[-68.63,-72.054],[-68.398,-71.127],[-70.33,-68.963],[-71.798,-69.736],[-72.107,-71.05],[-75.275,-71.668],[-73.112,-72.749]]],[[[-102.551,-72.131],[-97.142,-72.672],[-97.22,-71.822],[-101.16,-71.822],[-102.551,-72.131]]],[[[-55.185,-80.94],[-44.831,-80.322],[-44.213,-78.39],[-48.849,-78.081],[-50.858,-78.699],[-51.708,-79.781],[-55.185,-80.94]]],[[[169.769,-83.418],[162.015,-81.66],[159.315,-80.027],[160.686,-79.114],[163.643,-78.661],[162.346,-75.107],[164.616,-74.172],[168.975,-73.239],[170.729,-71.904],[167.635,-70.865],[160.599,-70.221],[157.307,-69.156],[151.093,-68.886],[150.893,-68.538],[146.875,-67.997],[145.586,-67.223],[141.157,-66.722],[134.205,-66.18],[130.272,-66.253],[129.01,-67.03],[122.458,-66.645],[118.286,-67.07],[115.679,-66.414],[114.436,-66.493],[113.015,-65.763],[110.607,-66.059],[109.404,-66.71],[102.631,-65.926],[99.654,-66.549],[95.723,-66.529],[90,-66.607],[85.523,-66.916],[81.814,-67.302],[78.26,-68.384],[76.869,-69.311],[72.542,-70.238],[70.301,-72.015],[67.365,-71.706],[67.513,-70.464],[68.951,-69.889],[69.773,-68.636],[69.374,-67.843],[62.806,-67.611],[56.627,-66.942],[55.142,-65.963],[52.452,-65.988],[48.967,-66.973],[47.305,-67.775],[44.797,-67.745],[42.561,-68.113],[39.647,-68.934],[38.332,-70.029],[36.078,-69.591],[33.541,-68.542],[32.748,-69.35],[23.707,-70.586],[17.603,-70.084],[12.658,-70.315],[10.34,-70.702],[8.485,-70.084],[0.681,-71.32],[-4.882,-71.281],[-7.2,-70.895],[-11.141,-71.59],[-11.828,-72.323],[-16.396,-73.445],[-14.451,-74.065],[-17.168,-74.758],[-18.405,-75.686],[-23.582,-75.918],[-30.227,-76.845],[-33.163,-77.386],[-36.408,-78.622],[-36.408,-79.163],[-29.568,-79.224],[-28.913,-80.476],[-38.031,-80.94],[-43.826,-81.79],[-60.207,-82.331],[-74.889,-80.708],[-76.589,-79.395],[-80.761,-78.236],[-80.687,-77.566],[-74.502,-78.081],[-78.598,-76.613],[-75.932,-76.484],[-70.562,-76.69],[-64.457,-75.686],[-61.367,-73.909],[-60.826,-72.749],[-61.676,-70.818],[-63.839,-68.654],[-65.153,-68.5],[-65.385,-67.341],[-61.135,-64.868],[-57.271,-63.709],[-58.121,-63.4],[-62.912,-64.713],[-64.225,-65.254],[-66.853,-66.8],[-67.703,-66.877],[-67.084,-68.654],[-68.784,-69.813],[-67.084,-71.822],[-67.625,-72.749],[-75.584,-73.754],[-78.52,-73.715],[-81.766,-74.024],[-88.565,-73.252],[-93.974,-73.174],[-96.524,-73.329],[-99.788,-72.998],[-101.88,-74.099],[-100.045,-75.31],[-105.642,-75.068],[-110.557,-75.303],[-113.238,-74.321],[-128.978,-74.913],[-134.773,-74.643],[-140.568,-75.261],[-146.672,-76.111],[-146.146,-77.457],[-149.995,-77.733],[-154.167,-77.115],[-158.031,-77.27],[-158.185,-77.811],[-154.554,-79.124],[-148.604,-79.665],[-145.668,-80.515],[-148.836,-81.365],[-154.477,-81.056],[-154.554,-82.138],[-152.081,-82.601],[-153.31,-83.942],[-148.759,-85.074],[-156.563,-85.46],[-167.226,-84.765],[-178.43,-84.456],[-180,-84.322],[-180,-85.322],[-180,-86.322],[-180,-87.322],[-180,-88.322],[-180,-89.322],[-180,-90],[-179.204,-90],[-178.204,-90],[-177.204,-90],[-176.204,-90],[-175.204,-90],[-174.204,-90],[-173.204,-90],[-172.204,-90],[-171.204,-90],[-170.204,-90],[-169.204,-90],[-168.204,-90],[-167.204,-90],[-166.204,-90],[-165.204,-90],[-164.204,-90],[-163.204,-90],[-162.204,-90],[-161.204,-90],[-160.204,-90],[-159.204,-90],[-158.204,-90],[-157.204,-90],[-156.204,-90],[-155.204,-90],[-154.204,-90],[-153.204,-90],[-152.204,-90],[-151.204,-90],[-150.204,-90],[-149.204,-90],[-148.204,-90],[-147.204,-90],[-146.204,-90],[-145.204,-90],[-144.204,-90],[-143.204,-90],[-142.204,-90],[-141.204,-90],[-140.204,-90],[-139.204,-90],[-138.204,-90],[-137.204,-90],[-136.204,-90],[-135.204,-90],[-134.204,-90],[-133.204,-90],[-132.204,-90],[-131.204,-90],[-130.204,-90],[-129.204,-90],[-128.204,-90],[-127.204,-90],[-126.204,-90],[-125.204,-90],[-124.204,-90],[-123.204,-90],[-122.204,-90],[-121.204,-90],[-120.204,-90],[-119.204,-90],[-118.204,-90],[-117.204,-90],[-116.204,-90],[-115.204,-90],[-114.204,-90],[-113.204,-90],[-112.204,-90],[-111.204,-90],[-110.204,-90],[-109.204,-90],[-108.204,-90],[-107.204,-90],[-106.204,-90],[-105.204,-90],[-104.204,-90],[-103.204,-90],[-102.204,-90],[-101.204,-90],[-100.204,-90],[-99.204,-90],[-98.204,-90],[-97.204,-90],[-96.204,-90],[-95.204,-90],[-94.204,-90],[-93.204,-90],[-92.204,-90],[-91.204,-90],[-90,-90],[-89.204,-90],[-88.204,-90],[-87.204,-90],[-86.204,-90],[-85.204,-90],[-84.204,-90],[-83.204,-90],[-82.204,-90],[-81.204,-90],[-80.204,-90],[-79.204,-90],[-78.204,-90],[-77.204,-90],[-76.204,-90],[-75.204,-90],[-74.204,-90],[-73.204,-90],[-72.204,-90],[-71.204,-90],[-70.204,-90],[-69.204,-90],[-68.204,-90],[-67.204,-90],[-66.204,-90],[-65.204,-90],[-64.204,-90],[-63.204,-90],[-62.204,-90],[-61.204,-90],[-60.204,-90],[-59.204,-90],[-58.204,-90],[-57.204,-90],[-56.204,-90],[-55.204,-90],[-54.204,-90],[-53.204,-90],[-52.204,-90],[-51.204,-90],[-50.204,-90],[-49.204,-90],[-48.204,-90],[-47.204,-90],[-46.204,-90],[-45.204,-90],[-44.204,-90],[-43.204,-90],[-42.204,-90],[-41.204,-90],[-40.204,-90],[-39.204,-90],[-38.204,-90],[-37.204,-90],[-36.204,-90],[-35.204,-90],[-34.204,-90],[-33.204,-90],[-32.204,-90],[-31.204,-90],[-30.204,-90],[-29.204,-90],[-28.204,-90],[-27.204,-90],[-26.204,-90],[-25.204,-90],[-24.204,-90],[-23.204,-90],[-22.204,-90],[-21.204,-90],[-20.204,-90],[-19.204,-90],[-18.204,-90],[-17.204,-90],[-16.204,-90],[-15.204,-90],[-14.204,-90],[-13.204,-90],[-12.204,-90],[-11.204,-90],[-10.204,-90],[-9.204,-90],[-8.204,-90],[-7.204,-90],[-6.204,-90],[-5.204,-90],[-4.204,-90],[-3.204,-90],[-2.204,-90],[-1.204,-90],[-0.204,-90],[0.778,-90],[1.778,-90],[2.778,-90],[3.778,-90],[4.778,-90],[5.778,-90],[6.778,-90],[7.778,-90],[8.778,-90],[9.778,-90],[10.778,-90],[11.778,-90],[12.778,-90],[13.778,-90],[14.778,-90],[15.778,-90],[16.778,-90],[17.778,-90],[18.778,-90],[19.778,-90],[20.778,-90],[21.778,-90],[22.778,-90],[23.778,-90],[24.778,-90],[25.778,-90],[26.778,-90],[27.778,-90],[28.778,-90],[29.778,-90],[30.778,-90],[31.778,-90],[32.778,-90],[33.778,-90],[34.778,-90],[35.778,-90],[36.778,-90],[37.778,-90],[38.778,-90],[39.778,-90],[40.778,-90],[41.778,-90],[42.778,-90],[43.778,-90],[44.778,-90],[45.778,-90],[46.778,-90],[47.778,-90],[48.778,-90],[49.778,-90],[50.778,-90],[51.778,-90],[52.778,-90],[53.778,-90],[54.778,-90],[55.778,-90],[56.778,-90],[57.778,-90],[58.778,-90],[59.778,-90],[60.778,-90],[61.778,-90],[62.778,-90],[63.778,-90],[64.778,-90],[65.778,-90],[66.778,-90],[67.778,-90],[68.778,-90],[69.778,-90],[70.778,-90],[71.778,-90],[72.778,-90],[73.778,-90],[74.778,-90],[75.778,-90],[76.778,-90],[77.778,-90],[78.778,-90],[79.778,-90],[80.778,-90],[81.778,-90],[82.778,-90],[83.778,-90],[84.778,-90],[85.778,-90],[86.778,-90],[87.778,-90],[88.778,-90],[89.778,-90],[89.796,-90],[90,-90],[91.778,-90],[92.778,-90],[93.778,-90],[94.778,-90],[95.778,-90],[96.778,-90],[97.778,-90],[98.778,-90],[99.778,-90],[100.778,-90],[101.778,-90],[102.778,-90],[103.778,-90],[104.778,-90],[105.778,-90],[106.778,-90],[107.778,-90],[108.778,-90],[109.778,-90],[110.778,-90],[111.778,-90],[112.778,-90],[113.778,-90],[114.778,-90],[115.778,-90],[116.778,-90],[117.778,-90],[118.778,-90],[119.778,-90],[120.778,-90],[121.778,-90],[122.778,-90],[123.778,-90],[124.778,-90],[125.778,-90],[126.778,-90],[127.778,-90],[128.778,-90],[129.778,-90],[130.778,-90],[131.778,-90],[132.778,-90],[133.778,-90],[134.778,-90],[135.778,-90],[136.778,-90],[137.778,-90],[138.778,-90],[139.778,-90],[140.778,-90],[141.778,-90],[142.778,-90],[143.778,-90],[144.778,-90],[145.778,-90],[146.778,-90],[147.778,-90],[148.778,-90],[149.778,-90],[150.778,-90],[151.778,-90],[152.778,-90],[153.778,-90],[154.778,-90],[155.778,-90],[156.778,-90],[157.778,-90],[158.778,-90],[159.778,-90],[160.778,-90],[161.778,-90],[162.778,-90],[163.778,-90],[164.778,-90],[165.778,-90],[166.778,-90],[167.778,-90],[168.778,-90],[169.778,-90],[170.778,-90],[171.778,-90],[172.778,-90],[173.778,-90],[174.778,-90],[175.778,-90],[176.778,-90],[177.778,-90],[178.778,-90],[180,-90],[180,-89.319],[180,-88.319],[180,-87.319],[180,-86.319],[180,-85.319],[180,-84.34],[169.769,-83.418]]]]},"properties":{"NAME":null,"SUBJECTO":null,"BORDERPRECISION":1}},
{"type":"Feature","geometry":{"type":"Polygon","coordinates":[[[12.378,44.732],[11.17,45.067],[12.302,43.278],[11.96,42.007],[13.761,41.207],[13.415,42.364],[14.076,42.634],[13.601,43.535],[12.697,43.935],[12.378,44.732]]]},"properties":{"NAME":"Papal States","SUBJECTO":"Papal States","BORDERPRECISION":1}},
{"type":"Feature","geometry":{"type":"Polygon","coordinates":[[[48.015,-17.023],[47.482,-16.904],[46.654,-17.733],[45.292,-22.645],[45.529,-23.592],[47.186,-23.119],[48.488,-20.041],[48.015,-17.023]]]},"properties":{"NAME":"Expansionist Kingdom of Merina","SUBJECTO":"Expansionist Kingdom of Merina","BORDERPRECISION":1}},
{"type":"Feature","geometry":{"type":"Polygon","coordinates":[[[142.017,51.431],[141.643,51.813],[142.112,51.22],[142.017,51.431]]]},"properties":{"NAME":null,"SUBJECTO":null,"BORDERPRECISION":1}},
{"type":"Feature","geometry":{"type":"Polygon","coordinates":[[[12.372,-6.258],[13.387,-8.156],[13.084,-9.287],[14.329,-9.368],[14.399,-7.198],[14.99,-7.198],[15.05,-6.015],[14.576,-4.772],[12.372,-6.258]]]},"properties":{"NAME":"Congo","SUBJECTO":"Congo","BORDERPRECISION":1}},
{"type":"Feature","geometry":{"type":"Polygon","coordinates":[[[102.671,12.038],[103.04,10.898],[103.67,10.766],[104.979,9.981],[104.742,8.494],[106.482,9.552],[106.854,10.576],[107.385,12.354],[107.48,13.257],[105.016,13.406],[103.657,12.846],[102.671,12.038]]]},"properties":{"NAME":"Cambodia","SUBJECTO":"Cambodia","BORDERPRECISION":1}},
{"type":"Feature","geometry":{"type":"Polygon","coordinates":[[[7.397,43.764],[6.943,44.869],[5.823,45.396],[5.533,46.097],[6.015,48.653],[5.361,49.697],[1.826,50.243],[1.796,50.921],[1.275,50.004],[0.033,49.334],[-1.892,49.526],[-1.999,48.677],[-1.752,48.178],[-2.576,47.324],[-1.075,46.015],[-1.561,43.524],[-1.915,43.305],[-0.907,42.881],[1.728,42.501],[3.039,42.869],[4.078,43.487],[5.829,43.021],[7.397,43.764]]]},"properties":{"NAME":"France","SUBJECTO":"France","BORDERPRECISION":1}},
{"type":"Feature","geometry":{"type":"MultiPolygon","coordinates":[[[[12.378,44.732],[12.176,45.214],[13.368,45.694],[13.709,46.839],[12.075,46.928],[10.795,45.638],[10.558,46.718],[9.545,46.312],[9.998,45.401],[11.17,45.067],[12.378,44.732]]],[[[16.64,43.39],[16.701,43.847],[15.494,43.888],[16.64,43.39]]]]},"properties":{"NAME":"Venice","SUBJECTO":"Venice","BORDERPRECISION":1}},
{"type":"Feature","geometry":{"type":"Polygon","coordinates":[[[40.4,-11.23],[40.62,-10.766],[39.658,-9.796],[39.27,-7.801],[39.566,-7.044],[38.922,-6.34],[39.267,-4.776],[40.234,-3.192],[42.44,-0.512],[44.301,1.291],[42.786,1.32],[39.417,-1.375],[37.732,-4.575],[38.238,-9.292],[39.248,-11.145],[40.4,-11.23]]]},"properties":{"NAME":"Islamic city-states","SUBJECTO":"Islamic city-states","BORDERPRECISION":1}},
{"type":"Feature","geometry":{"type":"Polygon","coordinates":[[[109.43,18.097],[110.263,18.626],[110.617,20.017],[109.55,19.914],[108.577,19.187],[108.652,18.482],[109.43,18.097]]]},"properties":{"NAME":null,"SUBJECTO":null,"BORDERPRECISION":1}},
{"type":"Feature","geometry":{"type":"Polygon","coordinates":[[[52.611,72.74],[51.482,71.845],[54.308,71.206],[55.721,71.642],[55.518,72.478],[52.611,72.74]]]},"properties":{"NAME":null,"SUBJECTO":null,"BORDERPRECISION":1}},
{"type":"Feature","geometry":{"type":"Polygon","coordinates":[[[80.563,5.932],[81.203,6.079],[81.866,7.085],[80.662,9.299],[79.675,8.805],[79.854,7.061],[80.563,5.932]]]},"properties":{"NAME":"Sinhalese kingdoms","SUBJECTO":"Sinhalese kingdoms","BORDERPRECISION":1}},
{"type":"Feature","geometry":{"type":"Polygon","coordinates":[[[96.118,3.951],[96.602,5.077],[95.464,5.57],[95.561,4.534],[96.118,3.951]]]},"properties":{"NAME":"Aceh","SUBJECTO":"Aceh","BORDERPRECISION":1}},
{"type":"Feature","geometry":{"type":"MultiPolygon","coordinates":[[[[103.311,-0.818],[103.722,0.015],[102.472,0.623],[101.06,2.081],[100.732,1.871],[99.858,2.904],[98.625,3.658],[98.646,2.76],[100.202,0.892],[101.136,-1.366],[103.311,-0.818]]],[[[103.334,3.394],[101.837,3.46],[101.264,3.225],[101.336,2.781],[103.428,1.381],[104.176,1.389],[103.44,2.633],[103.334,3.394]]],[[[108.999,0.198],[109.932,0.191],[110.818,1.244],[109.282,1.883],[108.814,0.808],[108.999,0.198]]]]},"properties":{"NAME":"Malacca","SUBJECTO":"Malacca","BORDERPRECISION":1}},
{"type":"Feature","geometry":{"type":"MultiPolygon","coordinates":[[[[140.87,-2.795],[137.854,-1.614],[136.271,-2.418],[135.246,-3.539],[134.283,-2.855],[133.907,-1.006],[132.254,-0.527],[131.211,-1.025],[132.719,-2.934],[132.713,-3.888],[134.041,-3.948],[134.777,-4.309],[137.385,-5.123],[137.824,-5.427],[139.156,-7.725],[139.977,-8.238],[140.948,-9.274],[140.945,-6.379],[140.87,-2.795]]],[[[96.118,3.951],[96.72,3.705],[97.597,2.251],[98.601,1.707],[99.113,0.221],[99.697,-0.152],[100.65,-1.631],[100.812,-2.336],[102.462,-4.182],[104.568,-6.071],[105.187,-5.542],[105.728,-5.827],[105.711,-4.105],[105.943,-3.215],[105.445,-2.599],[104.352,-1.89],[104.298,-1.363],[103.311,-0.818],[101.136,-1.366],[100.202,0.892],[98.646,2.76],[98.625,3.658],[97.384,5.18],[96.602,5.077],[96.118,3.951]]],[[[108.999,0.198],[109.179,-0.869],[109.941,-1.643],[110.102,-3.079],[111.436,-2.974],[112.578,-3.423],[112.795,-2.971],[114.712,-4.206],[115.568,-3.804],[116.349,-2.417],[116.046,-1.934],[117.046,-0.935],[117.534,0.611],[118.517,1.166],[117.696,1.901],[117.829,2.314],[117.074,3.507],[118.391,4.374],[119.043,5.17],[118.377,5.639],[117.37,5.789],[117.507,6.393],[116.596,6.899],[115.787,5.74],[114.878,4.856],[113.815,4.263],[112.759,3.009],[111.372,2.599],[110.818,1.244],[109.932,0.191],[108.999,0.198]]],[[[119.692,-0.017],[119.205,-1.432],[119.175,-2.176],[118.684,-2.901],[118.791,-3.663],[119.461,-3.808],[119.477,-5.804],[120.248,-5.586],[120.144,-3.076],[121.873,-4.96],[122.641,-4.284],[122.258,-3.211],[121.265,-2.101],[122.223,-1.654],[121.461,-0.989],[120.507,-1.448],[119.873,-0.465],[120.337,0.356],[122.733,0.673],[120.767,1.139],[119.914,0.54],[119.692,-0.017]]],[[[105.185,-6.866],[106.366,-7.04],[106.484,-7.503],[108.16,-7.856],[109.037,-7.72],[110.778,-8.32],[112.414,-8.488],[113.074,-8.347],[114.105,-8.688],[113.948,-7.824],[112.678,-7.719],[112.275,-7.027],[111.045,-6.852],[110.027,-7.044],[108.556,-6.921],[106.945,-6.026],[106.024,-6.081],[105.185,-6.866]]],[[[123.492,-10.352],[124.154,-10.205],[125.212,-9.395],[125.08,-8.772],[123.665,-9.748],[123.492,-10.352]]]]},"properties":{"NAME":"Malaysian Islamic states","SUBJECTO":"Malaysian Islamic states","BORDERPRECISION":1}},
{"type":"Feature","geometry":{"type":"Polygon","coordinates":[[[41.484,41.437],[42.878,41.546],[43.957,42.591],[45.382,42.623],[43.617,43.773],[41.31,43.557],[41.123,43.019],[41.652,42.121],[41.484,41.437]]]},"properties":{"NAME":"Georgia","SUBJECTO":"Georgia","BORDERPRECISION":1}},
{"type":"Feature","geometry":{"type":"Polygon","coordinates":[[[27.823,56.725],[27.581,58.231],[27.65,58.843],[27.661,58.938],[27.702,59.298],[25.721,59.46],[23.416,59.119],[24.346,57.16],[23.215,56.981],[21.677,57.464],[20.965,56.609],[21.137,54.845],[19.943,54.85],[18.685,54.254],[19.206,53.254],[22.234,54.127],[21.905,56.35],[24.715,56.34],[27.371,55.719],[27.823,56.725]]]},"properties":{"NAME":"Teutonic Knights","SUBJECTO":"Teutonic Knights","BORDERPRECISION":1}},
{"type":"Feature","geometry":{"type":"Polygon","coordinates":[[[18.685,54.254],[17.658,54.685],[16.204,53.706],[15.765,52.265],[16.855,51.917],[18.646,50.645],[18.927,49.622],[19.381,49.803],[23.889,49.259],[25.666,48.692],[25.902,46.876],[26.699,45.792],[26.54,45.25],[28.368,45.331],[30.886,47.454],[32.007,46.906],[32.094,46.927],[36.07,47.898],[37.502,48.441],[38.136,49.049],[38.292,51.206],[36.86,52.095],[34.871,51.456],[33.693,51.342],[30.854,51.541],[31.562,52.398],[31.371,53.065],[32.555,53.319],[32.208,54.864],[31.351,54.824],[30.777,56.072],[28.813,56.883],[27.823,56.725],[27.371,55.719],[24.715,56.34],[21.905,56.35],[22.234,54.127],[19.206,53.254],[18.685,54.254]]]},"properties":{"NAME":"Poland-Lithuania","SUBJECTO":"Poland-Lithuania","BORDERPRECISION":1}},
{"type":"Feature","geometry":{"type":"Polygon","coordinates":[[[16.701,43.847],[16.865,44.245],[18.939,44.393],[19.785,44.936],[20.801,44.932],[23.543,45.856],[26.54,45.25],[26.699,45.792],[25.902,46.876],[25.666,48.692],[23.889,49.259],[19.381,49.803],[18.927,49.622],[16.557,47.495],[16.535,46.365],[14.354,45.323],[15.494,43.888],[16.701,43.847]]]},"properties":{"NAME":"Imperial Hungary","SUBJECTO":"Imperial Hungary","BORDERPRECISION":1}},
{"type":"Feature","geometry":{"type":"Polygon","coordinates":[[[-1.915,43.305],[-2.143,43.331],[-2.675,42.423],[-2.13,41.817],[-0.907,42.881],[-1.915,43.305]]]},"properties":{"NAME":"Navarre","SUBJECTO":"Navarre","BORDERPRECISION":1}},
{"type":"Feature","geometry":{"type":"Polygon","coordinates":[[[-7.492,37.208],[-6.632,37.022],[-5.661,36.008],[-4.447,36.722],[-2.239,36.728],[-1.94,36.952],[-1.655,37.918],[-2.035,38.602],[-1.807,39.858],[-2.13,41.817],[-2.675,42.423],[-2.143,43.331],[-4.802,43.469],[-7.636,43.721],[-9.271,43.049],[-8.806,41.889],[-6.709,41.96],[-6.933,38.961],[-7.394,38.295],[-7.492,37.208]]]},"properties":{"NAME":"Castille","SUBJECTO":"Castille","BORDERPRECISION":1}},
{"type":"Feature","geometry":{"type":"Polygon","coordinates":[[[-2.193,35.054],[-4.593,35.151],[-5.929,35.728],[-7.004,33.875],[-8.314,33.338],[-4.888,32.402],[-2.872,32.288],[-1.802,32.427],[-1.61,33.048],[-1.738,34.605],[-2.193,35.054]]]},"properties":{"NAME":"Wattasid Caliphate","SUBJECTO":"Wattasid Caliphate","BORDERPRECISION":1}},
{"type":"Feature","geometry":{"type":"Polygon","coordinates":[[[-1.802,32.427],[2.453,32.669],[6.503,32.733],[6.923,36.818],[5.144,36.668],[1.058,36.462],[-2.193,35.054],[-1.738,34.605],[-1.61,33.048],[-1.802,32.427]]]},"properties":{"NAME":"Zayyanid Caliphate","SUBJECTO":"Zayyanid Caliphate","BORDERPRECISION":1}},
{"type":"Feature","geometry":{"type":"Polygon","coordinates":[[[6.503,32.733],[7.892,32.593],[12.533,30.805],[12.413,32.464],[12.117,32.879],[10.413,33.631],[10.019,34.081],[11.125,35.241],[10.133,37.105],[6.923,36.818],[6.503,32.733]]]},"properties":{"NAME":"Hafsid Caliphate","SUBJECTO":"Hafsid Caliphate","BORDERPRECISION":1}},
{"type":"Feature","geometry":{"type":"MultiPolygon","coordinates":[[[[12.533,30.805],[17.002,28.751],[21.679,28.082],[25.438,28.008],[27.428,27.197],[29.345,24.028],[30.819,23.659],[32.514,23.733],[35.19,24.4],[33.929,26.564],[34.058,27.79],[34.886,28.357],[37.218,25.167],[37.201,24.658],[38.329,23.835],[39.102,22.4],[39.167,21.219],[39.764,20.407],[40.82,19.685],[41.923,20.767],[41.812,21.713],[41.138,22.406],[40.18,24.028],[37.421,27.834],[36.593,29.787],[36.525,31.162],[37.212,33.566],[38.036,34.597],[38.906,36.006],[37.952,37.323],[38.984,37.618],[38.61,38.368],[36.494,37.369],[35.891,36.771],[35.873,34.422],[34.843,32.671],[34.501,31.621],[33.558,30.968],[32.077,31.014],[30.996,31.469],[29.249,30.754],[26.143,31.491],[25.258,31.438],[24.816,31.907],[23.153,32.139],[22.543,32.722],[21.673,32.816],[20.366,32.298],[20.117,30.957],[18.915,30.205],[17.422,30.996],[15.843,31.285],[15.01,32.363],[14.157,32.679],[12.117,32.879],[12.413,32.464],[12.533,30.805]]],[[[38.527,18.161],[37.398,18.915],[37.165,20.764],[35.96,19.418],[36.45,18.07],[37.431,17.702],[38.527,18.161]]]]},"properties":{"NAME":"Mamluke Sultanate","SUBJECTO":"Mamluke Sultanate","BORDERPRECISION":1}},
{"type":"Feature","geometry":{"type":"Polygon","coordinates":[[[24.716,35.035],[24.388,35.373],[23.529,35.57],[23.568,35.255],[24.716,35.035]]]},"properties":{"NAME":null,"SUBJECTO":null,"BORDERPRECISION":1}},
{"type":"Feature","geometry":{"type":"Polygon","coordinates":[[[43.497,9.729],[44.281,10.396],[42.81,11.778],[41.654,11.35],[41.507,10.76],[42.465,9.507],[43.497,9.729]]]},"properties":{"NAME":"Adal","SUBJECTO":"Adal","BORDERPRECISION":1}},
{"type":"Feature","geometry":{"type":"Polygon","coordinates":[[[42.465,9.507],[41.507,10.76],[40.696,11.276],[41.212,11.866],[41.433,12.751],[41.138,13.856],[39.443,14.962],[38.853,15.625],[37.453,15.404],[36.421,14.888],[35.61,12.235],[35.463,9.581],[35.61,8.107],[35.978,7.444],[38.319,6.496],[42.17,7.149],[42.465,9.507]]]},"properties":{"NAME":"Ethiopia","SUBJECTO":"Ethiopia","BORDERPRECISION":1}},
{"type":"Feature","geometry":{"type":"Polygon","coordinates":[[[33.694,16.436],[34.209,17.247],[33.915,17.984],[33.03,18.279],[31.63,17.394],[32.146,16.289],[33.694,16.436]]]},"properties":{"NAME":"Alwa","SUBJECTO":"Alwa","BORDERPRECISION":1}},
{"type":"Feature","geometry":{"type":"Polygon","coordinates":[[[32.146,16.289],[31.851,14.888],[31.777,12.382],[32.367,10.982],[33.62,10.982],[34.578,12.751],[34.209,15.699],[33.694,16.436],[32.146,16.289]]]},"properties":{"NAME":"Funj","SUBJECTO":"Funj","BORDERPRECISION":1}},
{"type":"Feature","geometry":{"type":"Polygon","coordinates":[[[28.018,-21.229],[28.092,-22.777],[28.644,-24.914],[29.382,-25.873],[30.413,-25.873],[31.372,-25.283],[33.058,-23.082],[33.36,-20.843],[33.395,-20.583],[33.471,-20.023],[33.657,-18.649],[33.356,-16.539],[32.956,-16.069],[31.63,-16.069],[30.082,-16.364],[28.902,-18.207],[28.141,-19.94],[28.018,-21.229]]]},"properties":{"NAME":"Mwenemutapa","SUBJECTO":"Mwenemutapa","BORDERPRECISION":1}},
{"type":"Feature","geometry":{"type":"Polygon","coordinates":[[[16.196,-9.121],[15.518,-9.178],[15.236,-9.883],[16.196,-10.194],[16.196,-9.121]]]},"properties":{"NAME":"Ndongo","SUBJECTO":"Ndongo","BORDERPRECISION":1}},
{"type":"Feature","geometry":{"type":"Polygon","coordinates":[[[3.949,6.579],[5.153,5.642],[5.607,4.632],[6.089,4.328],[6.764,5.827],[7.365,6.94],[7.365,7.913],[6.879,8.643],[5.338,8.724],[4.823,7.93],[3.949,6.579]]]},"properties":{"NAME":"Benin","SUBJECTO":"Benin","BORDERPRECISION":1}},
{"type":"Feature","geometry":{"type":"Polygon","coordinates":[[[5.338,8.724],[4.321,9.802],[3.215,9.876],[2.331,9.581],[1.962,8.402],[2.625,7.812],[4.247,7.665],[4.823,7.93],[5.338,8.724]]]},"properties":{"NAME":"Oyo","SUBJECTO":"Oyo","BORDERPRECISION":1}},
{"type":"Feature","geometry":{"type":"Polygon","coordinates":[[[-3.942,5.266],[-2.031,4.698],[0.536,5.72],[-0.397,6.117],[-1.797,6.264],[-3.492,5.896],[-3.942,5.266]]]},"properties":{"NAME":"Akan","SUBJECTO":"Akan","BORDERPRECISION":1}},
{"type":"Feature","geometry":{"type":"Polygon","coordinates":[[[-9.389,12.235],[-8.726,11.645],[-5.095,12.849],[-2.534,15.036],[-0.839,15.183],[-0.102,14.593],[1.13,12.712],[1.602,12.485],[2.745,12.474],[3.394,13.123],[3.41,14.1],[1.192,17.056],[-0.397,18.942],[-1.576,19.384],[-3.64,19.016],[-5.903,17.795],[-8.21,15.183],[-8.947,13.93],[-9.389,12.235]]]},"properties":{"NAME":"Songhai","SUBJECTO":"Songhai","BORDERPRECISION":1}},
{"type":"Feature","geometry":{"type":"Polygon","coordinates":[[[-5.903,17.795],[-7.104,18.426],[-9.094,18.647],[-12.042,18.426],[-16.056,18.674],[-15.983,18.178],[-16.45,16.118],[-17.05,14.586],[-16.471,13.723],[-14.254,13.488],[-12.706,12.014],[-11.748,11.424],[-10.949,11.427],[-9.389,12.235],[-8.947,13.93],[-8.21,15.183],[-5.903,17.795]]]},"properties":{"NAME":"Mali","SUBJECTO":"Mali","BORDERPRECISION":1}},
{"type":"Feature","geometry":{"type":"Polygon","coordinates":[[[-1.3,10.852],[1.602,12.485],[1.13,12.712],[-0.102,14.593],[-0.839,15.183],[-2.534,15.036],[-5.095,12.849],[-8.726,11.645],[-9.389,12.235],[-10.949,11.427],[-11.748,11.424],[-12.706,12.014],[-14.254,13.488],[-16.471,13.723],[-16.696,12.413],[-16.279,12.21],[-15.099,11.813],[-6.829,10.113],[-3.477,10.289],[-1.3,10.852]]]},"properties":{"NAME":null,"SUBJECTO":null,"BORDERPRECISION":1}},
{"type":"Feature","geometry":{"type":"Polygon","coordinates":[[[3.558,12.178],[4.666,11.513],[7.183,11.049],[9.849,10.908],[10.727,11.291],[10.07,14.225],[8.301,14.52],[3.779,13.656],[3.692,13.077],[3.558,12.178]]]},"properties":{"NAME":"Hausa States","SUBJECTO":"Hausa States","BORDERPRECISION":1}},
{"type":"Feature","geometry":{"type":"Polygon","coordinates":[[[10.727,11.291],[12.355,11.203],[14.713,12.507],[15.819,13.119],[15.819,14.298],[15.008,15.036],[13.313,20.973],[12.429,21.006],[11.986,20.343],[11.765,16.215],[10.807,14.593],[10.07,14.225],[10.727,11.291]]]},"properties":{"NAME":"Bornu-Kanem","SUBJECTO":"Bornu-Kanem","BORDERPRECISION":1}},
{"type":"Feature","geometry":{"type":"Polygon","coordinates":[[[46.878,13.474],[46.335,14.097],[46.659,15.425],[46.277,17.118],[45.24,17.694],[42.764,16.645],[42.796,15.47],[43.384,13.565],[43.841,12.664],[44.964,12.825],[45.826,13.405],[46.878,13.474]]]},"properties":{"NAME":"Yemen","SUBJECTO":"Yemen","BORDERPRECISION":1}},
{"type":"Feature","geometry":{"type":"Polygon","coordinates":[[[46.878,13.474],[49.334,14.633],[51.313,15.247],[52.135,15.687],[52.894,16.61],[55.195,17.149],[55.561,17.937],[56.258,17.977],[56.739,18.689],[57.839,19.035],[57.806,20.172],[58.512,20.421],[59.837,22.279],[58.18,21.849],[56.946,20.636],[53.955,19.73],[50.511,17.147],[47.838,16.422],[46.659,15.425],[46.335,14.097],[46.878,13.474]]]},"properties":{"NAME":"Hadramaut","SUBJECTO":"Hadramaut","BORDERPRECISION":1}},
{"type":"Feature","geometry":{"type":"Polygon","coordinates":[[[59.837,22.279],[58.628,23.458],[57.146,23.982],[56.405,24.82],[56.015,25.772],[54.347,24.154],[53.687,23.987],[51.586,24.003],[51.587,25.609],[50.847,25.265],[50.968,24.436],[50.569,23.854],[53.993,23.107],[56.412,23.452],[57.621,22.705],[58.18,21.849],[59.837,22.279]]]},"properties":{"NAME":"Muscat","SUBJECTO":"Muscat","BORDERPRECISION":1}},
{"type":"Feature","geometry":{"type":"Polygon","coordinates":[[[40.82,19.685],[41.629,18.047],[42.764,16.645],[45.24,17.694],[46.277,17.118],[46.659,15.425],[47.838,16.422],[50.511,17.147],[53.955,19.73],[56.946,20.636],[58.18,21.849],[57.621,22.705],[56.412,23.452],[53.993,23.107],[50.569,23.854],[50.968,24.436],[49.937,25.956],[50.122,26.738],[48.855,27.523],[47.845,29.503],[46.905,29.438],[44.083,30.337],[40.029,34.391],[38.036,34.597],[37.212,33.566],[36.525,31.162],[36.593,29.787],[37.421,27.834],[40.18,24.028],[41.138,22.406],[41.812,21.713],[41.923,20.767],[40.82,19.685]]]},"properties":{"NAME":"Arabs","SUBJECTO":"Arabs","BORDERPRECISION":1}},
{"type":"Feature","geometry":{"type":"Polygon","coordinates":[[[41.484,41.437],[41.212,40.244],[38.61,38.368],[38.984,37.618],[37.952,37.323],[38.906,36.006],[38.036,34.597],[40.029,34.391],[44.083,30.337],[46.905,29.438],[47.845,29.503],[47.911,29.89],[50.132,30.066],[51.35,28.036],[52.891,27.052],[54.646,26.391],[55.9,27.105],[56.79,26.974],[57.255,25.793],[59.031,25.308],[60.48,25.298],[59.984,26.512],[59.18,28.478],[57.19,30.763],[53.984,36.782],[51.796,36.432],[50.561,36.686],[50.039,37.225],[48.837,37.511],[48.825,38.31],[49.807,40.581],[47.565,43.008],[47.493,43.583],[47.249,42.785],[48.224,41.471],[47.35,41.442],[45.382,42.623],[43.957,42.591],[42.878,41.546],[41.484,41.437]]]},"properties":{"NAME":"Emirate of the White Sheep Turks","SUBJECTO":"Emirate of the White Sheep Turks","BORDERPRECISION":1}},
{"type":"Feature","geometry":{"type":"Polygon","coordinates":[[[60.48,25.298],[61.344,25.027],[64.425,25.173],[66.621,25.317],[67.316,24.093],[69.107,22.899],[69.013,24.633],[69.352,26.193],[70.134,28.104],[72.816,31.058],[70.342,31.384],[69.568,29.956],[66.994,27.741],[65.519,26.93],[59.984,26.512],[60.48,25.298]]]},"properties":{"NAME":"Islamic states","SUBJECTO":"Islamic states","BORDERPRECISION":1}},
{"type":"Feature","geometry":{"type":"Polygon","coordinates":[[[72.816,31.058],[74.585,30.689],[74.88,27.962],[76.428,27.52],[77.772,25.644],[78.277,24.296],[78.951,23.959],[80.924,23.687],[82.546,23.245],[83.725,23.687],[82.693,24.277],[83.136,24.793],[85.273,24.203],[86.231,27.004],[83.74,28.205],[80.054,29.982],[77.534,32.09],[77.313,34.006],[77.978,34.873],[74.659,34.964],[72.027,35.608],[70.342,31.384],[72.816,31.058]]]},"properties":{"NAME":"Sultanate of Delhi","SUBJECTO":"Sultanate of Delhi","BORDERPRECISION":1}},
{"type":"Feature","geometry":{"type":"Polygon","coordinates":[[[82.546,23.245],[84.304,20.752],[85.379,19.605],[86.119,19.807],[87.641,21.563],[88.723,21.54],[90,21.93],[90,22.561],[91.41,22.721],[91.717,24.093],[92.034,25.426],[91.547,26.285],[88.664,26.414],[86.231,27.004],[85.273,24.203],[83.136,24.793],[82.693,24.277],[83.725,23.687],[82.546,23.245]]]},"properties":{"NAME":"Bengal","SUBJECTO":"Bengal","BORDERPRECISION":1}},
{"type":"Feature","geometry":{"type":"Polygon","coordinates":[[[86.231,27.004],[88.664,26.414],[91.547,26.285],[94.324,26.883],[95.478,27.909],[97.34,28.182],[98.637,27.479],[100.682,28.691],[102.406,33.721],[101.688,36.307],[95.519,37.102],[91.686,36.365],[90,36.512],[89.917,35.186],[86.821,35.112],[82.693,34.743],[77.978,34.873],[77.313,34.006],[77.534,32.09],[80.054,29.982],[83.74,28.205],[86.231,27.004]]]},"properties":{"NAME":"Tibet","SUBJECTO":"Tibet","BORDERPRECISION":1}},
{"type":"Feature","geometry":{"type":"Polygon","coordinates":[[[125.296,39.364],[124.736,38.28],[125.269,37.485],[126.372,37.63],[126.397,37.599],[126.659,37.222],[126.73,37.139],[126.767,37.097],[126.793,37.013],[126.797,36.944],[126.507,36.911],[126.477,36.923],[126.357,36.946],[126.312,36.929],[126.186,36.864],[126.138,36.697],[126.235,36.683],[126.293,36.658],[126.334,36.639],[126.371,36.592],[126.398,36.401],[126.622,35.944],[126.614,35.905],[126.525,35.669],[126.525,35.579],[126.354,34.694],[126.381,34.547],[126.501,34.331],[126.671,34.414],[126.834,34.435],[126.992,34.546],[127.226,34.711],[127.577,34.886],[127.638,34.901],[127.661,34.906],[127.868,34.917],[127.916,34.88],[128.32,34.948],[128.38,35.005],[128.978,35.089],[129.25,37.009],[128.27,38.42],[127.277,39.222],[127.672,39.866],[129.478,40.682],[129.641,41.656],[125.296,39.364]]]},"properties":{"NAME":"Korea","SUBJECTO":"Korea","BORDERPRECISION":1}},
{"type":"Feature","geometry":{"type":"Polygon","coordinates":[[[69.107,22.899],[70.381,22.861],[73.038,24.203],[73.713,22.945],[76.928,23.897],[78.277,24.296],[77.772,25.644],[76.428,27.52],[74.88,27.962],[74.585,30.689],[72.816,31.058],[70.134,28.104],[69.352,26.193],[69.013,24.633],[69.107,22.899]]]},"properties":{"NAME":"Rajastan","SUBJECTO":"Rajastan","BORDERPRECISION":1}},
{"type":"Feature","geometry":{"type":"Polygon","coordinates":[[[84.304,20.752],[81.862,18.73],[79.956,17.604],[82.323,17.004],[84.263,18.456],[85.379,19.605],[84.304,20.752]]]},"properties":{"NAME":"Orissa","SUBJECTO":"Orissa","BORDERPRECISION":1}},
{"type":"Feature","geometry":{"type":"Polygon","coordinates":[[[70.381,22.861],[69.126,21.969],[70.21,20.948],[71.024,20.657],[72.121,21.155],[73.11,20.687],[72.789,19.883],[73.485,19.907],[74.271,21.906],[73.713,22.945],[73.038,24.203],[70.381,22.861]]]},"properties":{"NAME":"Islamic states","SUBJECTO":"Islamic states","BORDERPRECISION":1}},
{"type":"Feature","geometry":{"type":"Polygon","coordinates":[[[77.922,16.246],[76.91,16.312],[76.103,15.966],[75.067,15.966],[73.494,16.288],[74.734,13.683],[75.211,12.102],[76.075,10.554],[76.704,8.706],[77.341,8.053],[77.9,8.258],[78.927,9.493],[79.222,10.192],[79.826,10.359],[79.711,11.445],[80.224,12.831],[80.089,15.175],[80.46,15.773],[77.922,16.246]]]},"properties":{"NAME":"Vijayanagara","SUBJECTO":"Vijayanagara","BORDERPRECISION":1}},
{"type":"Feature","geometry":{"type":"Polygon","coordinates":[[[91.41,22.721],[92.176,20.887],[92.827,20.424],[92.881,21.902],[91.717,24.093],[91.41,22.721]]]},"properties":{"NAME":"Arakan","SUBJECTO":"Arakan","BORDERPRECISION":1}},
{"type":"Feature","geometry":{"type":"Polygon","coordinates":[[[106.854,10.576],[107.266,10.348],[108.696,11.145],[109.048,11.934],[107.385,12.354],[106.854,10.576]]]},"properties":{"NAME":"Champa","SUBJECTO":"Champa","BORDERPRECISION":1}},
{"type":"Feature","geometry":{"type":"Polygon","coordinates":[[[105.574,17.881],[103.899,19.313],[102.98,20.966],[101.851,20.532],[101.657,19.661],[101.646,17.999],[104.111,17.999],[104.933,17.451],[105.574,17.881]]]},"properties":{"NAME":"Laos","SUBJECTO":"Laos","BORDERPRECISION":1}},
{"type":"Feature","geometry":{"type":"Polygon","coordinates":[[[107.385,12.354],[109.048,11.934],[109.307,12.906],[108.786,15.091],[108.236,16.08],[106.433,17.55],[105.533,18.844],[105.843,19.702],[106.807,20.905],[107.466,20.976],[105.412,21.902],[102.98,20.966],[103.899,19.313],[105.574,17.881],[106.638,16.484],[107.108,16.17],[107.463,14.997],[107.48,13.257],[107.385,12.354]]]},"properties":{"NAME":"Đại Việt","SUBJECTO":"Đại Việt","BORDERPRECISION":1}},
{"type":"Feature","geometry":{"type":"Polygon","coordinates":[[[98.637,27.479],[98.564,24.71],[99.592,22.998],[99.841,20.482],[101.657,19.661],[101.851,20.532],[102.98,20.966],[105.412,21.902],[107.466,20.976],[107.9,21.479],[109.117,21.399],[110.077,20.867],[111.086,21.479],[112.75,21.756],[113.717,22.482],[116.341,22.913],[118.813,24.849],[119.47,25.772],[119.429,26.591],[120.352,27.177],[121.359,28.386],[121.77,29.834],[121.606,31.828],[120.661,32.543],[119.974,34.135],[119.021,34.692],[120.139,36.195],[121.847,36.86],[120.658,37.736],[119.599,37.117],[118.875,37.949],[117.589,38.284],[117.753,39.203],[118.978,39.224],[121.011,40.851],[122.108,40.354],[121.239,39.554],[122.027,39.256],[124.104,39.885],[125.296,39.364],[129.641,41.656],[131.865,43.29],[119.604,42.03],[102.926,39.018],[99.278,38.982],[95.592,38.945],[95.15,37.692],[95.519,37.102],[101.688,36.307],[102.406,33.721],[100.682,28.691],[98.637,27.479]]]},"properties":{"NAME":"Ming Chinese Empire","SUBJECTO":"Ming Chinese Empire","BORDERPRECISION":1}},
{"type":"Feature","geometry":{"type":"Polygon","coordinates":[[[91.717,24.093],[92.881,21.902],[92.827,20.424],[94.054,19.061],[94.465,17.264],[95.894,17.793],[98.67,18.397],[99.841,20.482],[99.592,22.998],[98.564,24.71],[98.637,27.479],[97.34,28.182],[95.478,27.909],[94.324,26.883],[91.547,26.285],[92.034,25.426],[91.717,24.093]]]},"properties":{"NAME":"Burmese kingdoms","SUBJECTO":"Burmese kingdoms","BORDERPRECISION":1}},
{"type":"Feature","geometry":{"type":"Polygon","coordinates":[[[94.465,17.264],[94.143,16.215],[95.33,15.678],[96.469,16.513],[96.882,17.346],[97.573,16.445],[98.67,18.397],[95.894,17.793],[94.465,17.264]]]},"properties":{"NAME":"Pegu","SUBJECTO":"Pegu","BORDERPRECISION":1}},
{"type":"Feature","geometry":{"type":"Polygon","coordinates":[[[-98.146,16.172],[-97.657,17.261],[-97.084,17.643],[-95.174,16.975],[-93.741,17.166],[-93.785,18.349],[-94.59,18.271],[-96.012,18.929],[-97.504,21.189],[-97.882,22.333],[-99.95,22.896],[-99.95,19.84],[-100.905,19.649],[-100.905,18.789],[-103.101,19.84],[-105.507,20.104],[-104.948,19.438],[-103.494,18.354],[-101.993,18.027],[-101.221,17.418],[-98.856,16.597],[-98.146,16.172]]]},"properties":{"NAME":"Aztec Empire","SUBJECTO":"Aztec Empire","BORDERPRECISION":1}},
{"type":"Feature","geometry":{"type":"Polygon","coordinates":[[[-98.146,16.172],[-96.333,15.75],[-95.13,16.299],[-95.174,16.975],[-97.084,17.643],[-97.657,17.261],[-98.146,16.172]]]},"properties":{"NAME":"Mixtec Empire","SUBJECTO":"Mixtec Empire","BORDERPRECISION":1}},
{"type":"Feature","geometry":{"type":"Polygon","coordinates":[[[-90,19.382],[-89.061,19.267],[-88.87,18.694],[-89.921,16.975],[-88.742,16.269],[-88.242,17.014],[-87.877,18.381],[-87.651,20.19],[-86.936,20.976],[-87.201,21.529],[-88.334,21.59],[-90,21.161],[-90,19.382]]]},"properties":{"NAME":"Maya city-states","SUBJECTO":"Maya city-states","BORDERPRECISION":1}},
{"type":"Feature","geometry":{"type":"Polygon","coordinates":[[[-71.52,-32.181],[-71.616,-33.706],[-72.629,-35.646],[-73.144,-37.156],[-71.027,-37.212],[-70.289,-36.474],[-69.367,-34.445],[-69.367,-32.6],[-68.41,-30.484],[-68.26,-28.542],[-67.154,-25.222],[-65.494,-19.135],[-65.719,-18.084],[-66.047,-16.553],[-67.154,-14.709],[-68.629,-13.049],[-74.347,-12.126],[-77.885,-6.977],[-77.915,-4.194],[-78.774,-3.641],[-78.774,-2.166],[-78.405,-0.321],[-78.959,0.416],[-79.777,0.863],[-80.339,-0.663],[-80.966,-1.033],[-80.741,-2.119],[-80.144,-3.414],[-81.418,-4.675],[-80.612,-6.37],[-80.066,-6.756],[-79.06,-8.216],[-77.759,-10.659],[-76.238,-13.502],[-76.242,-14.106],[-75.231,-15.222],[-74.05,-16.045],[-71.612,-17.221],[-70.584,-18.083],[-70.209,-19.067],[-70.111,-21.748],[-70.573,-23.166],[-70.398,-25.249],[-70.935,-27.727],[-71.43,-29.1],[-71.33,-30.104],[-71.682,-30.6],[-71.52,-32.181]]]},"properties":{"NAME":"Inca Empire","SUBJECTO":"Inca Empire","BORDERPRECISION":1}},
{"type":"Feature","geometry":{"type":"MultiPolygon","coordinates":[[[[-95.174,16.975],[-95.13,16.299],[-94.075,16.111],[-91.516,14.059],[-87.949,13.172],[-86.014,11.368],[-85.778,10.138],[-85.089,9.583],[-83.615,9.152],[-82.956,8.257],[-81.664,8.165],[-80.814,7.27],[-79.717,8.883],[-79.068,9.034],[-78.184,8.413],[-78.265,7.886],[-77.4,6.67],[-77.5,5.514],[-77.106,3.792],[-77.802,2.577],[-78.468,2.467],[-78.984,1.297],[-79.777,0.863],[-78.959,0.416],[-78.405,-0.321],[-78.774,-2.166],[-78.774,-3.641],[-77.915,-4.194],[-77.885,-6.977],[-74.347,-12.126],[-68.629,-13.049],[-67.154,-14.709],[-66.047,-16.553],[-65.719,-18.084],[-64.662,-16.805],[-64.194,-14.695],[-69.045,-8.236],[-70.158,-5.735],[-66.408,3.042],[-62.659,4.153],[-58.558,3.978],[-55.862,1.696],[-55.804,0.876],[-57.972,-0.589],[-58.44,-2.288],[-56.331,-4.335],[-54.163,-4.627],[-49.066,-4.744],[-46.281,-3.553],[-53.123,-14.275],[-48.469,-23.749],[-49.487,-24.553],[-49.839,-26.797],[-48.797,-28.476],[-49.546,-29.157],[-49.936,-29.627],[-50.469,-30.74],[-51.477,-31.823],[-50.469,-30.74],[-49.936,-29.627],[-48.937,-28.698],[-48.728,-28.367],[-48.564,-27.681],[-48.516,-25.876],[-48.725,-25.426],[-46.206,-23.883],[-45.459,-23.856],[-44.561,-22.99],[-41.958,-22.921],[-40.984,-22.086],[-40.933,-21.279],[-39.691,-19.409],[-39.666,-18.227],[-39.142,-17.775],[-38.948,-16.002],[-39.126,-14.325],[-38.799,-12.627],[-38.266,-12.887],[-37.187,-10.845],[-35.599,-9.628],[-34.891,-7.612],[-35.464,-5.268],[-37.181,-4.954],[-38.786,-3.604],[-40.231,-2.851],[-42.316,-2.818],[-43.334,-2.432],[-44.222,-2.777],[-44.796,-1.736],[-47.237,-0.68],[-48.043,-0.816],[-49.221,-2.108],[-50.643,-1.882],[-51.529,-0.429],[-49.884,1.214],[-50.688,2.216],[-51.209,4.071],[-51.71,4.228],[-53.027,5.427],[-54.286,5.882],[-56.746,6.003],[-58.575,6.984],[-58.617,7.499],[-59.834,8.44],[-61.29,8.771],[-60.793,9.388],[-61.29,8.771],[-63.065,8.325],[-65.965,8.18],[-70.682,8.557],[-71.182,9.277],[-72.114,9.904],[-71.688,10.769],[-72.38,11.81],[-73.362,11.325],[-74.219,11.368],[-75.45,10.628],[-75.703,9.426],[-76.764,8.693],[-78.266,9.386],[-79.5,9.638],[-80.962,8.865],[-82.23,9.047],[-83.914,11.251],[-83.662,13.705],[-83.314,14.768],[-84.65,15.933],[-86.372,15.803],[-87.571,15.908],[-88.664,15.726],[-88.742,16.269],[-89.921,16.975],[-88.87,18.694],[-89.061,19.267],[-90,19.382],[-91.702,18.823],[-93.785,18.349],[-93.741,17.166],[-95.174,16.975]],[[-77.254,-2.098],[-77.254,-2.759],[-78.392,-2.913],[-78.562,-2.129],[-77.854,-1.667],[-77.254,-2.098]],[[-70.197,11.751],[-70.339,11.999],[-69.865,11.758],[-70.197,11.751]],[[-50.476,-1.679],[-50.611,-1.438],[-50.476,-1.679],[-49.347,-1.645],[-48.886,-1.421],[-48.402,-0.391],[-48.886,-1.421],[-49.347,-1.645],[-50.476,-1.679]]],[[[-58.523,-34.587],[-57.348,-34.508],[-56.338,-34.995],[-54.622,-34.922],[-54.074,-34.648],[-52.351,-32.675],[-52.042,-31.557],[-51.445,-31.015],[-51.232,-30.265],[-50.609,-30.302],[-51.232,-30.265],[-51.445,-31.015],[-52.042,-31.557],[-52.14,-31.741],[-52.351,-32.675],[-54.074,-34.648],[-54.622,-34.922],[-56.338,-34.995],[-57.348,-34.508],[-58.523,-34.587]]],[[[-72.587,-41.618],[-72.728,-41.553],[-73.594,-41.697],[-72.587,-41.618]]],[[[-65.781,-47.712],[-65.839,-47.868],[-66.078,-48.142],[-67.578,-49.059],[-67.833,-49.968],[-69.041,-50.562],[-69.115,-51.352],[-69.077,-51.499],[-69.041,-50.562],[-67.833,-49.968],[-67.578,-49.059],[-66.078,-48.142],[-65.839,-47.868],[-65.781,-47.712],[-65.713,-47.354],[-65.781,-47.712]]],[[[-71.442,-53.882],[-71.872,-53.696],[-71.442,-53.882],[-70.998,-53.821],[-70.734,-52.802],[-69.483,-52.361],[-68.411,-52.405],[-69.483,-52.361],[-70.734,-52.802],[-70.998,-53.821],[-71.442,-53.882]]],[[[-72.212,-52.572],[-72.559,-52.573],[-71.678,-52.644],[-72.212,-52.572]]],[[[-74.297,-47.761],[-74.538,-47.787],[-73.36,-47.974],[-74.297,-47.761]]],[[[-73.138,-45.344],[-73.335,-45.28],[-73.047,-45.376],[-73.138,-45.344]]],[[[-71.381,10.408],[-71.443,10.468],[-71.089,9.919],[-71.381,10.408]]],[[[-69.787,11.873],[-69.775,11.786],[-69.786,11.94],[-69.787,11.873]]],[[[-62.351,-39.333],[-61.361,-39.031],[-59.515,-38.875],[-57.809,-38.386],[-56.698,-36.944],[-56.8,-36.543],[-56.698,-36.944],[-57.809,-38.386],[-59.515,-38.875],[-61.361,-39.031],[-62.351,-39.333]]]]},"properties":{"NAME":null,"SUBJECTO":null,"BORDERPRECISION":1}},
{"type":"Feature","geometry":{"type":"Polygon","coordinates":[[[9.449,54.189],[9.441,54.247],[8.884,54.229],[8.848,53.75],[8.429,53.612],[7.166,53.592],[4.641,52.756],[4.264,52.071],[1.796,50.921],[1.826,50.243],[5.361,49.697],[6.015,48.653],[5.533,46.097],[5.823,45.396],[6.943,44.869],[7.397,43.764],[8.897,44.437],[9.909,44.11],[10.743,42.851],[11.96,42.007],[12.302,43.278],[11.17,45.067],[9.998,45.401],[9.545,46.312],[10.558,46.718],[10.795,45.638],[12.075,46.928],[13.709,46.839],[13.368,45.694],[13.673,45.715],[14.354,45.323],[16.535,46.365],[16.557,47.495],[18.927,49.622],[18.646,50.645],[16.855,51.917],[15.765,52.265],[16.204,53.706],[17.658,54.685],[14.473,53.877],[12.653,54.321],[11.408,53.859],[10.142,54.337],[9.449,54.189]],[[9.617,47.496],[9.498,46.793],[7.44,45.923],[7.008,46.637],[7.733,47.525],[8.937,47.659],[9.617,47.496]]]},"properties":{"NAME":"Holy Roman Empire","SUBJECTO":"Holy Roman Empire","BORDERPRECISION":1}},
{"type":"Feature","geometry":{"type":"Polygon","coordinates":[[[-14.51,28.05],[-13.881,28.199],[-14.147,28.391],[-14.51,28.05]]]},"properties":{"NAME":"Guanches","SUBJECTO":"Guanches","BORDERPRECISION":1}},
{"type":"Feature","geometry":{"type":"Polygon","coordinates":[[[-168.507,53.429],[-168.374,53.235],[-167.865,53.323],[-168.223,53.59],[-168.507,53.429]]]},"properties":{"NAME":null,"SUBJECTO":null,"BORDERPRECISION":1}},
{"type":"Feature","geometry":{"type":"MultiPolygon","coordinates":[]},"properties":{"NAME":null,"SUBJECTO":null,"BORDERPRECISION":1}},
{"type":"Feature","geometry":{"type":"Polygon","coordinates":[[[-133.097,54.019],[-133.086,53.805],[-131.894,53.894],[-133.097,54.019]]]},"properties":{"NAME":"Bella","SUBJECTO":"Bella","BORDERPRECISION":1}},
{"type":"Feature","geometry":null,"properties":{"NAME":null,"SUBJECTO":null,"BORDERPRECISION":1}},
{"type":"Feature","geometry":{"type":"Polygon","coordinates":[[[-166.61,53.707],[-166.771,54.001],[-167.148,53.94],[-166.927,53.459],[-166.61,53.707]]]},"properties":{"NAME":null,"SUBJECTO":null,"BORDERPRECISION":1}},
{"type":"Feature","geometry":{"type":"Polygon","coordinates":[[[-164.561,54.831],[-165.01,54.528],[-164.564,54.334],[-164.072,54.657],[-164.561,54.831]]]},"properties":{"NAME":null,"SUBJECTO":null,"BORDERPRECISION":1}},
{"type":"Feature","geometry":{"type":"Polygon","coordinates":[[[-162.788,55.152],[-163.091,55.273],[-163.262,55.171],[-162.968,54.949],[-162.788,55.152]]]},"properties":{"NAME":null,"SUBJECTO":null,"BORDERPRECISION":1}},
{"type":"Feature","geometry":{"type":"Polygon","coordinates":[[[-162.218,55.132],[-161.575,55.479],[-161.81,55.783],[-162.585,55.389],[-162.218,55.132]]]},"properties":{"NAME":null,"SUBJECTO":null,"BORDERPRECISION":1}},
{"type":"Feature","geometry":{"type":"Polygon","coordinates":[[[-135.002,57.326],[-135.466,57.229],[-134.946,56.454],[-134.764,56.794],[-135.002,57.326]]]},"properties":{"NAME":null,"SUBJECTO":null,"BORDERPRECISION":1}},
{"type":"Feature","geometry":{"type":"Polygon","coordinates":[[[-153.67,56.969],[-152.679,57.765],[-154.189,57.631],[-153.67,56.969]]]},"properties":{"NAME":null,"SUBJECTO":null,"BORDERPRECISION":1}},
{"type":"Feature","geometry":{"type":"Polygon","coordinates":[[[-136.596,57.905],[-135.115,57.675],[-135.325,58.093],[-136.3,58.18],[-136.596,57.905]]]},"properties":{"NAME":null,"SUBJECTO":null,"BORDERPRECISION":1}},
{"type":"Feature","geometry":{"type":"Polygon","coordinates":[[[-117.281,73.31],[-117.336,74.167],[-121.239,74.58],[-124.065,73.865],[-125.617,71.99],[-123.468,71.199],[-120.843,71.53],[-120.454,72.299],[-117.281,73.31]]]},"properties":{"NAME":null,"SUBJECTO":null,"BORDERPRECISION":1}},
{"type":"Feature","geometry":{"type":"Polygon","coordinates":[[[-66.404,45.108],[-65.713,43.56],[-61.032,45.379],[-64.535,46.272],[-65.213,48.121],[-64.398,48.456],[-64.952,49.207],[-67.354,48.846],[-66.435,45.133],[-66.404,45.108]]]},"properties":{"NAME":"Mi'kma'ki","SUBJECTO":"Mi'kma'ki","BORDERPRECISION":1}},
{"type":"Feature","geometry":{"type":"Polygon","coordinates":[[[-78.698,83.003],[-90,82.017],[-89.193,81.096],[-84.793,80.782],[-86.322,80.114],[-83.911,79.257],[-85.807,78.906],[-87.273,76.504],[-78.212,76.547],[-78.367,78.033],[-76.143,78.072],[-74.963,79.122],[-71.454,79.846],[-66.482,81.303],[-62.427,82.634],[-70.584,83.176],[-78.698,83.003]]]},"properties":{"NAME":null,"SUBJECTO":null,"BORDERPRECISION":1}},
{"type":"Feature","geometry":{"type":"Polygon","coordinates":[[[-111.991,77.977],[-113.024,77.602],[-110.62,77.537],[-109.661,77.95],[-111.991,77.977]]]},"properties":{"NAME":null,"SUBJECTO":null,"BORDERPRECISION":1}},
{"type":"Feature","geometry":{"type":"Polygon","coordinates":[[[-97.31,78.822],[-97.46,78.101],[-95.097,78.438],[-97.31,78.822]]]},"properties":{"NAME":null,"SUBJECTO":null,"BORDERPRECISION":1}},
{"type":"Feature","geometry":{"type":"Polygon","coordinates":[[[-169.375,63.254],[-170.482,63.688],[-170.966,63.459],[-169.903,63.075],[-169.375,63.254]]]},"properties":{"NAME":null,"SUBJECTO":null,"BORDERPRECISION":1}},
{"type":"Feature","geometry":{"type":"Polygon","coordinates":[[[-174.635,66.405],[-175.514,67.669],[-180,68.917],[-180,67.963],[-180,66.963],[-180,65.963],[-180,65.382],[-180,65.311],[-180,65.259],[-179.379,65.996],[-178.116,65.482],[-173.077,64.384],[-172.562,65.515],[-170.613,66.038],[-171.958,66.956],[-174.337,67.077],[-174.635,66.405]]]},"properties":{"NAME":null,"SUBJECTO":null,"BORDERPRECISION":1}},
{"type":"Feature","geometry":{"type":"Polygon","coordinates":[[[-121.138,76.882],[-122.659,76.539],[-120.1,75.978],[-118.736,76.938],[-121.138,76.882]]]},"properties":{"NAME":null,"SUBJECTO":null,"BORDERPRECISION":1}},
{"type":"Feature","geometry":{"type":"Polygon","coordinates":[[[-104.966,78.534],[-101.168,78.269],[-99.892,78.658],[-102.569,79.016],[-104.966,78.534]]]},"properties":{"NAME":null,"SUBJECTO":null,"BORDERPRECISION":1}},
{"type":"Feature","geometry":{"type":"Polygon","coordinates":[[[-88.348,80.411],[-92.025,81.259],[-96.433,79.933],[-92.702,78.434],[-90,78.263],[-86.997,79.445],[-88.348,80.411]]]},"properties":{"NAME":null,"SUBJECTO":null,"BORDERPRECISION":1}},
{"type":"Feature","geometry":{"type":"Polygon","coordinates":[[[-103.004,33.145],[-108.93,32.239],[-108.694,30.998],[-112.721,30.073],[-111.692,28.496],[-110.604,27.856],[-110.382,27.214],[-109.189,26.441],[-109.257,26.087],[-101.228,28.303],[-101.07,31.582],[-102.963,32.695],[-103.004,33.145]]]},"properties":{"NAME":"Apache","SUBJECTO":"Apache","BORDERPRECISION":1}},
{"type":"Feature","geometry":{"type":"Polygon","coordinates":[[[-83.414,29.594],[-82.647,28.907],[-82.841,27.838],[-82.31,26.825],[-81.401,25.859],[-81.098,25.125],[-80.314,25.244],[-80.05,26.551],[-80.605,28.561],[-81.463,30.427],[-82.519,29.976],[-83.414,29.594]]]},"properties":{"NAME":"Calusa","SUBJECTO":"Calusa","BORDERPRECISION":1}},
{"type":"Feature","geometry":{"type":"Polygon","coordinates":[[[-108.93,32.239],[-109.725,36.411],[-115.77,35.522],[-116.632,35.396],[-114.34,31.59],[-113.052,31.139],[-112.721,30.073],[-108.694,30.998],[-108.93,32.239]]]},"properties":{"NAME":"Hopi","SUBJECTO":"Hopi","BORDERPRECISION":1}},
{"type":"Feature","geometry":{"type":"Polygon","coordinates":[[[-103.004,33.145],[-103.384,37.343],[-109.725,36.411],[-108.93,32.239],[-103.004,33.145]]]},"properties":{"NAME":"Navajo","SUBJECTO":"Navajo","BORDERPRECISION":1}},
{"type":"Feature","geometry":{"type":"Polygon","coordinates":[[[-81.463,30.427],[-81.182,31.64],[-80.581,32.497],[-79.349,33.11],[-77.459,34.498],[-79.232,39.362],[-80.261,38.774],[-86.131,35.421],[-86.004,35.229],[-82.519,29.976],[-81.463,30.427]]]},"properties":{"NAME":"Cherookee","SUBJECTO":"Cherookee","BORDERPRECISION":1}},
{"type":"Feature","geometry":{"type":"Polygon","coordinates":[[[-120.18,41.014],[-120.457,43.565],[-120.463,43.617],[-120.997,48.533],[-122.422,48.394],[-122.345,48.077],[-122.663,47.469],[-123.183,47.488],[-122.826,48.023],[-124.726,48.118],[-124.309,47.459],[-124.249,47.019],[-123.905,47.042],[-124.159,46.35],[-123.787,46.298],[-124.074,46.015],[-124.028,45.94],[-124.064,45.836],[-123.995,45.764],[-124.302,43.924],[-124.137,43.666],[-124.561,42.602],[-124.249,41.934],[-124.365,40.334],[-124.328,40.296],[-120.711,40.922],[-120.18,41.014]]]},"properties":{"NAME":"Coqs","SUBJECTO":"Coqs","BORDERPRECISION":1}},
{"type":"Feature","geometry":{"type":"Polygon","coordinates":[[[-104.553,45.072],[-104.537,47.134],[-103.995,47.636],[-106.285,47.918],[-107.812,47.194],[-110.162,46.792],[-111.549,45.507],[-110.279,44.748],[-107.18,43.958],[-105.977,43.312],[-104.553,45.072]]]},"properties":{"NAME":"Crow","SUBJECTO":"Crow","BORDERPRECISION":1}},
{"type":"Feature","geometry":{"type":"Polygon","coordinates":[[[-105.977,43.312],[-104.834,42.238],[-104.164,41.971],[-102.953,42.985],[-102.229,44.165],[-103.22,45.194],[-104.553,45.072],[-105.977,43.312]]]},"properties":{"NAME":"Cheyenne","SUBJECTO":"Cheyenne","BORDERPRECISION":1}},
{"type":"Feature","geometry":{"type":"Polygon","coordinates":[[[-117.852,46.347],[-117.395,44.792],[-116.395,44.679],[-114.205,45.531],[-114.473,46.369],[-116.627,46.868],[-117.852,46.347]]]},"properties":{"NAME":"Nez Perce","SUBJECTO":"Nez Perce","BORDERPRECISION":1}},
{"type":"Feature","geometry":{"type":"Polygon","coordinates":[[[-82.519,29.976],[-86.004,35.229],[-95.407,35.296],[-95.252,33.728],[-94.862,29.783],[-94.857,29.784],[-94.797,29.563],[-93.446,29.768],[-90,29.109],[-89.233,30.406],[-87.775,30.263],[-86.389,30.473],[-85.305,29.664],[-84.317,30.092],[-83.414,29.594],[-82.519,29.976]]]},"properties":{"NAME":"Natchez","SUBJECTO":"Natchez","BORDERPRECISION":1}},
{"type":"Feature","geometry":{"type":"Polygon","coordinates":[[[-77.459,34.498],[-76.622,34.763],[-75.729,35.882],[-76.215,37.943],[-75.668,37.898],[-74.153,39.765],[-73.25,41.178],[-76.94,43.237],[-78.55,43.354],[-79.84,42.829],[-79.198,42.571],[-81.628,41.558],[-82.468,41.409],[-80.261,38.774],[-79.232,39.362],[-77.459,34.498]]]},"properties":{"NAME":"Delaware","SUBJECTO":"Delaware","BORDERPRECISION":1}},
{"type":"Feature","geometry":{"type":"Polygon","coordinates":[[[-101.228,28.303],[-97.752,28.693],[-95.376,28.96],[-94.845,29.346],[-95.058,29.675],[-94.862,29.783],[-95.252,33.728],[-96.51,33.633],[-99.437,33.413],[-102.568,33.178],[-103.004,33.145],[-102.963,32.695],[-101.07,31.582],[-101.228,28.303]]]},"properties":{"NAME":"Comanche","SUBJECTO":"Comanche","BORDERPRECISION":1}},
{"type":"Feature","geometry":{"type":"Polygon","coordinates":[[[-97.882,22.333],[-97.823,24.208],[-97.26,25.811],[-97.632,27.228],[-96.577,28.426],[-97.752,28.693],[-101.228,28.303],[-109.257,26.087],[-108.013,24.981],[-105.54,22.285],[-105.294,21.522],[-105.507,20.104],[-103.101,19.84],[-100.905,18.789],[-100.905,19.649],[-99.95,19.84],[-99.95,22.896],[-97.882,22.333]]]},"properties":{"NAME":null,"SUBJECTO":null,"BORDERPRECISION":1}},
{"type":"Feature","geometry":{"type":"Polygon","coordinates":[[[-73.25,41.178],[-70.302,41.759],[-70.868,42.871],[-70.216,43.8],[-68.804,44.393],[-67.169,44.711],[-66.831,45.203],[-67.88,46.195],[-70.016,46.171],[-70.715,45.702],[-71.738,45.014],[-75.045,44.868],[-76.462,44.245],[-76.94,43.237],[-73.25,41.178]]]},"properties":{"NAME":"Iroquois","SUBJECTO":"Iroquois","BORDERPRECISION":1}},
{"type":"Feature","geometry":{"type":"Polygon","coordinates":[[[-115.77,35.522],[-118.842,38.88],[-120.711,40.922],[-124.328,40.296],[-123.82,39.607],[-123.892,39.414],[-123.745,39.076],[-123.796,39.03],[-121.932,37.009],[-121.927,36.338],[-120.677,35.189],[-120.529,34.508],[-118.604,34.096],[-117.497,33.325],[-116.705,31.591],[-115.602,29.685],[-114.067,28.423],[-114.478,27.244],[-112.411,26.193],[-112.166,25.011],[-110.225,23.4],[-110.205,24.315],[-110.798,24.88],[-112.87,28.335],[-114.683,30.143],[-114.988,31.166],[-114.34,31.59],[-116.632,35.396],[-115.77,35.522]]]},"properties":{"NAME":"Pomo","SUBJECTO":"Pomo","BORDERPRECISION":1}},
{"type":"Feature","geometry":{"type":"Polygon","coordinates":[[[-144.174,63.334],[-150.138,61.244],[-151.783,59.995],[-151.388,59.213],[-149.326,60.027],[-148.493,61.064],[-145.138,60.454],[-144.406,60.093],[-141.439,60.091],[-139.307,59.706],[-139.785,59.518],[-137.085,58.447],[-136.37,58.62],[-136.939,58.943],[-135.326,58.581],[-135.515,58.973],[-135.144,59.168],[-135.046,58.905],[-133.474,57.842],[-133.641,57.739],[-133.341,57.377],[-133.4,57.219],[-132.101,56.349],[-132.256,55.85],[-130.867,55.731],[-128.705,60.74],[-138.751,62.425],[-144.174,63.334]]]},"properties":{"NAME":"Tlinoit","SUBJECTO":"Tlinoit","BORDERPRECISION":1}},
{"type":"Feature","geometry":{"type":"Polygon","coordinates":[[[-67.354,48.846],[-69.223,48.678],[-81.173,50.032],[-81.27,49.739],[-81.92,47.775],[-70.715,45.702],[-70.016,46.171],[-67.88,46.195],[-66.831,45.203],[-66.435,45.133],[-67.354,48.846]]]},"properties":{"NAME":"Algonquin","SUBJECTO":"Algonquin","BORDERPRECISION":1}},
{"type":"Feature","geometry":{"type":"Polygon","coordinates":[[[-78.55,43.354],[-77.278,43.887],[-76.911,44.048],[-76.462,44.245],[-75.045,44.868],[-71.738,45.014],[-70.715,45.702],[-81.92,47.775],[-81.27,49.739],[-83.271,50.232],[-83.761,49.015],[-84.611,46.904],[-84.785,46.471],[-84.983,45.98],[-85.251,45.314],[-85.505,44.683],[-82.523,41.945],[-81.439,42.587],[-80.465,42.574],[-80.364,42.615],[-79.84,42.829],[-78.55,43.354]],[[-84.127,45.951],[-83.794,46.257],[-80.807,45.955],[-79.918,44.967],[-81.095,44.799],[-81.808,43.318],[-83.386,44.313],[-83.431,45.275],[-84.127,45.951]]]},"properties":{"NAME":"Huron","SUBJECTO":"Huron","BORDERPRECISION":1}},
{"type":"Feature","geometry":{"type":"Polygon","coordinates":[[[-143.608,68.65],[-159.861,70.54],[-162.177,70.284],[-164.067,69.065],[-166.844,68.405],[-163.739,67.218],[-161.936,67.088],[-162.275,66.071],[-164.463,66.596],[-168.18,65.694],[-166.139,65.355],[-166.586,64.73],[-163.025,64.442],[-161.291,64.964],[-161.133,63.563],[-165.431,62.43],[-165.898,61.27],[-164.027,59.798],[-162.378,60.163],[-162.004,58.827],[-160.431,59.002],[-158.291,58.73],[-157.665,57.604],[-160.457,56.2],[-159.077,55.992],[-156.685,57.401],[-154.649,58.076],[-153.455,58.877],[-154.282,59.249],[-152.878,60.279],[-150.415,61.309],[-143.608,68.65]]]},"properties":{"NAME":null,"SUBJECTO":null,"BORDERPRECISION":1}},
{"type":"Feature","geometry":null,"properties":{"NAME":null,"SUBJECTO":null,"BORDERPRECISION":1}},
{"type":"Feature","geometry":{"type":"Polygon","coordinates":[[[-96.809,76.92],[-95.873,76.513],[-93.938,76.398],[-94.195,76.899],[-96.809,76.92]]]},"properties":{"NAME":null,"SUBJECTO":null,"BORDERPRECISION":1}},
{"type":"Feature","geometry":{"type":"Polygon","coordinates":[[[-61.364,15.198],[-61.255,15.285],[-61.304,15.574],[-61.475,15.486],[-61.364,15.198]]]},"properties":{"NAME":null,"SUBJECTO":null,"BORDERPRECISION":1}},
{"type":"Feature","geometry":{"type":"Polygon","coordinates":[[[-61.747,11.997],[-61.596,12.126],[-61.725,12.172],[-61.747,11.997]]]},"properties":{"NAME":null,"SUBJECTO":null,"BORDERPRECISION":1}},
{"type":"Feature","geometry":{"type":"Polygon","coordinates":[[[-60.861,14.403],[-60.83,14.57],[-61.034,14.829],[-61.232,14.809],[-61.034,14.466],[-60.861,14.403]]]},"properties":{"NAME":null,"SUBJECTO":null,"BORDERPRECISION":1}},
{"type":"Feature","geometry":{"type":"Polygon","coordinates":[[[-62.171,16.671],[-62.138,16.693],[-62.176,16.809],[-62.237,16.712],[-62.171,16.671]]]},"properties":{"NAME":null,"SUBJECTO":null,"BORDERPRECISION":1}},
{"type":"Feature","geometry":{"type":"Polygon","coordinates":[[[-63.168,18.164],[-62.993,18.227],[-63.058,18.256],[-63.168,18.164]]]},"properties":{"NAME":null,"SUBJECTO":null,"BORDERPRECISION":1}},
{"type":"Feature","geometry":{"type":"Polygon","coordinates":[[[-62.702,17.337],[-62.813,17.409],[-62.864,17.371],[-62.778,17.292],[-62.702,17.337]]]},"properties":{"NAME":null,"SUBJECTO":null,"BORDERPRECISION":1}},
{"type":"Feature","geometry":{"type":"Polygon","coordinates":[[[-60.955,13.709],[-60.878,13.957],[-61.075,13.897],[-60.955,13.709]]]},"properties":{"NAME":null,"SUBJECTO":null,"BORDERPRECISION":1}},
{"type":"Feature","geometry":{"type":"Polygon","coordinates":[[[-61.173,13.133],[-61.123,13.249],[-61.209,13.368],[-61.278,13.25],[-61.173,13.133]]]},"properties":{"NAME":null,"SUBJECTO":null,"BORDERPRECISION":1}},
{"type":"Feature","geometry":{"type":"Polygon","coordinates":[[[-64.762,17.774],[-64.871,17.775],[-64.889,17.687],[-64.739,17.708],[-64.762,17.774]]]},"properties":{"NAME":null,"SUBJECTO":null,"BORDERPRECISION":1}},
{"type":"Feature","geometry":{"type":"Polygon","coordinates":[[[-61.346,16.334],[-61.499,16.349],[-61.794,16.242],[-61.695,15.949],[-61.553,16.054],[-61.581,16.205],[-61.346,16.334]]]},"properties":{"NAME":null,"SUBJECTO":null,"BORDERPRECISION":1}},
{"type":"Feature","geometry":{"type":"Polygon","coordinates":[[[-68.966,12.199],[-69.078,12.349],[-69.158,12.311],[-69.062,12.188],[-68.832,12.049],[-68.824,12.16],[-68.966,12.199]]]},"properties":{"NAME":null,"SUBJECTO":null,"BORDERPRECISION":1}},
{"type":"Feature","geometry":{"type":"Polygon","coordinates":[[[-63.011,18.067],[-63.045,18.121],[-63.14,18.059],[-63.011,18.067]]]},"properties":{"NAME":null,"SUBJECTO":null,"BORDERPRECISION":1}},
{"type":"Feature","geometry":{"type":"Polygon","coordinates":[[[-63.14,18.059],[-63.033,18.016],[-63.011,18.067],[-63.14,18.059]]]},"properties":{"NAME":null,"SUBJECTO":null,"BORDERPRECISION":1}},
{"type":"Feature","geometry":{"type":"Polygon","coordinates":[[[-155.931,20.284],[-156.034,19.106],[-154.948,19.483],[-155.931,20.284]]]},"properties":{"NAME":"Polynesians","SUBJECTO":"Polynesians","BORDERPRECISION":1}},
{"type":"Feature","geometry":{"type":"Polygon","coordinates":[[[-53.115,48.524],[-54.13,48.836],[-56.662,50.056],[-57.356,50.595],[-59.157,47.67],[-56.804,47.616],[-56.079,47.865],[-52.729,47.455],[-53.882,48.189],[-53.115,48.524]]]},"properties":{"NAME":"Beothuk","SUBJECTO":"Beothuk","BORDERPRECISION":1}},
{"type":"Feature","geometry":{"type":"Polygon","coordinates":[[[-64.881,50.334],[-61.64,50.277],[-60.138,50.412],[-58.524,51.379],[-56.964,51.488],[-55.659,52.187],[-55.881,53.352],[-57.515,54.466],[-59.694,55.154],[-61.933,56.281],[-62.277,55.587],[-62.742,54.648],[-64.881,50.334]]]},"properties":{"NAME":"Innu","SUBJECTO":"Innu","BORDERPRECISION":1}},
{"type":"Feature","geometry":{"type":"Polygon","coordinates":[[[-77.254,-2.098],[-77.854,-1.667],[-78.562,-2.129],[-78.392,-2.913],[-77.254,-2.759],[-77.254,-2.098]]]},"properties":{"NAME":"Shuar","SUBJECTO":"Shuar","BORDERPRECISION":1}},
{"type":"Feature","geometry":{"type":"Polygon","coordinates":[[[19.334,57.956],[19.105,57.975],[19.142,57.908],[19.334,57.956]]]},"properties":{"NAME":null,"SUBJECTO":null,"BORDERPRECISION":1}},
{"type":"Feature","geometry":{"type":"Polygon","coordinates":[[[9.617,47.496],[9.189,47.651],[9.14,47.665],[9.011,47.671],[8.976,47.666],[8.937,47.659],[7.733,47.525],[7.008,46.637],[7.44,45.923],[9.498,46.793],[9.617,47.496]]]},"properties":{"NAME":"Swiss Confederation","SUBJECTO":"Swiss Confederation","BORDERPRECISION":1}},
{"type":"Feature","geometry":{"type":"Polygon","coordinates":[[[142.338,-10.915],[141.679,-12.468],[141.468,-14.757],[141.711,-15.227],[140.801,-17.562],[140.25,-17.798],[139.248,-17.432],[137.074,-16.031],[136.687,-16.026],[135.388,-14.897],[135.881,-14.203],[135.831,-13.485],[136.664,-12.625],[135.445,-12.176],[134.94,-12.336],[133.559,-11.951],[130.463,-12.759],[130.274,-13.363],[129.427,-14.306],[129.196,-14.993],[127.963,-14.703],[126.853,-13.784],[125.863,-14.695],[125.156,-14.805],[125.018,-15.644],[124.425,-15.658],[124.277,-16.523],[122.738,-16.583],[122.085,-17.398],[122.196,-18.244],[120.872,-19.677],[117.597,-20.758],[116.419,-20.837],[113.625,-22.566],[113.762,-23.481],[113.433,-24.874],[114.183,-26.017],[113.433,-26.572],[113.965,-28.033],[114.63,-28.903],[115.058,-30.804],[115.747,-32.208],[115.647,-33.365],[115.047,-34.422],[116.561,-35.189],[118.207,-35.09],[119.771,-34.12],[121.74,-33.963],[122.171,-34.179],[123.623,-33.915],[124.248,-33.144],[126.059,-32.434],[127.265,-32.381],[129.185,-31.798],[131.28,-31.635],[131.993,-32.066],[133.837,-32.342],[135.153,-34.05],[135.528,-35.055],[137.457,-33.314],[138.166,-33.192],[138.101,-34.356],[139.368,-35.614],[140.012,-37.642],[140.652,-38.164],[143.365,-38.97],[144.97,-38.066],[145.934,-38.881],[146.821,-38.841],[148.037,-38.098],[149.504,-37.929],[149.985,-37.347],[150.222,-35.694],[150.762,-35.253],[151.364,-33.521],[152.176,-32.877],[152.972,-31.418],[152.94,-30.699],[153.493,-28.841],[152.946,-27.341],[153.069,-26.228],[151.73,-24.157],[150.802,-23.6],[150.754,-22.812],[149.557,-22.433],[149.101,-21.06],[148.19,-20.172],[146.322,-19.082],[145.925,-18.257],[145.869,-17.195],[145.326,-16.49],[145.184,-15.048],[143.743,-14.466],[143.173,-12.121],[142.338,-10.915]]]},"properties":{"NAME":"Australian aboriginal hunter-gatherers","SUBJECTO":"Australian aboriginal hunter-gatherers","BORDERPRECISION":1}},
{"type":"Feature","geometry":{"type":"Polygon","coordinates":[[[146.713,-43.722],[147.815,-42.965],[148.27,-41.093],[146.382,-41.308],[144.776,-40.843],[145.723,-43.24],[146.713,-43.722]]]},"properties":{"NAME":"Tasmanian hunter-gatherers","SUBJECTO":"Tasmanian hunter-gatherers","BORDERPRECISION":1}},
{"type":"Feature","geometry":{"type":"Polygon","coordinates":[[[-69.223,48.678],[-67.318,49.425],[-66.373,50.314],[-64.881,50.334],[-62.742,54.648],[-65.643,55.263],[-71.033,55.196],[-74.197,52.927],[-78.742,52.744],[-78.725,52.695],[-78.573,52.489],[-78.797,51.771],[-78.7,51.566],[-79.594,51.266],[-79.495,51.14],[-79.338,50.843],[-81.747,52.17],[-81.734,52.549],[-82.341,52.981],[-82.192,53.99],[-82.399,54.271],[-82.336,54.653],[-82.202,54.969],[-84.468,55.167],[-87.467,55.912],[-89.726,56.934],[-90.695,57.17],[-92.404,56.975],[-93.825,56.863],[-102.144,57.214],[-111.284,58.553],[-122.491,54.244],[-115.034,52.033],[-114.467,52],[-105.191,51.453],[-98.922,50.232],[-95.566,49.996],[-87.79,49.931],[-85.036,49.094],[-83.761,49.015],[-83.271,50.232],[-81.27,49.739],[-81.173,50.032],[-69.223,48.678]]]},"properties":{"NAME":"Subarctic forest hunter-gatherers","SUBJECTO":"Subarctic forest hunter-gatherers","BORDERPRECISION":1}},
{"type":"Feature","geometry":{"type":"MultiPolygon","coordinates":[[[[-130.867,55.731],[-130.695,55.465],[-130.773,55.066],[-130.065,55.102],[-129.842,54.979],[-130.268,54.353],[-129.434,53.518],[-128.814,53.764],[-128.889,53.418],[-128.077,52.939],[-128.06,52.5],[-127.866,52.413],[-125.758,53.131],[-122.491,54.244],[-111.284,58.553],[-118.198,62.713],[-124.936,64.835],[-132.435,62.497],[-138.751,62.425],[-128.705,60.74],[-130.867,55.731]]],[[[-132.264,55.937],[-132.256,55.85],[-132.101,56.349],[-132.264,55.937]]]]},"properties":{"NAME":"Athabaskan","SUBJECTO":"Athabaskan","BORDERPRECISION":1}},
{"type":"Feature","geometry":{"type":"Polygon","coordinates":[[[-68.41,-30.484],[-67.482,-31.656],[-63.563,-30.037],[-57.353,-29.681],[-54.365,-30.593],[-53.544,-31.446],[-52.14,-31.741],[-52.042,-31.557],[-51.445,-31.015],[-51.232,-30.265],[-50.609,-30.302],[-51.477,-31.823],[-50.469,-30.74],[-49.936,-29.627],[-49.546,-29.157],[-48.797,-28.476],[-49.839,-26.797],[-49.487,-24.553],[-48.469,-23.749],[-53.123,-14.275],[-60.268,-13.81],[-64.194,-14.695],[-64.662,-16.805],[-65.719,-18.084],[-65.494,-19.135],[-67.154,-25.222],[-68.26,-28.542],[-68.41,-30.484]]]},"properties":{"NAME":"Savanna hunter-gatherers","SUBJECTO":"Savanna hunter-gatherers","BORDERPRECISION":1}},
{"type":"Feature","geometry":{"type":"MultiPolygon","coordinates":[[[[-65.259,-54.719],[-66.418,-54.607],[-68.705,-53.235],[-68.332,-52.85],[-69.407,-52.566],[-70.465,-53.373],[-70.333,-53.473],[-69.441,-53.411],[-70.146,-53.806],[-70.042,-53.986],[-69.055,-54.602],[-70.721,-54.937],[-65.262,-54.819],[-65.259,-54.719]]],[[[-72.869,-52.281],[-73.626,-52.608],[-73.243,-52.574],[-73.281,-52.953],[-73.08,-53.032],[-72.869,-52.281]]],[[[-73.475,-42.114],[-74.005,-42.019],[-74.296,-43.265],[-74.236,-43.368],[-73.609,-42.911],[-73.831,-42.564],[-73.475,-42.114]]],[[[-72.587,-41.618],[-72.731,-41.907],[-72.609,-41.997],[-72.466,-42.035],[-72.724,-42.8],[-72.53,-43.063],[-73.058,-44.19],[-72.76,-44.369],[-72.583,-44.44],[-73.335,-45.28],[-73.138,-45.344],[-73.047,-45.376],[-73.97,-46.713],[-73.979,-46.344],[-74.429,-46.533],[-74.068,-45.935],[-75.496,-46.58],[-75.444,-46.625],[-75.022,-46.553],[-75.011,-46.774],[-74.862,-46.819],[-73.979,-47.032],[-74.412,-47.384],[-74.381,-47.423],[-74.538,-47.787],[-74.297,-47.761],[-73.36,-47.974],[-74.21,-48.008],[-74.272,-49.431],[-73.963,-49.241],[-74.187,-49.823],[-73.932,-49.993],[-74.075,-50.473],[-73.934,-50.506],[-73.53,-50.433],[-74.269,-50.994],[-74.208,-51.021],[-73.679,-51.231],[-73.875,-51.562],[-73.778,-51.614],[-73.258,-51.706],[-73.408,-52.024],[-73.107,-52.103],[-72.449,-52.161],[-72.559,-52.573],[-72.212,-52.572],[-71.678,-52.644],[-72.842,-52.985],[-72.751,-53.138],[-71.152,-52.962],[-71.872,-53.696],[-71.442,-53.882],[-70.998,-53.821],[-70.734,-52.802],[-69.483,-52.361],[-68.411,-52.405],[-69.077,-51.499],[-69.115,-51.352],[-71.165,-51.561],[-72.044,-48.766],[-72.191,-45.99],[-71.634,-43.196],[-70.579,-40.579],[-72.068,-40.547],[-72.728,-41.553],[-72.587,-41.618]]]]},"properties":{"NAME":"Patagonian shellfish and marine mammal hunters","SUBJECTO":"Patagonian shellfish and marine mammal hunters","BORDERPRECISION":1}},
{"type":"Feature","geometry":{"type":"Polygon","coordinates":[[[-71.52,-32.181],[-71.616,-33.706],[-72.629,-35.646],[-73.144,-37.156],[-73.673,-37.501],[-73.435,-37.902],[-73.194,-39.565],[-73.759,-40.243],[-73.845,-41.153],[-73.666,-41.479],[-73.594,-41.697],[-72.728,-41.553],[-72.068,-40.547],[-71.517,-39.706],[-69.437,-37.159],[-67.65,-33.577],[-67.482,-31.656],[-68.41,-30.484],[-69.367,-32.6],[-69.367,-34.445],[-70.289,-36.474],[-71.027,-37.212],[-73.144,-37.156],[-72.629,-35.646],[-71.616,-33.706],[-71.52,-32.181]]]},"properties":{"NAME":"Andean hunter-gatherers","SUBJECTO":"Andean hunter-gatherers","BORDERPRECISION":1}},
{"type":"Feature","geometry":{"type":"Polygon","coordinates":[[[-64.194,-14.695],[-60.268,-13.81],[-53.123,-14.275],[-46.281,-3.553],[-49.066,-4.744],[-54.163,-4.627],[-56.331,-4.335],[-58.44,-2.288],[-57.972,-0.589],[-55.804,0.876],[-55.862,1.696],[-58.558,3.978],[-62.659,4.153],[-66.408,3.042],[-70.158,-5.735],[-69.045,-8.236],[-64.194,-14.695]]]},"properties":{"NAME":"Amazon hunter-gatherers","SUBJECTO":"Amazon hunter-gatherers","BORDERPRECISION":1}},
{"type":"Feature","geometry":{"type":"MultiPolygon","coordinates":[[[[-60.793,9.388],[-62.103,10.021],[-62.297,9.722],[-62.385,10.014],[-62.925,10.369],[-62.178,10.682],[-64.068,10.627],[-64.884,10.136],[-66.478,10.679],[-68.302,10.726],[-68.372,11.012],[-69.743,11.657],[-69.745,11.746],[-69.775,11.786],[-69.787,11.873],[-69.786,11.94],[-69.87,12.012],[-69.933,12.178],[-70.339,11.999],[-70.197,11.751],[-69.865,11.758],[-69.848,11.709],[-69.792,11.693],[-71.548,10.949],[-71.456,10.885],[-71.607,10.727],[-71.496,10.646],[-71.443,10.468],[-71.381,10.408],[-71.089,9.919],[-71.182,9.277],[-70.682,8.557],[-65.965,8.18],[-63.065,8.325],[-61.29,8.771],[-60.793,9.388]]],[[[-48.402,-0.391],[-50.501,-0.262],[-50.611,-1.438],[-50.476,-1.679],[-49.347,-1.645],[-48.886,-1.421],[-48.402,-0.391]]]]},"properties":{"NAME":"Caribbean hunter-gatherers","SUBJECTO":"Caribbean hunter-gatherers","BORDERPRECISION":1}},
{"type":"Feature","geometry":{"type":"Polygon","coordinates":[[[-52.14,-31.741],[-53.544,-31.446],[-54.365,-30.593],[-57.353,-29.681],[-63.563,-30.037],[-67.482,-31.656],[-67.65,-33.577],[-69.437,-37.159],[-71.517,-39.706],[-72.068,-40.547],[-70.579,-40.579],[-71.634,-43.196],[-72.191,-45.99],[-72.044,-48.766],[-71.165,-51.561],[-69.115,-51.352],[-69.041,-50.562],[-67.833,-49.968],[-67.578,-49.059],[-66.078,-48.142],[-65.839,-47.868],[-65.781,-47.712],[-65.713,-47.354],[-67.469,-46.266],[-66.695,-45.131],[-65.436,-44.89],[-65.627,-44.723],[-65.307,-43.601],[-64.309,-43.027],[-65.085,-42.784],[-64.165,-42.648],[-64.118,-42.782],[-64.001,-42.853],[-63.729,-42.101],[-64.294,-42.205],[-64.12,-42.384],[-64.992,-42.193],[-64.925,-41.731],[-64.941,-41.552],[-65.135,-41.244],[-64.939,-40.827],[-62.964,-41.137],[-62.289,-40.675],[-62.466,-40.368],[-62.068,-39.556],[-62.351,-39.333],[-61.361,-39.031],[-59.515,-38.875],[-57.809,-38.386],[-56.698,-36.944],[-56.8,-36.543],[-57.372,-36.149],[-57.226,-35.436],[-58.523,-34.587],[-57.348,-34.508],[-56.338,-34.995],[-54.622,-34.922],[-54.074,-34.648],[-52.351,-32.675],[-52.14,-31.741]]]},"properties":{"NAME":"Pampas cultures","SUBJECTO":"Pampas cultures","BORDERPRECISION":1}},
{"type":"Feature","geometry":{"type":"Polygon","coordinates":[[[-120.711,40.922],[-118.842,38.88],[-109.049,38.88],[-111.548,41.642],[-111.668,41.935],[-115.093,42.512],[-119.018,43.113],[-120.457,43.565],[-120.18,41.014],[-120.711,40.922]]]},"properties":{"NAME":"Desert hunter-gatherers","SUBJECTO":"Desert hunter-gatherers","BORDERPRECISION":1}},
{"type":"Feature","geometry":{"type":"MultiPolygon","coordinates":[[[[-126.522,49.822],[-126.665,49.69],[-126.563,49.572],[-125.892,49.377],[-125.967,49.174],[-125.78,49.089],[-124.999,49.169],[-125.196,48.874],[-125.098,48.795],[-123.645,48.818],[-125.719,50.409],[-128.442,50.774],[-128.343,50.668],[-127.385,50.05],[-126.522,49.822]]],[[[-132.177,55.285],[-132.688,55.649],[-132.594,55.812],[-133.518,56.211],[-133.266,55.831],[-133.271,55.621],[-133.016,55.371],[-132.174,54.846],[-132.177,55.285]]],[[[-120.463,43.617],[-120.307,44.299],[-120.483,48.962],[-125.758,53.131],[-127.866,52.413],[-127.71,52.394],[-127.431,52.461],[-127.037,52.464],[-128.013,51.808],[-127.455,51.769],[-127.353,51.637],[-127.627,51.133],[-126.228,50.93],[-126.164,50.752],[-124.939,50.596],[-124.795,50.035],[-123.921,49.886],[-123.847,49.663],[-123.212,49.625],[-123.213,49.272],[-122.606,48.835],[-122.535,48.697],[-122.345,48.077],[-123.183,47.488],[-122.663,47.469],[-122.345,48.077],[-122.422,48.394],[-120.997,48.533],[-120.463,43.617]]]]},"properties":{"NAME":"North American Pacifi foraging, hunting and fishing peoples","SUBJECTO":"North American Pacifi foraging, hunting and fishing peoples","BORDERPRECISION":1}},
{"type":"Feature","geometry":{"type":"Polygon","coordinates":[[[-120.457,43.565],[-119.018,43.113],[-115.093,42.512],[-111.668,41.935],[-114.126,47.952],[-114.467,52],[-115.034,52.033],[-122.491,54.244],[-125.758,53.131],[-120.483,48.962],[-120.307,44.299],[-120.463,43.617],[-120.457,43.565]],[[-117.852,46.347],[-116.627,46.868],[-114.473,46.369],[-114.205,45.531],[-116.395,44.679],[-117.395,44.792],[-117.852,46.347]]]},"properties":{"NAME":"Plateau fichers and hunter gatherers","SUBJECTO":"Plateau fichers and hunter gatherers","BORDERPRECISION":1}},
{"type":"Feature","geometry":{"type":"MultiPolygon","coordinates":[[[[-97.752,28.693],[-96.577,28.426],[-96.774,28.623],[-95.376,28.96],[-97.752,28.693]]],[[[-96.51,33.633],[-97.139,34.471],[-96.406,35.646],[-94.619,36.097],[-94.118,35.876],[-94.118,39.732],[-94.235,46.721],[-95.566,49.996],[-98.922,50.232],[-105.191,51.453],[-114.467,52],[-114.126,47.952],[-111.668,41.935],[-111.548,41.642],[-109.049,38.88],[-102.568,38.88],[-102.568,33.178],[-99.437,33.413],[-96.51,33.633]],[[-104.553,45.072],[-103.22,45.194],[-102.229,44.165],[-102.953,42.985],[-104.164,41.971],[-104.834,42.238],[-105.977,43.312],[-107.18,43.958],[-110.279,44.748],[-111.549,45.507],[-110.162,46.792],[-107.812,47.194],[-106.285,47.918],[-103.995,47.636],[-104.537,47.134],[-104.553,45.072]]]]},"properties":{"NAME":"Plain bison hunters","SUBJECTO":"Plain bison hunters","BORDERPRECISION":1}},
{"type":"Feature","geometry":{"type":"Polygon","coordinates":[[[-80.261,38.774],[-82.468,41.409],[-82.523,41.945],[-85.505,44.683],[-85.251,45.314],[-86.002,44.917],[-86.514,43.681],[-86.23,42.617],[-87.224,41.635],[-87.783,42.204],[-87.908,43.192],[-86.72,45.867],[-84.983,45.98],[-84.785,46.471],[-86.522,46.475],[-87.76,46.864],[-90.277,46.625],[-91.15,47.368],[-89.517,48.004],[-88.095,49.005],[-86.384,48.725],[-85.027,47.94],[-84.611,46.904],[-83.761,49.015],[-85.036,49.094],[-87.79,49.931],[-95.566,49.996],[-94.235,46.721],[-94.118,39.732],[-94.118,35.876],[-94.619,36.097],[-96.406,35.646],[-97.139,34.471],[-96.51,33.633],[-95.252,33.728],[-95.407,35.296],[-86.004,35.229],[-86.131,35.421],[-80.261,38.774]]]},"properties":{"NAME":null,"SUBJECTO":null,"BORDERPRECISION":1}},
{"type":"Feature","geometry":{"type":"Polygon","coordinates":[[[-109.725,36.411],[-103.384,37.343],[-103.004,33.145],[-102.568,33.178],[-102.568,38.88],[-109.049,38.88],[-118.842,38.88],[-115.77,35.522],[-109.725,36.411]]]},"properties":{"NAME":null,"SUBJECTO":null,"BORDERPRECISION":1}},
{"type":"Feature","geometry":{"type":"Polygon","coordinates":[[[-123.213,49.272],[-122.535,48.697],[-122.606,48.835],[-123.213,49.272]]]},"properties":{"NAME":null,"SUBJECTO":null,"BORDERPRECISION":1}},
{"type":"Feature","geometry":{"type":"Polygon","coordinates":[[[-123.847,49.663],[-123.531,49.513],[-123.212,49.625],[-123.847,49.663]]]},"properties":{"NAME":null,"SUBJECTO":null,"BORDERPRECISION":1}},
{"type":"Feature","geometry":{"type":"Polygon","coordinates":[[[-124.795,50.035],[-124.471,49.813],[-123.921,49.886],[-124.795,50.035]]]},"properties":{"NAME":null,"SUBJECTO":null,"BORDERPRECISION":1}},
{"type":"Feature","geometry":{"type":"Polygon","coordinates":[[[-126.164,50.752],[-125.412,50.549],[-124.939,50.596],[-126.164,50.752]]]},"properties":{"NAME":null,"SUBJECTO":null,"BORDERPRECISION":1}},
{"type":"Feature","geometry":{"type":"Polygon","coordinates":[[[-127.627,51.133],[-127.247,50.968],[-126.228,50.93],[-127.627,51.133]]]},"properties":{"NAME":null,"SUBJECTO":null,"BORDERPRECISION":1}},
{"type":"Feature","geometry":{"type":"Polygon","coordinates":[[[-128.013,51.808],[-127.353,51.637],[-127.455,51.769],[-128.013,51.808]]]},"properties":{"NAME":null,"SUBJECTO":null,"BORDERPRECISION":1}},
{"type":"Feature","geometry":{"type":"Polygon","coordinates":[[[-128.06,52.5],[-127.873,52.413],[-127.71,52.394],[-127.037,52.464],[-127.431,52.461],[-127.71,52.394],[-127.866,52.413],[-128.06,52.5]]]},"properties":{"NAME":null,"SUBJECTO":null,"BORDERPRECISION":1}},
{"type":"Feature","geometry":{"type":"Polygon","coordinates":[[[-138.751,62.425],[-132.435,62.497],[-124.936,64.835],[-118.198,62.713],[-111.284,58.553],[-102.144,57.214],[-93.825,56.863],[-92.404,56.975],[-93.074,58.551],[-94.684,58.878],[-94.376,60.795],[-92.894,62.126],[-98.734,65.629],[-128.367,66.877],[-143.608,68.65],[-150.415,61.309],[-150.138,61.244],[-144.174,63.334],[-138.751,62.425]]]},"properties":{"NAME":null,"SUBJECTO":null,"BORDERPRECISION":1}},
{"type":"Feature","geometry":{"type":"Polygon","coordinates":[[[-89.726,56.934],[-90,57.178],[-90.695,57.17],[-89.726,56.934]]]},"properties":{"NAME":null,"SUBJECTO":null,"BORDERPRECISION":1}},
{"type":"Feature","geometry":{"type":"Polygon","coordinates":[[[-82.399,54.271],[-82.202,54.969],[-82.336,54.653],[-82.399,54.271]]]},"properties":{"NAME":null,"SUBJECTO":null,"BORDERPRECISION":1}},
{"type":"Feature","geometry":{"type":"Polygon","coordinates":[[[-82.341,52.981],[-82.212,53.341],[-82.192,53.99],[-82.341,52.981]]]},"properties":{"NAME":null,"SUBJECTO":null,"BORDERPRECISION":1}},
{"type":"Feature","geometry":{"type":"Polygon","coordinates":[[[-81.747,52.17],[-81.713,52.33],[-81.734,52.549],[-81.747,52.17]]]},"properties":{"NAME":null,"SUBJECTO":null,"BORDERPRECISION":1}},
{"type":"Feature","geometry":{"type":"Polygon","coordinates":[[[-79.594,51.266],[-79.338,50.843],[-79.495,51.14],[-79.594,51.266]]]},"properties":{"NAME":null,"SUBJECTO":null,"BORDERPRECISION":1}},
{"type":"Feature","geometry":null,"properties":{"NAME":null,"SUBJECTO":null,"BORDERPRECISION":1}},
{"type":"Feature","geometry":null,"properties":{"NAME":null,"SUBJECTO":null,"BORDERPRECISION":1}},
{"type":"Feature","geometry":{"type":"Polygon","coordinates":[[[-62.277,55.587],[-64.597,58.15],[-68.214,57.037],[-74.524,60.123],[-75.051,56.718],[-75.37,54.662],[-79.545,54.692],[-79.399,54.276],[-78.742,52.744],[-74.197,52.927],[-71.033,55.196],[-65.643,55.263],[-62.742,54.648],[-62.277,55.587]]]},"properties":{"NAME":null,"SUBJECTO":null,"BORDERPRECISION":1}},
{"type":"Feature","geometry":{"type":"Polygon","coordinates":[[[-128.889,53.418],[-128.432,52.939],[-128.077,52.939],[-128.889,53.418]]]},"properties":{"NAME":null,"SUBJECTO":null,"BORDERPRECISION":1}},
{"type":"Feature","geometry":null,"properties":{"NAME":null,"SUBJECTO":null,"BORDERPRECISION":1}},
{"type":"Feature","geometry":{"type":"Polygon","coordinates":[[[-130.773,55.066],[-129.842,54.979],[-130.065,55.102],[-130.773,55.066]]]},"properties":{"NAME":null,"SUBJECTO":null,"BORDERPRECISION":1}},
{"type":"Feature","geometry":null,"properties":{"NAME":null,"SUBJECTO":null,"BORDERPRECISION":1}},
{"type":"Feature","geometry":{"type":"Polygon","coordinates":[[[28.141,-19.94],[12.906,-19.702],[12.929,-19.742],[13.308,-20.472],[13.804,-21.443],[14.533,-22.496],[14.396,-23.075],[14.909,-25.018],[14.947,-26.01],[15.153,-26.333],[15.137,-26.829],[15.292,-27.153],[15.454,-27.616],[16.788,-29.139],[18.179,-31.805],[17.868,-32.994],[18.073,-33.223],[18.459,-33.832],[18.293,-34.246],[19.279,-34.504],[19.321,-34.733],[21.669,-34.506],[22.682,-34.103],[24.43,-34.335],[26.659,-33.847],[28.922,-32.298],[30.391,-30.814],[31.563,-29.21],[32.235,-28.744],[32.767,-27.517],[32.896,-26.372],[32.5,-26.068],[33.347,-25.304],[34.884,-24.722],[35.512,-23.939],[35.297,-23.825],[35.512,-22.185],[35.261,-22.274],[34.994,-21.271],[35.107,-20.984],[34.673,-20.515],[34.719,-20.043],[33.471,-20.023],[33.395,-20.583],[33.395,-20.761],[33.36,-20.843],[33.058,-23.082],[31.372,-25.283],[30.413,-25.873],[29.382,-25.873],[28.644,-24.914],[28.092,-22.777],[28.018,-21.229],[28.141,-19.94]]]},"properties":{"NAME":"Khoiasan","SUBJECTO":"Khoiasan","BORDERPRECISION":1}},
{"type":"Feature","geometry":{"type":"Polygon","coordinates":[[[-1.3,10.852],[-3.477,10.289],[-6.829,10.113],[-15.099,11.813],[-15.416,11.335],[-15.029,11.158],[-15.018,10.917],[-14.575,10.784],[-14.591,10.467],[-13.68,9.916],[-13.626,9.623],[-13.282,9.275],[-13.141,9.027],[-13.174,8.773],[-12.927,8.627],[-13.212,8.347],[-12.274,7.631],[-12.264,7.351],[-9.937,5.863],[-9.248,5.172],[-7.529,4.337],[-5,5.238],[-3.942,5.266],[-3.492,5.896],[-1.797,6.264],[-0.397,6.117],[0.536,5.72],[1.558,6.237],[3.949,6.579],[4.823,7.93],[4.247,7.665],[2.625,7.812],[1.962,8.402],[2.331,9.581],[3.215,9.876],[4.321,9.802],[5.338,8.724],[6.879,8.643],[7.365,7.913],[7.365,6.94],[6.764,5.827],[12.605,7.732],[22.225,6.196],[33.93,2.844],[34.406,2.49],[43.415,2.515],[44.281,3.358],[46.449,4.08],[47.636,4.096],[48.472,5.201],[49.046,6.416],[50.779,9.368],[51.181,11.777],[50.697,11.948],[49.304,11.246],[47.391,11.159],[46.677,10.7],[45.909,10.832],[44.281,10.396],[43.497,9.729],[42.465,9.507],[42.17,7.149],[38.319,6.496],[35.578,5.527],[33.022,6.865],[32.349,9.528],[30.6,11.116],[24.074,11.182],[23.2,11.775],[20.673,11.956],[18.628,10.169],[15.657,11.306],[14.713,12.507],[12.355,11.203],[10.727,11.291],[9.849,10.908],[7.183,11.049],[4.666,11.513],[3.558,12.178],[3.692,13.077],[3.394,13.123],[2.745,12.474],[1.602,12.485],[-1.3,10.852]]]},"properties":{"NAME":"West African cereal farmers","SUBJECTO":"West African cereal farmers","BORDERPRECISION":1}},
{"type":"Feature","geometry":{"type":"Polygon","coordinates":[[[143.057,53.062],[141.69,53.166],[141.841,52.96],[141.643,51.813],[142.017,51.431],[142.112,51.22],[142.049,49.355],[141.768,48.701],[141.889,48.454],[141.978,48.285],[141.732,47.471],[141.909,47.073],[141.708,46.14],[141.898,45.915],[142.327,46.563],[142.615,46.713],[143.445,46.572],[142.615,47.46],[142.854,49.128],[144.54,48.753],[143.074,51.268],[143.057,53.062]]]},"properties":{"NAME":"Ainus","SUBJECTO":"Ainus","BORDERPRECISION":1}},
{"type":"Feature","geometry":{"type":"Polygon","coordinates":[[[41.31,43.557],[42.524,47.051],[44.364,49.429],[43.673,50.86],[42.587,50.91],[40.026,49.08],[38.136,49.049],[37.502,48.441],[36.07,47.898],[32.094,46.927],[32.202,46.17],[33.639,45.927],[33.395,44.6],[34.138,44.429],[35.387,45.082],[35.336,46.34],[37.422,47.077],[37.97,46.441],[37.474,44.692],[38.924,44.212],[40.252,43.268],[41.123,43.019],[41.31,43.557]]]},"properties":{"NAME":"Crimean Khanate","SUBJECTO":"Ottoman Empire","BORDERPRECISION":1}},
{"type":"Feature","geometry":{"type":"Polygon","coordinates":[[[-2.576,47.324],[-1.752,48.178],[-1.999,48.677],[-3.091,48.872],[-4.35,48.391],[-2.576,47.324]]]},"properties":{"NAME":"Britany","SUBJECTO":"Britany","BORDERPRECISION":1}},
{"type":"Feature","geometry":{"type":"Polygon","coordinates":[[[-8.314,33.338],[-9.219,32.58],[-9.813,31.289],[-9.663,29.955],[-10.339,29.146],[-11.576,28.229],[-12.866,27.857],[-13.629,26.591],[-14.367,26.119],[-14.82,24.733],[-15.714,23.873],[-16.806,21.99],[-17.052,21.004],[-16.347,20.523],[-16.472,19.366],[-16.056,18.674],[-12.042,18.426],[-9.094,18.647],[-7.104,18.426],[-5.903,17.795],[-3.64,19.016],[-1.576,19.384],[-0.397,18.942],[1.192,17.056],[3.41,14.1],[3.394,13.123],[3.692,13.077],[3.779,13.656],[8.301,14.52],[10.07,14.225],[10.807,14.593],[11.765,16.215],[11.986,20.343],[12.429,21.006],[13.313,20.973],[15.008,15.036],[15.819,14.298],[15.819,13.119],[14.713,12.507],[15.657,11.306],[18.628,10.169],[20.673,11.956],[23.2,11.775],[24.074,11.182],[30.6,11.116],[32.349,9.528],[33.022,6.865],[35.578,5.527],[38.319,6.496],[35.978,7.444],[35.61,8.107],[35.463,9.581],[35.61,12.235],[36.421,14.888],[37.453,15.404],[38.853,15.625],[39.443,14.962],[41.138,13.856],[41.433,12.751],[41.212,11.866],[40.696,11.276],[41.507,10.76],[41.654,11.35],[42.81,11.778],[43.475,12.098],[42.079,13.861],[40.739,14.919],[39.518,15.463],[38.527,18.161],[37.431,17.702],[36.45,18.07],[35.96,19.418],[37.165,20.764],[36.66,22.167],[35.746,22.914],[35.19,24.4],[32.514,23.733],[30.819,23.659],[29.345,24.028],[27.428,27.197],[25.438,28.008],[21.679,28.082],[17.002,28.751],[12.533,30.805],[7.892,32.593],[6.503,32.733],[2.453,32.669],[-1.802,32.427],[-2.872,32.288],[-4.888,32.402],[-8.314,33.338]],[[33.694,16.436],[34.209,15.699],[34.578,12.751],[33.62,10.982],[32.367,10.982],[31.777,12.382],[31.851,14.888],[32.146,16.289],[31.63,17.394],[33.03,18.279],[33.915,17.984],[34.209,17.247],[33.694,16.436]]]},"properties":{"NAME":null,"SUBJECTO":null,"BORDERPRECISION":1}},
{"type":"Feature","geometry":{"type":"Polygon","coordinates":[[[44.301,1.291],[45.541,1.967],[47.636,4.096],[46.449,4.08],[44.281,3.358],[43.415,2.515],[39.417,-1.375],[42.786,1.32],[44.301,1.291]]]},"properties":{"NAME":null,"SUBJECTO":null,"BORDERPRECISION":1}},
{"type":"Feature","geometry":null,"properties":{"NAME":null,"SUBJECTO":null,"BORDERPRECISION":1}},
{"type":"Feature","geometry":{"type":"Polygon","coordinates":[[[40.618,-14.484],[40.603,-13.531],[40.534,-13.308],[40.618,-14.484]]]},"properties":{"NAME":null,"SUBJECTO":null,"BORDERPRECISION":1}},
{"type":"Feature","geometry":{"type":"Polygon","coordinates":[[[40.527,-15.183],[40.781,-14.922],[40.849,-14.579],[40.527,-15.183]]]},"properties":{"NAME":null,"SUBJECTO":null,"BORDERPRECISION":1}},
{"type":"Feature","geometry":{"type":"Polygon","coordinates":[[[34.673,-20.515],[34.71,-20.293],[34.726,-19.86],[34.847,-19.803],[35.915,-19.032],[37.275,-17.713],[39.471,-16.717],[40.61,-15.355],[39.471,-16.717],[37.275,-17.713],[35.915,-19.032],[34.847,-19.803],[34.726,-19.86],[34.719,-20.043],[34.673,-20.515]]]},"properties":{"NAME":null,"SUBJECTO":null,"BORDERPRECISION":1}},
{"type":"Feature","geometry":{"type":"Polygon","coordinates":[[[12.906,-19.702],[12.524,-19.062],[12.08,-18.491],[11.85,-18.022],[12.08,-18.491],[12.524,-19.062],[12.929,-19.742],[13.804,-21.443],[14.533,-22.496],[13.804,-21.443],[13.308,-20.472],[12.929,-19.742],[12.906,-19.702]]]},"properties":{"NAME":null,"SUBJECTO":null,"BORDERPRECISION":1}},
{"type":"Feature","geometry":null,"properties":{"NAME":null,"SUBJECTO":null,"BORDERPRECISION":1}},
{"type":"Feature","geometry":null,"properties":{"NAME":null,"SUBJECTO":null,"BORDERPRECISION":1}},
{"type":"Feature","geometry":{"type":"Polygon","coordinates":[[[10.525,-3.237],[9.931,-2.711],[11.773,-4.537],[12.227,-5.362],[11.773,-4.537],[10.525,-3.237]]]},"properties":{"NAME":null,"SUBJECTO":null,"BORDERPRECISION":1}},
{"type":"Feature","geometry":{"type":"Polygon","coordinates":[[[9.656,-2.419],[9.243,-1.772],[9.656,-2.419],[10.06,-2.571],[9.894,-2.444],[9.656,-2.419]]]},"properties":{"NAME":null,"SUBJECTO":null,"BORDERPRECISION":1}},
{"type":"Feature","geometry":{"type":"Polygon","coordinates":[[[8.981,-1.099],[8.815,-0.896],[9.112,-1.353],[9.465,-1.593],[8.981,-1.099]]]},"properties":{"NAME":null,"SUBJECTO":null,"BORDERPRECISION":1}},
{"type":"Feature","geometry":null,"properties":{"NAME":null,"SUBJECTO":null,"BORDERPRECISION":1}},
{"type":"Feature","geometry":{"type":"Polygon","coordinates":[[[9.557,1.127],[9.37,1.171],[9.622,1.089],[9.557,1.127]]]},"properties":{"NAME":null,"SUBJECTO":null,"BORDERPRECISION":1}},
{"type":"Feature","geometry":{"type":"Polygon","coordinates":[[[35.261,-22.274],[35.107,-20.984],[34.994,-21.271],[35.261,-22.274]]]},"properties":{"NAME":null,"SUBJECTO":null,"BORDERPRECISION":1}},
{"type":"Feature","geometry":{"type":"Polygon","coordinates":[[[35.297,-23.825],[35.425,-23.456],[35.512,-22.185],[35.297,-23.825]]]},"properties":{"NAME":null,"SUBJECTO":null,"BORDERPRECISION":1}},
{"type":"Feature","geometry":null,"properties":{"NAME":null,"SUBJECTO":null,"BORDERPRECISION":1}},
{"type":"Feature","geometry":{"type":"MultiPolygon","coordinates":[]},"properties":{"NAME":null,"SUBJECTO":null,"BORDERPRECISION":1}},
{"type":"Feature","geometry":{"type":"Polygon","coordinates":[[[18.293,-34.246],[18.487,-34.398],[19.279,-34.504],[18.293,-34.246]]]},"properties":{"NAME":null,"SUBJECTO":null,"BORDERPRECISION":1}},
{"type":"Feature","geometry":{"type":"Polygon","coordinates":[[[17.868,-32.994],[18.459,-33.832],[18.073,-33.223],[17.868,-32.994]]]},"properties":{"NAME":null,"SUBJECTO":null,"BORDERPRECISION":1}},
{"type":"Feature","geometry":null,"properties":{"NAME":null,"SUBJECTO":null,"BORDERPRECISION":1}},
{"type":"Feature","geometry":null,"properties":{"NAME":null,"SUBJECTO":null,"BORDERPRECISION":1}},
{"type":"Feature","geometry":null,"properties":{"NAME":null,"SUBJECTO":null,"BORDERPRECISION":1}},
{"type":"Feature","geometry":null,"properties":{"NAME":null,"SUBJECTO":null,"BORDERPRECISION":1}},
{"type":"Feature","geometry":{"type":"Polygon","coordinates":[[[9.032,4.138],[8.953,4.283],[9.032,4.138],[9.284,4.017],[9.78,3.853],[9.651,4.018],[9.284,4.017],[9.032,4.138]]]},"properties":{"NAME":null,"SUBJECTO":null,"BORDERPRECISION":1}},
{"type":"Feature","geometry":{"type":"Polygon","coordinates":[[[8.263,4.746],[8.925,4.525],[8.328,4.841],[8.263,4.746]]]},"properties":{"NAME":null,"SUBJECTO":null,"BORDERPRECISION":1}},
{"type":"Feature","geometry":null,"properties":{"NAME":null,"SUBJECTO":null,"BORDERPRECISION":1}},
{"type":"Feature","geometry":{"type":"Polygon","coordinates":[[[33.36,-20.843],[33.395,-20.761],[33.395,-20.583],[33.36,-20.843]]]},"properties":{"NAME":null,"SUBJECTO":null,"BORDERPRECISION":1}},
{"type":"Feature","geometry":null,"properties":{"NAME":null,"SUBJECTO":null,"BORDERPRECISION":1}},
{"type":"Feature","geometry":null,"properties":{"NAME":null,"SUBJECTO":null,"BORDERPRECISION":1}},
{"type":"Feature","geometry":null,"properties":{"NAME":null,"SUBJECTO":null,"BORDERPRECISION":1}},
{"type":"Feature","geometry":{"type":"Polygon","coordinates":[[[-13.212,8.347],[-12.869,7.973],[-12.274,7.631],[-13.212,8.347]]]},"properties":{"NAME":null,"SUBJECTO":null,"BORDERPRECISION":1}},
{"type":"Feature","geometry":{"type":"Polygon","coordinates":[[[-13.174,8.773],[-13.145,8.722],[-12.927,8.627],[-13.174,8.773]]]},"properties":{"NAME":null,"SUBJECTO":null,"BORDERPRECISION":1}},
{"type":"Feature","geometry":{"type":"Polygon","coordinates":[[[-13.626,9.623],[-13.141,9.027],[-13.282,9.275],[-13.626,9.623]]]},"properties":{"NAME":null,"SUBJECTO":null,"BORDERPRECISION":1}},
{"type":"Feature","geometry":{"type":"Polygon","coordinates":[[[-14.591,10.467],[-14.058,10.08],[-13.68,9.916],[-14.591,10.467]]]},"properties":{"NAME":null,"SUBJECTO":null,"BORDERPRECISION":1}},
{"type":"Feature","geometry":{"type":"Polygon","coordinates":[[[-15.018,10.917],[-14.821,10.803],[-14.575,10.784],[-15.018,10.917]]]},"properties":{"NAME":null,"SUBJECTO":null,"BORDERPRECISION":1}},
{"type":"Feature","geometry":{"type":"Polygon","coordinates":[[[-15.416,11.335],[-15.341,11.221],[-15.029,11.158],[-15.416,11.335]]]},"properties":{"NAME":null,"SUBJECTO":null,"BORDERPRECISION":1}},
{"type":"Feature","geometry":{"type":"Polygon","coordinates":[[[-16.696,12.413],[-16.571,12.312],[-16.279,12.21],[-16.696,12.413]]]},"properties":{"NAME":null,"SUBJECTO":null,"BORDERPRECISION":1}},
{"type":"Feature","geometry":{"type":"Polygon","coordinates":[[[13.084,-9.287],[13.204,-9.637],[13.418,-9.986],[13.639,-10.303],[13.816,-10.976],[13.649,-12.197],[12.585,-13.464],[12.06,-15.594],[11.782,-15.868],[11.85,-18.022],[12.08,-18.491],[12.524,-19.062],[12.906,-19.702],[28.141,-19.94],[28.902,-18.207],[30.082,-16.364],[31.63,-16.069],[32.956,-16.069],[33.356,-16.539],[33.657,-18.649],[33.471,-20.023],[34.719,-20.043],[34.726,-19.86],[34.847,-19.803],[35.915,-19.032],[37.275,-17.713],[39.471,-16.717],[40.61,-15.355],[40.527,-15.183],[40.849,-14.579],[40.618,-14.484],[40.534,-13.308],[40.366,-12.991],[40.4,-11.23],[39.248,-11.145],[38.238,-9.292],[37.732,-4.575],[39.417,-1.375],[43.415,2.515],[34.406,2.49],[33.93,2.844],[22.225,6.196],[12.605,7.732],[6.764,5.827],[6.089,4.328],[8.328,4.613],[8.263,4.746],[8.328,4.841],[8.925,4.525],[8.953,4.283],[9.032,4.138],[9.284,4.017],[9.651,4.018],[9.78,3.853],[9.586,3.675],[9.765,3.383],[9.851,1.877],[9.37,1.171],[9.557,1.127],[9.622,1.089],[9.35,0.535],[9.602,0.332],[9.854,0.174],[8.815,-0.896],[8.981,-1.099],[9.465,-1.593],[9.243,-1.772],[9.656,-2.419],[9.894,-2.444],[10.06,-2.571],[9.931,-2.711],[10.525,-3.237],[11.773,-4.537],[12.227,-5.362],[12.339,-6.19],[12.372,-6.258],[14.576,-4.772],[15.05,-6.015],[14.99,-7.198],[14.399,-7.198],[14.329,-9.368],[13.084,-9.287]],[[16.196,-9.121],[16.196,-10.194],[15.236,-9.883],[15.518,-9.178],[16.196,-9.121]]]},"properties":{"NAME":"Bantou","SUBJECTO":"Bantou","BORDERPRECISION":1}},
{"type":"Feature","geometry":{"type":"Polygon","coordinates":[[[-4.153,53.226],[-4.277,53.398],[-4.567,53.273],[-4.351,53.124],[-4.153,53.226]]]},"properties":{"NAME":null,"SUBJECTO":null,"BORDERPRECISION":1}},
{"type":"Feature","geometry":{"type":"Polygon","coordinates":[[[-5.104,55.439],[-5.155,55.673],[-5.4,55.601],[-5.104,55.439]]]},"properties":{"NAME":null,"SUBJECTO":null,"BORDERPRECISION":1}},
{"type":"Feature","geometry":{"type":"Polygon","coordinates":[[[-6.122,55.879],[-6.327,55.589],[-6.025,55.681],[-6.122,55.879]]]},"properties":{"NAME":null,"SUBJECTO":null,"BORDERPRECISION":1}},
{"type":"Feature","geometry":{"type":"Polygon","coordinates":[[[-5.947,55.83],[-5.746,56.064],[-5.968,56.024],[-6.079,55.906],[-5.947,55.83]]]},"properties":{"NAME":null,"SUBJECTO":null,"BORDERPRECISION":1}},
{"type":"Feature","geometry":{"type":"Polygon","coordinates":[[[-7.467,56.941],[-7.376,56.979],[-7.446,57.056],[-7.554,56.966],[-7.467,56.941]]]},"properties":{"NAME":null,"SUBJECTO":null,"BORDERPRECISION":1}},
{"type":"Feature","geometry":{"type":"Polygon","coordinates":[[[-7.223,57.337],[-7.425,57.382],[-7.381,57.109],[-7.23,57.095],[-7.223,57.337]]]},"properties":{"NAME":null,"SUBJECTO":null,"BORDERPRECISION":1}},
{"type":"Feature","geometry":{"type":"Polygon","coordinates":[[[-7.269,57.399],[-7.205,57.461],[-7.351,57.489],[-7.388,57.424],[-7.269,57.399]]]},"properties":{"NAME":null,"SUBJECTO":null,"BORDERPRECISION":1}},
{"type":"Feature","geometry":{"type":"Polygon","coordinates":[[[-7.189,57.687],[-7.477,57.562],[-7.154,57.509],[-7.189,57.687]]]},"properties":{"NAME":null,"SUBJECTO":null,"BORDERPRECISION":1}},
{"type":"Feature","geometry":{"type":"Polygon","coordinates":[[[-7.006,57.881],[-6.994,57.919],[-7.074,57.896],[-7.006,57.881]]]},"properties":{"NAME":null,"SUBJECTO":null,"BORDERPRECISION":1}},
{"type":"Feature","geometry":{"type":"Polygon","coordinates":[[[-6.802,58.203],[-6.794,58.218],[-6.854,58.25],[-6.873,58.206],[-6.802,58.203]]]},"properties":{"NAME":null,"SUBJECTO":null,"BORDERPRECISION":1}},
{"type":"Feature","geometry":{"type":"Polygon","coordinates":[[[-6.204,58.356],[-7.032,58.238],[-6.474,57.94],[-6.204,58.356]]]},"properties":{"NAME":null,"SUBJECTO":null,"BORDERPRECISION":1}},
{"type":"Feature","geometry":{"type":"Polygon","coordinates":[[[-4.778,54.056],[-4.394,54.186],[-4.527,54.367],[-4.778,54.056]]]},"properties":{"NAME":null,"SUBJECTO":null,"BORDERPRECISION":1}},
{"type":"Feature","geometry":{"type":"Polygon","coordinates":[[[129.716,28.451],[129.158,28.235],[129.369,28.116],[129.716,28.451]]]},"properties":{"NAME":null,"SUBJECTO":null,"BORDERPRECISION":1}},
{"type":"Feature","geometry":{"type":"Polygon","coordinates":[[[129.963,29.957],[129.942,30],[129.924,29.984],[129.963,29.957]]]},"properties":{"NAME":null,"SUBJECTO":null,"BORDERPRECISION":1}},
{"type":"Feature","geometry":{"type":"Polygon","coordinates":[[[129.896,29.874],[129.877,29.831],[129.923,29.825],[129.896,29.874]]]},"properties":{"NAME":null,"SUBJECTO":null,"BORDERPRECISION":1}},
{"type":"Feature","geometry":{"type":"Polygon","coordinates":[[[130.906,30.355],[131.074,30.689],[130.945,30.683],[130.906,30.355]]]},"properties":{"NAME":null,"SUBJECTO":null,"BORDERPRECISION":1}},
{"type":"Feature","geometry":{"type":"Polygon","coordinates":[[[130.559,30.236],[130.672,30.373],[130.511,30.459],[130.387,30.397],[130.559,30.236]]]},"properties":{"NAME":null,"SUBJECTO":null,"BORDERPRECISION":1}},
{"type":"Feature","geometry":{"type":"Polygon","coordinates":[[[120.907,24.845],[120.728,24.627],[120.674,24.551],[120.116,23.631],[120.049,23.061],[120.696,21.971],[121.453,23.327],[121.999,25.011],[120.907,24.845]]]},"properties":{"NAME":null,"SUBJECTO":null,"BORDERPRECISION":1}},
{"type":"Feature","geometry":{"type":"Polygon","coordinates":[[[128.901,32.643],[128.649,32.778],[128.61,32.612],[128.901,32.643]]]},"properties":{"NAME":null,"SUBJECTO":null,"BORDERPRECISION":1}},
{"type":"Feature","geometry":{"type":"Polygon","coordinates":[[[128.978,35.089],[129.439,35.476],[129.342,37.257],[128.27,38.42],[129.25,37.009],[128.978,35.089]]]},"properties":{"NAME":null,"SUBJECTO":null,"BORDERPRECISION":1}},
{"type":"Feature","geometry":{"type":"Polygon","coordinates":[[[123.871,24.252],[123.922,24.371],[123.767,24.414],[123.679,24.316],[123.871,24.252]]]},"properties":{"NAME":null,"SUBJECTO":null,"BORDERPRECISION":1}},
{"type":"Feature","geometry":{"type":"Polygon","coordinates":[[[125.356,24.777],[125.262,24.879],[125.252,24.738],[125.356,24.777]]]},"properties":{"NAME":null,"SUBJECTO":null,"BORDERPRECISION":1}},
{"type":"Feature","geometry":{"type":"Polygon","coordinates":[[[124.262,24.457],[124.078,24.42],[124.122,24.345],[124.23,24.338],[124.262,24.457]]]},"properties":{"NAME":null,"SUBJECTO":null,"BORDERPRECISION":1}},
{"type":"Feature","geometry":{"type":"Polygon","coordinates":[[[128.253,26.639],[128.247,26.84],[127.959,26.544],[128.253,26.639]]]},"properties":{"NAME":null,"SUBJECTO":null,"BORDERPRECISION":1}},
{"type":"Feature","geometry":{"type":"Polygon","coordinates":[[[126.762,26.387],[126.702,26.349],[126.781,26.298],[126.81,26.347],[126.762,26.387]]]},"properties":{"NAME":null,"SUBJECTO":null,"BORDERPRECISION":1}},
{"type":"Feature","geometry":{"type":"Polygon","coordinates":[[[128.951,27.676],[129.03,27.774],[128.899,27.898],[128.897,27.726],[128.951,27.676]]]},"properties":{"NAME":null,"SUBJECTO":null,"BORDERPRECISION":1}},
{"type":"Feature","geometry":{"type":"Polygon","coordinates":[[[128.609,27.359],[128.696,27.449],[128.524,27.414],[128.609,27.359]]]},"properties":{"NAME":null,"SUBJECTO":null,"BORDERPRECISION":1}},
{"type":"Feature","geometry":{"type":"Polygon","coordinates":[[[129.992,28.282],[130.032,28.353],[129.943,28.322],[129.992,28.282]]]},"properties":{"NAME":null,"SUBJECTO":null,"BORDERPRECISION":1}},
{"type":"Feature","geometry":{"type":"Polygon","coordinates":[[[129.336,28.075],[129.34,28.111],[129.224,28.184],[129.219,28.098],[129.336,28.075]]]},"properties":{"NAME":null,"SUBJECTO":null,"BORDERPRECISION":1}},
{"type":"Feature","geometry":{"type":"Polygon","coordinates":[[[129.733,29.61],[129.753,29.648],[129.71,29.652],[129.733,29.61]]]},"properties":{"NAME":null,"SUBJECTO":null,"BORDERPRECISION":1}},
{"type":"Feature","geometry":{"type":"Polygon","coordinates":[[[69.085,66.688],[70.84,66.551],[71.544,66.714],[69.085,66.688]]]},"properties":{"NAME":null,"SUBJECTO":null,"BORDERPRECISION":1}},
{"type":"Feature","geometry":{"type":"MultiPolygon","coordinates":[[[[11.179,59.07],[11.039,58.91],[11.14,58.851],[11.221,58.308],[11.407,58.331],[11.431,58.202],[11.614,58.247],[11.802,58.178],[11.61,57.807],[11.736,57.698],[11.877,57.325],[12.872,56.512],[12.414,56.243],[12.513,56.121],[12.986,55.667],[12.802,55.353],[13.302,55.301],[14.286,55.515],[14.126,55.667],[16.063,56.396],[16.744,58.312],[19.037,59.863],[17.146,60.953],[17.065,61.538],[18.487,62.981],[20.701,63.818],[20.921,64.714],[22.646,65.935],[25.252,65.417],[24.47,64.636],[21.034,62.477],[21.56,60.512],[23.665,59.836],[25.581,60.262],[28.435,60.337],[29.076,59.908],[27.702,59.298],[27.661,58.938],[27.771,58.891],[31.654,59.526],[30.929,61.1],[29.727,61.848],[32.223,62.848],[30.434,63.416],[30.065,64.56],[31.116,67.067],[30.469,67.486],[25.626,66.7],[21.879,66.967],[18.534,66.432],[18.4,67.235],[19.821,69.37],[16.855,68.558],[17.126,68.416],[16.522,68.341],[16.649,68.046],[15.572,67.821],[15.762,67.676],[14.569,67.329],[14.616,67.245],[14.778,67.217],[13.747,66.922],[13.992,66.687],[13.169,66.458],[13.255,66.393],[13.581,66.188],[12.284,65.435],[12.496,65.384],[11.407,64.617],[11.508,64.517],[7.989,62.94],[6.982,62.846],[7.102,62.705],[7.547,62.599],[5.426,62.009],[5.528,61.933],[5.834,61.819],[5.018,61.305],[5.12,61.137],[5.387,61.026],[4.98,60.689],[5.075,60.592],[5.551,60.509],[5.096,60.264],[5.279,60.125],[5.894,60.161],[5.543,59.824],[5.694,59.753],[6.185,59.824],[5.667,59.676],[5.741,59.628],[5.419,59.515],[5.383,59.711],[5.087,59.509],[5.177,59.307],[5.35,59.39],[5.344,59.266],[5.529,59.266],[5.717,59.337],[5.683,59.414],[5.8,59.432],[5.816,59.313],[6.113,59.527],[5.877,59.313],[6.02,59.254],[6.238,59.284],[5.772,59.076],[5.822,59.017],[6.266,58.993],[5.984,58.887],[6.094,58.798],[5.666,58.822],[5.627,58.964],[5.475,58.976],[5.531,58.881],[5.4,58.715],[5.615,58.455],[6.652,58.172],[6.479,58.09],[6.644,58.042],[6.874,58.078],[6.959,57.972],[8.175,58.172],[9.372,58.786],[9.346,58.845],[10.43,59.26],[10.379,59.367],[10.634,59.45],[10.549,59.379],[10.657,59.224],[11.179,59.07]]],[[[8.56,55.356],[8.596,54.761],[8.742,54.608],[8.951,54.419],[8.581,54.194],[9.056,54.349],[9.441,54.247],[9.449,54.189],[10.142,54.337],[9.865,54.411],[9.987,54.592],[9.421,54.976],[9.704,55.483],[9.69,55.605],[10.23,55.951],[10.175,56.076],[10.889,56.369],[10.23,56.605],[10.216,56.85],[8.117,56.092],[8.317,55.849],[8.035,55.476],[8.214,55.399],[8.56,55.356]]],[[[10.451,57.458],[10.401,57.506],[10.558,57.745],[8.183,56.798],[8.368,56.667],[8.471,56.597],[8.507,56.647],[8.666,56.7],[8.778,56.798],[8.847,56.986],[9.079,57.037],[9.503,56.975],[10.257,57.006],[10.451,57.458]]],[[[12.43,55.245],[12.158,55.379],[12.444,55.968],[11.102,55.634],[11.23,55.337],[11.285,55.189],[11.585,55.162],[12.43,55.245]]],[[[-21.729,65.182],[-23.675,64.659],[-23.508,64.559],[-21.488,64.376],[-22.507,63.866],[-22.373,63.773],[-20.404,63.698],[-18.642,63.324],[-14.821,64.195],[-13.59,65.43],[-14.754,65.697],[-14.641,65.945],[-16.385,66.454],[-18.022,66.078],[-17.861,65.837],[-19.275,65.929],[-19.156,65.725],[-21.495,65.568],[-21.242,65.882],[-22.841,66.281],[-22.56,66.113],[-22.474,65.996],[-23.608,65.98],[-23.426,65.827],[-23.267,65.725],[-24.219,65.534],[-24.147,65.439],[-21.729,65.182]]],[[[-42.824,60.802],[-42.271,62.194],[-40.516,63.782],[-39.992,65.533],[-35.972,65.847],[-34.433,66.384],[-32.956,67.641],[-26.964,68.502],[-22.732,69.774],[-24.585,70.304],[-27.475,70.207],[-27.606,71.068],[-25.291,71.569],[-23.754,70.59],[-21.471,70.532],[-21.726,71.405],[-25.073,72.634],[-27.357,72.859],[-24.076,73.756],[-20.33,73.42],[-19.071,74.609],[-19.194,75.444],[-21.183,76.697],[-18.253,77.3],[-20.777,77.969],[-20.879,78.818],[-14.202,81.21],[-22.053,81.54],[-25.457,82.221],[-22.432,82.743],[-32.513,83.577],[-49.648,82.478],[-61.122,81.798],[-61.112,81.182],[-67.143,80.562],[-65.164,79.31],[-58.83,78.238],[-52.059,74.705],[-51.82,74.213],[-55.988,73.921],[-54.73,73.038],[-55.626,71.73],[-51.72,71.59],[-50.573,69.866],[-50.954,68.539],[-50.477,67.482],[-52.303,66.909],[-53.103,65.873],[-52.078,65.372],[-51.366,63.726],[-49.857,62.967],[-48.915,61.421],[-43.144,59.819],[-42.824,60.802]]]]},"properties":{"NAME":"Kalmar Union","SUBJECTO":"Kalmar Union","BORDERPRECISION":1}},
{"type":"Feature","geometry":{"type":"MultiPolygon","coordinates":[[[[-143.608,68.65],[-128.367,66.877],[-98.734,65.629],[-92.894,62.126],[-87.435,64.569],[-88.171,65.13],[-85.987,66.163],[-83.139,66.373],[-81.295,67.499],[-82.687,68.697],[-81.48,69.189],[-84.314,69.826],[-86.488,67.378],[-88.324,67.813],[-87.79,68.478],[-88.905,69.228],[-92.671,69.742],[-91.658,70.286],[-93.271,71.559],[-95.411,71.859],[-96.7,70.838],[-96.127,69.941],[-92.956,69.084],[-96.208,68.074],[-101.913,67.705],[-105.636,68.355],[-107.662,67.963],[-112.503,67.693],[-115.285,68.892],[-117.832,69.008],[-122.326,69.884],[-123.803,69.434],[-125.974,69.43],[-127.352,70.38],[-129.013,69.72],[-131.673,69.276],[-135.439,69.526],[-137.729,69.016],[-143.308,70.197],[-145.273,70.116],[-149.286,70.539],[-152.137,70.534],[-152.971,70.934],[-156.905,71.346],[-159.861,70.54],[-143.608,68.65]]],[[[-61.933,56.281],[-62.887,58.656],[-64.671,60.181],[-65.861,58.795],[-67.772,58.249],[-69.214,58.748],[-70.028,60.883],[-73.395,62.355],[-75.695,62.216],[-77.362,62.517],[-77.507,60.415],[-78.337,58.551],[-76.772,57.663],[-76.439,56.81],[-77.234,55.607],[-78.589,54.922],[-79.545,54.692],[-79.399,54.276],[-79.545,54.692],[-75.37,54.662],[-75.051,56.718],[-74.524,60.123],[-68.214,57.037],[-64.597,58.15],[-62.277,55.587],[-61.933,56.281]]],[[[-65.164,79.31],[-72.383,78.526],[-69.688,77.555],[-71.184,77.26],[-67.037,75.936],[-63.651,76.38],[-58.636,75.793],[-55.988,73.921],[-51.82,74.213],[-52.059,74.705],[-58.83,78.238],[-65.164,79.31]]],[[[-97.082,73.667],[-97.957,73.922],[-101.654,72.373],[-98.939,71.392],[-96.85,71.88],[-97.082,73.667]]],[[[-108.396,76.303],[-111.386,75.66],[-114.372,76.47],[-116.296,76.238],[-115.186,75.154],[-112.203,74.5],[-109.07,75.133],[-105.773,75.23],[-105.917,76.022],[-108.396,76.303]]],[[[-94.109,72.222],[-90,73.591],[-90,74],[-95.069,74.064],[-95.641,73.144],[-94.109,72.222]]],[[[-80.766,75.61],[-83.559,75.905],[-86.618,75.432],[-90,75.95],[-92.366,75.421],[-89.698,74.615],[-80.349,74.616],[-80.766,75.61]]],[[[-107.527,72.016],[-108.986,72.73],[-111.726,72.331],[-114.647,73.355],[-117.22,72.857],[-118.986,72.034],[-117.314,71.475],[-117.568,69.992],[-115.907,69.351],[-113.925,69.249],[-113.152,68.596],[-110.448,68.653],[-106.854,69.451],[-104.188,68.898],[-101.808,69.136],[-101.055,70.031],[-103.864,70.701],[-105.313,72.65],[-107.527,72.016]]],[[[-101.746,76.544],[-101.675,76.064],[-98.002,75.162],[-97.817,76.476],[-101.746,76.544]]],[[[-74.559,64.78],[-73.164,64.574],[-71.319,63.061],[-69.155,62.42],[-65.94,61.79],[-66.496,63.077],[-64.735,63.067],[-64.474,63.744],[-67.614,65.912],[-66.913,66.595],[-65.034,65.953],[-62.845,65.614],[-61.211,66.635],[-68.665,68.716],[-66.668,69.186],[-69.463,69.96],[-71.253,71.351],[-73.275,71.161],[-75.322,72.548],[-77.119,72.711],[-81.027,72.05],[-80.489,73.037],[-81.532,73.688],[-88.099,73.636],[-89.639,72.782],[-89.997,71.541],[-87.949,71.351],[-87.948,70.385],[-82.269,69.86],[-78.713,70.011],[-73.185,68.296],[-72.305,67.264],[-75.789,65.197],[-77.358,65.376],[-78.127,64.651],[-76.526,64.23],[-74.559,64.78]]],[[[-84.122,65.341],[-85.558,65.864],[-86.243,64.542],[-85.463,63.206],[-82.11,64.644],[-84.122,65.341]]]]},"properties":{"NAME":"Thule","SUBJECTO":"Thule","BORDERPRECISION":1}},
{"type":"Feature","geometry":{"type":"Polygon","coordinates":[[[77.978,34.873],[82.693,34.743],[86.821,35.112],[89.917,35.186],[90,36.512],[91.686,36.365],[95.519,37.102],[95.15,37.692],[95.592,38.945],[99.278,38.982],[102.926,39.018],[119.604,42.03],[131.865,43.29],[132.953,42.67],[134.139,42.993],[136.034,44.398],[137.721,45.997],[139.214,47.811],[140.081,48.503],[141.121,53.052],[140.102,53.802],[138.417,54.092],[137.979,53.465],[136.487,53.655],[126.437,54.917],[118.11,56.893],[109.077,57.599],[102.586,57.296],[87.206,49.606],[87.774,49.282],[85.516,48.411],[77.181,46.783],[74.066,45.542],[68.228,42.242],[64.531,40.153],[65.077,39.534],[68.578,37.128],[71.342,35.775],[72.027,35.608],[74.659,34.964],[77.978,34.873]]]},"properties":{"NAME":"Chagatai Khanate","SUBJECTO":"Chagatai Khanate","BORDERPRECISION":1}},
{"type":"Feature","geometry":{"type":"Polygon","coordinates":[[[102.586,57.296],[93.975,56.893],[85.083,58.163],[77.038,61.974],[75.239,62.134],[75.664,58.615],[78.398,58.589],[82.536,57.08],[79.301,54.399],[78.805,54.394],[87.206,49.606],[102.586,57.296]]]},"properties":{"NAME":"Oirat Confederation","SUBJECTO":"Oirat Confederation","BORDERPRECISION":1}},
{"type":"Feature","geometry":{"type":"Polygon","coordinates":[[[59.984,26.512],[65.519,26.93],[66.994,27.741],[69.568,29.956],[70.342,31.384],[72.027,35.608],[71.342,35.775],[68.578,37.128],[65.077,39.534],[64.531,40.153],[68.228,42.242],[66.666,44.427],[61.271,46.256],[60.944,44.441],[60.077,43.609],[58.879,43.849],[55.642,40.05],[54.071,38.897],[53.984,36.782],[57.19,30.763],[59.18,28.478],[59.984,26.512]]]},"properties":{"NAME":"Timurid Emirates","SUBJECTO":"Timurid Emirates","BORDERPRECISION":1}},
{"type":"Feature","geometry":{"type":"MultiPolygon","coordinates":[[[[13.761,41.207],[15.666,40.092],[16.083,39.012],[17.084,40.525],[14.076,42.634],[13.415,42.364],[13.761,41.207]]],[[[3.039,42.869],[1.728,42.501],[-0.907,42.881],[-2.13,41.817],[-1.807,39.858],[-2.035,38.602],[-1.655,37.918],[-1.94,36.952],[-0.918,37.57],[0.173,38.738],[-0.395,39.434],[0.879,41.022],[3.129,41.857],[3.039,42.869]]],[[[8.582,39.066],[9.479,39.144],[9.794,40.564],[9.306,41.184],[8.241,40.855],[8.582,39.066]]],[[[14.216,37.049],[15.027,36.745],[15.387,38.206],[12.454,37.766],[14.216,37.049]]]]},"properties":{"NAME":"Aragón","SUBJECTO":"Aragón","BORDERPRECISION":1}},
{"type":"Feature","geometry":{"type":"Polygon","coordinates":[[[77.997,16.465],[78.322,17.415],[78.173,19.013],[77.387,18.771],[77.071,17.361],[77.174,16.658],[77.997,16.465]]]},"properties":{"NAME":"Bidar","SUBJECTO":"Bidar","BORDERPRECISION":1}},
{"type":"Feature","geometry":{"type":"Polygon","coordinates":[[[77.922,16.246],[77.997,16.465],[77.174,16.658],[77.071,17.361],[77.387,18.771],[75.412,18.5],[73.396,16.616],[73.494,16.288],[75.067,15.966],[76.103,15.966],[76.91,16.312],[77.922,16.246]]]},"properties":{"NAME":"Bijapur","SUBJECTO":"Bijapur","BORDERPRECISION":1}},
{"type":"Feature","geometry":{"type":"Polygon","coordinates":[[[73.713,22.945],[74.271,21.906],[73.485,19.907],[72.789,19.883],[73.396,16.616],[75.412,18.5],[77.387,18.771],[78.173,19.013],[78.533,19.124],[78.573,20.438],[76.093,21.047],[76.928,23.897],[73.713,22.945]]]},"properties":{"NAME":"Ahmadnagar","SUBJECTO":"Ahmadnagar","BORDERPRECISION":1}},
{"type":"Feature","geometry":{"type":"Polygon","coordinates":[[[79.956,17.604],[79.328,17.233],[78.533,19.124],[78.173,19.013],[78.322,17.415],[77.997,16.465],[77.922,16.246],[80.46,15.773],[81.088,15.827],[82.323,17.004],[79.956,17.604]]]},"properties":{"NAME":"Golkonda","SUBJECTO":"Golkonda","BORDERPRECISION":1}},
{"type":"Feature","geometry":{"type":"Polygon","coordinates":[[[78.277,24.296],[76.928,23.897],[76.093,21.047],[78.573,20.438],[78.533,19.124],[79.328,17.233],[79.956,17.604],[81.862,18.73],[84.304,20.752],[82.546,23.245],[80.924,23.687],[78.951,23.959],[78.277,24.296]]]},"properties":{"NAME":"Islamic states","SUBJECTO":"Islamic states","BORDERPRECISION":1}},
{"type":"Feature","geometry":{"type":"Polygon","coordinates":[[[107.48,13.257],[107.463,14.997],[107.108,16.17],[106.638,16.484],[105.574,17.881],[104.933,17.451],[104.111,17.999],[101.646,17.999],[101.657,19.661],[99.841,20.482],[98.67,18.397],[97.573,16.445],[97.823,14.616],[98.486,13.112],[98.738,11.435],[98.398,10.564],[98.633,10.101],[98.177,8.6],[99.025,7.871],[100.139,6.177],[100.664,3.904],[101.264,3.225],[101.837,3.46],[103.334,3.394],[103.342,4.805],[102.325,6.099],[101.56,6.74],[100.615,6.979],[100.132,8.532],[99.071,9.898],[99.895,12.079],[100.24,13.49],[100.872,12.679],[101.919,12.585],[102.671,12.038],[103.657,12.846],[105.016,13.406],[107.48,13.257]]]},"properties":{"NAME":"Ayutthaya","SUBJECTO":"Ayutthaya","BORDERPRECISION":1}},
{"type":"Feature","geometry":{"type":"Polygon","coordinates":[[[18.534,66.432],[21.879,66.967],[25.626,66.7],[30.469,67.486],[28.902,68.356],[30.144,69.262],[32.159,69.69],[28.308,70.949],[24.571,70.741],[23.204,69.943],[19.821,69.37],[18.4,67.235],[18.534,66.432]]]},"properties":{"NAME":"Sámi","SUBJECTO":"Sámi","BORDERPRECISION":1}},
{"type":"Feature","geometry":{"type":"Polygon","coordinates":[[[136.487,53.655],[136.492,54.455],[134.985,54.854],[137.229,55.983],[140.587,58.239],[142.846,59.273],[148.416,59.097],[149.045,59.587],[151.14,59.44],[152.504,58.769],[153.924,58.922],[154.316,59.983],[155.734,60.555],[157.098,61.633],[158.841,61.784],[160.645,60.718],[164.138,62.533],[163.329,60.695],[159.649,58.954],[158.326,58.027],[156.777,57.58],[155.628,56.268],[155.465,54.92],[156.038,52.781],[156.696,50.958],[157.898,51.666],[158.461,52.826],[159.897,53.241],[159.931,54.086],[162.008,54.738],[161.503,55.287],[162.512,57.033],[161.804,58.102],[162.907,58.891],[163.389,59.814],[164.585,59.665],[165.78,60.354],[170.337,60.277],[173.481,61.601],[179.288,62.815],[178.147,64.157],[180,64.953],[180,65.052],[180,65.311],[180,65.382],[180,65.963],[180,66.963],[180,67.963],[180,68.92],[175.611,69.779],[170.452,70.019],[170.833,68.922],[169.389,68.717],[167.32,69.659],[161.961,69.528],[159.444,69.765],[158.409,70.814],[156.043,70.987],[152.134,70.664],[150.694,71.347],[146.915,72.202],[141.294,72.787],[137.63,71.075],[132.284,71.661],[130.779,70.678],[126.216,72.382],[128.525,72.952],[125.717,73.398],[120.579,72.835],[118.46,73.519],[108.34,73.691],[113.625,75.273],[113.533,76.094],[108.244,76.646],[103.393,77.558],[99.467,75.967],[90,75.602],[86.958,74.782],[87.691,73.9],[80.464,73.314],[79.223,72.271],[76.333,71.72],[73.217,71.458],[74.25,70.573],[73.915,69.154],[74.742,67.686],[72.209,66.173],[69.085,66.688],[66.508,66.532],[65.477,64.688],[66.042,63.599],[65.062,62.969],[67.852,61.674],[70.97,64.245],[72.362,62.939],[74.372,63.079],[75.239,62.134],[77.038,61.974],[85.083,58.163],[93.975,56.893],[102.586,57.296],[109.077,57.599],[118.11,56.893],[126.437,54.917],[136.487,53.655]]]},"properties":{"NAME":"Siberians","SUBJECTO":"Siberians","BORDERPRECISION":1}},
{"type":"Feature","geometry":{"type":"Polygon","coordinates":[[[87.206,49.606],[78.805,54.394],[68.591,54.282],[64.679,55.974],[64.227,57.662],[65.899,59.729],[65.406,60.002],[61.307,58.836],[58.581,57.58],[56.372,57.364],[52.854,46.938],[53.149,45.957],[52.61,45.4],[51.513,45.373],[50.874,44.626],[51.171,43.718],[52.52,42.073],[53.985,42.106],[54.818,40.88],[53.257,40.765],[52.845,40.18],[54.071,38.897],[55.642,40.05],[58.879,43.849],[58.199,44.52],[58.815,45.931],[60.271,46.7],[61.271,46.256],[66.666,44.427],[68.228,42.242],[74.066,45.542],[77.181,46.783],[85.516,48.411],[87.774,49.282],[87.206,49.606]]]},"properties":{"NAME":"White Horde","SUBJECTO":"White Horde","BORDERPRECISION":1}},
{"type":"Feature","geometry":{"type":"Polygon","coordinates":[[[56.372,57.364],[56.344,57.359],[52.784,46.949],[52.854,46.938],[56.372,57.364]]]},"properties":{"NAME":null,"SUBJECTO":null,"BORDERPRECISION":1}},
{"type":"Feature","geometry":{"type":"Polygon","coordinates":[[[56.372,57.364],[56.344,57.361],[56.344,57.359],[56.372,57.364]]]},"properties":{"NAME":null,"SUBJECTO":null,"BORDERPRECISION":1}},
{"type":"Feature","geometry":{"type":"Polygon","coordinates":[[[39.126,55.171],[38.215,55.148],[38.176,53.973],[40.514,53.852],[40.207,54.587],[39.126,55.171]]]},"properties":{"NAME":"Ryazan","SUBJECTO":"Ryazan","BORDERPRECISION":1}},
{"type":"Feature","geometry":{"type":"Polygon","coordinates":[[[45.382,42.623],[47.35,41.442],[48.224,41.471],[47.249,42.785],[47.493,43.583],[46.846,44.446],[47.556,45.453],[49.535,46.542],[51.369,47.09],[52.784,46.949],[56.344,57.359],[54.596,57.069],[51.694,57.03],[46.875,56.445],[45.718,55.348],[43.974,54.823],[44.435,53.719],[43.991,52.619],[43.268,52.311],[41.3,52.305],[39.64,51.748],[37.699,52.736],[36.86,52.095],[38.292,51.206],[38.136,49.049],[40.026,49.08],[42.587,50.91],[43.673,50.86],[44.364,49.429],[42.524,47.051],[41.31,43.557],[43.617,43.773],[45.382,42.623]]]},"properties":{"NAME":"Golden Horde","SUBJECTO":"Golden Horde","BORDERPRECISION":1}},
{"type":"Feature","geometry":{"type":"Polygon","coordinates":[[[32.907,52.401],[32.943,51.897],[33.396,51.78],[33.655,52.363],[32.907,52.401]]]},"properties":{"NAME":"Novgorod-Seversky","SUBJECTO":"Novgorod-Seversky","BORDERPRECISION":1}},
{"type":"Feature","geometry":{"type":"Polygon","coordinates":[[[27.581,58.231],[29.873,58.114],[31.17,57.112],[30.777,56.072],[31.351,54.824],[32.208,54.864],[32.555,53.319],[31.371,53.065],[31.562,52.398],[30.854,51.541],[33.693,51.342],[34.871,51.456],[36.86,52.095],[37.699,52.736],[39.64,51.748],[41.3,52.305],[43.268,52.311],[43.991,52.619],[44.435,53.719],[43.974,54.823],[45.718,55.348],[46.875,56.445],[51.694,57.03],[54.596,57.069],[56.344,57.359],[56.344,57.361],[56.372,57.364],[58.581,57.58],[61.307,58.836],[65.406,60.002],[65.899,59.729],[68.622,59.808],[69.666,60.671],[67.852,61.674],[65.062,62.969],[66.042,63.599],[65.477,64.688],[66.508,66.532],[69.085,66.688],[71.544,66.714],[73.394,68.382],[72.526,69.069],[72.68,70.824],[71.798,71.432],[72.714,72.77],[69.343,72.834],[68.316,71.635],[66.818,71.105],[67.422,70.223],[66.584,68.886],[62.281,69.705],[60.369,69.468],[57.024,68.449],[53.889,68.787],[48.081,67.562],[45.863,68.383],[43.822,68.327],[44.384,66.612],[42.211,66.41],[39.951,65.581],[40.462,64.75],[39.193,64.511],[36.884,65.068],[37.411,63.749],[35.082,64.288],[34.293,65.396],[35.772,66.259],[39.19,66.039],[41.255,66.937],[40.826,67.66],[37.246,68.793],[33.628,69.215],[32.159,69.69],[30.144,69.262],[28.902,68.356],[30.469,67.486],[31.116,67.067],[30.065,64.56],[30.434,63.416],[32.223,62.848],[29.727,61.848],[30.929,61.1],[31.654,59.526],[27.771,58.891],[27.65,58.843],[27.581,58.231]],[[39.126,55.171],[40.207,54.587],[40.514,53.852],[38.176,53.973],[38.215,55.148],[39.126,55.171]],[[32.907,52.401],[33.655,52.363],[33.396,51.78],[32.943,51.897],[32.907,52.401]]]},"properties":{"NAME":"Grand Duchy of Moscow","SUBJECTO":"Grand Duchy of Moscow","BORDERPRECISION":1}},
{"type":"Feature","geometry":{"type":"Polygon","coordinates":[[[75.239,62.134],[74.372,63.079],[72.362,62.939],[70.97,64.245],[67.852,61.674],[69.666,60.671],[68.622,59.808],[65.899,59.729],[64.227,57.662],[64.679,55.974],[68.591,54.282],[78.805,54.394],[79.301,54.399],[82.536,57.08],[78.398,58.589],[75.664,58.615],[75.239,62.134]]]},"properties":{"NAME":"Khanate of Sibir","SUBJECTO":"Khanate of Sibir","BORDERPRECISION":1}},
{"type":"Feature","geometry":{"type":"MultiPolygon","coordinates":[[[[27.65,58.843],[27.771,58.891],[27.661,58.938],[27.65,58.843]]],[[[27.823,56.725],[28.813,56.883],[30.777,56.072],[31.17,57.112],[29.873,58.114],[27.581,58.231],[27.823,56.725]]]]},"properties":{"NAME":"Pskov","SUBJECTO":"Pskov","BORDERPRECISION":1}},
{"type":"Feature","geometry":{"type":"Polygon","coordinates":[[[178.176,-18.242],[178.171,-17.342],[177.51,-17.509],[177.333,-18.119],[178.176,-18.242]]]},"properties":{"NAME":"Tuʻi Tonga Empire","SUBJECTO":"Tuʻi Tonga Empire","BORDERPRECISION":1}},
{"type":"Feature","geometry":{"type":"Polygon","coordinates":[[[-109.241,-27.133],[-109.366,-27.063],[-109.428,-27.202],[-109.241,-27.133]]]},"properties":{"NAME":"Polynesians","SUBJECTO":"Polynesians","BORDERPRECISION":1}},
{"type":"Feature","geometry":{"type":"MultiPolygon","coordinates":[[[[16.64,43.39],[16.992,43.323],[17.304,43.076],[19.607,41.762],[19.369,40.26],[20.029,39.814],[21.172,38.348],[21.228,37.905],[22.39,36.524],[22.639,37.492],[23.556,38.352],[22.72,39.287],[22.602,40.397],[23.886,40.733],[25.993,40.852],[26.614,40.398],[27.474,40.963],[28.828,40.915],[27.502,42.516],[28.446,43.476],[28.686,44.488],[29.711,45.258],[30.833,46.577],[32.007,46.906],[30.886,47.454],[28.368,45.331],[26.54,45.25],[23.543,45.856],[20.801,44.932],[19.785,44.936],[18.939,44.393],[16.865,44.245],[16.701,43.847],[16.64,43.39]]],[[[38.61,38.368],[41.212,40.244],[41.484,41.437],[40.361,40.963],[38.651,40.922],[36.383,41.238],[35.958,41.686],[33.556,41.983],[30.745,41.04],[27.764,40.287],[26.765,40.377],[26.128,39.879],[26.708,39.182],[27.16,37.36],[29.002,36.695],[29.298,36.173],[30.473,36.188],[31.371,36.712],[33.171,35.971],[34.485,36.627],[35.891,36.771],[36.494,37.369],[38.61,38.368]]]]},"properties":{"NAME":"Ottoman Empire","SUBJECTO":"Ottoman Empire","BORDERPRECISION":1}}
]}