{"type":"FeatureCollection", "features": [
{"type":"Feature","geometry":{"type":"Polygon","coordinates":[[[-95.468,31.216],[-95.821,29.645],[-95.174,29.106],[-94.142,29.69],[-92.017,29.825],[-91.981,30.233],[-92.46,30.584],[-94.708,30.755],[-95.468,31.216]]]},"properties":{"NAME":"Atakapa","SUBJECTO":"Atakapa","BORDERPRECISION":1}},
{"type":"Feature","geometry":{"type":"Polygon","coordinates":[[[-82.177,22.366],[-77.291,20.704],[-77.461,19.871],[-75.519,19.907],[-75.604,21.013],[-77.34,21.512],[-79.76,22.759],[-81.431,23.137],[-82.177,22.366]]]},"properties":{"NAME":"Cuba (Spain)","SUBJECTO":"Cuba (Spain)","BORDERPRECISION":1}},
{"type":"Feature","geometry":{"type":"Polygon","coordinates":[[[-71.374,19.834],[-72.676,19.392],[-72.746,18.509],[-71.401,17.704],[-70.621,18.507],[-68.657,18.873],[-70.882,19.93],[-71.374,19.834]]]},"properties":{"NAME":"Hispaniola (Spain)","SUBJECTO":"Hispaniola (Spain)","BORDERPRECISION":1}},
{"type":"Feature","geometry":{"type":"MultiPolygon","coordinates":[[[[120.364,14.531],[121.242,15.308],[122.396,17.114],[122.028,18.009],[121.036,18.528],[120.393,18.044],[120.303,16.417],[119.772,15.47],[120.364,14.531]]],[[[126.045,6.608],[126.272,8.426],[125.934,9.175],[123.465,7.791],[124.224,6.09],[126.045,6.608]]]]},"properties":{"NAME":null,"SUBJECTO":null,"BORDERPRECISION":1}},
{"type":"Feature","geometry":{"type":"Polygon","coordinates":[[[44.672,-16.236],[43.972,-17.553],[44.47,-20.17],[43.501,-21.494],[43.671,-24.227],[44.425,-25.312],[45.576,-25.621],[47.258,-24.766],[48.087,-22.044],[49.342,-18.228],[49.425,-17.198],[50.503,-15.314],[49.817,-12.831],[48.751,-13.418],[46.925,-15.36],[44.672,-16.236]],[[48.015,-17.023],[48.488,-20.041],[47.186,-23.119],[45.529,-23.592],[45.292,-22.645],[46.654,-17.733],[48.015,-17.023]]]},"properties":{"NAME":"Madagascar","SUBJECTO":"Madagascar","BORDERPRECISION":1}},
{"type":"Feature","geometry":{"type":"MultiPolygon","coordinates":[[[[175.308,-37.321],[174.217,-35.337],[173.166,-35.421],[174.765,-37.297],[174.655,-38.983],[176.011,-41.255],[178.408,-38.771],[175.308,-37.321]]],[[[172.063,-43.923],[174.234,-42.011],[173.264,-41.544],[171.458,-41.993],[171.024,-42.887],[168.416,-44.221],[166.523,-46.233],[169.399,-46.71],[170.612,-45.946],[172.063,-43.923]]]]},"properties":{"NAME":"Maoris","SUBJECTO":"Maoris","BORDERPRECISION":1}},
{"type":"Feature","geometry":{"type":"Polygon","coordinates":[[[-24.219,65.534],[-21.955,65.378],[-22.373,63.773],[-18.642,63.324],[-14.821,64.195],[-13.647,65.495],[-16.922,65.978],[-24.219,65.534]]]},"properties":{"NAME":null,"SUBJECTO":null,"BORDERPRECISION":1}},
{"type":"Feature","geometry":{"type":"Polygon","coordinates":[[[3.039,42.869],[1.728,42.501],[-0.612,42.731],[-1.915,43.305],[-7.636,43.721],[-9.271,43.049],[-8.806,41.889],[-6.709,41.96],[-6.933,38.961],[-7.492,37.208],[-5.661,36.008],[-4.447,36.722],[-2.239,36.728],[0.173,38.738],[-0.395,39.434],[0.879,41.022],[3.129,41.857],[3.039,42.869]]]},"properties":{"NAME":"Spain","SUBJECTO":"Spain","BORDERPRECISION":1}},
{"type":"Feature","geometry":{"type":"Polygon","coordinates":[[[-8.806,41.889],[-8.694,40.992],[-9.549,38.775],[-8.854,38.5],[-8.667,37.121],[-7.492,37.208],[-6.933,38.961],[-6.709,41.96],[-8.806,41.889]]]},"properties":{"NAME":"Portugal","SUBJECTO":"Portugal","BORDERPRECISION":1}},
{"type":"Feature","geometry":{"type":"MultiPolygon","coordinates":[[[[121.263,1.102],[119.914,0.54],[118.684,-2.901],[119.461,-3.808],[119.477,-5.804],[120.248,-5.586],[120.144,-3.076],[121.873,-4.96],[122.641,-4.284],[122.258,-3.211],[120.507,-1.448],[119.873,-0.465],[121.263,1.102]]],[[[96.118,3.951],[96.72,3.705],[97.597,2.251],[98.601,1.707],[99.113,0.221],[99.697,-0.152],[100.812,-2.336],[102.462,-4.182],[104.568,-6.071],[105.728,-5.827],[105.943,-3.215],[103.311,-0.818],[101.136,-1.366],[100.202,0.892],[98.646,2.76],[98.625,3.658],[97.384,5.18],[96.602,5.077],[96.118,3.951]]],[[[105.933,-6.026],[105.633,-6.755],[106.484,-7.503],[109.037,-7.72],[110.778,-8.32],[113.074,-8.347],[112.275,-7.027],[108.556,-6.921],[106.945,-6.026],[105.933,-6.026]]],[[[108.999,0.198],[109.179,-0.869],[109.941,-1.643],[110.102,-3.079],[112.795,-2.971],[114.712,-4.206],[115.568,-3.804],[117.046,-0.935],[117.534,0.611],[118.517,1.166],[117.074,3.507],[119.043,5.17],[116.596,6.899],[114.878,4.856],[113.815,4.263],[112.759,3.009],[111.372,2.599],[110.818,1.244],[109.932,0.191],[108.999,0.198]]]]},"properties":{"NAME":"Malaysian Islamic states","SUBJECTO":"Malaysian Islamic states","BORDERPRECISION":1}},
{"type":"Feature","geometry":{"type":"Polygon","coordinates":[[[-26.787,71.558],[-23.754,70.59],[-21.726,71.405],[-25.073,72.634],[-24.076,73.756],[-20.33,73.42],[-19.194,75.444],[-21.183,76.697],[-18.253,77.3],[-20.879,78.818],[-14.202,81.21],[-22.053,81.54],[-22.432,82.743],[-32.513,83.577],[-49.648,82.478],[-61.122,81.798],[-67.143,80.562],[-65.485,79.158],[-72.383,78.526],[-71.184,77.26],[-67.037,75.936],[-63.651,76.38],[-58.636,75.793],[-54.73,73.038],[-55.626,71.73],[-51.72,71.59],[-50.573,69.866],[-50.477,67.482],[-52.303,66.909],[-51.366,63.726],[-49.857,62.967],[-48.915,61.421],[-43.144,59.819],[-42.271,62.194],[-40.516,63.782],[-39.992,65.533],[-35.972,65.847],[-32.956,67.641],[-26.964,68.502],[-22.732,69.774],[-28.384,70.458],[-26.787,71.558]]]},"properties":{"NAME":null,"SUBJECTO":null,"BORDERPRECISION":1}},
{"type":"Feature","geometry":{"type":"MultiPolygon","coordinates":[[[[-73.112,-72.749],[-70.021,-72.672],[-68.398,-71.127],[-72.107,-71.05],[-75.275,-71.668],[-73.112,-72.749]]],[[[-102.551,-72.131],[-97.142,-72.672],[-97.22,-71.822],[-102.551,-72.131]]],[[[-55.185,-80.94],[-44.831,-80.322],[-44.213,-78.39],[-48.849,-78.081],[-55.185,-80.94]]],[[[169.769,-83.418],[162.015,-81.66],[159.315,-80.027],[163.643,-78.661],[162.346,-75.107],[164.616,-74.172],[168.975,-73.239],[170.729,-71.904],[167.635,-70.865],[160.599,-70.221],[157.307,-69.156],[151.093,-68.886],[146.875,-67.997],[145.586,-67.223],[141.157,-66.722],[134.205,-66.18],[130.272,-66.253],[129.01,-67.03],[122.458,-66.645],[118.286,-67.07],[113.015,-65.763],[109.404,-66.71],[102.631,-65.926],[99.654,-66.549],[90,-66.607],[81.814,-67.302],[78.26,-68.384],[76.869,-69.311],[72.542,-70.238],[70.301,-72.015],[67.365,-71.706],[68.951,-69.889],[69.374,-67.843],[56.627,-66.942],[55.142,-65.963],[52.452,-65.988],[47.305,-67.775],[44.797,-67.745],[39.647,-68.934],[38.332,-70.029],[33.541,-68.542],[32.748,-69.35],[23.707,-70.586],[17.603,-70.084],[8.485,-70.084],[0.681,-71.32],[-7.2,-70.895],[-11.141,-71.59],[-11.828,-72.323],[-16.396,-73.445],[-14.451,-74.065],[-18.405,-75.686],[-23.582,-75.918],[-33.163,-77.386],[-36.408,-79.163],[-29.568,-79.224],[-28.913,-80.476],[-38.031,-80.94],[-43.826,-81.79],[-60.207,-82.331],[-74.889,-80.708],[-76.589,-79.395],[-80.761,-78.236],[-74.502,-78.081],[-78.598,-76.613],[-70.562,-76.69],[-64.457,-75.686],[-61.367,-73.909],[-60.826,-72.749],[-61.676,-70.818],[-65.385,-67.341],[-61.135,-64.868],[-62.912,-64.713],[-66.853,-66.8],[-67.084,-68.654],[-68.784,-69.813],[-67.084,-71.822],[-67.625,-72.749],[-75.584,-73.754],[-81.766,-74.024],[-88.565,-73.252],[-99.788,-72.998],[-101.88,-74.099],[-100.045,-75.31],[-105.642,-75.068],[-110.557,-75.303],[-113.238,-74.321],[-128.978,-74.913],[-134.773,-74.643],[-140.568,-75.261],[-146.672,-76.111],[-146.146,-77.457],[-149.995,-77.733],[-154.167,-77.115],[-158.185,-77.811],[-154.554,-79.124],[-148.604,-79.665],[-145.668,-80.515],[-152.081,-82.601],[-153.31,-83.942],[-148.759,-85.074],[-156.563,-85.46],[-167.226,-84.765],[-180,-84.322],[-180,-85.322],[-180,-86.322],[-180,-87.322],[-180,-88.322],[-180,-89.322],[-180,-90],[-179.204,-90],[-178.204,-90],[-177.204,-90],[-176.204,-90],[-175.204,-90],[-174.204,-90],[-173.204,-90],[-172.204,-90],[-171.204,-90],[-170.204,-90],[-169.204,-90],[-168.204,-90],[-167.204,-90],[-166.204,-90],[-165.204,-90],[-164.204,-90],[-163.204,-90],[-162.204,-90],[-161.204,-90],[-160.204,-90],[-159.204,-90],[-158.204,-90],[-157.204,-90],[-156.204,-90],[-155.204,-90],[-154.204,-90],[-153.204,-90],[-152.204,-90],[-151.204,-90],[-150.204,-90],[-149.204,-90],[-148.204,-90],[-147.204,-90],[-146.204,-90],[-145.204,-90],[-144.204,-90],[-143.204,-90],[-142.204,-90],[-141.204,-90],[-140.204,-90],[-139.204,-90],[-138.204,-90],[-137.204,-90],[-136.204,-90],[-135.204,-90],[-134.204,-90],[-133.204,-90],[-132.204,-90],[-131.204,-90],[-130.204,-90],[-129.204,-90],[-128.204,-90],[-127.204,-90],[-126.204,-90],[-125.204,-90],[-124.204,-90],[-123.204,-90],[-122.204,-90],[-121.204,-90],[-120.204,-90],[-119.204,-90],[-118.204,-90],[-117.204,-90],[-116.204,-90],[-115.204,-90],[-114.204,-90],[-113.204,-90],[-112.204,-90],[-111.204,-90],[-110.204,-90],[-109.204,-90],[-108.204,-90],[-107.204,-90],[-106.204,-90],[-105.204,-90],[-104.204,-90],[-103.204,-90],[-102.204,-90],[-101.204,-90],[-100.204,-90],[-99.204,-90],[-98.204,-90],[-97.204,-90],[-96.204,-90],[-95.204,-90],[-94.204,-90],[-93.204,-90],[-92.204,-90],[-91.204,-90],[-90,-90],[-89.204,-90],[-88.204,-90],[-87.204,-90],[-86.204,-90],[-85.204,-90],[-84.204,-90],[-83.204,-90],[-82.204,-90],[-81.204,-90],[-80.204,-90],[-79.204,-90],[-78.204,-90],[-77.204,-90],[-76.204,-90],[-75.204,-90],[-74.204,-90],[-73.204,-90],[-72.204,-90],[-71.204,-90],[-70.204,-90],[-69.204,-90],[-68.204,-90],[-67.204,-90],[-66.204,-90],[-65.204,-90],[-64.204,-90],[-63.204,-90],[-62.204,-90],[-61.204,-90],[-60.204,-90],[-59.204,-90],[-58.204,-90],[-57.204,-90],[-56.204,-90],[-55.204,-90],[-54.204,-90],[-53.204,-90],[-52.204,-90],[-51.204,-90],[-50.204,-90],[-49.204,-90],[-48.204,-90],[-47.204,-90],[-46.204,-90],[-45.204,-90],[-44.204,-90],[-43.204,-90],[-42.204,-90],[-41.204,-90],[-40.204,-90],[-39.204,-90],[-38.204,-90],[-37.204,-90],[-36.204,-90],[-35.204,-90],[-34.204,-90],[-33.204,-90],[-32.204,-90],[-31.204,-90],[-30.204,-90],[-29.204,-90],[-28.204,-90],[-27.204,-90],[-26.204,-90],[-25.204,-90],[-24.204,-90],[-23.204,-90],[-22.204,-90],[-21.204,-90],[-20.204,-90],[-19.204,-90],[-18.204,-90],[-17.204,-90],[-16.204,-90],[-15.204,-90],[-14.204,-90],[-13.204,-90],[-12.204,-90],[-11.204,-90],[-10.204,-90],[-9.204,-90],[-8.204,-90],[-7.204,-90],[-6.204,-90],[-5.204,-90],[-4.204,-90],[-3.204,-90],[-2.204,-90],[-1.204,-90],[-0.204,-90],[0.778,-90],[1.778,-90],[2.778,-90],[3.778,-90],[4.778,-90],[5.778,-90],[6.778,-90],[7.778,-90],[8.778,-90],[9.778,-90],[10.778,-90],[11.778,-90],[12.778,-90],[13.778,-90],[14.778,-90],[15.778,-90],[16.778,-90],[17.778,-90],[18.778,-90],[19.778,-90],[20.778,-90],[21.778,-90],[22.778,-90],[23.778,-90],[24.778,-90],[25.778,-90],[26.778,-90],[27.778,-90],[28.778,-90],[29.778,-90],[30.778,-90],[31.778,-90],[32.778,-90],[33.778,-90],[34.778,-90],[35.778,-90],[36.778,-90],[37.778,-90],[38.778,-90],[39.778,-90],[40.778,-90],[41.778,-90],[42.778,-90],[43.778,-90],[44.778,-90],[45.778,-90],[46.778,-90],[47.778,-90],[48.778,-90],[49.778,-90],[50.778,-90],[51.778,-90],[52.778,-90],[53.778,-90],[54.778,-90],[55.778,-90],[56.778,-90],[57.778,-90],[58.778,-90],[59.778,-90],[60.778,-90],[61.778,-90],[62.778,-90],[63.778,-90],[64.778,-90],[65.778,-90],[66.778,-90],[67.778,-90],[68.778,-90],[69.778,-90],[70.778,-90],[71.778,-90],[72.778,-90],[73.778,-90],[74.778,-90],[75.778,-90],[76.778,-90],[77.778,-90],[78.778,-90],[79.778,-90],[80.778,-90],[81.778,-90],[82.778,-90],[83.778,-90],[84.778,-90],[85.778,-90],[86.778,-90],[87.778,-90],[88.778,-90],[89.778,-90],[89.796,-90],[90,-90],[91.778,-90],[92.778,-90],[93.778,-90],[94.778,-90],[95.778,-90],[96.778,-90],[97.778,-90],[98.778,-90],[99.778,-90],[100.778,-90],[101.778,-90],[102.778,-90],[103.778,-90],[104.778,-90],[105.778,-90],[106.778,-90],[107.778,-90],[108.778,-90],[109.778,-90],[110.778,-90],[111.778,-90],[112.778,-90],[113.778,-90],[114.778,-90],[115.778,-90],[116.778,-90],[117.778,-90],[118.778,-90],[119.778,-90],[120.778,-90],[121.778,-90],[122.778,-90],[123.778,-90],[124.778,-90],[125.778,-90],[126.778,-90],[127.778,-90],[128.778,-90],[129.778,-90],[130.778,-90],[131.778,-90],[132.778,-90],[133.778,-90],[134.778,-90],[135.778,-90],[136.778,-90],[137.778,-90],[138.778,-90],[139.778,-90],[140.778,-90],[141.778,-90],[142.778,-90],[143.778,-90],[144.778,-90],[145.778,-90],[146.778,-90],[147.778,-90],[148.778,-90],[149.778,-90],[150.778,-90],[151.778,-90],[152.778,-90],[153.778,-90],[154.778,-90],[155.778,-90],[156.778,-90],[157.778,-90],[158.778,-90],[159.778,-90],[160.778,-90],[161.778,-90],[162.778,-90],[163.778,-90],[164.778,-90],[165.778,-90],[166.778,-90],[167.778,-90],[168.778,-90],[169.778,-90],[170.778,-90],[171.778,-90],[172.778,-90],[173.778,-90],[174.778,-90],[175.778,-90],[176.778,-90],[177.778,-90],[178.778,-90],[180,-90],[180,-89.319],[180,-88.319],[180,-87.319],[180,-86.319],[180,-85.319],[180,-84.34],[169.769,-83.418]]]]},"properties":{"NAME":null,"SUBJECTO":null,"BORDERPRECISION":1}},
{"type":"Feature","geometry":{"type":"Polygon","coordinates":[[[124.134,39.843],[125.296,39.364],[124.736,38.28],[126.372,37.63],[126.397,37.599],[126.659,37.222],[126.73,37.139],[126.767,37.097],[126.793,37.013],[126.797,36.944],[126.507,36.911],[126.477,36.923],[126.357,36.946],[126.312,36.929],[126.186,36.864],[126.138,36.697],[126.235,36.683],[126.293,36.658],[126.334,36.639],[126.371,36.592],[126.398,36.401],[126.622,35.944],[126.614,35.905],[126.525,35.669],[126.525,35.579],[126.354,34.694],[126.381,34.547],[126.501,34.331],[126.671,34.414],[126.834,34.435],[126.992,34.546],[127.226,34.711],[127.577,34.886],[127.638,34.901],[127.661,34.906],[127.868,34.917],[127.916,34.88],[128.32,34.948],[128.38,35.005],[128.978,35.089],[129.25,37.009],[128.27,38.42],[127.672,39.866],[129.478,40.682],[130.435,42.277],[129.966,42.957],[128.098,41.449],[126.474,41.652],[124.134,39.843]]]},"properties":{"NAME":"Korea","SUBJECTO":"Korea","BORDERPRECISION":1}},
{"type":"Feature","geometry":{"type":"Polygon","coordinates":[[[10.727,11.291],[9.248,13.287],[6.957,14.247],[3.779,13.656],[3.558,12.178],[4.666,11.513],[7.183,11.049],[8.717,9.044],[10.368,9.516],[10.727,11.291]]]},"properties":{"NAME":"Hausa States","SUBJECTO":"Hausa States","BORDERPRECISION":1}},
{"type":"Feature","geometry":{"type":"Polygon","coordinates":[[[12.378,44.732],[11.17,45.067],[12.302,43.278],[11.96,42.007],[13.761,41.207],[14.076,42.634],[12.378,44.732]]]},"properties":{"NAME":"Papal States","SUBJECTO":"Papal States","BORDERPRECISION":1}},
{"type":"Feature","geometry":{"type":"Polygon","coordinates":[[[48.015,-17.023],[46.654,-17.733],[45.292,-22.645],[45.529,-23.592],[47.186,-23.119],[48.488,-20.041],[48.015,-17.023]]]},"properties":{"NAME":"Expansionist Kingdom of Merina","SUBJECTO":"Expansionist Kingdom of Merina","BORDERPRECISION":1}},
{"type":"Feature","geometry":{"type":"Polygon","coordinates":[[[-3.02,13.656],[-3.833,12.695],[-3.168,10.922],[-1.173,10.848],[0.084,11.735],[-0.064,13.287],[-1.69,13.804],[-3.02,13.656]]]},"properties":{"NAME":"Mossi States","SUBJECTO":"Mossi States","BORDERPRECISION":1}},
{"type":"Feature","geometry":{"type":"Polygon","coordinates":[[[20.025,12.637],[22.629,13.215],[22.327,15.329],[21.542,16.597],[20.515,16.476],[19.791,14.967],[19.463,13.259],[20.025,12.637]]]},"properties":{"NAME":"Wadai","SUBJECTO":"Wadai","BORDERPRECISION":1}},
{"type":"Feature","geometry":{"type":"Polygon","coordinates":[[[22.689,15.329],[23.172,13.578],[24.32,12.793],[29.09,13.155],[29.996,14.242],[29.15,17.926],[27.46,18.167],[23.112,16.597],[22.689,15.329]]]},"properties":{"NAME":"Darfur","SUBJECTO":"Darfur","BORDERPRECISION":1}},
{"type":"Feature","geometry":{"type":"Polygon","coordinates":[[[23.504,-10.335],[23.263,-9.671],[23.625,-6.772],[21.331,-6.712],[17.889,-7.376],[17.466,-8.161],[18.251,-11.12],[23.021,-10.818],[23.504,-10.335]]]},"properties":{"NAME":"Lunda","SUBJECTO":"Lunda","BORDERPRECISION":1}},
{"type":"Feature","geometry":{"type":"Polygon","coordinates":[[[23.504,-10.335],[26.373,-10.274],[27.339,-9.61],[28.728,-9.731],[31.083,-8.704],[29.332,-5.323],[25.98,-5.142],[25.316,-6.531],[23.625,-6.772],[23.263,-9.671],[23.504,-10.335]]]},"properties":{"NAME":"Luba","SUBJECTO":"Luba","BORDERPRECISION":1}},
{"type":"Feature","geometry":{"type":"Polygon","coordinates":[[[12.372,-6.258],[13.387,-8.156],[13.084,-9.287],[14.329,-9.368],[14.399,-7.198],[15.05,-6.015],[14.576,-4.772],[12.372,-6.258]]]},"properties":{"NAME":"Congo","SUBJECTO":"Congo","BORDERPRECISION":1}},
{"type":"Feature","geometry":{"type":"Polygon","coordinates":[[[8.82,38.977],[9.794,40.564],[8.241,40.855],[8.82,38.977]]]},"properties":{"NAME":"Sardinia","SUBJECTO":"Sardinia","BORDERPRECISION":1}},
{"type":"Feature","geometry":{"type":"Polygon","coordinates":[[[13.761,41.207],[15.666,40.092],[17.084,40.525],[14.076,42.634],[13.761,41.207]]]},"properties":{"NAME":"Naples","SUBJECTO":"Naples","BORDERPRECISION":1}},
{"type":"Feature","geometry":{"type":"Polygon","coordinates":[[[14.942,36.739],[15.387,38.206],[12.454,37.766],[14.942,36.739]]]},"properties":{"NAME":"Sicily","SUBJECTO":"Sicily","BORDERPRECISION":1}},
{"type":"Feature","geometry":{"type":"Polygon","coordinates":[[[101.968,22.534],[102.993,20.94],[104.129,20.94],[104.005,19.701],[106.638,16.484],[107.463,14.997],[107.48,13.257],[106.854,10.576],[108.696,11.145],[109.307,12.906],[108.786,15.091],[108.236,16.08],[106.433,17.55],[105.533,18.844],[106.807,20.905],[107.876,21.462],[107.098,21.649],[105.313,23.296],[104.478,22.783],[101.968,22.534]]]},"properties":{"NAME":"Đại Việt","SUBJECTO":"Đại Việt","BORDERPRECISION":1}},
{"type":"Feature","geometry":{"type":"Polygon","coordinates":[[[107.48,13.257],[105.016,13.406],[102.671,12.038],[103.04,10.898],[104.979,9.981],[104.742,8.494],[106.482,9.552],[106.854,10.576],[107.48,13.257]]]},"properties":{"NAME":"Cambodia","SUBJECTO":"Cambodia","BORDERPRECISION":1}},
{"type":"Feature","geometry":{"type":"Polygon","coordinates":[[[6.531,16.709],[7.781,16.584],[8.405,17.208],[8.155,18.208],[6.531,17.958],[6.531,16.709]]]},"properties":{"NAME":null,"SUBJECTO":null,"BORDERPRECISION":1}},
{"type":"Feature","geometry":{"type":"Polygon","coordinates":[[[57.396,23.837],[58.18,21.849],[58.774,20.941],[59.837,22.279],[58.628,23.458],[57.396,23.837]]]},"properties":{"NAME":"Oman","SUBJECTO":"Oman","BORDERPRECISION":1}},
{"type":"Feature","geometry":{"type":"Polygon","coordinates":[[[47.493,43.583],[46.873,44.68],[44.755,44.439],[43.88,44.814],[43.381,46.188],[42.257,46.813],[40.633,46.688],[39.633,45.689],[37.474,44.692],[41.41,42.788],[41.484,41.437],[42.878,41.546],[43.957,42.591],[44.978,42.772],[47.35,41.442],[47.493,43.583]]]},"properties":{"NAME":null,"SUBJECTO":null,"BORDERPRECISION":1}},
{"type":"Feature","geometry":{"type":"Polygon","coordinates":[[[12.378,44.732],[13.368,45.694],[13.709,46.839],[10.558,46.5],[9.569,46.038],[10.506,45.365],[11.17,45.067],[12.378,44.732]]]},"properties":{"NAME":"Venice","SUBJECTO":"Venice","BORDERPRECISION":1}},
{"type":"Feature","geometry":{"type":"Polygon","coordinates":[[[5.383,5.61],[6.9,6.128],[7.365,7.913],[6.879,8.643],[5.338,8.724],[4.823,7.93],[3.949,6.579],[5.383,5.61]]]},"properties":{"NAME":"Benin","SUBJECTO":"Benin","BORDERPRECISION":1}},
{"type":"Feature","geometry":{"type":"Polygon","coordinates":[[[46.335,14.097],[46.878,13.474],[49.334,14.633],[51.599,15.379],[50.511,17.147],[47.838,16.422],[46.659,15.425],[46.335,14.097]]]},"properties":{"NAME":"Hadramaut","SUBJECTO":"Hadramaut","BORDERPRECISION":1}},
{"type":"Feature","geometry":{"type":"Polygon","coordinates":[[[51.599,15.379],[52.894,16.61],[54.911,16.97],[55.389,17.81],[53.955,19.73],[50.511,17.147],[51.599,15.379]]]},"properties":{"NAME":"Mahra","SUBJECTO":"Mahra","BORDERPRECISION":1}},
{"type":"Feature","geometry":{"type":"Polygon","coordinates":[[[58.18,21.849],[56.946,20.636],[53.955,19.73],[55.389,17.81],[57.839,19.035],[57.806,20.172],[58.774,20.941],[58.18,21.849]]]},"properties":{"NAME":"Gharra","SUBJECTO":"Gharra","BORDERPRECISION":1}},
{"type":"Feature","geometry":{"type":"Polygon","coordinates":[[[-71.413,-32.729],[-67.917,-26.261],[-67.667,-23.763],[-67.917,-22.014],[-66.543,-19.766],[-66.543,-18.267],[-67.004,-15.785],[-69.272,-15.218],[-69.602,-14.23],[-70.52,-13.744],[-74.288,-12.646],[-77.885,-6.977],[-77.927,-3.102],[-77.941,-1.724],[-77.987,2.475],[-78.984,1.297],[-80.086,0.818],[-80.339,-0.663],[-80.966,-1.033],[-80.144,-3.414],[-81.418,-4.675],[-80.612,-6.37],[-79.06,-8.216],[-76.238,-13.502],[-76.242,-14.106],[-74.05,-16.045],[-71.612,-17.221],[-70.584,-18.083],[-70.209,-19.067],[-70.111,-21.748],[-70.573,-23.166],[-70.398,-25.249],[-71.682,-30.6],[-71.52,-32.181],[-71.413,-32.729]]]},"properties":{"NAME":"Inca Empire","SUBJECTO":"Inca Empire","BORDERPRECISION":1}},
{"type":"Feature","geometry":{"type":"MultiPolygon","coordinates":[[[[-77.941,-1.724],[-77.254,-2.098],[-77.927,-3.102],[-77.885,-6.977],[-74.288,-12.646],[-70.52,-13.744],[-69.602,-14.23],[-69.272,-15.218],[-67.004,-15.785],[-66.543,-18.267],[-66.543,-19.766],[-67.917,-22.014],[-67.667,-23.763],[-67.917,-26.261],[-71.413,-32.729],[-71.616,-33.706],[-72.629,-35.646],[-73.144,-37.156],[-71.027,-37.212],[-70.289,-36.474],[-69.367,-34.445],[-69.367,-32.6],[-68.41,-30.484],[-68.26,-28.542],[-67.154,-25.222],[-65.494,-19.135],[-65.719,-18.084],[-64.662,-16.805],[-64.194,-14.695],[-69.045,-8.236],[-70.158,-5.735],[-66.408,3.042],[-62.659,4.153],[-58.558,3.978],[-55.862,1.696],[-55.804,0.876],[-57.972,-0.589],[-58.44,-2.288],[-56.331,-4.335],[-54.163,-4.627],[-49.066,-4.744],[-46.281,-3.553],[-53.123,-14.275],[-48.469,-23.749],[-49.487,-24.553],[-49.839,-26.797],[-48.797,-28.476],[-49.936,-29.627],[-51.477,-31.823],[-49.936,-29.627],[-48.937,-28.698],[-48.728,-28.367],[-48.564,-27.681],[-48.725,-25.426],[-44.561,-22.99],[-41.958,-22.921],[-40.984,-22.086],[-40.933,-21.279],[-39.691,-19.409],[-39.142,-17.775],[-38.948,-16.002],[-39.126,-14.325],[-37.187,-10.845],[-35.599,-9.628],[-34.891,-7.612],[-35.464,-5.268],[-37.181,-4.954],[-38.786,-3.604],[-40.231,-2.851],[-42.316,-2.818],[-43.334,-2.432],[-44.222,-2.777],[-44.796,-1.736],[-47.237,-0.68],[-48.043,-0.816],[-49.221,-2.108],[-50.643,-1.882],[-51.529,-0.429],[-49.884,1.214],[-50.688,2.216],[-51.209,4.071],[-53.027,5.427],[-54.286,5.882],[-56.746,6.003],[-58.575,6.984],[-58.617,7.499],[-60.793,9.388],[-61.29,8.771],[-63.065,8.325],[-65.965,8.18],[-69.814,8.488],[-72.24,8.99],[-72.542,10.196],[-73.245,10.196],[-75.254,7.885],[-77.4,6.67],[-77.5,5.514],[-77.106,3.792],[-77.987,2.475],[-77.941,-1.724]],[[-50.476,-1.679],[-50.611,-1.438],[-50.476,-1.679],[-49.347,-1.645],[-48.886,-1.421],[-48.402,-0.391],[-48.886,-1.421],[-49.347,-1.645],[-50.476,-1.679]]],[[[-70.498,-54.923],[-70.721,-54.937],[-67.153,-54.91],[-66.622,-55.07],[-65.259,-54.719],[-66.622,-55.07],[-67.153,-54.91],[-69.672,-54.774],[-70.498,-54.923]]],[[[-58.523,-34.587],[-56.338,-34.995],[-54.074,-34.648],[-52.351,-32.675],[-52.042,-31.557],[-51.445,-31.015],[-51.232,-30.265],[-50.609,-30.302],[-51.232,-30.265],[-51.445,-31.015],[-52.042,-31.557],[-52.14,-31.741],[-52.351,-32.675],[-54.074,-34.648],[-56.338,-34.995],[-58.523,-34.587]]],[[[-73.464,-41.787],[-73.594,-41.697],[-73.464,-41.787],[-73.178,-41.761],[-72.587,-41.618],[-72.728,-41.553],[-73.178,-41.761],[-73.464,-41.787]]],[[[-65.781,-47.712],[-65.839,-47.868],[-66.078,-48.142],[-67.578,-49.059],[-67.833,-49.968],[-69.041,-50.562],[-69.115,-51.352],[-69.077,-51.499],[-69.041,-50.562],[-67.833,-49.968],[-67.578,-49.059],[-66.078,-48.142],[-65.839,-47.868],[-65.781,-47.712],[-65.713,-47.354],[-65.781,-47.712]]],[[[-72.212,-52.572],[-72.559,-52.573],[-71.678,-52.644],[-72.212,-52.572]]],[[[-74.297,-47.761],[-74.538,-47.787],[-73.36,-47.974],[-74.297,-47.761]]],[[[-73.995,-46.486],[-73.97,-46.713],[-73.979,-46.344],[-73.995,-46.486]]]]},"properties":{"NAME":null,"SUBJECTO":null,"BORDERPRECISION":1}},
{"type":"Feature","geometry":{"type":"Polygon","coordinates":[[[-95.821,29.645],[-97.536,28.691],[-98.174,28.245],[-97.546,27.923],[-95.174,29.106],[-95.821,29.645]]]},"properties":{"NAME":"Karankawa","SUBJECTO":"Karankawa","BORDERPRECISION":1}},
{"type":"Feature","geometry":{"type":"Polygon","coordinates":[[[-90,19.382],[-88.3,17.635],[-87.877,18.381],[-87.201,21.529],[-90,21.161],[-90,19.382]]]},"properties":{"NAME":"Mayas","SUBJECTO":"Mayas","BORDERPRECISION":1}},
{"type":"Feature","geometry":{"type":"Polygon","coordinates":[[[-16.45,16.118],[-17.05,14.586],[-16.471,13.723],[-16.772,12.597],[-13.282,9.275],[-10.949,11.427],[-10.78,13.954],[-12.97,15.301],[-16.45,16.118]]]},"properties":{"NAME":"Senegal","SUBJECTO":"Senegal","BORDERPRECISION":1}},
{"type":"Feature","geometry":{"type":"Polygon","coordinates":[[[-11.286,10.585],[-10.949,9.406],[-9.938,8.563],[-7.917,8.563],[-6.906,9.911],[-6.906,11.09],[-8.085,11.764],[-9.938,11.595],[-11.286,10.585]]]},"properties":{"NAME":null,"SUBJECTO":null,"BORDERPRECISION":1}},
{"type":"Feature","geometry":{"type":"Polygon","coordinates":[[[5.338,8.724],[4.04,10.265],[2.823,10.184],[2.418,9.048],[3.369,8.058],[4.823,7.93],[5.338,8.724]]]},"properties":{"NAME":"Oyo","SUBJECTO":"Oyo","BORDERPRECISION":1}},
{"type":"Feature","geometry":{"type":"Polygon","coordinates":[[[1.176,6.084],[0.552,8.237],[-0.016,8.643],[-1.173,8.187],[-1.173,7.3],[-0.301,5.478],[1.176,6.084]]]},"properties":{"NAME":"Akan","SUBJECTO":"Akan","BORDERPRECISION":1}},
{"type":"Feature","geometry":{"type":"Polygon","coordinates":[[[-0.064,13.287],[1.932,12.326],[3.558,13.287],[3.41,14.1],[1.192,17.056],[-0.507,20.973],[-1.468,21.564],[-3.538,21.269],[-5.903,17.795],[-7.455,15.134],[-7.455,14.026],[-6.494,12.769],[-5.681,12.621],[-3.02,13.656],[-1.69,13.804],[-0.064,13.287]]]},"properties":{"NAME":"Songhai","SUBJECTO":"Songhai","BORDERPRECISION":1}},
{"type":"Feature","geometry":{"type":"Polygon","coordinates":[[[16.476,13.369],[17.304,14.469],[17.009,15.504],[13.313,20.973],[11.613,20.603],[11.392,15.504],[10.209,13.73],[10.727,11.291],[11.909,11.069],[14.805,12.527],[14.728,13.102],[16.476,13.369]]]},"properties":{"NAME":"Bornu-Kanem","SUBJECTO":"Bornu-Kanem","BORDERPRECISION":1}},
{"type":"Feature","geometry":{"type":"Polygon","coordinates":[[[34.377,-20.267],[34.746,-18.937],[32.677,-16.794],[31.716,-16.498],[30.755,-17.015],[31.494,-19.233],[30.238,-21.967],[32.234,-22.337],[34.525,-21.302],[34.377,-20.267]]]},"properties":{"NAME":"Mwenemutapa","SUBJECTO":"Mwenemutapa","BORDERPRECISION":1}},
{"type":"Feature","geometry":{"type":"Polygon","coordinates":[[[42.822,4.591],[41.964,5.694],[40.557,6.163],[36.083,5.694],[36.45,2.63],[38.411,1.037],[42.332,1.773],[42.824,2.959],[42.822,4.591]]]},"properties":{"NAME":"Oromo","SUBJECTO":"Oromo","BORDERPRECISION":1}},
{"type":"Feature","geometry":{"type":"Polygon","coordinates":[[[50.081,11.476],[47.391,11.159],[44.281,10.396],[43.368,11.456],[43.475,12.098],[41.705,13.93],[41.183,12.337],[41.808,8.586],[42.355,7.805],[43.605,7.336],[46.106,7.414],[48.373,8.742],[50.081,11.476]]]},"properties":{"NAME":"Adal","SUBJECTO":"Adal","BORDERPRECISION":1}},
{"type":"Feature","geometry":{"type":"Polygon","coordinates":[[[41.705,13.93],[40.739,14.919],[39.796,15.089],[38.043,16.232],[36.083,16.109],[35.96,14.762],[36.462,8.547],[37.308,7.899],[39.073,7.492],[41.808,8.586],[41.183,12.337],[41.705,13.93]]]},"properties":{"NAME":"Ethiopia","SUBJECTO":"Ethiopia","BORDERPRECISION":1}},
{"type":"Feature","geometry":{"type":"Polygon","coordinates":[[[44.301,1.291],[42.786,1.32],[39.417,-1.375],[37.732,-4.575],[38.238,-9.292],[39.248,-11.145],[40.4,-11.23],[39.658,-9.796],[38.922,-6.34],[39.267,-4.776],[40.234,-3.192],[42.44,-0.512],[44.301,1.291]]]},"properties":{"NAME":"Islamic city-states","SUBJECTO":"Islamic city-states","BORDERPRECISION":1}},
{"type":"Feature","geometry":{"type":"Polygon","coordinates":[[[49.478,30.053],[50.132,30.066],[51.35,28.036],[52.891,27.052],[54.646,26.391],[55.9,27.105],[56.79,26.974],[57.255,25.793],[59.031,25.308],[60.48,25.298],[61.988,29.619],[64.191,32.871],[65.526,34.841],[64.684,36.525],[64.347,37.873],[62.662,39.22],[58.619,39.052],[56.43,38.21],[53.937,38.159],[53.8,36.679],[51.796,36.432],[50.469,36.748],[49.557,34.256],[49.478,30.053]]]},"properties":{"NAME":"Safavid Empire","SUBJECTO":"Safavid Empire","BORDERPRECISION":1}},
{"type":"Feature","geometry":{"type":"Polygon","coordinates":[[[64.191,32.871],[67.379,32.314],[70.242,33.493],[70.242,31.135],[68.566,29.103],[69.646,28.106],[70.748,28.103],[72.937,28.945],[75.296,28.945],[75.75,28.17],[75.414,26.991],[75.75,25.812],[77.772,25.644],[78.277,24.296],[78.951,23.959],[83.836,25.981],[83.698,29.183],[81.449,30.403],[80.175,31.573],[79.329,35.628],[75.246,38.032],[73.809,38.032],[71.566,36.91],[71.253,38.041],[70.095,37.907],[66.336,36.307],[64.684,36.525],[65.526,34.841],[64.191,32.871]]]},"properties":{"NAME":"Mughal Empire","SUBJECTO":"Mughal Empire","BORDERPRECISION":1}},
{"type":"Feature","geometry":{"type":"Polygon","coordinates":[[[69.646,28.106],[68.815,25.779],[69.013,24.633],[72.718,23.454],[75.75,25.812],[75.414,26.991],[75.75,28.17],[75.296,28.945],[72.937,28.945],[70.748,28.103],[69.646,28.106]]]},"properties":{"NAME":"Rajputana","SUBJECTO":"Rajputana","BORDERPRECISION":1}},
{"type":"Feature","geometry":{"type":"Polygon","coordinates":[[[73.494,16.288],[74.734,13.683],[75.211,12.102],[76.075,10.554],[76.704,8.706],[77.9,8.258],[79.826,10.359],[79.711,11.445],[80.224,12.831],[80.089,15.175],[80.46,15.773],[77.922,16.246],[76.103,15.966],[73.494,16.288]]]},"properties":{"NAME":"Vijayanagara","SUBJECTO":"Vijayanagara","BORDERPRECISION":1}},
{"type":"Feature","geometry":{"type":"Polygon","coordinates":[[[84.684,20.212],[81.693,17.886],[81.492,17.215],[82.323,17.004],[84.263,18.456],[85.379,19.605],[84.684,20.212]]]},"properties":{"NAME":"Orissa","SUBJECTO":"Orissa","BORDERPRECISION":1}},
{"type":"Feature","geometry":{"type":"Polygon","coordinates":[[[85.379,19.605],[86.119,19.807],[87.641,21.563],[90,21.93],[90,22.561],[89.919,24.865],[87.177,24.865],[86.429,21.542],[84.684,20.212],[85.379,19.605]]]},"properties":{"NAME":"Bengal","SUBJECTO":"Bengal","BORDERPRECISION":1}},
{"type":"Feature","geometry":{"type":"Polygon","coordinates":[[[83.698,29.183],[85.144,28.342],[87.214,27.843],[88.839,28.438],[91.414,27.939],[91.547,26.285],[94.324,26.883],[95.478,27.909],[97.34,28.182],[98.216,27.546],[100.682,28.691],[102.406,33.721],[101.688,36.307],[99.245,38.75],[89.616,36.882],[80.132,36.882],[79.329,35.628],[80.175,31.573],[81.449,30.403],[83.698,29.183]]]},"properties":{"NAME":"Tibet","SUBJECTO":"Tibet","BORDERPRECISION":1}},
{"type":"Feature","geometry":{"type":"Polygon","coordinates":[[[60.48,25.298],[61.344,25.027],[66.621,25.317],[66.702,24.752],[68.791,23.029],[69.126,21.969],[71.024,20.657],[72.121,21.155],[72.789,19.883],[73.485,19.907],[74.271,21.906],[73.713,22.945],[76.928,23.897],[76.093,21.047],[78.573,20.438],[78.533,19.124],[79.328,17.233],[79.956,17.604],[81.492,17.215],[81.693,17.886],[84.684,20.212],[86.429,21.542],[87.177,24.865],[89.919,24.865],[90,22.561],[91.41,22.721],[92.176,20.887],[92.827,20.424],[94.218,21.361],[94.158,24.273],[92.701,25.73],[91.547,26.285],[91.414,27.939],[88.839,28.438],[87.214,27.843],[85.144,28.342],[83.698,29.183],[83.836,25.981],[78.951,23.959],[78.277,24.296],[77.772,25.644],[75.75,25.812],[72.718,23.454],[69.013,24.633],[68.815,25.779],[69.646,28.106],[68.566,29.103],[70.242,31.135],[70.242,33.493],[67.379,32.314],[64.191,32.871],[61.988,29.619],[60.48,25.298]]]},"properties":{"NAME":"Islamic and Hindu states","SUBJECTO":"Islamic and Hindu states","BORDERPRECISION":1}},
{"type":"Feature","geometry":{"type":"Polygon","coordinates":[[[92.827,20.424],[94.054,19.061],[94.465,17.264],[94.946,18.509],[96.949,18.995],[97.373,18.449],[98.016,19.749],[97.895,20.96],[97.859,22.574],[97.191,24.395],[96.221,24.577],[96.039,22.15],[94.218,21.361],[92.827,20.424]]]},"properties":{"NAME":"Burmese kingdoms","SUBJECTO":"Burmese kingdoms","BORDERPRECISION":1}},
{"type":"Feature","geometry":{"type":"Polygon","coordinates":[[[109.43,18.097],[110.263,18.626],[110.617,20.017],[109.55,19.914],[108.577,19.187],[109.43,18.097]]]},"properties":{"NAME":null,"SUBJECTO":null,"BORDERPRECISION":1}},
{"type":"Feature","geometry":{"type":"Polygon","coordinates":[[[98.217,15.019],[98.184,15.214],[98.137,15.19],[98.217,15.019]]]},"properties":{"NAME":"Ayutthaya","SUBJECTO":"Ayutthaya","BORDERPRECISION":1}},
{"type":"Feature","geometry":{"type":"Polygon","coordinates":[[[94.465,17.264],[94.143,16.215],[95.33,15.678],[96.469,16.513],[97.573,16.445],[97.823,14.616],[98.403,13.266],[98.217,15.019],[98.137,15.19],[98.184,15.214],[97.706,18.051],[97.373,18.449],[96.949,18.995],[94.946,18.509],[94.465,17.264]]]},"properties":{"NAME":"Pegu","SUBJECTO":"Pegu","BORDERPRECISION":1}},
{"type":"Feature","geometry":{"type":"Polygon","coordinates":[[[101.968,22.534],[100.387,22.456],[98.985,23.151],[98.562,21.115],[100.435,20.036],[102.49,19.396],[104.005,19.701],[104.129,20.94],[102.993,20.94],[101.968,22.534]]]},"properties":{"NAME":"Laos","SUBJECTO":"Laos","BORDERPRECISION":1}},
{"type":"Feature","geometry":{"type":"Polygon","coordinates":[[[91.547,26.285],[92.701,25.73],[94.158,24.273],[94.218,21.361],[96.039,22.15],[96.221,24.577],[97.191,24.395],[97.859,22.574],[97.895,20.96],[98.562,21.115],[98.985,23.151],[97.98,26.154],[98.216,27.546],[97.34,28.182],[95.478,27.909],[94.324,26.883],[91.547,26.285]]]},"properties":{"NAME":"Shan states","SUBJECTO":"Shan states","BORDERPRECISION":1}},
{"type":"Feature","geometry":{"type":"Polygon","coordinates":[[[130.435,42.277],[132.182,43.195],[134.139,42.993],[136.034,44.398],[137.721,45.997],[140.081,48.503],[141.121,53.052],[138.417,54.092],[137.239,53.457],[136.161,53.021],[132.018,52.429],[130.39,56.054],[129.207,56.868],[127.581,56.615],[120.387,46.423],[107.713,43.255],[103.556,39.9],[102.119,39.756],[100.538,40.331],[99.388,39.756],[99.245,38.75],[101.688,36.307],[102.406,33.721],[100.682,28.691],[98.216,27.546],[97.98,26.154],[98.985,23.151],[100.387,22.456],[101.968,22.534],[104.478,22.783],[105.313,23.296],[107.098,21.649],[107.876,21.462],[110.077,20.867],[111.086,21.479],[112.75,21.756],[113.717,22.482],[116.341,22.913],[118.813,24.849],[119.429,26.591],[121.359,28.386],[121.77,29.834],[121.606,31.828],[120.661,32.543],[119.974,34.135],[119.021,34.692],[120.139,36.195],[121.847,36.86],[120.658,37.736],[119.599,37.117],[118.875,37.949],[117.589,38.284],[121.011,40.851],[122.108,40.354],[122.027,39.256],[124.134,39.843],[126.474,41.652],[128.098,41.449],[129.966,42.957],[130.435,42.277]]]},"properties":{"NAME":"Ming Chinese Empire","SUBJECTO":"Ming Chinese Empire","BORDERPRECISION":1}},
{"type":"Feature","geometry":{"type":"Polygon","coordinates":[[[56.96,73.357],[60.887,75.247],[59.018,75.799],[54.018,73.734],[56.96,73.357]]]},"properties":{"NAME":null,"SUBJECTO":null,"BORDERPRECISION":1}},
{"type":"Feature","geometry":{"type":"Polygon","coordinates":[[[80.563,5.932],[81.866,7.085],[80.662,9.299],[79.675,8.805],[79.854,7.061],[80.563,5.932]]]},"properties":{"NAME":"Saylan","SUBJECTO":"Saylan","BORDERPRECISION":1}},
{"type":"Feature","geometry":{"type":"Polygon","coordinates":[[[96.602,5.077],[95.464,5.57],[95.561,4.534],[96.118,3.951],[96.602,5.077]]]},"properties":{"NAME":"Aceh","SUBJECTO":"Aceh","BORDERPRECISION":1}},
{"type":"Feature","geometry":{"type":"Polygon","coordinates":[[[104.005,19.701],[102.49,19.396],[100.753,17.427],[99.175,17.191],[97.373,18.449],[97.706,18.051],[98.184,15.214],[98.217,15.019],[98.403,13.266],[98.738,11.435],[98.177,8.6],[99.025,7.871],[100.139,6.177],[100.664,3.904],[101.264,3.225],[103.334,3.394],[103.342,4.805],[101.56,6.74],[100.615,6.979],[100.132,8.532],[99.071,9.898],[99.895,12.079],[100.872,12.679],[102.671,12.038],[105.016,13.406],[107.48,13.257],[107.463,14.997],[106.638,16.484],[104.005,19.701]]]},"properties":{"NAME":"Ayutthaya","SUBJECTO":"Ayutthaya","BORDERPRECISION":1}},
{"type":"Feature","geometry":{"type":"MultiPolygon","coordinates":[[[[103.311,-0.818],[103.722,0.015],[102.472,0.623],[101.06,2.081],[98.625,3.658],[98.646,2.76],[100.202,0.892],[101.136,-1.366],[103.311,-0.818]]],[[[110.818,1.244],[109.282,1.883],[108.999,0.198],[109.932,0.191],[110.818,1.244]]],[[[101.264,3.225],[101.336,2.781],[103.428,1.381],[103.334,3.394],[101.264,3.225]]]]},"properties":{"NAME":"Malacca","SUBJECTO":"Malacca","BORDERPRECISION":1}},
{"type":"Feature","geometry":{"type":"Polygon","coordinates":[[[-1.95,55.562],[-2.742,55.957],[-2.15,57.572],[-5.763,57.62],[-5.633,55.94],[-3.188,54.849],[-1.95,55.562]]]},"properties":{"NAME":"Scotland","SUBJECTO":"Scotland","BORDERPRECISION":1}},
{"type":"Feature","geometry":{"type":"Polygon","coordinates":[[[-5.698,55.331],[-5.482,55.443],[-5.518,55.668],[-5.689,55.628],[-5.698,55.331]]]},"properties":{"NAME":"England and Ireland","SUBJECTO":"England and Ireland","BORDERPRECISION":1}},
{"type":"Feature","geometry":{"type":"Polygon","coordinates":[[[5.699,49.391],[6.041,50.811],[3.775,51.388],[1.796,50.921],[1.826,50.243],[5.699,49.391]]]},"properties":{"NAME":"Habsburg Netherlands","SUBJECTO":"Habsburg Netherlands","BORDERPRECISION":1}},
{"type":"Feature","geometry":{"type":"MultiPolygon","coordinates":[[[[-3.188,54.849],[-2.914,53.267],[-4.318,53.091],[-3.521,50.617],[0.192,50.731],[1.692,52.311],[-0.319,53.579],[-1.95,55.562],[-3.188,54.849]]],[[[-7.428,55.064],[-8.59,54.203],[-9.891,52.194],[-9.819,51.435],[-6.406,52.214],[-6.018,55.093],[-7.428,55.064]]]]},"properties":{"NAME":"England and Ireland","SUBJECTO":"England and Ireland","BORDERPRECISION":1}},
{"type":"Feature","geometry":{"type":"Polygon","coordinates":[[[21.008,55.817],[21.137,54.845],[18.665,54.258],[18.795,53.314],[20.333,52.975],[22.821,53.563],[22.799,54.739],[21.008,55.817]]]},"properties":{"NAME":"Prussia","SUBJECTO":"Prussia","BORDERPRECISION":1}},
{"type":"Feature","geometry":{"type":"Polygon","coordinates":[[[-10.996,28.648],[-9.526,28.137],[-6.767,29.675],[-4.369,30.625],[-3.758,31.734],[-1.066,32.45],[-1.681,33.258],[-2.193,35.054],[-4.593,35.151],[-5.929,35.728],[-7.004,33.875],[-9.219,32.58],[-9.813,31.289],[-9.663,29.955],[-10.996,28.648]]]},"properties":{"NAME":"Watassid Morocco","SUBJECTO":"Watassid Morocco","BORDERPRECISION":1}},
{"type":"Feature","geometry":{"type":"Polygon","coordinates":[[[13.084,-9.287],[13.816,-10.976],[13.649,-12.197],[12.585,-13.464],[11.782,-15.868],[11.775,-17.596],[14.415,-22.268],[14.843,-25.622],[15.454,-27.616],[16.788,-29.139],[18.179,-31.805],[18.487,-34.398],[20.256,-34.623],[22.682,-34.103],[24.43,-34.335],[26.659,-33.847],[28.922,-32.298],[32.235,-28.744],[33.347,-25.304],[34.884,-24.722],[35.297,-23.825],[35.261,-22.274],[34.726,-19.86],[37.275,-17.713],[39.471,-16.717],[40.849,-14.579],[40.4,-11.23],[39.248,-11.145],[38.238,-9.292],[37.732,-4.575],[39.417,-1.375],[42.786,1.32],[44.301,1.291],[46.361,2.668],[48.472,5.201],[50.779,9.368],[51.181,11.777],[50.081,11.476],[48.373,8.742],[46.106,7.414],[43.605,7.336],[42.355,7.805],[41.808,8.586],[39.073,7.492],[37.308,7.899],[36.462,8.547],[35.96,14.762],[36.083,16.109],[38.043,16.232],[39.796,15.089],[38.527,18.161],[37.431,17.702],[36.45,18.07],[35.96,19.418],[37.165,20.764],[36.8,21.915],[35.251,21.369],[32.662,21],[33.877,19.663],[34.612,18.07],[33.632,15.742],[33.999,13.659],[33.142,11.576],[31.671,11.576],[31.426,13.291],[31.671,15.864],[30.691,16.845],[29.466,19.173],[29.466,20.766],[30.346,22.111],[29.426,22.664],[26.171,30.316],[22.429,31.265],[21.197,31.077],[19.97,29.723],[18.859,29.562],[17.581,30.343],[15.634,30.518],[15.145,25.097],[9.67,24.218],[9.457,25.184],[13.675,26.143],[13.877,31.059],[13.078,31.826],[8.771,33.189],[6.269,31.873],[0.873,31.986],[-1.066,32.45],[-3.758,31.734],[-4.369,30.625],[-6.767,29.675],[-9.526,28.137],[-10.996,28.648],[-12.866,27.857],[-14.367,26.119],[-14.82,24.733],[-15.714,23.873],[-17.052,21.004],[-16.347,20.523],[-15.983,18.178],[-16.45,16.118],[-12.97,15.301],[-10.78,13.954],[-10.949,11.427],[-13.282,9.275],[-13.212,8.347],[-12.264,7.351],[-9.248,5.172],[-7.529,4.337],[-5,5.238],[-3.942,5.266],[-2.031,4.698],[-0.301,5.478],[-1.173,7.3],[-1.173,8.187],[-0.016,8.643],[0.552,8.237],[1.176,6.084],[3.949,6.579],[4.823,7.93],[3.369,8.058],[2.418,9.048],[2.823,10.184],[4.04,10.265],[5.338,8.724],[6.879,8.643],[7.365,7.913],[6.9,6.128],[5.383,5.61],[5.607,4.632],[6.844,4.292],[8.875,4.62],[9.923,2.824],[9.203,-0.634],[9.656,-2.419],[11.773,-4.537],[12.372,-6.258],[14.576,-4.772],[15.05,-6.015],[14.399,-7.198],[14.329,-9.368],[13.084,-9.287]],[[10.727,11.291],[10.368,9.516],[8.717,9.044],[7.183,11.049],[4.666,11.513],[3.558,12.178],[3.779,13.656],[6.957,14.247],[9.248,13.287],[10.727,11.291]],[[-3.02,13.656],[-5.681,12.621],[-6.494,12.769],[-7.455,14.026],[-7.455,15.134],[-5.903,17.795],[-3.538,21.269],[-1.468,21.564],[-0.507,20.973],[1.192,17.056],[3.41,14.1],[3.558,13.287],[1.932,12.326],[-0.064,13.287],[0.084,11.735],[-1.173,10.848],[-3.168,10.922],[-3.833,12.695],[-3.02,13.656]],[[10.727,11.291],[10.209,13.73],[11.392,15.504],[11.613,20.603],[13.313,20.973],[17.009,15.504],[17.304,14.469],[16.476,13.369],[19.463,13.259],[19.791,14.967],[20.515,16.476],[21.542,16.597],[22.327,15.329],[22.629,13.215],[20.025,12.637],[20.206,12.047],[16.634,11.103],[14.805,12.527],[11.909,11.069],[10.727,11.291]],[[22.689,15.329],[23.112,16.597],[27.46,18.167],[29.15,17.926],[29.996,14.242],[29.09,13.155],[24.32,12.793],[23.172,13.578],[22.689,15.329]],[[23.625,-6.772],[25.316,-6.531],[25.98,-5.142],[29.332,-5.323],[31.083,-8.704],[28.728,-9.731],[27.339,-9.61],[26.373,-10.274],[23.504,-10.335],[23.021,-10.818],[18.251,-11.12],[17.466,-8.161],[17.889,-7.376],[21.331,-6.712],[23.625,-6.772]],[[6.531,16.709],[6.531,17.958],[8.155,18.208],[8.405,17.208],[7.781,16.584],[6.531,16.709]],[[-11.286,10.585],[-9.938,11.595],[-8.085,11.764],[-6.906,11.09],[-6.906,9.911],[-7.917,8.563],[-9.938,8.563],[-10.949,9.406],[-11.286,10.585]],[[34.377,-20.267],[34.525,-21.302],[32.234,-22.337],[30.238,-21.967],[31.494,-19.233],[30.755,-17.015],[31.716,-16.498],[32.677,-16.794],[34.746,-18.937],[34.377,-20.267]],[[42.822,4.591],[42.824,2.959],[42.332,1.773],[38.411,1.037],[36.45,2.63],[36.083,5.694],[40.557,6.163],[41.964,5.694],[42.822,4.591]]]},"properties":{"NAME":null,"SUBJECTO":null,"BORDERPRECISION":1}},
{"type":"Feature","geometry":{"type":"Polygon","coordinates":[[[9.432,42.794],[8.609,42.487],[8.727,41.561],[9.453,42.048],[9.432,42.794]]]},"properties":{"NAME":"Holy Roman Empire","SUBJECTO":"Holy Roman Empire","BORDERPRECISION":1}},
{"type":"Feature","geometry":{"type":"Polygon","coordinates":[[[11.17,45.067],[10.506,45.365],[9.705,44.46],[9.979,44.047],[10.743,42.851],[11.96,42.007],[12.302,43.278],[11.17,45.067]]]},"properties":{"NAME":"Florence","SUBJECTO":"Florence","BORDERPRECISION":1}},
{"type":"Feature","geometry":{"type":"Polygon","coordinates":[[[9.705,44.46],[8.223,44.674],[7.468,43.811],[8.672,44.417],[9.979,44.047],[9.705,44.46]]]},"properties":{"NAME":"Genoa","SUBJECTO":"Genoa","BORDERPRECISION":1}},
{"type":"Feature","geometry":{"type":"Polygon","coordinates":[[[-106.38,37.182],[-108.032,36.612],[-110.338,37.174],[-110.462,36.236],[-111.185,35.455],[-111.185,35.454],[-110.972,34.971],[-110.794,34.708],[-110.06,34.471],[-109.276,33.849],[-109.349,34.719],[-108.44,35.299],[-107.245,35.113],[-106.99,35.368],[-106.692,35.977],[-106.064,36.323],[-105.269,36.453],[-104.632,36.974],[-106.38,37.182]]]},"properties":{"NAME":"Navaho","SUBJECTO":"Navaho","BORDERPRECISION":1}},
{"type":"Feature","geometry":{"type":"Polygon","coordinates":[[[-87.778,38.364],[-88.371,37.087],[-87.687,35.795],[-86.693,35.112],[-86.669,35.096],[-83.253,36.669],[-81.877,37.363],[-82.062,38.334],[-83.096,38.957],[-86.076,39.201],[-87.778,38.364]]]},"properties":{"NAME":"Shawnee","SUBJECTO":"Shawnee","BORDERPRECISION":1}},
{"type":"Feature","geometry":{"type":"Polygon","coordinates":[[[-92.017,29.825],[-90,29.109],[-89.523,29.976],[-91.184,29.856],[-91.981,30.233],[-92.017,29.825]]]},"properties":{"NAME":"Chtimacha","SUBJECTO":"Chtimacha","BORDERPRECISION":1}},
{"type":"Feature","geometry":{"type":"Polygon","coordinates":[[[-75.366,42.061],[-75.94,39.646],[-75.858,39.436],[-75.048,38.538],[-74.212,40.514],[-74.231,40.542],[-73.784,40.882],[-73.743,41.501],[-74.604,42.644],[-75.366,42.061]]]},"properties":{"NAME":"Delaware","SUBJECTO":"Delaware","BORDERPRECISION":1}},
{"type":"Feature","geometry":{"type":"Polygon","coordinates":[[[-98.423,29.694],[-97.479,31.104],[-99.454,32.239],[-99.685,33.943],[-101.266,35.946],[-101.684,37.624],[-103.303,35.92],[-104.167,35.39],[-103.367,32.386],[-100.304,31.123],[-98.423,29.694]]]},"properties":{"NAME":"Comanche","SUBJECTO":"Comanche","BORDERPRECISION":1}},
{"type":"Feature","geometry":{"type":"Polygon","coordinates":[[[-101.056,42.417],[-101.393,41.716],[-100.71,41.016],[-99.518,38.768],[-97.807,38.777],[-97.043,40.249],[-96.723,41.192],[-98.293,42.317],[-100.856,42.762],[-100.874,42.763],[-101.056,42.417]]]},"properties":{"NAME":"Pawnee","SUBJECTO":"Pawnee","BORDERPRECISION":1}},
{"type":"Feature","geometry":{"type":"Polygon","coordinates":[[[-103.479,42.611],[-102.229,44.165],[-103.22,45.194],[-104.553,45.072],[-105.977,43.312],[-104.164,41.971],[-103.479,42.611]]]},"properties":{"NAME":"Cheyenne","SUBJECTO":"Cheyenne","BORDERPRECISION":1}},
{"type":"Feature","geometry":{"type":"Polygon","coordinates":[[[-85.824,31.864],[-86.107,32.913],[-87.162,32.953],[-87.322,31.867],[-86.671,31.861],[-85.824,31.864]]]},"properties":{"NAME":"Alabama","SUBJECTO":"Alabama","BORDERPRECISION":1}},
{"type":"Feature","geometry":{"type":"Polygon","coordinates":[[[-89.951,32.958],[-90.763,32.97],[-91.626,32.957],[-91.626,31.939],[-90.409,32.05],[-89.974,32.58],[-89.951,32.958]]]},"properties":{"NAME":"Tunica","SUBJECTO":"Tunica","BORDERPRECISION":1}},
{"type":"Feature","geometry":{"type":"Polygon","coordinates":[[[-83.736,30.375],[-85.064,30.344],[-85.075,30.311],[-85.305,29.664],[-83.847,30.012],[-83.736,30.375]]]},"properties":{"NAME":"Apalachee","SUBJECTO":"Apalachee","BORDERPRECISION":1}},
{"type":"Feature","geometry":{"type":"Polygon","coordinates":[[[-104.553,45.072],[-104.537,47.134],[-103.995,47.636],[-106.189,47.906],[-107.812,47.194],[-110.176,46.78],[-111.549,45.507],[-110.279,44.748],[-106.823,43.715],[-105.977,43.312],[-104.553,45.072]]]},"properties":{"NAME":"Crow","SUBJECTO":"Crow","BORDERPRECISION":1}},
{"type":"Feature","geometry":{"type":"Polygon","coordinates":[[[-97.479,31.104],[-96.828,32.354],[-96.146,33.325],[-95.392,33.614],[-95.351,34.048],[-95.454,35.132],[-97.51,34.884],[-98.955,34.998],[-99.685,33.943],[-99.454,32.239],[-97.479,31.104]]]},"properties":{"NAME":"Wichita","SUBJECTO":"Wichita","BORDERPRECISION":1}},
{"type":"Feature","geometry":{"type":"Polygon","coordinates":[[[-87.778,38.364],[-87.745,40.337],[-87.382,41.638],[-87.791,42.829],[-89.105,42.891],[-91.041,43.843],[-91.135,43.934],[-92.453,42.691],[-91.327,41.536],[-92.796,40.337],[-91.626,38.469],[-90.807,37.175],[-89.104,36.948],[-88.371,37.087],[-87.778,38.364]]]},"properties":{"NAME":"Illinnois","SUBJECTO":"Illinnois","BORDERPRECISION":1}},
{"type":"Feature","geometry":{"type":"Polygon","coordinates":[[[-75.858,39.436],[-76.26,39.201],[-75.431,37.993],[-75.048,38.538],[-75.858,39.436]]]},"properties":{"NAME":"Ninticoy","SUBJECTO":"Ninticoy","BORDERPRECISION":1}},
{"type":"Feature","geometry":{"type":"Polygon","coordinates":[[[-73.784,40.882],[-72.427,41.334],[-72.487,41.91],[-73.082,42.177],[-73.743,41.501],[-73.784,40.882]]]},"properties":{"NAME":"Wappynger","SUBJECTO":"Wappynger","BORDERPRECISION":1}},
{"type":"Feature","geometry":{"type":"Polygon","coordinates":[[[-73.743,41.501],[-73.082,42.177],[-72.517,43.579],[-72.4,44.391],[-73.108,44.656],[-73.662,43.271],[-74.604,42.644],[-73.743,41.501]]]},"properties":{"NAME":"Mahicacn","SUBJECTO":"Mahicacn","BORDERPRECISION":1}},
{"type":"Feature","geometry":{"type":"Polygon","coordinates":[[[-72.487,41.91],[-71.994,42.631],[-72.517,43.579],[-73.082,42.177],[-72.487,41.91]]]},"properties":{"NAME":"Pocumtuk","SUBJECTO":"Pocumtuk","BORDERPRECISION":1}},
{"type":"Feature","geometry":{"type":"Polygon","coordinates":[[[-71.234,45.327],[-70.536,43.404],[-67.087,44.969],[-67.905,45.672],[-67.844,47.06],[-69.224,47.466],[-71.234,45.327]]]},"properties":{"NAME":"Abnaki","SUBJECTO":"Abnaki","BORDERPRECISION":1}},
{"type":"Feature","geometry":{"type":"Polygon","coordinates":[[[-71.736,41.951],[-70.534,42.019],[-70.893,42.526],[-71.269,42.583],[-71.736,41.951]]]},"properties":{"NAME":"Masachuset","SUBJECTO":"Masachuset","BORDERPRECISION":1}},
{"type":"Feature","geometry":{"type":"Polygon","coordinates":[[[-75.366,42.061],[-78.134,42.403],[-78.79,40.66],[-77.799,39.937],[-76.342,39.448],[-75.94,39.646],[-75.366,42.061]]]},"properties":{"NAME":"Susquehanna","SUBJECTO":"Susquehanna","BORDERPRECISION":1}},
{"type":"Feature","geometry":{"type":"Polygon","coordinates":[[[-100.71,41.016],[-103.197,41.607],[-104.164,41.971],[-105.977,43.312],[-106.823,43.715],[-106.526,42.122],[-105.117,40.861],[-104.258,39.822],[-104.162,37.779],[-102.875,37.602],[-102.875,36.38],[-101.684,37.624],[-99.518,38.768],[-100.71,41.016]]]},"properties":{"NAME":"Arapaho","SUBJECTO":"Arapaho","BORDERPRECISION":1}},
{"type":"Feature","geometry":{"type":"Polygon","coordinates":[[[-99.685,33.943],[-98.955,34.998],[-97.51,34.884],[-96.586,37.248],[-97.16,38.294],[-97.807,38.777],[-99.518,38.768],[-101.684,37.624],[-101.266,35.946],[-99.685,33.943]]]},"properties":{"NAME":"Kiowa","SUBJECTO":"Kiowa","BORDERPRECISION":1}},
{"type":"Feature","geometry":{"type":"Polygon","coordinates":[[[-95.468,31.216],[-94.518,32.508],[-95.392,33.614],[-96.146,33.325],[-96.828,32.354],[-97.479,31.104],[-98.423,29.694],[-97.536,28.691],[-95.821,29.645],[-95.468,31.216]]]},"properties":{"NAME":"Tonkawa","SUBJECTO":"Tonkawa","BORDERPRECISION":1}},
{"type":"Feature","geometry":{"type":"Polygon","coordinates":[[[-110.462,36.236],[-111.178,35.476],[-111.185,35.455],[-110.462,36.236]]]},"properties":{"NAME":"Hopie","SUBJECTO":"Hopie","BORDERPRECISION":1}},
{"type":"Feature","geometry":{"type":"Polygon","coordinates":[[[-114.144,34.833],[-113.941,34.352],[-114.334,33.187],[-113.828,32.95],[-112.774,33.137],[-111.77,33.492],[-111.232,33.553],[-111.289,33.911],[-111.545,34.397],[-111.878,35.105],[-112.824,35.156],[-114.144,34.833]]]},"properties":{"NAME":"Yavapai","SUBJECTO":"Yavapai","BORDERPRECISION":1}},
{"type":"Feature","geometry":{"type":"Polygon","coordinates":[[[-115.236,34.012],[-116.213,34.711],[-116.581,35.754],[-118.403,35.46],[-119.042,35.218],[-118.6,34.598],[-117.382,34.38],[-116.882,34.159],[-115.236,34.012]]]},"properties":{"NAME":"Serano","SUBJECTO":"Serano","BORDERPRECISION":1}},
{"type":"Feature","geometry":{"type":"Polygon","coordinates":[[[-107.128,33.215],[-106.064,34.485],[-106.845,34.773],[-106.904,34.603],[-107.079,34.449],[-107.32,33.163],[-107.128,33.215]]]},"properties":{"NAME":"Riro","SUBJECTO":"Riro","BORDERPRECISION":1}},
{"type":"Feature","geometry":{"type":"Polygon","coordinates":[[[-101.143,44.715],[-99.979,44.788],[-100.212,46.354],[-101.272,46.346],[-101.143,44.715]]]},"properties":{"NAME":"Arikara","SUBJECTO":"Arikara","BORDERPRECISION":1}},
{"type":"Feature","geometry":{"type":"Polygon","coordinates":[[[-121.936,38.179],[-121.823,37.879],[-120.782,38.225],[-119.818,37.363],[-119.722,37.492],[-119.612,37.639],[-119.366,37.968],[-119.48,38.316],[-120.108,38.87],[-120.951,38.886],[-121.936,38.179]]]},"properties":{"NAME":"Miwok","SUBJECTO":"Miwok","BORDERPRECISION":1}},
{"type":"Feature","geometry":{"type":"Polygon","coordinates":[[[-98.012,42.757],[-96.098,41.937],[-94.026,42.629],[-94.585,44.212],[-95.826,44.512],[-99.82,44.525],[-99.862,44.328],[-98.012,42.757]]]},"properties":{"NAME":"Yankton","SUBJECTO":"Yankton","BORDERPRECISION":1}},
{"type":"Feature","geometry":{"type":"Polygon","coordinates":[[[-125.46,49.168],[-125.719,50.409],[-126.961,50.057],[-125.46,49.168]]]},"properties":{"NAME":"Kwakwaka'wakw","SUBJECTO":"Kwakwaka'wakw","BORDERPRECISION":1}},
{"type":"Feature","geometry":{"type":"Polygon","coordinates":[[[-124.577,71.898],[-120.454,72.299],[-115.654,73.633],[-121.239,74.58],[-125.341,72.969],[-124.577,71.898]]]},"properties":{"NAME":null,"SUBJECTO":null,"BORDERPRECISION":1}},
{"type":"Feature","geometry":{"type":"Polygon","coordinates":[[[-61.025,45.67],[-59.807,46.081],[-60.584,46.385],[-61.381,46.331],[-61.025,45.67]]]},"properties":{"NAME":"Mi'kma'ki","SUBJECTO":"Mi'kma'ki","BORDERPRECISION":1}},
{"type":"Feature","geometry":{"type":"Polygon","coordinates":[[[-87.053,63.752],[-84.655,63.314],[-82.11,64.644],[-85.558,65.864],[-87.053,63.752]]]},"properties":{"NAME":null,"SUBJECTO":null,"BORDERPRECISION":1}},
{"type":"Feature","geometry":{"type":"Polygon","coordinates":[[[-76.794,68.147],[-77.065,67.329],[-75.77,67.302],[-75.12,68.113],[-76.794,68.147]]]},"properties":{"NAME":null,"SUBJECTO":null,"BORDERPRECISION":1}},
{"type":"Feature","geometry":{"type":"Polygon","coordinates":[[[-98.878,68.885],[-95.515,68.809],[-97.742,69.832],[-98.878,68.885]]]},"properties":{"NAME":null,"SUBJECTO":null,"BORDERPRECISION":1}},
{"type":"Feature","geometry":{"type":"Polygon","coordinates":[[[-111.641,72.725],[-114.647,73.355],[-118.986,72.034],[-117.314,71.475],[-117.568,69.992],[-113.152,68.596],[-110.448,68.653],[-106.854,69.451],[-104.188,68.898],[-101.055,70.031],[-103.864,70.701],[-105.313,72.65],[-111.641,72.725]]]},"properties":{"NAME":null,"SUBJECTO":null,"BORDERPRECISION":1}},
{"type":"Feature","geometry":{"type":"Polygon","coordinates":[[[-101.406,72.295],[-98.939,71.392],[-96.689,72.817],[-99.668,73.919],[-101.406,72.295]]]},"properties":{"NAME":null,"SUBJECTO":null,"BORDERPRECISION":1}},
{"type":"Feature","geometry":{"type":"Polygon","coordinates":[[[-95.493,73.614],[-92.001,72.841],[-90,74],[-95.493,73.614]]]},"properties":{"NAME":null,"SUBJECTO":null,"BORDERPRECISION":1}},
{"type":"Feature","geometry":{"type":"MultiPolygon","coordinates":[[[[-123.078,69.835],[-107.513,58.896],[-94.741,59.856],[-93.423,61.858],[-87.435,64.569],[-88.171,65.13],[-85.987,66.163],[-83.139,66.373],[-81.295,67.499],[-84.314,69.826],[-86.488,67.378],[-88.324,67.813],[-88.905,69.228],[-91.658,70.286],[-93.271,71.559],[-96.7,70.838],[-96.127,69.941],[-92.956,69.084],[-96.208,68.074],[-101.913,67.705],[-105.636,68.355],[-107.662,67.963],[-112.503,67.693],[-115.285,68.892],[-117.832,69.008],[-123.078,69.835]]],[[[-71.258,63.567],[-69.155,62.42],[-65.94,61.79],[-66.496,63.077],[-64.474,63.744],[-67.614,65.912],[-62.845,65.614],[-61.211,66.635],[-68.665,68.716],[-71.253,71.351],[-73.275,71.161],[-75.322,72.548],[-80.489,73.037],[-81.532,73.688],[-88.099,73.636],[-89.997,71.541],[-87.948,70.385],[-82.269,69.86],[-78.713,70.011],[-73.185,68.296],[-72.305,67.264],[-75.789,65.197],[-71.258,63.567]]]]},"properties":{"NAME":"T'atsaot'ine","SUBJECTO":"T'atsaot'ine","BORDERPRECISION":1}},
{"type":"Feature","geometry":{"type":"Polygon","coordinates":[[[-90,75.968],[-89.698,74.615],[-80.349,74.616],[-81.703,75.875],[-86.618,75.432],[-90,75.968]]]},"properties":{"NAME":null,"SUBJECTO":null,"BORDERPRECISION":1}},
{"type":"Feature","geometry":{"type":"Polygon","coordinates":[[[-90,82.017],[-85.807,78.906],[-87.273,76.504],[-78.212,76.547],[-78.367,78.033],[-71.454,79.846],[-62.427,82.634],[-76.382,83.152],[-90,82.017]]]},"properties":{"NAME":null,"SUBJECTO":null,"BORDERPRECISION":1}},
{"type":"Feature","geometry":{"type":"Polygon","coordinates":[[[-100.097,75.765],[-97.817,76.476],[-100.067,76.675],[-101.885,76.333],[-100.097,75.765]]]},"properties":{"NAME":null,"SUBJECTO":null,"BORDERPRECISION":1}},
{"type":"Feature","geometry":{"type":"Polygon","coordinates":[[[-96.809,76.92],[-95.873,76.513],[-93.938,76.398],[-94.195,76.899],[-96.809,76.92]]]},"properties":{"NAME":null,"SUBJECTO":null,"BORDERPRECISION":1}},
{"type":"Feature","geometry":{"type":"Polygon","coordinates":[[[-113.024,77.602],[-110.62,77.537],[-109.661,77.95],[-113.01,77.923],[-113.024,77.602]]]},"properties":{"NAME":null,"SUBJECTO":null,"BORDERPRECISION":1}},
{"type":"Feature","geometry":{"type":"Polygon","coordinates":[[[-98.343,78.803],[-97.46,78.101],[-95.097,78.438],[-98.343,78.803]]]},"properties":{"NAME":null,"SUBJECTO":null,"BORDERPRECISION":1}},
{"type":"Feature","geometry":{"type":"Polygon","coordinates":[[[-115.802,76.34],[-117.397,75.407],[-112.203,74.5],[-111.386,75.66],[-115.802,76.34]]]},"properties":{"NAME":null,"SUBJECTO":null,"BORDERPRECISION":1}},
{"type":"Feature","geometry":{"type":"Polygon","coordinates":[[[-121.459,76.27],[-120.1,75.978],[-118.736,76.938],[-121.578,76.702],[-121.459,76.27]]]},"properties":{"NAME":null,"SUBJECTO":null,"BORDERPRECISION":1}},
{"type":"Feature","geometry":{"type":"Polygon","coordinates":[[[-100.888,78.182],[-99.892,78.658],[-102.569,79.016],[-104.162,78.298],[-100.888,78.182]]]},"properties":{"NAME":null,"SUBJECTO":null,"BORDERPRECISION":1}},
{"type":"Feature","geometry":{"type":"Polygon","coordinates":[[[-89.272,80.389],[-96.433,79.933],[-92.702,78.434],[-87.787,78.725],[-89.272,80.389]]]},"properties":{"NAME":null,"SUBJECTO":null,"BORDERPRECISION":1}},
{"type":"Feature","geometry":{"type":"Polygon","coordinates":[[[-61.408,57.048],[-64.671,60.181],[-65.861,58.795],[-67.772,58.249],[-69.214,58.748],[-70.028,60.883],[-73.395,62.355],[-77.362,62.517],[-77.507,60.415],[-78.337,58.551],[-76.772,57.663],[-76.472,56.547],[-61.408,57.048]]]},"properties":{"NAME":"Naskapi Innu","SUBJECTO":"Naskapi Innu","BORDERPRECISION":1}},
{"type":"Feature","geometry":{"type":"Polygon","coordinates":[[[-82.705,28.523],[-82.841,27.838],[-81.098,25.125],[-80.314,25.244],[-80.05,26.551],[-80.598,28.523],[-82.705,28.523]]]},"properties":{"NAME":"Caloosahatchee culture","SUBJECTO":"Caloosahatchee culture","BORDERPRECISION":1}},
{"type":"Feature","geometry":{"type":"Polygon","coordinates":[[[-107.513,58.896],[-111.371,58.606],[-111.977,58.287],[-102.587,53.565],[-100.09,52.309],[-98.488,52.352],[-92.135,52.526],[-81.988,52.804],[-82.202,54.969],[-84.468,55.167],[-87.467,55.912],[-90,57.178],[-92.483,56.977],[-93.074,58.551],[-94.684,58.878],[-94.741,59.856],[-107.513,58.896]]]},"properties":{"NAME":"Cree","SUBJECTO":"Cree","BORDERPRECISION":1}},
{"type":"Feature","geometry":{"type":"Polygon","coordinates":[[[-61.687,17.024],[-61.794,17.163],[-61.887,17.033],[-61.687,17.024]]]},"properties":{"NAME":null,"SUBJECTO":null,"BORDERPRECISION":1}},
{"type":"Feature","geometry":{"type":"Polygon","coordinates":[[[-14.51,28.05],[-13.881,28.199],[-14.147,28.391],[-14.51,28.05]]]},"properties":{"NAME":"Guanches","SUBJECTO":"Guanches","BORDERPRECISION":1}},
{"type":"Feature","geometry":{"type":"Polygon","coordinates":[[[142.413,-3.307],[139.592,-2.379],[137.854,-1.614],[136.271,-2.418],[135.246,-3.539],[134.283,-2.855],[133.907,-1.006],[132.254,-0.527],[131.211,-1.025],[132.719,-2.934],[132.713,-3.888],[134.041,-3.948],[137.824,-5.427],[139.156,-7.725],[140.948,-9.274],[142.607,-9.377],[144.38,-7.758],[145.82,-8.098],[146.646,-9.279],[147.874,-10.179],[149.783,-10.41],[149.83,-9.711],[148.589,-9.16],[146.909,-6.895],[147.376,-6.125],[143.446,-3.61],[142.413,-3.307]]]},"properties":{"NAME":"Papous","SUBJECTO":"Papous","BORDERPRECISION":1}},
{"type":"Feature","geometry":{"type":"Polygon","coordinates":[[[-59.533,13.051],[-59.429,13.165],[-59.659,13.288],[-59.643,13.149],[-59.533,13.051]]]},"properties":{"NAME":null,"SUBJECTO":null,"BORDERPRECISION":1}},
{"type":"Feature","geometry":{"type":"Polygon","coordinates":[[[-61.364,15.198],[-61.255,15.285],[-61.304,15.574],[-61.475,15.486],[-61.364,15.198]]]},"properties":{"NAME":null,"SUBJECTO":null,"BORDERPRECISION":1}},
{"type":"Feature","geometry":{"type":"Polygon","coordinates":[[[-61.747,11.997],[-61.596,12.126],[-61.725,12.172],[-61.747,11.997]]]},"properties":{"NAME":null,"SUBJECTO":null,"BORDERPRECISION":1}},
{"type":"Feature","geometry":{"type":"Polygon","coordinates":[[[-60.861,14.403],[-60.83,14.57],[-61.034,14.829],[-61.232,14.809],[-61.034,14.466],[-60.861,14.403]]]},"properties":{"NAME":null,"SUBJECTO":null,"BORDERPRECISION":1}},
{"type":"Feature","geometry":{"type":"Polygon","coordinates":[[[-62.171,16.671],[-62.138,16.693],[-62.176,16.809],[-62.237,16.712],[-62.171,16.671]]]},"properties":{"NAME":null,"SUBJECTO":null,"BORDERPRECISION":1}},
{"type":"Feature","geometry":{"type":"Polygon","coordinates":[[[-63.168,18.164],[-62.993,18.227],[-63.058,18.256],[-63.168,18.164]]]},"properties":{"NAME":null,"SUBJECTO":null,"BORDERPRECISION":1}},
{"type":"Feature","geometry":{"type":"Polygon","coordinates":[[[-62.702,17.337],[-62.813,17.409],[-62.864,17.371],[-62.778,17.292],[-62.702,17.337]]]},"properties":{"NAME":null,"SUBJECTO":null,"BORDERPRECISION":1}},
{"type":"Feature","geometry":{"type":"Polygon","coordinates":[[[-60.955,13.709],[-60.878,13.957],[-61.075,13.897],[-60.955,13.709]]]},"properties":{"NAME":null,"SUBJECTO":null,"BORDERPRECISION":1}},
{"type":"Feature","geometry":{"type":"Polygon","coordinates":[[[-61.173,13.133],[-61.123,13.249],[-61.209,13.368],[-61.278,13.25],[-61.173,13.133]]]},"properties":{"NAME":null,"SUBJECTO":null,"BORDERPRECISION":1}},
{"type":"Feature","geometry":{"type":"Polygon","coordinates":[[[-64.762,17.774],[-64.871,17.775],[-64.889,17.687],[-64.739,17.708],[-64.762,17.774]]]},"properties":{"NAME":null,"SUBJECTO":null,"BORDERPRECISION":1}},
{"type":"Feature","geometry":{"type":"Polygon","coordinates":[[[-61.346,16.334],[-61.499,16.349],[-61.794,16.242],[-61.695,15.949],[-61.553,16.054],[-61.581,16.205],[-61.346,16.334]]]},"properties":{"NAME":null,"SUBJECTO":null,"BORDERPRECISION":1}},
{"type":"Feature","geometry":{"type":"Polygon","coordinates":[[[-68.966,12.199],[-69.078,12.349],[-69.158,12.311],[-69.062,12.188],[-68.832,12.049],[-68.824,12.16],[-68.966,12.199]]]},"properties":{"NAME":null,"SUBJECTO":null,"BORDERPRECISION":1}},
{"type":"Feature","geometry":{"type":"Polygon","coordinates":[[[-63.011,18.067],[-63.045,18.121],[-63.14,18.059],[-63.011,18.067]]]},"properties":{"NAME":null,"SUBJECTO":null,"BORDERPRECISION":1}},
{"type":"Feature","geometry":{"type":"Polygon","coordinates":[[[-63.14,18.059],[-63.033,18.016],[-63.011,18.067],[-63.14,18.059]]]},"properties":{"NAME":null,"SUBJECTO":null,"BORDERPRECISION":1}},
{"type":"Feature","geometry":{"type":"Polygon","coordinates":[[[-91.626,31.939],[-92.699,31.615],[-92.46,30.584],[-91.541,30.796],[-90.256,31.321],[-90.23,32.023],[-90.409,32.05],[-91.626,31.939]]]},"properties":{"NAME":"Natchez","SUBJECTO":"Natchez","BORDERPRECISION":1}},
{"type":"Feature","geometry":{"type":"Polygon","coordinates":[[[-97.536,28.691],[-98.423,29.694],[-100.304,31.123],[-101.271,29.667],[-100.819,29.302],[-100.335,28.723],[-98.174,28.245],[-97.536,28.691]]]},"properties":{"NAME":"Lipan","SUBJECTO":"Lipan","BORDERPRECISION":1}},
{"type":"Feature","geometry":{"type":"Polygon","coordinates":[[[-92.46,30.584],[-92.699,31.615],[-91.626,31.939],[-91.626,32.957],[-92.846,34.655],[-94.937,34.621],[-95.351,34.048],[-95.392,33.614],[-94.518,32.508],[-95.468,31.216],[-94.708,30.755],[-92.46,30.584]]]},"properties":{"NAME":"Caddo","SUBJECTO":"Caddo","BORDERPRECISION":1}},
{"type":"Feature","geometry":{"type":"Polygon","coordinates":[[[-72.517,43.579],[-71.994,42.631],[-71.269,42.583],[-70.893,42.526],[-70.536,43.404],[-71.234,45.327],[-72.4,44.391],[-72.517,43.579]]]},"properties":{"NAME":"Pennacook","SUBJECTO":"Pennacook","BORDERPRECISION":1}},
{"type":"Feature","geometry":{"type":"Polygon","coordinates":[[[-116.581,35.754],[-116.879,36.75],[-117.908,35.78],[-118.609,35.629],[-118.403,35.46],[-116.581,35.754]]]},"properties":{"NAME":"Kawahsu","SUBJECTO":"Kawahsu","BORDERPRECISION":1}},
{"type":"Feature","geometry":{"type":"Polygon","coordinates":[[[-118.403,35.46],[-118.609,35.629],[-118.64,36.812],[-119.612,37.639],[-119.722,37.492],[-119.818,37.363],[-120.782,38.225],[-121.823,37.879],[-120.897,36.575],[-119.741,35.566],[-119.042,35.218],[-118.403,35.46]]]},"properties":{"NAME":"Yokuts","SUBJECTO":"Yokuts","BORDERPRECISION":1}},
{"type":"Feature","geometry":{"type":"Polygon","coordinates":[[[-111.549,45.507],[-113.429,45.358],[-114.205,45.531],[-114.212,45.528],[-116.124,44.706],[-116.16,43.017],[-116.881,41.981],[-117.737,38.693],[-118.008,36.621],[-117.908,35.78],[-116.879,36.75],[-115.955,36.47],[-115.395,38.27],[-113.517,38.886],[-111.872,40.566],[-109.557,40.894],[-105.117,40.861],[-106.526,42.122],[-106.823,43.715],[-110.279,44.748],[-111.549,45.507]]]},"properties":{"NAME":"Shoshoni","SUBJECTO":"Shoshoni","BORDERPRECISION":1}},
{"type":"Feature","geometry":{"type":"Polygon","coordinates":[[[-123.933,39.821],[-123.247,38.552],[-122.718,38.691],[-122.717,38.992],[-122.782,39.53],[-122.822,39.534],[-123.933,39.821]]]},"properties":{"NAME":"Pomo","SUBJECTO":"Pomo","BORDERPRECISION":1}},
{"type":"Feature","geometry":{"type":"Polygon","coordinates":[[[-88.287,30.772],[-88.755,30.392],[-88.214,30.35],[-88.287,30.772]]]},"properties":{"NAME":"Biloxi","SUBJECTO":"Biloxi","BORDERPRECISION":1}},
{"type":"Feature","geometry":{"type":"Polygon","coordinates":[[[-117.711,45.636],[-117.852,46.347],[-118.951,46.033],[-118.997,44.934],[-117.395,44.792],[-117.711,45.636]]]},"properties":{"NAME":"Cayuse","SUBJECTO":"Cayuse","BORDERPRECISION":1}},
{"type":"Feature","geometry":{"type":"Polygon","coordinates":[[[-53.115,48.524],[-56.662,50.056],[-57.356,50.595],[-59.157,47.67],[-56.079,47.865],[-52.729,47.455],[-53.115,48.524]]]},"properties":{"NAME":"Beothuk","SUBJECTO":"Beothuk","BORDERPRECISION":1}},
{"type":"Feature","geometry":{"type":"Polygon","coordinates":[[[-66.435,45.133],[-65.713,43.56],[-61.032,45.379],[-64.535,46.272],[-65.213,48.121],[-64.952,49.207],[-67.354,48.846],[-66.435,45.133]]]},"properties":{"NAME":"Mi'kma'ki","SUBJECTO":"Mi'kma'ki","BORDERPRECISION":1}},
{"type":"Feature","geometry":{"type":"Polygon","coordinates":[[[-65.244,50.351],[-64.326,50.305],[-63.85,50.299],[-63.207,50.346],[-61.64,50.277],[-60.138,50.412],[-58.524,51.379],[-55.659,52.187],[-55.881,53.352],[-57.515,54.466],[-61.786,56.195],[-62.954,54.22],[-64.881,50.334],[-65.169,50.349],[-65.244,50.351]]]},"properties":{"NAME":"Montagnais Innu","SUBJECTO":"Montagnais Innu","BORDERPRECISION":1}},
{"type":"Feature","geometry":{"type":"Polygon","coordinates":[[[-92.796,40.337],[-95.016,40.682],[-95.259,39.96],[-94.474,38.79],[-91.626,38.469],[-92.796,40.337]]]},"properties":{"NAME":"Missouri","SUBJECTO":"Missouri","BORDERPRECISION":1}},
{"type":"Feature","geometry":{"type":"Polygon","coordinates":[[[-97.807,38.777],[-97.16,38.294],[-94.474,38.79],[-95.259,39.96],[-97.043,40.249],[-97.807,38.777]]]},"properties":{"NAME":"Kansa","SUBJECTO":"Kansa","BORDERPRECISION":1}},
{"type":"Feature","geometry":{"type":"Polygon","coordinates":[[[-122.359,48.168],[-122.633,47.492],[-122.478,47.474],[-121.51,47.361],[-121.293,47.449],[-121.279,47.584],[-121.462,48.055],[-122.359,48.168]]]},"properties":{"NAME":null,"SUBJECTO":null,"BORDERPRECISION":1}},
{"type":"Feature","geometry":{"type":"Polygon","coordinates":[[[-95.351,34.048],[-94.937,34.621],[-92.846,34.655],[-90.807,37.175],[-91.626,38.469],[-94.474,38.79],[-97.16,38.294],[-96.586,37.248],[-97.51,34.884],[-95.454,35.132],[-95.351,34.048]]]},"properties":{"NAME":"Osage","SUBJECTO":"Osage","BORDERPRECISION":1}},
{"type":"Feature","geometry":{"type":"Polygon","coordinates":[[[-90.763,32.97],[-90.711,33.377],[-90.48,33.884],[-89.104,36.948],[-90.807,37.175],[-92.846,34.655],[-91.626,32.957],[-90.763,32.97]]]},"properties":{"NAME":"Quapaw","SUBJECTO":"Quapaw","BORDERPRECISION":1}},
{"type":"Feature","geometry":{"type":"Polygon","coordinates":[[[-101.911,47.158],[-101.576,46.823],[-100.305,46.899],[-100.472,47.686],[-101.911,47.158]]]},"properties":{"NAME":null,"SUBJECTO":null,"BORDERPRECISION":1}},
{"type":"Feature","geometry":{"type":"Polygon","coordinates":[[[-124.159,48.254],[-124.592,47.906],[-124.276,47.982],[-124.159,48.254]]]},"properties":{"NAME":null,"SUBJECTO":null,"BORDERPRECISION":1}},
{"type":"Feature","geometry":{"type":"Polygon","coordinates":[[[-124.592,47.906],[-124.353,47.529],[-123.746,47.711],[-124.276,47.982],[-124.592,47.906]]]},"properties":{"NAME":null,"SUBJECTO":null,"BORDERPRECISION":1}},
{"type":"Feature","geometry":{"type":"Polygon","coordinates":[[[-123.131,47.532],[-122.943,48.091],[-123.343,47.659],[-123.131,47.532]]]},"properties":{"NAME":null,"SUBJECTO":null,"BORDERPRECISION":1}},
{"type":"Feature","geometry":{"type":"Polygon","coordinates":[[[-124.276,47.982],[-123.746,47.711],[-123.525,47.566],[-123.343,47.659],[-122.943,48.091],[-124.159,48.254],[-124.276,47.982]]]},"properties":{"NAME":null,"SUBJECTO":null,"BORDERPRECISION":1}},
{"type":"Feature","geometry":{"type":"Polygon","coordinates":[[[-124.353,47.529],[-124.119,47.103],[-123.647,47.418],[-123.525,47.566],[-123.746,47.711],[-124.353,47.529]]]},"properties":{"NAME":null,"SUBJECTO":null,"BORDERPRECISION":1}},
{"type":"Feature","geometry":{"type":"Polygon","coordinates":[[[-124.119,47.103],[-124.176,46.811],[-123.707,46.634],[-123.173,46.828],[-123.647,47.418],[-124.119,47.103]]]},"properties":{"NAME":null,"SUBJECTO":null,"BORDERPRECISION":1}},
{"type":"Feature","geometry":{"type":"Polygon","coordinates":[[[-124.571,43.16],[-124.37,42.192],[-123.854,42.28],[-123.878,42.694],[-123.952,43.051],[-124.571,43.16]]]},"properties":{"NAME":null,"SUBJECTO":null,"BORDERPRECISION":1}},
{"type":"Feature","geometry":{"type":"Polygon","coordinates":[[[-123.854,42.28],[-123.548,41.938],[-123.175,42.217],[-123.216,42.675],[-123.878,42.694],[-123.854,42.28]]]},"properties":{"NAME":null,"SUBJECTO":null,"BORDERPRECISION":1}},
{"type":"Feature","geometry":{"type":"Polygon","coordinates":[[[-124.37,42.192],[-124.194,41.731],[-123.638,41.798],[-123.548,41.938],[-123.854,42.28],[-124.37,42.192]]]},"properties":{"NAME":null,"SUBJECTO":null,"BORDERPRECISION":1}},
{"type":"Feature","geometry":{"type":"Polygon","coordinates":[[[-91.041,43.843],[-91.134,43.935],[-91.135,43.934],[-91.041,43.843]]]},"properties":{"NAME":null,"SUBJECTO":null,"BORDERPRECISION":1}},
{"type":"Feature","geometry":{"type":"Polygon","coordinates":[[[-124.261,41.017],[-124.345,40.806],[-123.912,41.017],[-124.261,41.017]]]},"properties":{"NAME":null,"SUBJECTO":null,"BORDERPRECISION":1}},
{"type":"Feature","geometry":{"type":"Polygon","coordinates":[[[-112.141,32.83],[-112.709,32.708],[-113.733,32.57],[-114.723,31.763],[-113.052,31.139],[-112.721,30.073],[-112.047,30.228],[-111.627,31.63],[-112.141,32.83]]]},"properties":{"NAME":"Papago","SUBJECTO":"Papago","BORDERPRECISION":1}},
{"type":"Feature","geometry":{"type":"Polygon","coordinates":[[[-118.6,34.598],[-118.674,34.103],[-117.972,33.708],[-117.382,34.38],[-118.6,34.598]]]},"properties":{"NAME":null,"SUBJECTO":null,"BORDERPRECISION":1}},
{"type":"Feature","geometry":{"type":"Polygon","coordinates":[[[-117.382,34.38],[-117.972,33.708],[-117.379,33.109],[-116.443,33.268],[-116.882,34.159],[-117.382,34.38]]]},"properties":{"NAME":"Luiseno","SUBJECTO":"Luiseno","BORDERPRECISION":1}},
{"type":"Feature","geometry":{"type":"Polygon","coordinates":[[[-91.541,30.796],[-90.37,30.758],[-90.256,31.321],[-91.541,30.796]]]},"properties":{"NAME":"Houma","SUBJECTO":"Houma","BORDERPRECISION":1}},
{"type":"Feature","geometry":{"type":"Polygon","coordinates":[[[-90.711,33.377],[-89.025,33.438],[-89.066,33.854],[-90.48,33.884],[-90.711,33.377]]]},"properties":{"NAME":null,"SUBJECTO":null,"BORDERPRECISION":1}},
{"type":"Feature","geometry":{"type":"Polygon","coordinates":[[[-71.736,41.951],[-71.765,41.396],[-70.534,42.019],[-71.736,41.951]]]},"properties":{"NAME":"Cusabo","SUBJECTO":"Cusabo","BORDERPRECISION":1}},
{"type":"Feature","geometry":{"type":"Polygon","coordinates":[[[-86.669,35.096],[-85.044,34.972],[-83.159,35.958],[-83.253,36.669],[-86.669,35.096]]]},"properties":{"NAME":"Yuchi","SUBJECTO":"Yuchi","BORDERPRECISION":1}},
{"type":"Feature","geometry":{"type":"Polygon","coordinates":[[[-83.253,36.669],[-83.159,35.958],[-85.044,34.972],[-85.007,33.922],[-83.696,34.046],[-82.491,35.002],[-80.582,36.872],[-80.221,37.643],[-81.877,37.363],[-83.253,36.669]]]},"properties":{"NAME":"Cherokee","SUBJECTO":"Cherokee","BORDERPRECISION":1}},
{"type":"Feature","geometry":{"type":"Polygon","coordinates":[[[-109.349,34.719],[-108.365,34.481],[-108.44,35.299],[-109.349,34.719]]]},"properties":{"NAME":"Zuni","SUBJECTO":"Zuni","BORDERPRECISION":1}},
{"type":"Feature","geometry":{"type":"Polygon","coordinates":[[[-104.167,35.39],[-105.364,35.828],[-105.427,35.266],[-105.789,34.772],[-106.064,34.485],[-107.128,33.215],[-107.32,33.163],[-106.445,31.759],[-104.785,30.586],[-103.741,29.234],[-102.722,29.749],[-101.271,29.667],[-100.304,31.123],[-103.367,32.386],[-104.167,35.39]]]},"properties":{"NAME":"Mescalero","SUBJECTO":"Mescalero","BORDERPRECISION":1}},
{"type":"Feature","geometry":{"type":"Polygon","coordinates":[[[-105.269,36.453],[-105.364,35.828],[-104.167,35.39],[-103.303,35.92],[-102.875,36.38],[-102.875,37.602],[-104.162,37.779],[-104.632,36.974],[-105.269,36.453]]]},"properties":{"NAME":"Jicarilla","SUBJECTO":"Jicarilla","BORDERPRECISION":1}},
{"type":"Feature","geometry":{"type":"Polygon","coordinates":[[[-101.684,37.624],[-102.875,36.38],[-103.303,35.92],[-101.684,37.624]]]},"properties":{"NAME":null,"SUBJECTO":null,"BORDERPRECISION":1}},
{"type":"Feature","geometry":{"type":"Polygon","coordinates":[[[-116.882,34.159],[-116.443,33.268],[-116.35,33.292],[-115.12,33.503],[-115.064,33.51],[-114.929,33.891],[-115.236,34.012],[-116.882,34.159]]]},"properties":{"NAME":"Cahulia","SUBJECTO":"Cahulia","BORDERPRECISION":1}},
{"type":"Feature","geometry":{"type":"Polygon","coordinates":[[[-113.941,34.352],[-114.66,34.355],[-114.929,33.891],[-115.064,33.51],[-114.334,33.187],[-113.941,34.352]]]},"properties":{"NAME":null,"SUBJECTO":null,"BORDERPRECISION":1}},
{"type":"Feature","geometry":{"type":"Polygon","coordinates":[[[-107.245,35.113],[-106.904,34.603],[-106.845,34.773],[-106.493,35.123],[-106.137,35.542],[-106.461,35.687],[-106.99,35.368],[-107.245,35.113]]]},"properties":{"NAME":null,"SUBJECTO":null,"BORDERPRECISION":1}},
{"type":"Feature","geometry":{"type":"Polygon","coordinates":[[[-106.064,34.485],[-105.789,34.772],[-106.493,35.123],[-106.845,34.773],[-106.064,34.485]]]},"properties":{"NAME":null,"SUBJECTO":null,"BORDERPRECISION":1}},
{"type":"Feature","geometry":{"type":"Polygon","coordinates":[[[-108.44,35.299],[-108.365,34.481],[-107.079,34.449],[-106.904,34.603],[-107.245,35.113],[-108.44,35.299]]]},"properties":{"NAME":null,"SUBJECTO":null,"BORDERPRECISION":1}},
{"type":"Feature","geometry":{"type":"Polygon","coordinates":[[[-112.824,35.156],[-113.371,35.889],[-114.728,35.742],[-114.144,34.833],[-112.824,35.156]]]},"properties":{"NAME":"Walapai","SUBJECTO":"Walapai","BORDERPRECISION":1}},
{"type":"Feature","geometry":{"type":"Polygon","coordinates":[[[-106.064,36.323],[-105.364,35.828],[-105.269,36.453],[-106.064,36.323]]]},"properties":{"NAME":null,"SUBJECTO":null,"BORDERPRECISION":1}},
{"type":"Feature","geometry":{"type":"Polygon","coordinates":[[[-105.427,35.266],[-106.137,35.542],[-106.493,35.123],[-105.789,34.772],[-105.427,35.266]]]},"properties":{"NAME":"Tano","SUBJECTO":"Tano","BORDERPRECISION":1}},
{"type":"Feature","geometry":{"type":"Polygon","coordinates":[[[-106.99,35.368],[-106.461,35.687],[-106.692,35.977],[-106.99,35.368]]]},"properties":{"NAME":null,"SUBJECTO":null,"BORDERPRECISION":1}},
{"type":"Feature","geometry":{"type":"Polygon","coordinates":[[[-106.692,35.977],[-106.461,35.687],[-106.137,35.542],[-105.427,35.266],[-105.364,35.828],[-106.064,36.323],[-106.692,35.977]]]},"properties":{"NAME":"Pewa","SUBJECTO":"Pewa","BORDERPRECISION":1}},
{"type":"Feature","geometry":{"type":"Polygon","coordinates":[[[-104.632,36.974],[-104.162,37.779],[-104.258,39.822],[-105.117,40.861],[-109.557,40.894],[-111.872,40.566],[-113.517,38.886],[-110.338,37.174],[-108.032,36.612],[-106.38,37.182],[-104.632,36.974]]]},"properties":{"NAME":"Ute","SUBJECTO":"Ute","BORDERPRECISION":1}},
{"type":"Feature","geometry":{"type":"Polygon","coordinates":[[[-107.336,24.222],[-105.54,22.285],[-105.507,20.104],[-103.752,20.61],[-103.61,21.013],[-103.528,21.922],[-103.702,21.911],[-104.797,22.056],[-105.289,23.1],[-106.772,24.445],[-107.336,24.222]]]},"properties":{"NAME":"Nayarit","SUBJECTO":"Nayarit","BORDERPRECISION":1}},
{"type":"Feature","geometry":{"type":"Polygon","coordinates":[[[-83.847,30.012],[-82.705,28.523],[-80.598,28.523],[-81.405,30.073],[-81.419,30.98],[-81.888,30.984],[-82.203,30.986],[-83.736,30.375],[-83.847,30.012]]]},"properties":{"NAME":"Timucua","SUBJECTO":"Timucua","BORDERPRECISION":1}},
{"type":"Feature","geometry":{"type":"Polygon","coordinates":[[[-82.491,35.002],[-82.049,34.255],[-79.895,33.221],[-79.431,33.04],[-77.199,34.68],[-77.465,35.204],[-78.057,36.502],[-80.582,36.872],[-82.491,35.002]]]},"properties":{"NAME":"Catawba","SUBJECTO":"Catawba","BORDERPRECISION":1}},
{"type":"Feature","geometry":{"type":"Polygon","coordinates":[[[-77.118,36.679],[-77.096,36.774],[-77.131,36.923],[-77.517,37.182],[-78.048,36.932],[-77.118,36.679]]]},"properties":{"NAME":null,"SUBJECTO":null,"BORDERPRECISION":1}},
{"type":"Feature","geometry":{"type":"Polygon","coordinates":[[[-77.799,39.937],[-78.406,39.019],[-77.733,38.7],[-77.254,38.68],[-76.342,39.448],[-77.799,39.937]]]},"properties":{"NAME":"Conoy","SUBJECTO":"Conoy","BORDERPRECISION":1}},
{"type":"Feature","geometry":{"type":"Polygon","coordinates":[[[-103.995,47.636],[-101.911,47.158],[-100.472,47.686],[-98.716,48.279],[-98.353,48.605],[-98.488,52.352],[-100.09,52.309],[-102.587,53.565],[-106.277,51.517],[-108.642,50.204],[-106.189,47.906],[-103.995,47.636]]]},"properties":{"NAME":"Assiniboin","SUBJECTO":"Assiniboin","BORDERPRECISION":1}},
{"type":"Feature","geometry":{"type":"Polygon","coordinates":[[[-110.176,46.78],[-110.532,49.155],[-109.644,49.648],[-110.611,50.337],[-114.035,49.624],[-113.677,48.504],[-112.592,46.673],[-113.429,45.358],[-111.549,45.507],[-110.176,46.78]]]},"properties":{"NAME":"Blackfoot","SUBJECTO":"Blackfoot","BORDERPRECISION":1}},
{"type":"Feature","geometry":{"type":"Polygon","coordinates":[[[-106.189,47.906],[-108.642,50.204],[-109.644,49.648],[-110.532,49.155],[-110.176,46.78],[-107.812,47.194],[-106.189,47.906]]]},"properties":{"NAME":"Aaniiih","SUBJECTO":"Gros Ventre","BORDERPRECISION":1}},
{"type":"Feature","geometry":{"type":"Polygon","coordinates":[[[-97.043,40.249],[-95.259,39.96],[-95.016,40.682],[-96.519,41.211],[-96.723,41.192],[-97.043,40.249]]]},"properties":{"NAME":"Oto","SUBJECTO":"Oto","BORDERPRECISION":1}},
{"type":"Feature","geometry":{"type":"Polygon","coordinates":[[[-92.453,42.691],[-94.026,42.629],[-96.098,41.937],[-96.519,41.211],[-95.016,40.682],[-92.796,40.337],[-91.327,41.536],[-92.453,42.691]]]},"properties":{"NAME":"Iowa","SUBJECTO":"Iowa","BORDERPRECISION":1}},
{"type":"Feature","geometry":{"type":"Polygon","coordinates":[[[-96.723,41.192],[-96.519,41.211],[-96.098,41.937],[-98.012,42.757],[-98.293,42.317],[-96.723,41.192]]]},"properties":{"NAME":"Omaha","SUBJECTO":"Omaha","BORDERPRECISION":1}},
{"type":"Feature","geometry":{"type":"Polygon","coordinates":[[[-98.293,42.317],[-98.012,42.757],[-99.862,44.328],[-100.933,43.885],[-100.856,42.762],[-98.293,42.317]]]},"properties":{"NAME":"Ponca","SUBJECTO":"Ponca","BORDERPRECISION":1}},
{"type":"Feature","geometry":{"type":"Polygon","coordinates":[[[-91.135,43.934],[-91.134,43.935],[-93.528,46.1],[-93.347,47.235],[-95.065,47.655],[-96.795,47.165],[-97.236,45.343],[-95.826,44.512],[-94.585,44.212],[-94.026,42.629],[-92.453,42.691],[-91.135,43.934]]]},"properties":{"NAME":"Santee","SUBJECTO":"Santee","BORDERPRECISION":1}},
{"type":"Feature","geometry":{"type":"Polygon","coordinates":[[[-89.105,42.891],[-88.136,44.052],[-90.704,44.082],[-91.134,43.935],[-91.041,43.843],[-89.105,42.891]]]},"properties":{"NAME":null,"SUBJECTO":null,"BORDERPRECISION":1}},
{"type":"Feature","geometry":{"type":"Polygon","coordinates":[[[-100.874,42.763],[-100.933,43.885],[-99.862,44.328],[-99.82,44.525],[-99.979,44.788],[-101.143,44.715],[-101.272,46.346],[-101.576,46.823],[-101.911,47.158],[-103.995,47.636],[-104.537,47.134],[-104.553,45.072],[-103.22,45.194],[-102.229,44.165],[-103.479,42.611],[-104.164,41.971],[-103.197,41.607],[-101.393,41.716],[-101.056,42.417],[-100.874,42.763]]]},"properties":{"NAME":"Teton","SUBJECTO":"Teton","BORDERPRECISION":1}},
{"type":"Feature","geometry":{"type":"Polygon","coordinates":[[[-100.212,46.354],[-100.305,46.899],[-101.576,46.823],[-101.272,46.346],[-100.212,46.354]]]},"properties":{"NAME":"Mandan","SUBJECTO":"Mandan","BORDERPRECISION":1}},
{"type":"Feature","geometry":{"type":"Polygon","coordinates":[[[-99.979,44.788],[-99.82,44.525],[-95.826,44.512],[-97.236,45.343],[-96.795,47.165],[-98.716,48.279],[-100.472,47.686],[-100.305,46.899],[-100.212,46.354],[-99.979,44.788]]]},"properties":{"NAME":"Yankontai","SUBJECTO":"Yankontai","BORDERPRECISION":1}},
{"type":"Feature","geometry":{"type":"Polygon","coordinates":[[[-72.427,41.334],[-71.765,41.396],[-71.736,41.951],[-72.487,41.91],[-72.427,41.334]]]},"properties":{"NAME":null,"SUBJECTO":null,"BORDERPRECISION":1}},
{"type":"Feature","geometry":{"type":"Polygon","coordinates":[[[-72.487,41.91],[-71.736,41.951],[-71.269,42.583],[-71.994,42.631],[-72.487,41.91]]]},"properties":{"NAME":null,"SUBJECTO":null,"BORDERPRECISION":1}},
{"type":"Feature","geometry":{"type":"Polygon","coordinates":[[[-123.247,38.552],[-122.49,38.165],[-122.313,38.221],[-122.352,38.517],[-122.718,38.691],[-123.247,38.552]]]},"properties":{"NAME":null,"SUBJECTO":null,"BORDERPRECISION":1}},
{"type":"Feature","geometry":{"type":"Polygon","coordinates":[[[-88.136,44.052],[-87.974,44.37],[-90.017,45.332],[-90.704,44.082],[-88.136,44.052]]]},"properties":{"NAME":"Fox","SUBJECTO":"Fox","BORDERPRECISION":1}},
{"type":"Feature","geometry":{"type":"Polygon","coordinates":[[[-87.974,44.37],[-87.848,44.606],[-87.867,44.885],[-88.667,46.134],[-87.514,46.689],[-91.414,46.803],[-90.017,45.332],[-87.974,44.37]]]},"properties":{"NAME":null,"SUBJECTO":null,"BORDERPRECISION":1}},
{"type":"Feature","geometry":{"type":"Polygon","coordinates":[[[-87.62,45.025],[-87.64,45.005],[-87.621,45.022],[-87.62,45.025]]]},"properties":{"NAME":null,"SUBJECTO":null,"BORDERPRECISION":1}},
{"type":"Feature","geometry":{"type":"Polygon","coordinates":[[[-83.268,45.036],[-83.286,45.026],[-83.263,45.021],[-83.268,45.036]]]},"properties":{"NAME":null,"SUBJECTO":null,"BORDERPRECISION":1}},
{"type":"Feature","geometry":{"type":"Polygon","coordinates":[[[-98.488,52.352],[-98.353,48.605],[-98.716,48.279],[-96.795,47.165],[-95.065,47.655],[-93.347,47.235],[-93.528,46.1],[-91.134,43.935],[-90.704,44.082],[-90.017,45.332],[-91.414,46.803],[-91.15,47.368],[-87.717,48.91],[-81.506,52.141],[-81.988,52.804],[-92.135,52.526],[-98.488,52.352]]]},"properties":{"NAME":"Obiwa","SUBJECTO":"Obiwa","BORDERPRECISION":1}},
{"type":"Feature","geometry":{"type":"Polygon","coordinates":[[[-87.791,42.829],[-87.848,44.606],[-87.974,44.37],[-88.136,44.052],[-89.105,42.891],[-87.791,42.829]]]},"properties":{"NAME":"Winebago","SUBJECTO":"Winebago","BORDERPRECISION":1}},
{"type":"Feature","geometry":{"type":"Polygon","coordinates":[[[-78.134,42.403],[-79.006,42.61],[-79.613,42.365],[-81.811,41.495],[-83.131,42.052],[-82.372,43.044],[-82.374,43.047],[-85.441,41.672],[-85.172,40.642],[-80.746,40.677],[-79.921,40.419],[-79.144,38.599],[-78.406,39.019],[-77.799,39.937],[-78.79,40.66],[-78.134,42.403]]]},"properties":{"NAME":"Erie","SUBJECTO":"Erie","BORDERPRECISION":1}},
{"type":"Feature","geometry":{"type":"Polygon","coordinates":[[[-83.268,45.036],[-84.743,45.863],[-84.797,45.858],[-86.002,44.917],[-86.514,43.681],[-86.254,42.524],[-85.441,41.672],[-82.374,43.047],[-83.286,45.026],[-83.268,45.036]]]},"properties":{"NAME":"Potawatomi","SUBJECTO":"Potawatomi","BORDERPRECISION":1}},
{"type":"Feature","geometry":{"type":"Polygon","coordinates":[[[-87.745,40.337],[-87.648,38.882],[-85.172,40.642],[-85.441,41.672],[-86.254,42.524],[-87.382,41.638],[-87.745,40.337]]]},"properties":{"NAME":"Miami","SUBJECTO":"Miami","BORDERPRECISION":1}},
{"type":"Feature","geometry":{"type":"Polygon","coordinates":[[[-87.867,44.885],[-87.64,45.005],[-87.62,45.025],[-86.72,45.867],[-84.797,45.858],[-84.743,45.863],[-83.742,46.26],[-84.562,46.536],[-87.514,46.689],[-88.667,46.134],[-87.867,44.885]]]},"properties":{"NAME":"Menomini","SUBJECTO":"Menomini","BORDERPRECISION":1}},
{"type":"Feature","geometry":{"type":"Polygon","coordinates":[[[-74.604,42.644],[-73.662,43.271],[-73.108,44.656],[-74.778,45.022],[-76.016,44.318],[-76.174,43.625],[-77.761,43.321],[-79.006,42.61],[-78.134,42.403],[-75.366,42.061],[-74.604,42.644]]]},"properties":{"NAME":"Iroquois","SUBJECTO":"Iroquois","BORDERPRECISION":1}},
{"type":"Feature","geometry":{"type":"Polygon","coordinates":[[[-83.736,30.375],[-82.203,30.986],[-82.548,32.917],[-84.342,32.755],[-85.064,30.344],[-83.736,30.375]]]},"properties":{"NAME":"Hitchiti","SUBJECTO":"Hitchiti","BORDERPRECISION":1}},
{"type":"Feature","geometry":{"type":"Polygon","coordinates":[[[-91.981,30.233],[-91.184,29.856],[-89.523,29.976],[-88.755,30.392],[-88.287,30.772],[-87.322,31.867],[-87.162,32.953],[-87.11,33.261],[-89.951,32.958],[-89.974,32.58],[-90.23,32.023],[-90.256,31.321],[-90.37,30.758],[-91.541,30.796],[-92.46,30.584],[-91.981,30.233]]]},"properties":{"NAME":"Choctaw","SUBJECTO":"Choctaw","BORDERPRECISION":1}},
{"type":"Feature","geometry":{"type":"Polygon","coordinates":[[[-88.371,37.087],[-89.104,36.948],[-90.48,33.884],[-89.066,33.854],[-89.025,33.438],[-90.711,33.377],[-90.763,32.97],[-89.951,32.958],[-87.11,33.261],[-86.693,35.112],[-87.687,35.795],[-88.371,37.087]]]},"properties":{"NAME":"Chicaksaw","SUBJECTO":"Chicaksaw","BORDERPRECISION":1}},
{"type":"Feature","geometry":{"type":"Polygon","coordinates":[[[-90.409,32.05],[-90.23,32.023],[-89.974,32.58],[-90.409,32.05]]]},"properties":{"NAME":null,"SUBJECTO":null,"BORDERPRECISION":1}},
{"type":"Feature","geometry":{"type":"Polygon","coordinates":[[[-88.214,30.35],[-86.615,30.411],[-86.671,31.861],[-87.322,31.867],[-88.287,30.772],[-88.214,30.35]]]},"properties":{"NAME":"Naniaho","SUBJECTO":"Naniaho","BORDERPRECISION":1}},
{"type":"Feature","geometry":{"type":"Polygon","coordinates":[[[-86.693,35.112],[-87.11,33.261],[-87.162,32.953],[-86.107,32.913],[-85.007,33.922],[-85.044,34.972],[-86.669,35.096],[-86.693,35.112]]]},"properties":{"NAME":"Knucati","SUBJECTO":"Knucati","BORDERPRECISION":1}},
{"type":"Feature","geometry":{"type":"Polygon","coordinates":[[[-119.042,35.218],[-119.741,35.566],[-120.954,35.489],[-120.529,34.508],[-118.674,34.103],[-118.6,34.598],[-119.042,35.218]]]},"properties":{"NAME":"Chumash","SUBJECTO":"Chumash","BORDERPRECISION":1}},
{"type":"Feature","geometry":{"type":"Polygon","coordinates":[[[-121.984,36.531],[-121.65,36.099],[-121.344,36.463],[-121.984,36.531]]]},"properties":{"NAME":null,"SUBJECTO":null,"BORDERPRECISION":1}},
{"type":"Feature","geometry":{"type":"Polygon","coordinates":[[[-123.431,44.274],[-123.141,43.505],[-122.845,43.502],[-122,43.506],[-122.014,44.342],[-122.108,44.352],[-122.818,45.079],[-122.995,45.63],[-123.352,45.538],[-123.49,45.023],[-123.548,44.731],[-123.431,44.274]]]},"properties":{"NAME":"Kalapuya","SUBJECTO":"Kalapuya","BORDERPRECISION":1}},
{"type":"Feature","geometry":{"type":"Polygon","coordinates":[[[-117.395,44.792],[-116.124,44.706],[-114.212,45.528],[-114.205,45.531],[-114.473,46.369],[-116.432,46.8],[-117.102,46.776],[-117.852,46.347],[-117.711,45.636],[-117.395,44.792]]]},"properties":{"NAME":"Nez Perce","SUBJECTO":"Nez Perce","BORDERPRECISION":1}},
{"type":"Feature","geometry":{"type":"Polygon","coordinates":[[[-117.358,47.896],[-116.146,47.829],[-115.626,48.298],[-117.286,48.903],[-117.991,48.365],[-117.891,48.284],[-117.358,47.896]]]},"properties":{"NAME":"Kalispel","SUBJECTO":"Kalispel","BORDERPRECISION":1}},
{"type":"Feature","geometry":{"type":"Polygon","coordinates":[[[-113.429,45.358],[-112.592,46.673],[-113.677,48.504],[-115.626,48.298],[-116.146,47.829],[-116.432,46.8],[-114.473,46.369],[-114.205,45.531],[-113.429,45.358]]]},"properties":{"NAME":"Flathead","SUBJECTO":"Flathead","BORDERPRECISION":1}},
{"type":"Feature","geometry":{"type":"Polygon","coordinates":[[[-121.293,47.449],[-120.414,46.958],[-120.357,46.999],[-121.279,47.584],[-121.293,47.449]]]},"properties":{"NAME":null,"SUBJECTO":null,"BORDERPRECISION":1}},
{"type":"Feature","geometry":{"type":"Polygon","coordinates":[[[-120.414,46.958],[-121.381,47.014],[-121.511,46.748],[-120.588,45.715],[-120.175,45.795],[-118.951,46.033],[-119.048,46.748],[-120.071,46.944],[-120.357,46.999],[-120.414,46.958]]]},"properties":{"NAME":"Yakima","SUBJECTO":"Yakima","BORDERPRECISION":1}},
{"type":"Feature","geometry":{"type":"Polygon","coordinates":[[[-118.951,46.033],[-120.175,45.795],[-119.467,44.765],[-118.997,44.934],[-118.951,46.033]]]},"properties":{"NAME":"Umatilla","SUBJECTO":"Umatilla","BORDERPRECISION":1}},
{"type":"Feature","geometry":{"type":"Polygon","coordinates":[[[-122.014,44.342],[-119.467,44.765],[-120.175,45.795],[-120.588,45.715],[-120.998,45.631],[-121.869,45.1],[-122.108,44.352],[-122.014,44.342]]]},"properties":{"NAME":"Tenimo","SUBJECTO":"Tenimo","BORDERPRECISION":1}},
{"type":"Feature","geometry":{"type":"Polygon","coordinates":[[[-120.512,48.748],[-119.976,47.866],[-119.466,47.802],[-119.24,48.711],[-120.512,48.748]]]},"properties":{"NAME":null,"SUBJECTO":null,"BORDERPRECISION":1}},
{"type":"Feature","geometry":{"type":"Polygon","coordinates":[[[-117.852,46.347],[-117.102,46.776],[-117.426,47.008],[-118.847,46.718],[-119.048,46.748],[-118.951,46.033],[-117.852,46.347]]]},"properties":{"NAME":null,"SUBJECTO":null,"BORDERPRECISION":1}},
{"type":"Feature","geometry":{"type":"Polygon","coordinates":[[[-119.24,48.711],[-119.118,49.196],[-120.919,49.044],[-120.512,48.748],[-119.24,48.711]]]},"properties":{"NAME":null,"SUBJECTO":null,"BORDERPRECISION":1}},
{"type":"Feature","geometry":{"type":"Polygon","coordinates":[[[-121.238,41.077],[-121.177,40.61],[-120.504,40.672],[-120.434,40.97],[-121.238,41.077]]]},"properties":{"NAME":null,"SUBJECTO":null,"BORDERPRECISION":1}},
{"type":"Feature","geometry":{"type":"Polygon","coordinates":[[[-121.383,42.327],[-122.175,42.021],[-122.194,41.996],[-121.968,41.397],[-121.305,41.585],[-120.5,41.812],[-120.394,42.09],[-121.383,42.327]]]},"properties":{"NAME":"Modoc","SUBJECTO":"Modoc","BORDERPRECISION":1}},
{"type":"Feature","geometry":{"type":"Polygon","coordinates":[[[-121.177,40.61],[-121.414,40.584],[-121.977,40.061],[-121.986,39.595],[-121.043,39.588],[-120.391,39.663],[-120.19,40.099],[-120.504,40.672],[-121.177,40.61]]]},"properties":{"NAME":"Maiou","SUBJECTO":"Maiou","BORDERPRECISION":1}},
{"type":"Feature","geometry":{"type":"Polygon","coordinates":[[[-121.776,46.649],[-122.144,46.589],[-121.987,46.361],[-121.776,46.649]]]},"properties":{"NAME":null,"SUBJECTO":null,"BORDERPRECISION":1}},
{"type":"Feature","geometry":{"type":"Polygon","coordinates":[[[-122.633,47.492],[-123.131,47.532],[-123.343,47.659],[-123.525,47.566],[-123.647,47.418],[-123.173,46.828],[-122.587,47.232],[-122.478,47.474],[-122.633,47.492]]]},"properties":{"NAME":null,"SUBJECTO":null,"BORDERPRECISION":1}},
{"type":"Feature","geometry":{"type":"Polygon","coordinates":[[[-122.478,47.474],[-122.587,47.232],[-122.144,46.589],[-121.776,46.649],[-121.511,46.748],[-121.381,47.014],[-121.51,47.361],[-122.478,47.474]]]},"properties":{"NAME":null,"SUBJECTO":null,"BORDERPRECISION":1}},
{"type":"Feature","geometry":{"type":"Polygon","coordinates":[[[-121.51,47.361],[-121.381,47.014],[-120.414,46.958],[-121.293,47.449],[-121.51,47.361]]]},"properties":{"NAME":null,"SUBJECTO":null,"BORDERPRECISION":1}},
{"type":"Feature","geometry":{"type":"Polygon","coordinates":[[[-122.301,45.007],[-122.283,45.004],[-122.279,45.012],[-122.301,45.007]]]},"properties":{"NAME":null,"SUBJECTO":null,"BORDERPRECISION":1}},
{"type":"Feature","geometry":{"type":"Polygon","coordinates":[[[-121.898,45.678],[-121.903,45.668],[-121.876,45.686],[-121.898,45.678]]]},"properties":{"NAME":null,"SUBJECTO":null,"BORDERPRECISION":1}},
{"type":"Feature","geometry":{"type":"Polygon","coordinates":[[[-121.511,46.748],[-121.776,46.649],[-121.987,46.361],[-122.377,45.579],[-121.898,45.678],[-121.876,45.686],[-120.998,45.631],[-120.588,45.715],[-121.511,46.748]]]},"properties":{"NAME":"Kijkitat","SUBJECTO":"Kijkitat","BORDERPRECISION":1}},
{"type":"Feature","geometry":{"type":"Polygon","coordinates":[[[-122.108,44.352],[-121.869,45.1],[-122.279,45.012],[-122.283,45.004],[-122.301,45.007],[-122.818,45.079],[-122.108,44.352]]]},"properties":{"NAME":null,"SUBJECTO":null,"BORDERPRECISION":1}},
{"type":"Feature","geometry":{"type":"Polygon","coordinates":[[[-119.048,46.748],[-118.847,46.718],[-118.781,47.584],[-119.466,47.802],[-119.976,47.866],[-120.071,46.944],[-119.048,46.748]]]},"properties":{"NAME":null,"SUBJECTO":null,"BORDERPRECISION":1}},
{"type":"Feature","geometry":{"type":"Polygon","coordinates":[[[-121.462,48.055],[-121.189,48.591],[-121.637,48.64],[-122.225,48.626],[-122.502,48.609],[-122.359,48.168],[-121.462,48.055]]]},"properties":{"NAME":null,"SUBJECTO":null,"BORDERPRECISION":1}},
{"type":"Feature","geometry":{"type":"Polygon","coordinates":[[[-121.279,47.584],[-120.357,46.999],[-120.071,46.944],[-119.976,47.866],[-120.512,48.748],[-120.919,49.044],[-121.176,49.023],[-121.189,48.591],[-121.462,48.055],[-121.279,47.584]]]},"properties":{"NAME":null,"SUBJECTO":null,"BORDERPRECISION":1}},
{"type":"Feature","geometry":{"type":"Polygon","coordinates":[[[-116.432,46.8],[-116.146,47.829],[-117.358,47.896],[-117.426,47.008],[-117.102,46.776],[-116.432,46.8]]]},"properties":{"NAME":null,"SUBJECTO":null,"BORDERPRECISION":1}},
{"type":"Feature","geometry":{"type":"Polygon","coordinates":[[[-117.891,48.284],[-118.781,47.584],[-118.847,46.718],[-117.426,47.008],[-117.358,47.896],[-117.891,48.284]]]},"properties":{"NAME":"Spokane","SUBJECTO":"Spokane","BORDERPRECISION":1}},
{"type":"Feature","geometry":{"type":"Polygon","coordinates":[[[-117.286,48.903],[-117.338,49.346],[-119.118,49.196],[-119.24,48.711],[-117.991,48.365],[-117.286,48.903]]]},"properties":{"NAME":null,"SUBJECTO":null,"BORDERPRECISION":1}},
{"type":"Feature","geometry":{"type":"Polygon","coordinates":[[[-114.035,49.624],[-117.338,49.346],[-117.286,48.903],[-115.626,48.298],[-113.677,48.504],[-114.035,49.624]]]},"properties":{"NAME":null,"SUBJECTO":null,"BORDERPRECISION":1}},
{"type":"Feature","geometry":{"type":"Polygon","coordinates":[[[-117.991,48.365],[-119.24,48.711],[-119.466,47.802],[-118.781,47.584],[-117.891,48.284],[-117.991,48.365]]]},"properties":{"NAME":null,"SUBJECTO":null,"BORDERPRECISION":1}},
{"type":"Feature","geometry":{"type":"Polygon","coordinates":[[[-120.108,38.87],[-120.391,39.663],[-121.043,39.588],[-120.951,38.886],[-120.108,38.87]]]},"properties":{"NAME":null,"SUBJECTO":null,"BORDERPRECISION":1}},
{"type":"Feature","geometry":{"type":"Polygon","coordinates":[[[-119.612,37.639],[-118.64,36.812],[-118.343,37.243],[-119.366,37.968],[-119.612,37.639]]]},"properties":{"NAME":null,"SUBJECTO":null,"BORDERPRECISION":1}},
{"type":"Feature","geometry":{"type":"Polygon","coordinates":[[[-117.908,35.78],[-118.008,36.621],[-118.343,37.243],[-118.64,36.812],[-118.609,35.629],[-117.908,35.78]]]},"properties":{"NAME":null,"SUBJECTO":null,"BORDERPRECISION":1}},
{"type":"Feature","geometry":{"type":"Polygon","coordinates":[[[-119.366,37.968],[-118.343,37.243],[-118.008,36.621],[-117.737,38.693],[-116.881,41.981],[-116.16,43.017],[-116.124,44.706],[-117.395,44.792],[-118.997,44.934],[-119.467,44.765],[-122.014,44.342],[-122,43.506],[-121.885,43.306],[-120.394,42.09],[-120.5,41.812],[-120.434,40.97],[-120.504,40.672],[-120.19,40.099],[-119.48,38.316],[-119.366,37.968]]]},"properties":{"NAME":"Northern Paiute","SUBJECTO":"Northern Paiute","BORDERPRECISION":1}},
{"type":"Feature","geometry":{"type":"Polygon","coordinates":[[[-115.236,34.012],[-114.929,33.891],[-114.66,34.355],[-114.926,35.557],[-115.955,36.47],[-116.879,36.75],[-116.581,35.754],[-116.213,34.711],[-115.236,34.012]]]},"properties":{"NAME":null,"SUBJECTO":null,"BORDERPRECISION":1}},
{"type":"Feature","geometry":{"type":"Polygon","coordinates":[[[-110.338,37.174],[-113.517,38.886],[-115.395,38.27],[-115.955,36.47],[-114.926,35.557],[-114.728,35.742],[-113.371,35.889],[-112.582,36.378],[-111.197,35.466],[-111.178,35.476],[-110.462,36.236],[-110.338,37.174]]]},"properties":{"NAME":"Southern Paiute","SUBJECTO":"Southern Paiute","BORDERPRECISION":1}},
{"type":"Feature","geometry":{"type":"Polygon","coordinates":[[[-111.185,35.455],[-111.178,35.476],[-111.197,35.466],[-111.185,35.454],[-111.185,35.455]]]},"properties":{"NAME":null,"SUBJECTO":null,"BORDERPRECISION":1}},
{"type":"Feature","geometry":{"type":"Polygon","coordinates":[[[-123.431,44.274],[-124.255,44.357],[-124.145,43.651],[-123.322,43.354],[-123.141,43.505],[-123.431,44.274]]]},"properties":{"NAME":null,"SUBJECTO":null,"BORDERPRECISION":1}},
{"type":"Feature","geometry":{"type":"Polygon","coordinates":[[[-123.548,44.731],[-124.152,44.746],[-124.255,44.357],[-123.431,44.274],[-123.548,44.731]]]},"properties":{"NAME":null,"SUBJECTO":null,"BORDERPRECISION":1}},
{"type":"Feature","geometry":{"type":"Polygon","coordinates":[[[-123.49,45.023],[-124.064,45.128],[-124.152,44.746],[-123.548,44.731],[-123.49,45.023]]]},"properties":{"NAME":null,"SUBJECTO":null,"BORDERPRECISION":1}},
{"type":"Feature","geometry":{"type":"Polygon","coordinates":[[[-123.352,45.538],[-123.649,45.856],[-124.044,45.892],[-124.064,45.128],[-123.49,45.023],[-123.352,45.538]]]},"properties":{"NAME":null,"SUBJECTO":null,"BORDERPRECISION":1}},
{"type":"Feature","geometry":{"type":"Polygon","coordinates":[[[-123.707,46.634],[-122.814,45.773],[-122.377,45.579],[-121.987,46.361],[-122.144,46.589],[-122.587,47.232],[-123.173,46.828],[-123.707,46.634]]]},"properties":{"NAME":null,"SUBJECTO":null,"BORDERPRECISION":1}},
{"type":"Feature","geometry":{"type":"Polygon","coordinates":[[[-122.995,45.63],[-122.973,45.649],[-123.649,45.856],[-123.352,45.538],[-122.995,45.63]]]},"properties":{"NAME":null,"SUBJECTO":null,"BORDERPRECISION":1}},
{"type":"Feature","geometry":{"type":"Polygon","coordinates":[[[-124.176,46.811],[-124.044,45.892],[-123.649,45.856],[-122.973,45.649],[-122.814,45.773],[-123.707,46.634],[-124.176,46.811]]]},"properties":{"NAME":null,"SUBJECTO":null,"BORDERPRECISION":1}},
{"type":"Feature","geometry":{"type":"Polygon","coordinates":[[[-123.952,43.051],[-123.322,43.354],[-124.145,43.651],[-124.571,43.16],[-123.952,43.051]]]},"properties":{"NAME":null,"SUBJECTO":null,"BORDERPRECISION":1}},
{"type":"Feature","geometry":{"type":"Polygon","coordinates":[[[-123.548,41.938],[-123.638,41.798],[-123.523,41.364],[-123.284,41.192],[-123.109,41.243],[-123.007,42.084],[-123.175,42.217],[-123.548,41.938]]]},"properties":{"NAME":null,"SUBJECTO":null,"BORDERPRECISION":1}},
{"type":"Feature","geometry":{"type":"Polygon","coordinates":[[[-123.175,42.217],[-123.007,42.084],[-122.194,41.996],[-122.175,42.021],[-122.357,42.644],[-122.711,42.886],[-123.216,42.675],[-123.175,42.217]]]},"properties":{"NAME":null,"SUBJECTO":null,"BORDERPRECISION":1}},
{"type":"Feature","geometry":{"type":"Polygon","coordinates":[[[-122.782,39.53],[-122.791,39.572],[-122.822,39.534],[-122.782,39.53]]]},"properties":{"NAME":null,"SUBJECTO":null,"BORDERPRECISION":1}},
{"type":"Feature","geometry":{"type":"Polygon","coordinates":[[[-123.878,42.694],[-123.216,42.675],[-122.711,42.886],[-122.845,43.502],[-123.141,43.505],[-123.322,43.354],[-123.952,43.051],[-123.878,42.694]]]},"properties":{"NAME":null,"SUBJECTO":null,"BORDERPRECISION":1}},
{"type":"Feature","geometry":{"type":"Polygon","coordinates":[[[-122.845,43.502],[-122.711,42.886],[-122.357,42.644],[-121.885,43.306],[-122,43.506],[-122.845,43.502]]]},"properties":{"NAME":null,"SUBJECTO":null,"BORDERPRECISION":1}},
{"type":"Feature","geometry":{"type":"Polygon","coordinates":[[[-120.394,42.09],[-121.885,43.306],[-122.357,42.644],[-122.175,42.021],[-121.383,42.327],[-120.394,42.09]]]},"properties":{"NAME":null,"SUBJECTO":null,"BORDERPRECISION":1}},
{"type":"Feature","geometry":{"type":"Polygon","coordinates":[[[-122.822,39.534],[-122.791,39.572],[-123.001,40.472],[-123.17,40.45],[-124.021,39.963],[-123.933,39.821],[-122.822,39.534]]]},"properties":{"NAME":null,"SUBJECTO":null,"BORDERPRECISION":1}},
{"type":"Feature","geometry":{"type":"Polygon","coordinates":[[[-124.345,40.806],[-124.021,39.963],[-123.17,40.45],[-123.309,40.775],[-123.284,41.192],[-123.523,41.364],[-123.912,41.017],[-124.345,40.806]]]},"properties":{"NAME":null,"SUBJECTO":null,"BORDERPRECISION":1}},
{"type":"Feature","geometry":{"type":"Polygon","coordinates":[[[-123.001,40.472],[-122.283,40.568],[-122.049,40.922],[-122.104,41.076],[-122.968,41.117],[-123.309,40.775],[-123.17,40.45],[-123.001,40.472]]]},"properties":{"NAME":null,"SUBJECTO":null,"BORDERPRECISION":1}},
{"type":"Feature","geometry":{"type":"Polygon","coordinates":[[[-120.434,40.97],[-120.5,41.812],[-121.305,41.585],[-121.238,41.077],[-120.434,40.97]]]},"properties":{"NAME":null,"SUBJECTO":null,"BORDERPRECISION":1}},
{"type":"Feature","geometry":{"type":"Polygon","coordinates":[[[-111.878,35.105],[-111.197,35.466],[-112.582,36.378],[-113.371,35.889],[-112.824,35.156],[-111.878,35.105]]]},"properties":{"NAME":"Havasupai","SUBJECTO":"Havasupai","BORDERPRECISION":1}},
{"type":"Feature","geometry":{"type":"Polygon","coordinates":[[[-114.144,34.833],[-114.728,35.742],[-114.926,35.557],[-114.66,34.355],[-113.941,34.352],[-114.144,34.833]]]},"properties":{"NAME":null,"SUBJECTO":null,"BORDERPRECISION":1}},
{"type":"Feature","geometry":{"type":"Polygon","coordinates":[[[-114.102,28.074],[-114.478,27.244],[-112.411,26.193],[-112.166,25.011],[-110.798,24.88],[-112.765,27.882],[-114.102,28.074]]]},"properties":{"NAME":"CochimÃ­","SUBJECTO":"CochimÃ­","BORDERPRECISION":1}},
{"type":"Feature","geometry":{"type":"Polygon","coordinates":[[[-111.77,33.492],[-112.141,32.83],[-111.627,31.63],[-112.047,30.228],[-110.372,30.613],[-110.435,32.131],[-111.232,33.553],[-111.77,33.492]]]},"properties":{"NAME":"Pima","SUBJECTO":"Pima","BORDERPRECISION":1}},
{"type":"Feature","geometry":{"type":"Polygon","coordinates":[[[-111.232,33.553],[-110.435,32.131],[-109.957,32.388],[-110.426,33.884],[-110.714,33.964],[-111.289,33.911],[-111.232,33.553]]]},"properties":{"NAME":null,"SUBJECTO":null,"BORDERPRECISION":1}},
{"type":"Feature","geometry":{"type":"Polygon","coordinates":[[[-109.276,33.849],[-109.957,32.388],[-110.435,32.131],[-110.372,30.613],[-108.694,30.998],[-108.199,31.713],[-106.445,31.759],[-107.32,33.163],[-107.079,34.449],[-108.365,34.481],[-109.349,34.719],[-109.276,33.849]]]},"properties":{"NAME":"Chiricahua","SUBJECTO":"Chiricahua","BORDERPRECISION":1}},
{"type":"Feature","geometry":{"type":"Polygon","coordinates":[[[-111.185,35.454],[-111.197,35.466],[-111.878,35.105],[-111.545,34.397],[-110.972,34.971],[-111.185,35.454]]]},"properties":{"NAME":null,"SUBJECTO":null,"BORDERPRECISION":1}},
{"type":"Feature","geometry":{"type":"Polygon","coordinates":[[[-110.972,34.971],[-111.545,34.397],[-111.289,33.911],[-110.714,33.964],[-110.794,34.708],[-110.972,34.971]]]},"properties":{"NAME":null,"SUBJECTO":null,"BORDERPRECISION":1}},
{"type":"Feature","geometry":{"type":"Polygon","coordinates":[[[-110.06,34.471],[-110.426,33.884],[-109.957,32.388],[-109.276,33.849],[-110.06,34.471]]]},"properties":{"NAME":null,"SUBJECTO":null,"BORDERPRECISION":1}},
{"type":"Feature","geometry":{"type":"Polygon","coordinates":[[[-110.794,34.708],[-110.714,33.964],[-110.426,33.884],[-110.06,34.471],[-110.794,34.708]]]},"properties":{"NAME":null,"SUBJECTO":null,"BORDERPRECISION":1}},
{"type":"Feature","geometry":{"type":"Polygon","coordinates":[[[-81.877,37.363],[-80.221,37.643],[-79.144,38.599],[-79.921,40.419],[-80.746,40.677],[-85.172,40.642],[-87.648,38.882],[-87.745,40.337],[-87.778,38.364],[-86.076,39.201],[-83.096,38.957],[-82.062,38.334],[-81.877,37.363]]]},"properties":{"NAME":null,"SUBJECTO":null,"BORDERPRECISION":1}},
{"type":"Feature","geometry":{"type":"Polygon","coordinates":[[[-76.969,36.084],[-76.982,35.555],[-76.732,36.164],[-76.969,36.084]]]},"properties":{"NAME":null,"SUBJECTO":null,"BORDERPRECISION":1}},
{"type":"Feature","geometry":{"type":"Polygon","coordinates":[[[-77.128,35.319],[-77.063,35.207],[-77.003,35.522],[-77.128,35.319]]]},"properties":{"NAME":null,"SUBJECTO":null,"BORDERPRECISION":1}},
{"type":"Feature","geometry":{"type":"Polygon","coordinates":[[[-77.199,34.68],[-77.063,35.207],[-77.128,35.319],[-77.465,35.204],[-77.199,34.68]]]},"properties":{"NAME":"Catawba","SUBJECTO":"Catawba","BORDERPRECISION":1}},
{"type":"Feature","geometry":{"type":"Polygon","coordinates":[[[-76.31,37.05],[-76.283,37.056],[-76.291,37.195],[-76.31,37.05]]]},"properties":{"NAME":null,"SUBJECTO":null,"BORDERPRECISION":1}},
{"type":"Feature","geometry":{"type":"Polygon","coordinates":[[[-80.582,36.872],[-78.057,36.502],[-78.048,36.932],[-77.517,37.182],[-77.733,38.7],[-78.406,39.019],[-79.144,38.599],[-80.221,37.643],[-80.582,36.872]]]},"properties":{"NAME":"Tutelo","SUBJECTO":"Tutelo","BORDERPRECISION":1}},
{"type":"Feature","geometry":{"type":"Polygon","coordinates":[[[-79.895,33.221],[-81.056,32.426],[-81.067,32.096],[-80.884,32.055],[-79.431,33.04],[-79.895,33.221]]]},"properties":{"NAME":"Cusabo","SUBJECTO":"Cusabo","BORDERPRECISION":1}},
{"type":"Feature","geometry":{"type":"Polygon","coordinates":[[[-117.379,33.109],[-116.62,31.884],[-116.255,32.433],[-116.35,33.292],[-116.443,33.268],[-117.379,33.109]]]},"properties":{"NAME":null,"SUBJECTO":null,"BORDERPRECISION":1}},
{"type":"Feature","geometry":{"type":"Polygon","coordinates":[[[-113.828,32.95],[-113.733,32.57],[-112.709,32.708],[-112.774,33.137],[-113.828,32.95]]]},"properties":{"NAME":null,"SUBJECTO":null,"BORDERPRECISION":1}},
{"type":"Feature","geometry":{"type":"Polygon","coordinates":[[[-112.774,33.137],[-112.709,32.708],[-112.141,32.83],[-111.77,33.492],[-112.774,33.137]]]},"properties":{"NAME":null,"SUBJECTO":null,"BORDERPRECISION":1}},
{"type":"Feature","geometry":{"type":"Polygon","coordinates":[[[-112.765,27.882],[-114.683,30.143],[-114.897,31.611],[-115.397,31.913],[-116.255,32.433],[-116.62,31.884],[-115.602,29.685],[-114.102,28.074],[-112.765,27.882]]]},"properties":{"NAME":"Guachimis","SUBJECTO":"Guachimis","BORDERPRECISION":1}},
{"type":"Feature","geometry":{"type":"Polygon","coordinates":[[[-116.35,33.292],[-116.255,32.433],[-115.397,31.913],[-115.12,33.503],[-116.35,33.292]]]},"properties":{"NAME":"Kamia","SUBJECTO":"Kamia","BORDERPRECISION":1}},
{"type":"Feature","geometry":{"type":"Polygon","coordinates":[[[-114.334,33.187],[-115.064,33.51],[-115.12,33.503],[-115.397,31.913],[-114.897,31.611],[-114.723,31.763],[-113.733,32.57],[-113.828,32.95],[-114.334,33.187]]]},"properties":{"NAME":"Yuma","SUBJECTO":"Yuma","BORDERPRECISION":1}},
{"type":"Feature","geometry":{"type":"Polygon","coordinates":[[[-120.897,36.575],[-121.344,36.463],[-121.65,36.099],[-120.954,35.489],[-119.741,35.566],[-120.897,36.575]]]},"properties":{"NAME":"Saunan","SUBJECTO":"Saunan","BORDERPRECISION":1}},
{"type":"Feature","geometry":{"type":"Polygon","coordinates":[[[-121.936,38.179],[-122.313,38.221],[-122.49,38.165],[-121.984,36.531],[-121.344,36.463],[-120.897,36.575],[-121.823,37.879],[-121.936,38.179]]]},"properties":{"NAME":"Costanoan","SUBJECTO":"Costanoan","BORDERPRECISION":1}},
{"type":"Feature","geometry":{"type":"Polygon","coordinates":[[[-122.718,38.691],[-122.352,38.517],[-122.717,38.992],[-122.718,38.691]]]},"properties":{"NAME":null,"SUBJECTO":null,"BORDERPRECISION":1}},
{"type":"Feature","geometry":{"type":"Polygon","coordinates":[[[-120.951,38.886],[-121.043,39.588],[-121.986,39.595],[-122.791,39.572],[-122.782,39.53],[-122.717,38.992],[-122.352,38.517],[-122.313,38.221],[-121.936,38.179],[-120.951,38.886]]]},"properties":{"NAME":"Patwin","SUBJECTO":"Patwin","BORDERPRECISION":1}},
{"type":"Feature","geometry":{"type":"Polygon","coordinates":[[[-121.977,40.061],[-122.283,40.568],[-123.001,40.472],[-122.791,39.572],[-121.986,39.595],[-121.977,40.061]]]},"properties":{"NAME":null,"SUBJECTO":null,"BORDERPRECISION":1}},
{"type":"Feature","geometry":{"type":"Polygon","coordinates":[[[-121.238,41.077],[-121.7,40.968],[-121.414,40.584],[-121.177,40.61],[-121.238,41.077]]]},"properties":{"NAME":null,"SUBJECTO":null,"BORDERPRECISION":1}},
{"type":"Feature","geometry":{"type":"Polygon","coordinates":[[[-121.414,40.584],[-121.7,40.968],[-122.049,40.922],[-122.283,40.568],[-121.977,40.061],[-121.414,40.584]]]},"properties":{"NAME":null,"SUBJECTO":null,"BORDERPRECISION":1}},
{"type":"Feature","geometry":{"type":"Polygon","coordinates":[[[-121.968,41.397],[-122.104,41.076],[-122.049,40.922],[-121.7,40.968],[-121.238,41.077],[-121.305,41.585],[-121.968,41.397]]]},"properties":{"NAME":null,"SUBJECTO":null,"BORDERPRECISION":1}},
{"type":"Feature","geometry":{"type":"Polygon","coordinates":[[[-122.194,41.996],[-123.007,42.084],[-123.109,41.243],[-122.968,41.117],[-122.104,41.076],[-121.968,41.397],[-122.194,41.996]]]},"properties":{"NAME":null,"SUBJECTO":null,"BORDERPRECISION":1}},
{"type":"Feature","geometry":{"type":"Polygon","coordinates":[[[-123.284,41.192],[-123.309,40.775],[-122.968,41.117],[-123.109,41.243],[-123.284,41.192]]]},"properties":{"NAME":null,"SUBJECTO":null,"BORDERPRECISION":1}},
{"type":"Feature","geometry":{"type":"Polygon","coordinates":[[[-124.194,41.731],[-124.261,41.017],[-123.912,41.017],[-123.523,41.364],[-123.638,41.798],[-124.194,41.731]]]},"properties":{"NAME":null,"SUBJECTO":null,"BORDERPRECISION":1}},
{"type":"Feature","geometry":{"type":"Polygon","coordinates":[[[-77.118,36.679],[-76.969,36.084],[-76.732,36.164],[-76.701,36.174],[-76.401,36.419],[-77.096,36.774],[-77.118,36.679]]]},"properties":{"NAME":null,"SUBJECTO":null,"BORDERPRECISION":1}},
{"type":"Feature","geometry":{"type":"Polygon","coordinates":[[[-75.87,36.576],[-75.73,36.116],[-75.724,36.22],[-75.843,36.576],[-75.87,36.576]]]},"properties":{"NAME":null,"SUBJECTO":null,"BORDERPRECISION":1}},
{"type":"Feature","geometry":{"type":"Polygon","coordinates":[[[-77.131,36.923],[-76.662,37.153],[-76.31,37.05],[-76.291,37.195],[-77.254,38.68],[-77.733,38.7],[-77.517,37.182],[-77.131,36.923]]]},"properties":{"NAME":null,"SUBJECTO":null,"BORDERPRECISION":1}},
{"type":"Feature","geometry":{"type":"Polygon","coordinates":[[[-75.843,36.576],[-76.326,36.937],[-76.38,36.533],[-76.009,36.521],[-75.87,36.576],[-75.843,36.576]]]},"properties":{"NAME":null,"SUBJECTO":null,"BORDERPRECISION":1}},
{"type":"Feature","geometry":{"type":"Polygon","coordinates":[[[-76.701,36.174],[-76.009,36.521],[-76.38,36.533],[-76.401,36.419],[-76.701,36.174]]]},"properties":{"NAME":null,"SUBJECTO":null,"BORDERPRECISION":1}},
{"type":"Feature","geometry":{"type":"Polygon","coordinates":[[[-77.096,36.774],[-76.401,36.419],[-76.38,36.533],[-76.326,36.937],[-76.662,37.153],[-77.131,36.923],[-77.096,36.774]]]},"properties":{"NAME":null,"SUBJECTO":null,"BORDERPRECISION":1}},
{"type":"Feature","geometry":{"type":"Polygon","coordinates":[[[-77.465,35.204],[-77.128,35.319],[-77.003,35.522],[-76.982,35.555],[-76.969,36.084],[-77.118,36.679],[-78.048,36.932],[-78.057,36.502],[-77.465,35.204]]]},"properties":{"NAME":null,"SUBJECTO":null,"BORDERPRECISION":1}},
{"type":"Feature","geometry":{"type":"Polygon","coordinates":[[[-156.032,20.196],[-156.034,19.106],[-154.948,19.483],[-156.032,20.196]]]},"properties":{"NAME":"Polynesians","SUBJECTO":"Polynesians","BORDERPRECISION":1}},
{"type":"Feature","geometry":{"type":"Polygon","coordinates":[[[-153.17,59.74],[-161.001,63.628],[-165.431,62.43],[-165.898,61.27],[-164.027,59.798],[-162.004,58.827],[-157.153,58.686],[-154.097,59.412],[-153.17,59.74]]]},"properties":{"NAME":"Yup'ik & Cup'ik","SUBJECTO":"Yup'ik & Cup'ik","BORDERPRECISION":1}},
{"type":"Feature","geometry":{"type":"MultiPolygon","coordinates":[[[[-157.153,58.686],[-156.685,57.401],[-154.649,58.076],[-154.097,59.412],[-157.153,58.686]]],[[[-151.784,59.962],[-149.326,60.027],[-148.755,60.683],[-151.784,59.962]]]]},"properties":{"NAME":"Suspiaq","SUBJECTO":"Suspiaq","BORDERPRECISION":1}},
{"type":"Feature","geometry":{"type":"Polygon","coordinates":[[[-77.927,-3.102],[-77.254,-2.098],[-77.941,-1.724],[-77.927,-3.102]]]},"properties":{"NAME":"Shuar","SUBJECTO":"Shuar","BORDERPRECISION":1}},
{"type":"Feature","geometry":{"type":"Polygon","coordinates":[[[19.334,57.956],[19.105,57.975],[19.142,57.908],[19.334,57.956]]]},"properties":{"NAME":null,"SUBJECTO":null,"BORDERPRECISION":1}},
{"type":"Feature","geometry":{"type":"Polygon","coordinates":[[[-160.927,63.952],[-157.178,64.013],[-138.3,69.143],[-143.308,70.197],[-145.273,70.116],[-156.905,71.346],[-160.24,70.858],[-164.067,69.065],[-166.844,68.405],[-163.739,67.218],[-168.18,65.694],[-166.586,64.73],[-160.927,63.952]]]},"properties":{"NAME":"Inupiaq","SUBJECTO":"Inupiaq","BORDERPRECISION":1}},
{"type":"Feature","geometry":{"type":"MultiPolygon","coordinates":[[[[-123.078,69.835],[-125.974,69.43],[-129.763,69.658],[-133.481,62.934],[-132.302,62.538],[-124.936,64.835],[-118.198,62.713],[-111.371,58.606],[-107.513,58.896],[-123.078,69.835]]],[[[-106.277,51.517],[-115.034,52.033],[-122.491,54.244],[-128.06,52.5],[-127.247,50.968],[-124.939,50.596],[-124.795,50.035],[-122.683,48.896],[-122.262,48.931],[-121.667,48.981],[-121.176,49.023],[-120.919,49.044],[-119.118,49.196],[-117.338,49.346],[-114.035,49.624],[-110.611,50.337],[-109.644,49.648],[-108.642,50.204],[-106.277,51.517]]],[[[-133.464,61.538],[-134.799,60.553],[-132.055,59.845],[-130.075,57.566],[-128.705,60.74],[-133.464,61.538]]]]},"properties":{"NAME":null,"SUBJECTO":null,"BORDERPRECISION":1}},
{"type":"Feature","geometry":{"type":"Polygon","coordinates":[[[-130.075,57.566],[-132.055,59.845],[-134.799,60.553],[-138.607,61.535],[-145.511,62.576],[-147.068,60.91],[-144.406,60.093],[-139.573,59.9],[-137.577,58.604],[-134.123,58.239],[-129.97,53.913],[-128.427,55.668],[-130.075,57.566]]]},"properties":{"NAME":"Eyaq","SUBJECTO":"Eyaq","BORDERPRECISION":1}},
{"type":"Feature","geometry":{"type":"Polygon","coordinates":[[[-103.752,20.61],[-102.761,20.458],[-101.937,20.902],[-102.372,21.583],[-103.61,21.013],[-103.752,20.61]]]},"properties":{"NAME":"Tecuexe","SUBJECTO":"Tecuexe","BORDERPRECISION":1}},
{"type":"Feature","geometry":{"type":"Polygon","coordinates":[[[-102.761,20.458],[-101.23,20.781],[-101.937,20.902],[-102.761,20.458]]]},"properties":{"NAME":null,"SUBJECTO":null,"BORDERPRECISION":1}},
{"type":"Feature","geometry":{"type":"Polygon","coordinates":[[[-103.528,21.922],[-102.803,22.032],[-102.115,22.679],[-102.794,24.969],[-103.515,25.699],[-103.764,26.377],[-104.691,26.445],[-105.045,25.997],[-104.598,23.486],[-103.702,21.911],[-103.528,21.922]]]},"properties":{"NAME":"Zacatecs","SUBJECTO":"Zacatecs","BORDERPRECISION":1}},
{"type":"Feature","geometry":{"type":"Polygon","coordinates":[[[-103.61,21.013],[-102.372,21.583],[-102.803,22.032],[-103.528,21.922],[-103.61,21.013]]]},"properties":{"NAME":"Caxcane","SUBJECTO":"Caxcane","BORDERPRECISION":1}},
{"type":"Feature","geometry":{"type":"Polygon","coordinates":[[[-102.115,22.679],[-100.476,21.598],[-100.182,21.942],[-99.854,23.306],[-99.947,23.588],[-100.627,24.194],[-99.664,24.464],[-99.751,24.711],[-100.227,25.35],[-101.65,25.762],[-102.794,24.969],[-102.115,22.679]]]},"properties":{"NAME":"Guachichiles","SUBJECTO":"Guachichiles","BORDERPRECISION":1}},
{"type":"Feature","geometry":{"type":"Polygon","coordinates":[[[-101.937,20.902],[-101.23,20.781],[-100.33,21.088],[-100.476,21.598],[-102.115,22.679],[-102.803,22.032],[-102.372,21.583],[-101.937,20.902]]]},"properties":{"NAME":"Guamar / Pecchichitane","SUBJECTO":"Guamar / Pecchichitane","BORDERPRECISION":1}},
{"type":"Feature","geometry":{"type":"Polygon","coordinates":[[[-103.702,21.911],[-104.598,23.486],[-105.213,23.567],[-105.289,23.1],[-104.797,22.056],[-103.702,21.911]]]},"properties":{"NAME":"Xecora","SUBJECTO":"Xecora","BORDERPRECISION":1}},
{"type":"Feature","geometry":{"type":"Polygon","coordinates":[[[-69.814,8.488],[-69.227,9.794],[-64.907,9.292],[-62.998,9.292],[-61.415,9.698],[-64.068,10.627],[-64.884,10.136],[-66.478,10.679],[-67.98,10.542],[-68.695,11.38],[-69.748,11.533],[-71.688,10.769],[-72.38,11.81],[-74.219,11.368],[-75.45,10.628],[-75.703,9.426],[-76.764,8.693],[-79.5,9.638],[-80.962,8.865],[-82.23,9.047],[-83.914,11.251],[-83.314,14.768],[-84.65,15.933],[-88.664,15.726],[-88.3,17.635],[-90,19.382],[-94.242,18.24],[-96.012,18.929],[-97.504,21.189],[-97.88,22.482],[-99.085,22.388],[-99.514,21.801],[-100.33,21.088],[-101.23,20.781],[-102.761,20.458],[-103.752,20.61],[-105.507,20.104],[-103.494,18.354],[-101.993,18.027],[-101.221,17.418],[-97.881,16.052],[-96.333,15.75],[-95.13,16.299],[-94.075,16.111],[-91.516,14.059],[-87.949,13.172],[-86.014,11.368],[-85.778,10.138],[-83.615,9.152],[-82.956,8.257],[-81.664,8.165],[-80.814,7.27],[-79.717,8.883],[-79.068,9.034],[-77.4,6.67],[-75.254,7.885],[-73.245,10.196],[-72.542,10.196],[-72.24,8.99],[-69.814,8.488]]]},"properties":{"NAME":"Vice Royalty of New Spain","SUBJECTO":"Vice Royalty of New Spain","BORDERPRECISION":1}},
{"type":"Feature","geometry":{"type":"Polygon","coordinates":[[[-97.88,22.482],[-97.823,24.208],[-97.26,25.811],[-97.637,26.843],[-98.531,26.5],[-99.14,24.92],[-98.965,24.299],[-98.867,23.669],[-98.91,23.223],[-99.085,22.388],[-97.88,22.482]]]},"properties":{"NAME":"Tamalipueca","SUBJECTO":"Tamalipueca","BORDERPRECISION":1}},
{"type":"Feature","geometry":{"type":"Polygon","coordinates":[[[-105.289,23.1],[-105.213,23.567],[-106,24.711],[-106.772,24.445],[-105.289,23.1]]]},"properties":{"NAME":null,"SUBJECTO":null,"BORDERPRECISION":1}},
{"type":"Feature","geometry":{"type":"Polygon","coordinates":[[[-101.271,29.667],[-102.722,29.749],[-103.741,29.234],[-104.785,30.586],[-106.445,31.759],[-108.199,31.713],[-108.694,30.998],[-110.372,30.613],[-112.047,30.228],[-112.721,30.073],[-111.239,28.092],[-108.759,28.149],[-107.836,26.48],[-105.231,27.199],[-104.228,28.196],[-103.43,27.695],[-102.045,28.078],[-100.819,29.302],[-101.271,29.667]]]},"properties":{"NAME":"Apache","SUBJECTO":"Apache","BORDERPRECISION":1}},
{"type":"Feature","geometry":{"type":"Polygon","coordinates":[[[-111.239,28.092],[-109.132,26.289],[-108.04,25.016],[-107.697,26.257],[-107.836,26.48],[-108.759,28.149],[-111.239,28.092]]]},"properties":{"NAME":"Cahitas","SUBJECTO":"Cahitas","BORDERPRECISION":1}},
{"type":"Feature","geometry":{"type":"Polygon","coordinates":[[[-104.691,26.445],[-105.231,27.199],[-107.836,26.48],[-107.697,26.257],[-106,24.711],[-105.213,23.567],[-104.598,23.486],[-105.045,25.997],[-104.691,26.445]]]},"properties":{"NAME":"Tepehuane","SUBJECTO":"Tepehuane","BORDERPRECISION":1}},
{"type":"Feature","geometry":{"type":"Polygon","coordinates":[[[-106.772,24.445],[-106,24.711],[-107.697,26.257],[-108.04,25.016],[-107.336,24.222],[-106.772,24.445]]]},"properties":{"NAME":"Acaxea","SUBJECTO":"Acaxea","BORDERPRECISION":1}},
{"type":"Feature","geometry":{"type":"Polygon","coordinates":[[[-101.861,26.501],[-101.845,26.499],[-101.849,26.512],[-101.861,26.501]]]},"properties":{"NAME":null,"SUBJECTO":null,"BORDERPRECISION":1}},
{"type":"Feature","geometry":{"type":"Polygon","coordinates":[[[-103.764,26.377],[-103.138,26.657],[-103.43,27.695],[-104.228,28.196],[-105.231,27.199],[-104.691,26.445],[-103.764,26.377]]]},"properties":{"NAME":"Chisos","SUBJECTO":"Chisos","BORDERPRECISION":1}},
{"type":"Feature","geometry":{"type":"Polygon","coordinates":[[[-100.476,21.598],[-100.33,21.088],[-99.514,21.801],[-100.182,21.942],[-100.476,21.598]]]},"properties":{"NAME":"Otomies","SUBJECTO":"Otomies","BORDERPRECISION":1}},
{"type":"Feature","geometry":{"type":"Polygon","coordinates":[[[-102.794,24.969],[-101.65,25.762],[-101.845,26.499],[-101.861,26.501],[-103.515,25.699],[-102.794,24.969]]]},"properties":{"NAME":"Irritilas","SUBJECTO":"Irritilas","BORDERPRECISION":1}},
{"type":"Feature","geometry":{"type":"Polygon","coordinates":[[[-103.43,27.695],[-103.138,26.657],[-101.861,26.501],[-101.849,26.512],[-102.045,28.078],[-103.43,27.695]]]},"properties":{"NAME":"Toboso","SUBJECTO":"Toboso","BORDERPRECISION":1}},
{"type":"Feature","geometry":{"type":"Polygon","coordinates":[[[-103.515,25.699],[-101.861,26.501],[-103.138,26.657],[-103.764,26.377],[-103.515,25.699]]]},"properties":{"NAME":"Lagunero","SUBJECTO":"Lagunero","BORDERPRECISION":1}},
{"type":"Feature","geometry":{"type":"Polygon","coordinates":[[[-98.174,28.245],[-100.335,28.723],[-100.819,29.302],[-102.045,28.078],[-101.849,26.512],[-101.845,26.499],[-101.65,25.762],[-100.227,25.35],[-99.751,24.711],[-99.14,24.92],[-98.531,26.5],[-97.637,26.843],[-97.546,27.923],[-98.174,28.245]]]},"properties":{"NAME":"Caohuiltecs","SUBJECTO":"Caohuiltecs","BORDERPRECISION":1}},
{"type":"Feature","geometry":{"type":"Polygon","coordinates":[[[-99.664,24.464],[-98.965,24.299],[-99.14,24.92],[-99.751,24.711],[-99.664,24.464]]]},"properties":{"NAME":"Tancalba","SUBJECTO":"Tancalba","BORDERPRECISION":1}},
{"type":"Feature","geometry":{"type":"Polygon","coordinates":[[[-100.182,21.942],[-99.514,21.801],[-99.085,22.388],[-98.91,23.223],[-99.854,23.306],[-100.182,21.942]]]},"properties":{"NAME":null,"SUBJECTO":null,"BORDERPRECISION":1}},
{"type":"Feature","geometry":{"type":"Polygon","coordinates":[[[-99.854,23.306],[-98.91,23.223],[-98.867,23.669],[-99.25,23.926],[-99.308,23.677],[-99.892,23.856],[-99.947,23.588],[-99.854,23.306]]]},"properties":{"NAME":"Pisones","SUBJECTO":"Pisones","BORDERPRECISION":1}},
{"type":"Feature","geometry":{"type":"Polygon","coordinates":[[[-99.947,23.588],[-99.892,23.856],[-99.25,23.926],[-98.867,23.669],[-98.965,24.299],[-99.664,24.464],[-100.627,24.194],[-99.947,23.588]]]},"properties":{"NAME":"Janabres","SUBJECTO":"Janabres","BORDERPRECISION":1}},
{"type":"Feature","geometry":{"type":"Polygon","coordinates":[[[-99.25,23.926],[-99.892,23.856],[-99.308,23.677],[-99.25,23.926]]]},"properties":{"NAME":"Maratines","SUBJECTO":"Maratines","BORDERPRECISION":1}},
{"type":"Feature","geometry":{"type":"Polygon","coordinates":[[[-81.419,30.98],[-80.884,32.055],[-81.067,32.096],[-81.056,32.426],[-81.888,30.984],[-81.419,30.98]]]},"properties":{"NAME":null,"SUBJECTO":null,"BORDERPRECISION":1}},
{"type":"Feature","geometry":{"type":"Polygon","coordinates":[[[-85.824,31.864],[-85.417,31.485],[-85.255,30.625],[-85.075,30.311],[-85.064,30.344],[-84.342,32.755],[-82.548,32.917],[-82.203,30.986],[-81.888,30.984],[-81.056,32.426],[-79.895,33.221],[-82.049,34.255],[-82.491,35.002],[-83.696,34.046],[-85.007,33.922],[-86.107,32.913],[-85.824,31.864]]]},"properties":{"NAME":"Muskogee","SUBJECTO":"Muskogee","BORDERPRECISION":1}},
{"type":"Feature","geometry":{"type":"Polygon","coordinates":[[[-119.48,38.316],[-120.19,40.099],[-120.391,39.663],[-120.108,38.87],[-119.48,38.316]]]},"properties":{"NAME":null,"SUBJECTO":null,"BORDERPRECISION":1}},
{"type":"Feature","geometry":{"type":"MultiPolygon","coordinates":[[[[143.057,53.062],[141.767,53.272],[142.49,47.902],[143.633,50.235],[142.944,51.617],[143.057,53.062]]],[[[140.013,41.382],[140.246,42.228],[141.928,42.501],[143.214,41.927],[145.059,43.786],[143.508,44.156],[141.875,45.435],[141.304,43.187],[139.712,42.478],[140.013,41.382]]]]},"properties":{"NAME":"Ainu","SUBJECTO":"Ainu","BORDERPRECISION":1}},
{"type":"Feature","geometry":{"type":"MultiPolygon","coordinates":[[[[130.579,30.907],[131.319,31.511],[131.67,33.309],[130.427,33.674],[129.343,33.151],[130.579,30.907]]],[[[136.811,37.311],[135.978,35.973],[132.663,35.381],[130.899,33.904],[134.427,34.628],[135.756,33.342],[136.734,34.874],[138.149,34.528],[140.317,35.034],[140.872,37.917],[141.998,39.672],[141.153,40.865],[139.915,40.575],[140.03,39.483],[139.198,37.92],[137.176,36.643],[136.811,37.311]]]]},"properties":{"NAME":"Japan (Warring States)","SUBJECTO":"Japan (Warring States)","BORDERPRECISION":1}},
{"type":"Feature","geometry":{"type":"Polygon","coordinates":[[[9.569,46.038],[8.306,46.4],[7.874,45.922],[8.223,44.674],[9.705,44.46],[10.506,45.365],[9.569,46.038]]]},"properties":{"NAME":"Milan","SUBJECTO":"Milan","BORDERPRECISION":1}},
{"type":"Feature","geometry":{"type":"MultiPolygon","coordinates":[[[[13.368,45.694],[14.354,45.323],[16.122,45.582],[18.927,49.622],[18.646,50.645],[15.765,52.265],[16.204,53.706],[17.658,54.685],[14.473,53.877],[10.142,54.337],[8.884,54.229],[7.16,53.164],[6.008,51.049],[6.023,50.945],[6.041,50.811],[5.699,49.391],[5.918,47.595],[5.325,46.398],[6.178,46.303],[6.592,46.518],[6.921,46.398],[7.733,47.525],[8.937,47.659],[9.617,47.496],[10.558,46.5],[13.709,46.839],[13.368,45.694]]],[[[6.864,46.292],[6.809,46.394],[6.238,46.292],[6.816,46.167],[6.864,46.292]]]]},"properties":{"NAME":"Holy Roman Empire","SUBJECTO":"Holy Roman Empire","BORDERPRECISION":1}},
{"type":"Feature","geometry":{"type":"Polygon","coordinates":[[[8.223,44.674],[7.874,45.922],[6.816,46.167],[6.238,46.292],[6.178,46.303],[5.325,46.398],[6.943,44.869],[7.397,43.764],[7.468,43.811],[8.223,44.674]]]},"properties":{"NAME":"Savoy","SUBJECTO":"Savoy","BORDERPRECISION":1}},
{"type":"Feature","geometry":{"type":"Polygon","coordinates":[[[10.558,46.5],[9.617,47.496],[9.189,47.651],[9.14,47.665],[9.011,47.671],[8.976,47.666],[8.937,47.659],[7.733,47.525],[6.921,46.398],[6.868,46.396],[6.867,46.395],[6.937,46.315],[6.964,46.277],[8.306,46.4],[9.569,46.038],[10.558,46.5]]]},"properties":{"NAME":"Swiss Confederation","SUBJECTO":"Swiss Confederation","BORDERPRECISION":1}},
{"type":"Feature","geometry":{"type":"Polygon","coordinates":[[[-72.262,41.125],[-73.589,40.921],[-73.561,40.645],[-72.543,40.826],[-72.262,41.125]]]},"properties":{"NAME":"Montana","SUBJECTO":"Montana","BORDERPRECISION":1}},
{"type":"Feature","geometry":{"type":"Polygon","coordinates":[[[-71.658,21.823],[-71.848,21.855],[-71.828,21.776],[-71.658,21.823]]]},"properties":{"NAME":null,"SUBJECTO":null,"BORDERPRECISION":1}},
{"type":"Feature","geometry":{"type":"Polygon","coordinates":[[[-77.735,26.914],[-77.526,26.856],[-77.151,26.255],[-77.04,26.498],[-77.501,26.863],[-77.735,26.914]]]},"properties":{"NAME":null,"SUBJECTO":null,"BORDERPRECISION":1}},
{"type":"Feature","geometry":{"type":"Polygon","coordinates":[[[-86.671,31.861],[-86.615,30.411],[-85.305,29.664],[-85.075,30.311],[-85.255,30.625],[-85.417,31.485],[-85.824,31.864],[-86.671,31.861]]]},"properties":{"NAME":"Chatot","SUBJECTO":"Chatot","BORDERPRECISION":1}},
{"type":"Feature","geometry":{"type":"Polygon","coordinates":[[[-122.818,45.079],[-122.301,45.007],[-122.279,45.012],[-121.869,45.1],[-120.998,45.631],[-121.876,45.686],[-121.903,45.668],[-121.898,45.678],[-122.377,45.579],[-122.814,45.773],[-122.973,45.649],[-122.995,45.63],[-122.818,45.079]]]},"properties":{"NAME":null,"SUBJECTO":null,"BORDERPRECISION":1}},
{"type":"Feature","geometry":{"type":"Polygon","coordinates":[[[-121.189,48.591],[-121.176,49.023],[-121.667,48.981],[-121.637,48.64],[-121.189,48.591]]]},"properties":{"NAME":"Thompson","SUBJECTO":"Thompson","BORDERPRECISION":1}},
{"type":"Feature","geometry":{"type":"Polygon","coordinates":[[[-122.225,48.626],[-122.262,48.931],[-122.683,48.896],[-122.502,48.609],[-122.225,48.626]]]},"properties":{"NAME":null,"SUBJECTO":null,"BORDERPRECISION":1}},
{"type":"Feature","geometry":{"type":"Polygon","coordinates":[[[-121.637,48.64],[-121.667,48.981],[-122.262,48.931],[-122.225,48.626],[-121.637,48.64]]]},"properties":{"NAME":null,"SUBJECTO":null,"BORDERPRECISION":1}},
{"type":"Feature","geometry":{"type":"Polygon","coordinates":[[[146.713,-43.722],[147.815,-42.965],[148.27,-41.093],[146.382,-41.308],[144.776,-40.843],[145.723,-43.24],[146.713,-43.722]]]},"properties":{"NAME":"Tasmanian hunter-gatherers","SUBJECTO":"Tasmanian hunter-gatherers","BORDERPRECISION":1}},
{"type":"Feature","geometry":{"type":"Polygon","coordinates":[[[-111.371,58.606],[-118.198,62.713],[-124.936,64.835],[-132.302,62.538],[-133.481,62.934],[-129.763,69.658],[-138.3,69.143],[-157.178,64.013],[-160.927,63.952],[-161.001,63.628],[-153.17,59.74],[-151.784,59.962],[-148.755,60.683],[-147.068,60.91],[-145.511,62.576],[-138.607,61.535],[-134.799,60.553],[-133.464,61.538],[-128.705,60.74],[-130.075,57.566],[-128.427,55.668],[-129.97,53.913],[-128.814,53.764],[-128.889,53.418],[-128.432,52.939],[-128.077,52.939],[-128.06,52.5],[-122.491,54.244],[-111.977,58.287],[-111.371,58.606]]]},"properties":{"NAME":"Athabaskan","SUBJECTO":"Athabaskan","BORDERPRECISION":1}},
{"type":"Feature","geometry":{"type":"Polygon","coordinates":[[[-111.977,58.287],[-122.491,54.244],[-115.034,52.033],[-106.277,51.517],[-102.587,53.565],[-111.977,58.287]]]},"properties":{"NAME":"Subarctic forest hunter-gatherers","SUBJECTO":"Subarctic forest hunter-gatherers","BORDERPRECISION":1}},
{"type":"Feature","geometry":{"type":"MultiPolygon","coordinates":[[[[-72.4,44.391],[-71.234,45.327],[-69.224,47.466],[-67.844,47.06],[-67.905,45.672],[-67.087,44.969],[-66.435,45.133],[-67.354,48.846],[-66.373,50.314],[-65.244,50.351],[-62.954,54.22],[-61.786,56.195],[-61.408,57.048],[-76.472,56.547],[-77.234,55.607],[-79.545,54.692],[-78.491,52.256],[-79.594,51.266],[-81.506,52.141],[-87.717,48.91],[-85.027,47.94],[-84.562,46.536],[-83.742,46.26],[-80.807,45.955],[-81.095,44.799],[-82.372,43.044],[-83.131,42.052],[-81.439,42.587],[-79.613,42.365],[-79.006,42.61],[-77.761,43.321],[-76.016,44.318],[-74.778,45.022],[-73.108,44.656],[-72.4,44.391]]],[[[-62.954,54.22],[-65.169,50.349],[-64.881,50.334],[-62.954,54.22]]]]},"properties":{"NAME":"Subarctic forest hunter-gatherers","SUBJECTO":"Subarctic forest hunter-gatherers","BORDERPRECISION":1}},
{"type":"Feature","geometry":{"type":"MultiPolygon","coordinates":[[[[-65.259,-54.719],[-66.418,-54.607],[-68.705,-53.235],[-68.332,-52.85],[-70.465,-53.373],[-70.333,-53.473],[-69.441,-53.411],[-70.146,-53.806],[-70.042,-53.986],[-69.055,-54.602],[-70.721,-54.937],[-70.498,-54.923],[-69.672,-54.774],[-67.153,-54.91],[-66.622,-55.07],[-65.259,-54.719]]],[[[-73.609,-42.911],[-73.831,-42.564],[-73.475,-42.114],[-74.005,-42.019],[-74.296,-43.265],[-73.696,-43.386],[-73.609,-42.911]]],[[[-73.243,-52.574],[-73.281,-52.953],[-73.08,-53.032],[-72.869,-52.281],[-73.626,-52.608],[-73.243,-52.574]]],[[[-72.587,-41.618],[-72.731,-41.907],[-72.466,-42.035],[-72.724,-42.8],[-72.53,-43.063],[-73.058,-44.19],[-72.583,-44.44],[-73.335,-45.28],[-73.047,-45.376],[-73.97,-46.713],[-73.995,-46.486],[-73.979,-46.344],[-74.429,-46.533],[-74.068,-45.935],[-75.496,-46.58],[-75.022,-46.553],[-75.011,-46.774],[-74.862,-46.819],[-73.979,-47.032],[-74.412,-47.384],[-74.381,-47.423],[-74.538,-47.787],[-74.297,-47.761],[-73.36,-47.974],[-74.272,-49.431],[-73.963,-49.241],[-74.187,-49.823],[-73.932,-49.993],[-74.075,-50.473],[-73.934,-50.506],[-73.53,-50.433],[-74.269,-50.994],[-74.208,-51.021],[-73.679,-51.231],[-73.875,-51.562],[-73.778,-51.614],[-73.258,-51.706],[-73.408,-52.024],[-73.107,-52.103],[-72.449,-52.161],[-72.559,-52.573],[-72.212,-52.572],[-71.678,-52.644],[-72.842,-52.985],[-72.751,-53.138],[-71.152,-52.962],[-71.872,-53.696],[-71.442,-53.882],[-70.998,-53.821],[-70.734,-52.802],[-68.411,-52.405],[-69.077,-51.499],[-69.115,-51.352],[-71.165,-51.561],[-72.044,-48.766],[-72.191,-45.99],[-71.634,-43.196],[-70.579,-40.579],[-72.068,-40.547],[-72.728,-41.553],[-72.587,-41.618]]]]},"properties":{"NAME":"Patagonian shellfish and marine mammal hunters","SUBJECTO":"Patagonian shellfish and marine mammal hunters","BORDERPRECISION":1}},
{"type":"Feature","geometry":{"type":"Polygon","coordinates":[[[-52.14,-31.741],[-53.544,-31.446],[-54.365,-30.593],[-57.353,-29.681],[-63.563,-30.037],[-67.482,-31.656],[-67.65,-33.577],[-69.437,-37.159],[-72.068,-40.547],[-70.579,-40.579],[-71.634,-43.196],[-72.191,-45.99],[-72.044,-48.766],[-71.165,-51.561],[-69.115,-51.352],[-69.041,-50.562],[-67.833,-49.968],[-67.578,-49.059],[-66.078,-48.142],[-65.839,-47.868],[-65.781,-47.712],[-65.713,-47.354],[-67.469,-46.266],[-66.695,-45.131],[-65.436,-44.89],[-65.627,-44.723],[-65.307,-43.601],[-64.309,-43.027],[-65.085,-42.784],[-64.165,-42.648],[-64.118,-42.782],[-64.001,-42.853],[-63.729,-42.101],[-64.294,-42.205],[-64.12,-42.384],[-64.992,-42.193],[-64.925,-41.731],[-64.941,-41.552],[-65.135,-41.244],[-62.964,-41.137],[-62.289,-40.675],[-62.466,-40.368],[-62.068,-39.556],[-62.351,-39.333],[-57.809,-38.386],[-56.8,-36.543],[-57.372,-36.149],[-57.226,-35.436],[-58.523,-34.587],[-56.338,-34.995],[-54.074,-34.648],[-52.351,-32.675],[-52.14,-31.741]]]},"properties":{"NAME":"Pampas cultures","SUBJECTO":"Pampas cultures","BORDERPRECISION":1}},
{"type":"Feature","geometry":{"type":"Polygon","coordinates":[[[-64.194,-14.695],[-60.268,-13.81],[-53.123,-14.275],[-46.281,-3.553],[-49.066,-4.744],[-54.163,-4.627],[-56.331,-4.335],[-58.44,-2.288],[-57.972,-0.589],[-55.804,0.876],[-55.862,1.696],[-58.558,3.978],[-62.659,4.153],[-66.408,3.042],[-70.158,-5.735],[-69.045,-8.236],[-64.194,-14.695]]]},"properties":{"NAME":"Amazon hunter-gatherers","SUBJECTO":"Amazon hunter-gatherers","BORDERPRECISION":1}},
{"type":"Feature","geometry":{"type":"Polygon","coordinates":[[[-71.52,-32.181],[-71.616,-33.706],[-73.673,-37.501],[-73.435,-37.902],[-73.194,-39.565],[-73.845,-41.153],[-73.666,-41.479],[-73.594,-41.697],[-73.464,-41.787],[-73.178,-41.761],[-72.728,-41.553],[-72.068,-40.547],[-69.437,-37.159],[-67.65,-33.577],[-67.482,-31.656],[-68.41,-30.484],[-69.367,-32.6],[-69.367,-34.445],[-70.289,-36.474],[-71.027,-37.212],[-73.144,-37.156],[-72.629,-35.646],[-71.616,-33.706],[-71.413,-32.729],[-71.52,-32.181]]]},"properties":{"NAME":"Andean hunter-gatherers","SUBJECTO":"Andean hunter-gatherers","BORDERPRECISION":1}},
{"type":"Feature","geometry":{"type":"Polygon","coordinates":[[[-53.123,-14.275],[-60.268,-13.81],[-64.194,-14.695],[-64.662,-16.805],[-65.719,-18.084],[-65.494,-19.135],[-67.154,-25.222],[-68.26,-28.542],[-68.41,-30.484],[-67.482,-31.656],[-63.563,-30.037],[-57.353,-29.681],[-54.365,-30.593],[-53.544,-31.446],[-52.14,-31.741],[-52.042,-31.557],[-51.445,-31.015],[-51.232,-30.265],[-50.609,-30.302],[-51.477,-31.823],[-49.936,-29.627],[-48.797,-28.476],[-49.839,-26.797],[-49.487,-24.553],[-48.469,-23.749],[-53.123,-14.275]]]},"properties":{"NAME":"Savanna hunter-gatherers","SUBJECTO":"Savanna hunter-gatherers","BORDERPRECISION":1}},
{"type":"Feature","geometry":{"type":"MultiPolygon","coordinates":[[[[-48.402,-0.391],[-50.501,-0.262],[-50.611,-1.438],[-50.476,-1.679],[-49.347,-1.645],[-48.886,-1.421],[-48.402,-0.391]]],[[[-60.793,9.388],[-61.415,9.698],[-62.998,9.292],[-64.907,9.292],[-69.227,9.794],[-69.814,8.488],[-65.965,8.18],[-63.065,8.325],[-61.29,8.771],[-60.793,9.388]]]]},"properties":{"NAME":"Caribbean hunter-gatherers","SUBJECTO":"Caribbean hunter-gatherers","BORDERPRECISION":1}},
{"type":"Feature","geometry":{"type":"Polygon","coordinates":[[[8.306,46.4],[6.964,46.277],[6.937,46.315],[6.867,46.395],[6.867,46.396],[6.86,46.395],[6.859,46.391],[6.858,46.388],[6.809,46.394],[6.864,46.292],[6.816,46.167],[7.874,45.922],[8.306,46.4]]]},"properties":{"NAME":"Republic of the Seven Zenden","SUBJECTO":"Republic of the Seven Zenden","BORDERPRECISION":1}},
{"type":"Feature","geometry":{"type":"Polygon","coordinates":[[[120.395,-32.761],[120.53,-32.959],[122.301,-33.4],[122.828,-33.055],[123.383,-30.992],[123.194,-30.938],[121.239,-31.1],[121.215,-31.114],[119.917,-32.18],[120.395,-32.761]]]},"properties":{"NAME":"Kalaako/Malpa","SUBJECTO":"Kalaako/Malpa","BORDERPRECISION":1}},
{"type":"Feature","geometry":{"type":"Polygon","coordinates":[[[128.181,-15.249],[128.082,-15.359],[128.055,-15.441],[128.051,-15.448],[128.119,-15.558],[128.14,-15.564],[129.758,-15.273],[129.672,-15.154],[128.181,-15.249]]]},"properties":{"NAME":"Kadjerong","SUBJECTO":"Kadjerong","BORDERPRECISION":1}},
{"type":"Feature","geometry":{"type":"Polygon","coordinates":[[[151.31,-33.774],[151.022,-33.741],[150.925,-33.936],[151.263,-33.991],[151.31,-33.774]]]},"properties":{"NAME":"Eora","SUBJECTO":"Eora","BORDERPRECISION":1}},
{"type":"Feature","geometry":{"type":"Polygon","coordinates":[[[125.939,-18.048],[125.685,-18.09],[125.496,-18.41],[125.499,-18.422],[126.287,-18.944],[126.303,-18.94],[126.773,-18.556],[126.775,-18.48],[125.949,-18.048],[125.939,-18.048]]]},"properties":{"NAME":"Gooniyandi","SUBJECTO":"Gooniyandi","BORDERPRECISION":1}},
{"type":"Feature","geometry":{"type":"Polygon","coordinates":[[[115.985,-22.468],[115.912,-22.602],[115.927,-22.631],[116.542,-23.018],[116.609,-23.004],[116.861,-22.771],[116,-22.453],[115.985,-22.468]]]},"properties":{"NAME":"Pinikura","SUBJECTO":"Pinikura","BORDERPRECISION":1}},
{"type":"Feature","geometry":{"type":"Polygon","coordinates":[[[128.082,-15.359],[127.989,-14.857],[127.665,-15.227],[127.661,-15.241],[128.048,-15.445],[128.055,-15.441],[128.082,-15.359]]]},"properties":{"NAME":"Yiiji","SUBJECTO":"Yiiji","BORDERPRECISION":1}},
{"type":"Feature","geometry":{"type":"Polygon","coordinates":[[[138.963,-16.994],[138.318,-16.864],[138.077,-17.566],[138.379,-17.927],[139.335,-17.875],[139.51,-17.59],[138.963,-16.994]]]},"properties":{"NAME":"Ganggalida","SUBJECTO":"Ganggalida","BORDERPRECISION":1}},
{"type":"Feature","geometry":{"type":"Polygon","coordinates":[[[143.474,-13.665],[143.457,-13.395],[143.421,-13.395],[143.396,-13.812],[143.498,-13.773],[143.474,-13.665]]]},"properties":{"NAME":"Umpila","SUBJECTO":"Umpila","BORDERPRECISION":1}},
{"type":"Feature","geometry":{"type":"Polygon","coordinates":[[[116.774,-20.786],[116.251,-20.924],[116.448,-21.293],[116.518,-21.341],[116.841,-21.404],[116.882,-21.386],[117.074,-21.04],[117.07,-21.025],[116.812,-20.785],[116.774,-20.786]]]},"properties":{"NAME":"Martuthunira","SUBJECTO":"Martuthunira","BORDERPRECISION":1}},
{"type":"Feature","geometry":{"type":"Polygon","coordinates":[[[141.848,-12.843],[141.833,-12.849],[142.04,-12.899],[142.044,-12.897],[142.129,-12.816],[142.129,-12.785],[142.046,-12.538],[141.831,-12.617],[141.848,-12.843]]]},"properties":{"NAME":"Awngthim","SUBJECTO":"Awngthim","BORDERPRECISION":1}},
{"type":"Feature","geometry":{"type":"Polygon","coordinates":[[[138.535,-31.682],[138.562,-31.693],[138.51,-30.581],[139.485,-29.545],[138.461,-29.571],[137.19,-29.656],[136.729,-29.796],[137.6,-31.206],[137.602,-31.218],[137.612,-31.229],[138.461,-31.647],[138.535,-31.682]]]},"properties":{"NAME":"Kuyani","SUBJECTO":"Kuyani","BORDERPRECISION":1}},
{"type":"Feature","geometry":{"type":"Polygon","coordinates":[[[118.504,-23.629],[118.56,-23.527],[117.449,-22.77],[116.982,-22.874],[117.188,-23.332],[117.148,-23.618],[117.72,-23.99],[118.504,-23.629]]]},"properties":{"NAME":"Yinhawangka","SUBJECTO":"Yinhawangka","BORDERPRECISION":1}},
{"type":"Feature","geometry":{"type":"Polygon","coordinates":[[[141.478,-27.404],[142.071,-28.381],[142.118,-28.42],[142.319,-28.527],[143.703,-27.902],[143.723,-27.893],[143.563,-26.654],[143.677,-25.472],[141.931,-26.938],[141.478,-27.404]]]},"properties":{"NAME":"Wangkumara","SUBJECTO":"Wangkumara","BORDERPRECISION":1}},
{"type":"Feature","geometry":{"type":"Polygon","coordinates":[[[143.993,-34.82],[144.096,-34.822],[144.761,-34.683],[144.784,-34.673],[144.655,-34.073],[144.178,-34.148],[143.992,-34.82],[143.993,-34.82]]]},"properties":{"NAME":"Nari Nari","SUBJECTO":"Nari Nari","BORDERPRECISION":1}},
{"type":"Feature","geometry":{"type":"Polygon","coordinates":[[[134.441,-17.804],[134.397,-17.873],[134.537,-17.954],[136.302,-18.733],[137.347,-18.415],[136.731,-18.077],[136.698,-18.069],[135.697,-17.67],[135.453,-17.644],[134.686,-17.686],[134.646,-17.692],[134.57,-17.725],[134.441,-17.804]]]},"properties":{"NAME":"Wambaya","SUBJECTO":"Wambaya","BORDERPRECISION":1}},
{"type":"Feature","geometry":{"type":"Polygon","coordinates":[[[146.214,-29.95],[147.25,-31.682],[149.042,-31.785],[148.038,-30.036],[146.851,-29.941],[146.214,-29.95]]]},"properties":{"NAME":"Wailwan","SUBJECTO":"Wailwan","BORDERPRECISION":1}},
{"type":"Feature","geometry":{"type":"Polygon","coordinates":[[[152.94,-30.699],[152.951,-30.666],[152.132,-30.482],[151.666,-31.039],[151.653,-31.062],[152.984,-31.268],[152.94,-30.699]]]},"properties":{"NAME":"Dainggatti","SUBJECTO":"Dainggatti","BORDERPRECISION":1}},
{"type":"Feature","geometry":{"type":"Polygon","coordinates":[[[138.329,-23.675],[138.362,-23.669],[138.578,-22.113],[138.493,-22.043],[137.955,-21.739],[137.014,-21.646],[136.907,-22.576],[137.186,-23.342],[138.329,-23.675]]]},"properties":{"NAME":"Andegerebenha","SUBJECTO":"Andegerebenha","BORDERPRECISION":1}},
{"type":"Feature","geometry":{"type":"Polygon","coordinates":[[[122.537,-16.923],[122.161,-17.319],[122.803,-17.317],[122.891,-17.036],[122.55,-16.936],[122.537,-16.923]]]},"properties":{"NAME":"Jabirrjabirr","SUBJECTO":"Jabirrjabirr","BORDERPRECISION":1}},
{"type":"Feature","geometry":{"type":"Polygon","coordinates":[[[118.466,-28.396],[119.394,-28.741],[119.436,-28.763],[119.757,-28.994],[122.317,-28.697],[121.694,-27.856],[121.306,-27.528],[119.323,-27.284],[118.728,-28.1],[118.532,-28.304],[118.466,-28.396]]]},"properties":{"NAME":"Kuwarra","SUBJECTO":"Kuwarra","BORDERPRECISION":1}},
{"type":"Feature","geometry":{"type":"Polygon","coordinates":[[[113.672,-23.766],[114.482,-23.97],[114.521,-23.916],[114.706,-23.327],[114.707,-23.287],[114.796,-22.827],[114.793,-22.822],[113.783,-22.839],[113.743,-23.248],[113.672,-23.766]]]},"properties":{"NAME":"Payungu","SUBJECTO":"Payungu","BORDERPRECISION":1}},
{"type":"Feature","geometry":{"type":"Polygon","coordinates":[[[136.302,-18.733],[135.781,-19.953],[136.208,-20.735],[136.292,-20.756],[136.677,-20.852],[136.749,-20.864],[138.905,-20.365],[138.903,-20.361],[137.538,-19.612],[137.801,-18.441],[137.347,-18.415],[136.302,-18.733]]]},"properties":{"NAME":"Wakaya","SUBJECTO":"Wakaya","BORDERPRECISION":1}},
{"type":"Feature","geometry":{"type":"Polygon","coordinates":[[[143.303,-34.461],[143.307,-34.464],[143.388,-34.654],[143.388,-34.669],[144.011,-34.854],[143.998,-34.829],[143.992,-34.82],[144.178,-34.148],[143.477,-33.687],[142.897,-33.966],[142.848,-33.996],[142.828,-34.009],[143.303,-34.461]]]},"properties":{"NAME":"Madi Madi","SUBJECTO":"Madi Madi","BORDERPRECISION":1}},
{"type":"Feature","geometry":{"type":"Polygon","coordinates":[[[145.625,-28.99],[145.606,-28.973],[145.452,-28.967],[144.988,-30.165],[144.996,-30.276],[145.511,-30.228],[145.568,-30.185],[145.796,-29.673],[145.754,-29.331],[145.709,-29.171],[145.671,-29.059],[145.625,-28.99]]]},"properties":{"NAME":"Gunu","SUBJECTO":"Gunu","BORDERPRECISION":1}},
{"type":"Feature","geometry":{"type":"Polygon","coordinates":[[[113.667,-23.78],[113.373,-24.264],[113.612,-24.808],[115.215,-24.961],[114.521,-23.977],[114.482,-23.97],[113.672,-23.766],[113.667,-23.78]]]},"properties":{"NAME":"Maya","SUBJECTO":"Maya","BORDERPRECISION":1}},
{"type":"Feature","geometry":{"type":"Polygon","coordinates":[[[153.057,-27.102],[152.972,-25.874],[152.693,-26.017],[152.722,-25.411],[152.399,-25.046],[151.795,-25.151],[151.792,-25.164],[152.067,-26.229],[152.919,-27.043],[153.057,-27.102]]]},"properties":{"NAME":"Dyungungoo (Gubbi Gubbi)","SUBJECTO":"Dyungungoo (Gubbi Gubbi)","BORDERPRECISION":1}},
{"type":"Feature","geometry":{"type":"Polygon","coordinates":[[[133.638,-13.411],[133.572,-13.327],[133.232,-13.301],[133.078,-13.293],[132.667,-13.168],[132.505,-13.147],[132.438,-13.131],[132.29,-13.088],[132.2,-13.223],[132.078,-13.75],[132.071,-13.759],[131.992,-13.966],[131.896,-14.569],[132.038,-14.609],[133.162,-14.902],[133.204,-14.872],[133.469,-14.309],[133.637,-13.685],[133.638,-13.411]]]},"properties":{"NAME":"Jawoyn","SUBJECTO":"Jawoyn","BORDERPRECISION":1}},
{"type":"Feature","geometry":{"type":"Polygon","coordinates":[[[139.331,-17.926],[139.359,-17.923],[139.335,-17.875],[138.379,-17.927],[138.11,-18.52],[138.103,-18.533],[139.168,-19.119],[139.331,-17.926]]]},"properties":{"NAME":"Nguburinji","SUBJECTO":"Nguburinji","BORDERPRECISION":1}},
{"type":"Feature","geometry":{"type":"Polygon","coordinates":[[[134.537,-17.954],[134.347,-17.944],[133.432,-18.247],[133.428,-18.261],[133.484,-19.124],[132.394,-19.327],[132.316,-19.343],[132.962,-20.735],[132.996,-20.777],[134.033,-20.849],[135.781,-19.953],[136.302,-18.733],[134.537,-17.954]]]},"properties":{"NAME":"Warumungu","SUBJECTO":"Warumungu","BORDERPRECISION":1}},
{"type":"Feature","geometry":{"type":"Polygon","coordinates":[[[131.041,-25.466],[133.007,-26.458],[133.872,-26.078],[132.034,-23.665],[132.304,-23.013],[132.196,-22.979],[131.294,-22.975],[130.576,-24.793],[131.041,-25.466]]]},"properties":{"NAME":"Luritja","SUBJECTO":"Luritja","BORDERPRECISION":1}},
{"type":"Feature","geometry":{"type":"Polygon","coordinates":[[[143.241,-36.909],[143.226,-36.918],[143.322,-37.086],[143.307,-37.213],[144.251,-37.431],[144.474,-37.152],[144.583,-36.575],[144.617,-36.527],[144.031,-36.129],[143.911,-36.11],[142.984,-36.361],[142.907,-36.489],[142.846,-36.58],[143.241,-36.909]]]},"properties":{"NAME":"Dja Dja Wurrung","SUBJECTO":"Dja Dja Wurrung","BORDERPRECISION":1}},
{"type":"Feature","geometry":{"type":"Polygon","coordinates":[[[132.996,-20.777],[132.973,-20.777],[132.924,-21.926],[134.016,-22.354],[136.25,-20.775],[136.208,-20.735],[135.781,-19.953],[134.033,-20.849],[132.996,-20.777]]]},"properties":{"NAME":"Kaytej","SUBJECTO":"Kaytej","BORDERPRECISION":1}},
{"type":"Feature","geometry":{"type":"Polygon","coordinates":[[[117.741,-35.22],[119.008,-34.615],[118.884,-34.282],[118.73,-34.254],[116.547,-34.865],[116.446,-35.027],[117.741,-35.22]]]},"properties":{"NAME":"Minang","SUBJECTO":"Minang","BORDERPRECISION":1}},
{"type":"Feature","geometry":{"type":"Polygon","coordinates":[[[113.896,-25.59],[113.06,-26.116],[113.734,-26.801],[114.677,-26.438],[114.727,-25.752],[113.955,-25.634],[113.896,-25.59]]]},"properties":{"NAME":"Malkana","SUBJECTO":"Malkana","BORDERPRECISION":1}},
{"type":"Feature","geometry":{"type":"Polygon","coordinates":[[[141.711,-15.227],[141.65,-15.323],[141.703,-15.333],[141.729,-15.212],[141.709,-15.218],[141.711,-15.227]]]},"properties":{"NAME":"Yir Yoront","SUBJECTO":"Yir Yoront","BORDERPRECISION":1}},
{"type":"Feature","geometry":{"type":"Polygon","coordinates":[[[122.228,-18.144],[122.224,-18.183],[122.225,-18.19],[122.887,-18.462],[122.908,-18.463],[123.051,-18.065],[122.817,-17.666],[122.708,-17.756],[122.326,-18.061],[122.228,-18.144]]]},"properties":{"NAME":"Yawuru","SUBJECTO":"Yawuru","BORDERPRECISION":1}},
{"type":"Feature","geometry":{"type":"Polygon","coordinates":[[[138.932,-26.151],[138.847,-25.986],[138.828,-25.97],[138.135,-26.4],[138.936,-26.195],[138.932,-26.151]]]},"properties":{"NAME":"Karangura","SUBJECTO":"Karangura","BORDERPRECISION":1}},
{"type":"Feature","geometry":{"type":"Polygon","coordinates":[[[117.559,-33.775],[117.425,-33.639],[117.21,-33.479],[116.678,-33.248],[116.269,-33.063],[116.049,-33.001],[115.986,-32.984],[115.969,-32.981],[115.715,-33.018],[115.65,-33.349],[115.717,-33.403],[115.767,-33.492],[115.817,-33.606],[115.868,-33.67],[115.99,-33.715],[116.194,-33.927],[116.202,-33.936],[117.672,-34.022],[117.665,-33.947],[117.559,-33.775]]]},"properties":{"NAME":"Kaniyang","SUBJECTO":"Kaniyang","BORDERPRECISION":1}},
{"type":"Feature","geometry":{"type":"Polygon","coordinates":[[[139.164,-34.733],[139.1,-35.077],[139.41,-35.194],[141.415,-34.816],[141.703,-34.609],[141.945,-34.194],[142.033,-34.022],[140.973,-33.443],[139.088,-33.666],[139.13,-34.534],[139.164,-34.733]]]},"properties":{"NAME":"Meru","SUBJECTO":"Meru","BORDERPRECISION":1}},
{"type":"Feature","geometry":{"type":"Polygon","coordinates":[[[146.924,-20.548],[145.588,-20.516],[145.591,-21.688],[145.615,-21.685],[146.547,-21.599],[146.921,-20.552],[146.924,-20.548]]]},"properties":{"NAME":"Yilba","SUBJECTO":"Yilba","BORDERPRECISION":1}},
{"type":"Feature","geometry":{"type":"Polygon","coordinates":[[[129.512,-15.977],[129.283,-16.293],[129.267,-16.319],[129.254,-16.626],[130.249,-17.152],[130.291,-17.122],[130.96,-16.422],[130.866,-16.103],[130.759,-16.067],[130.446,-15.692],[130.392,-15.492],[130.155,-15.487],[129.512,-15.977]]]},"properties":{"NAME":"Ngarinman","SUBJECTO":"Ngarinman","BORDERPRECISION":1}},
{"type":"Feature","geometry":{"type":"Polygon","coordinates":[[[140.36,-26.23],[139.977,-27.233],[139.988,-27.489],[141.07,-27.6],[141.172,-27.559],[141.478,-27.404],[141.931,-26.938],[141.093,-26.26],[140.502,-25.95],[140.36,-26.23]]]},"properties":{"NAME":"Yawarawarka","SUBJECTO":"Yawarawarka","BORDERPRECISION":1}},
{"type":"Feature","geometry":{"type":"Polygon","coordinates":[[[122.708,-17.756],[122.182,-17.772],[122.182,-17.918],[122.213,-18.049],[122.326,-18.061],[122.708,-17.756]]]},"properties":{"NAME":"Jukun","SUBJECTO":"Jukun","BORDERPRECISION":1}},
{"type":"Feature","geometry":{"type":"Polygon","coordinates":[[[134.409,-12.121],[134.392,-12.119],[134.396,-12.131],[134.466,-12.134],[134.605,-12.108],[134.596,-12.057],[134.409,-12.121]]]},"properties":{"NAME":"Nakara","SUBJECTO":"Nakara","BORDERPRECISION":1}},
{"type":"Feature","geometry":{"type":"Polygon","coordinates":[[[134.874,-14.61],[134.844,-14.647],[134.908,-15.165],[135.439,-15.768],[135.788,-15.528],[135.794,-15.513],[135.945,-15.359],[135.63,-14.532],[135.52,-14.446],[135.037,-14.444],[134.874,-14.61]]]},"properties":{"NAME":"Mara","SUBJECTO":"Mara","BORDERPRECISION":1}},
{"type":"Feature","geometry":{"type":"Polygon","coordinates":[[[130.086,-13.592],[130.061,-13.606],[130.2,-13.888],[130.228,-13.882],[130.267,-13.634],[130.191,-13.498],[130.086,-13.592]]]},"properties":{"NAME":"Maranunggu","SUBJECTO":"Maranunggu","BORDERPRECISION":1}},
{"type":"Feature","geometry":{"type":"Polygon","coordinates":[[[145.042,-24.865],[145.055,-24.799],[143.755,-25.284],[143.677,-25.472],[143.563,-26.654],[145.109,-26.482],[145.522,-26.368],[144.606,-25.911],[145.042,-24.865]]]},"properties":{"NAME":"Dharawala","SUBJECTO":"Dharawala","BORDERPRECISION":1}},
{"type":"Feature","geometry":{"type":"Polygon","coordinates":[[[116.433,-23.976],[116.367,-24.562],[116.374,-24.595],[117.594,-24.031],[117.72,-23.99],[117.148,-23.618],[115.776,-22.921],[115.802,-23.754],[115.81,-23.842],[115.835,-23.846],[116.433,-23.976]]]},"properties":{"NAME":"Thiin","SUBJECTO":"Thiin","BORDERPRECISION":1}},
{"type":"Feature","geometry":{"type":"Polygon","coordinates":[[[130.155,-15.487],[129.758,-15.273],[128.14,-15.564],[128.117,-15.583],[127.938,-15.871],[129.167,-16.235],[129.283,-16.293],[129.512,-15.977],[130.155,-15.487]]]},"properties":{"NAME":"Doolboong/Miriwoong","SUBJECTO":"Doolboong/Miriwoong","BORDERPRECISION":1}},
{"type":"Feature","geometry":{"type":"Polygon","coordinates":[[[129.034,-18.01],[128.77,-19.249],[128.758,-19.261],[130.496,-20.551],[130.253,-21.114],[131.294,-22.975],[132.196,-22.979],[132.924,-21.926],[132.973,-20.777],[132.962,-20.735],[132.316,-19.343],[132.274,-19.276],[130.974,-18.123],[129.265,-18.323],[129.034,-18.01]]]},"properties":{"NAME":"Warlpiri","SUBJECTO":"Warlpiri","BORDERPRECISION":1}},
{"type":"Feature","geometry":{"type":"Polygon","coordinates":[[[145.055,-24.799],[145.207,-24.178],[143.438,-23.82],[143.056,-24.47],[143.755,-25.284],[145.055,-24.799]]]},"properties":{"NAME":"Kuungkari","SUBJECTO":"Kuungkari","BORDERPRECISION":1}},
{"type":"Feature","geometry":{"type":"Polygon","coordinates":[[[141.945,-34.194],[142.922,-34.634],[143.307,-34.464],[143.303,-34.461],[142.828,-34.009],[142.786,-33.936],[142.581,-33.738],[142.445,-33.712],[142.033,-34.022],[141.945,-34.194]]]},"properties":{"NAME":"Kureinji","SUBJECTO":"Kureinji","BORDERPRECISION":1}},
{"type":"Feature","geometry":{"type":"Polygon","coordinates":[[[143.307,-34.464],[142.922,-34.634],[142.965,-34.693],[142.965,-34.756],[142.964,-34.841],[143.025,-34.855],[143.038,-34.848],[143.383,-34.669],[143.388,-34.654],[143.307,-34.464]]]},"properties":{"NAME":"Dadi Dadi","SUBJECTO":"Dadi Dadi","BORDERPRECISION":1}},
{"type":"Feature","geometry":{"type":"Polygon","coordinates":[[[138.271,-34.579],[138.494,-35.395],[138.577,-35.343],[138.774,-34.657],[138.332,-33.308],[138.17,-33.324],[137.998,-33.458],[138.054,-34.164],[138.271,-34.579]]]},"properties":{"NAME":"Kaurna Pangkarra","SUBJECTO":"Kaurna Pangkarra","BORDERPRECISION":1}},
{"type":"Feature","geometry":{"type":"Polygon","coordinates":[[[124.882,-18.48],[124.815,-18.58],[124.955,-20.196],[126.345,-20.341],[126.826,-19.182],[126.829,-19.157],[126.304,-18.948],[126.287,-18.944],[125.499,-18.422],[125.485,-18.421],[124.882,-18.48]]]},"properties":{"NAME":"Walmatjarri","SUBJECTO":"Walmatjarri","BORDERPRECISION":1}},
{"type":"Feature","geometry":{"type":"Polygon","coordinates":[[[152.919,-27.043],[152.067,-26.229],[151.792,-25.164],[151.789,-25.15],[151.627,-25.023],[151.567,-25.021],[150.873,-25.661],[152.218,-27.219],[152.714,-27.331],[152.805,-27.281],[152.83,-27.217],[152.919,-27.043]]]},"properties":{"NAME":"Waka Waka","SUBJECTO":"Waka Waka","BORDERPRECISION":1}},
{"type":"Feature","geometry":{"type":"Polygon","coordinates":[[[141.706,-15.209],[141.709,-15.218],[141.729,-15.212],[141.729,-15.211],[141.898,-14.93],[141.907,-14.918],[141.999,-14.498],[141.524,-14.493],[141.494,-14.575],[141.554,-14.887],[141.706,-15.209]]]},"properties":{"NAME":"Thaayorre","SUBJECTO":"Thaayorre","BORDERPRECISION":1}},
{"type":"Feature","geometry":{"type":"Polygon","coordinates":[[[119.917,-32.18],[118.216,-30.862],[118.186,-30.901],[117.612,-32.402],[117.743,-32.633],[118.109,-33.056],[118.412,-33.129],[118.491,-33.136],[119.948,-33.153],[120.035,-33.148],[120.193,-33.086],[120.395,-32.761],[119.917,-32.18]]]},"properties":{"NAME":"Nyaki-nyaki","SUBJECTO":"Nyaki-nyaki","BORDERPRECISION":1}},
{"type":"Feature","geometry":{"type":"Polygon","coordinates":[[[145.594,-36.202],[145.788,-36.093],[145.798,-35.988],[145.135,-35.302],[144.846,-36.142],[145.594,-36.202]]]},"properties":{"NAME":"Yorta Yorta","SUBJECTO":"Yorta Yorta","BORDERPRECISION":1}},
{"type":"Feature","geometry":{"type":"Polygon","coordinates":[[[149.59,-35.38],[149.442,-35.368],[148.14,-35.147],[147.81,-36.085],[148.037,-37.179],[148.386,-37.368],[149.501,-37.038],[149.59,-35.38]]]},"properties":{"NAME":"Ngarigo","SUBJECTO":"Ngarigo","BORDERPRECISION":1}},
{"type":"Feature","geometry":{"type":"Polygon","coordinates":[[[145.954,-28.063],[145.606,-28.973],[145.625,-28.99],[145.671,-29.059],[145.709,-29.171],[145.754,-29.331],[145.796,-29.673],[146.837,-29.859],[147.439,-29.042],[145.96,-28.038],[145.954,-28.063]]]},"properties":{"NAME":"Muruwari","SUBJECTO":"Muruwari","BORDERPRECISION":1}},
{"type":"Feature","geometry":{"type":"Polygon","coordinates":[[[116.821,-20.784],[116.812,-20.785],[117.07,-21.025],[117.094,-21.039],[117.962,-21.317],[117.975,-21.314],[117.794,-20.638],[116.821,-20.784]]]},"properties":{"NAME":"Ngarluma","SUBJECTO":"Ngarluma","BORDERPRECISION":1}},
{"type":"Feature","geometry":{"type":"Polygon","coordinates":[[[142.91,-19.456],[142.903,-19.465],[142.927,-20.584],[143.088,-20.539],[144.103,-20.45],[144.162,-19.648],[144.057,-19.613],[143.97,-19.586],[142.91,-19.456]]]},"properties":{"NAME":"Mbara","SUBJECTO":"Mbara","BORDERPRECISION":1}},
{"type":"Feature","geometry":{"type":"Polygon","coordinates":[[[151.392,-29.81],[151.389,-29.813],[152.132,-30.482],[152.951,-30.666],[153.329,-29.314],[152.07,-29.457],[151.788,-29.447],[151.392,-29.81]]]},"properties":{"NAME":"Gumbainggir","SUBJECTO":"Gumbainggir","BORDERPRECISION":1}},
{"type":"Feature","geometry":{"type":"Polygon","coordinates":[[[142.615,-13.074],[142.858,-13.074],[142.98,-12.99],[142.939,-12.622],[142.638,-12.496],[142.6,-13.052],[142.615,-13.074]]]},"properties":{"NAME":"Yinwum","SUBJECTO":"Yinwum","BORDERPRECISION":1}},
{"type":"Feature","geometry":{"type":"Polygon","coordinates":[[[130.179,-14.037],[130.046,-14.092],[130.106,-14.128],[130.301,-13.911],[130.24,-13.887],[130.225,-13.898],[130.19,-14.027],[130.179,-14.037]]]},"properties":{"NAME":"Marramaninjsji","SUBJECTO":"Marramaninjsji","BORDERPRECISION":1}},
{"type":"Feature","geometry":{"type":"Polygon","coordinates":[[[148.609,-21.66],[147.778,-21.585],[147.731,-21.821],[147.713,-22.482],[147.899,-22.729],[148.575,-22.328],[148.609,-21.66]]]},"properties":{"NAME":"Barna","SUBJECTO":"Barna","BORDERPRECISION":1}},
{"type":"Feature","geometry":{"type":"Polygon","coordinates":[[[143.406,-13.344],[143.421,-13.395],[143.457,-13.395],[143.378,-12.843],[143.157,-12.956],[143.406,-13.344]]]},"properties":{"NAME":"Uutaalnganu","SUBJECTO":"Uutaalnganu","BORDERPRECISION":1}},
{"type":"Feature","geometry":{"type":"Polygon","coordinates":[[[141.01,-36.897],[141.013,-36.896],[142.938,-36.352],[142.984,-36.361],[143.911,-36.11],[143.973,-36.038],[143.715,-35.81],[143.684,-35.797],[143.342,-35.308],[143.044,-34.861],[143.025,-34.855],[142.964,-34.841],[141.703,-34.609],[141.415,-34.816],[140.999,-36.314],[140.988,-36.749],[140.989,-36.763],[141.008,-36.889],[141.01,-36.897]]]},"properties":{"NAME":"Wergaia","SUBJECTO":"Wergaia","BORDERPRECISION":1}},
{"type":"Feature","geometry":{"type":"Polygon","coordinates":[[[125.939,-18.048],[125.957,-18.039],[126.274,-17.718],[125.794,-17.417],[125.337,-17.65],[125.685,-18.09],[125.939,-18.048]]]},"properties":{"NAME":"Punuba","SUBJECTO":"Punuba","BORDERPRECISION":1}},
{"type":"Feature","geometry":{"type":"Polygon","coordinates":[[[132.274,-19.276],[132.394,-19.327],[133.484,-19.124],[133.428,-18.261],[133.419,-18.251],[133.279,-17.744],[133.019,-17.729],[131.509,-17.97],[131.506,-17.972],[130.974,-18.123],[132.274,-19.276]]]},"properties":{"NAME":"Warlmanpa","SUBJECTO":"Warlmanpa","BORDERPRECISION":1}},
{"type":"Feature","geometry":{"type":"Polygon","coordinates":[[[148.375,-26.601],[148.36,-26.516],[148.332,-26.069],[148.136,-26.743],[146.505,-26.959],[146.382,-27.146],[146.864,-27.138],[146.983,-27.176],[147.537,-27.696],[148.541,-27.81],[148.489,-27.695],[148.445,-27.615],[148.549,-27.473],[148.375,-26.601]]]},"properties":{"NAME":"Gunggari","SUBJECTO":"Gunggari","BORDERPRECISION":1}},
{"type":"Feature","geometry":{"type":"Polygon","coordinates":[[[151.666,-31.039],[152.132,-30.482],[151.389,-29.813],[150.996,-29.841],[151.315,-31.109],[151.614,-31.061],[151.666,-31.039]]]},"properties":{"NAME":"Nganyaywana","SUBJECTO":"Nganyaywana","BORDERPRECISION":1}},
{"type":"Feature","geometry":{"type":"Polygon","coordinates":[[[125.792,-17.414],[125.794,-17.417],[126.274,-17.718],[127.496,-17.204],[127.458,-16.041],[127.464,-16.004],[125.666,-17.083],[125.792,-17.414]]]},"properties":{"NAME":"Worla","SUBJECTO":"Worla","BORDERPRECISION":1}},
{"type":"Feature","geometry":{"type":"Polygon","coordinates":[[[140.087,-20.18],[140.022,-20.114],[138.903,-20.361],[138.905,-20.365],[139.077,-20.915],[139.09,-20.968],[139.263,-21.516],[140.372,-21.776],[140.766,-21.719],[140.4,-20.799],[140.088,-20.186],[140.087,-20.18]]]},"properties":{"NAME":"Kalkadoon","SUBJECTO":"Kalkadoon","BORDERPRECISION":1}},
{"type":"Feature","geometry":{"type":"Polygon","coordinates":[[[121.306,-27.528],[120.826,-26.431],[118.913,-25.81],[118.039,-27.165],[118.029,-27.187],[118.728,-28.1],[119.323,-27.284],[121.306,-27.528]]]},"properties":{"NAME":"Tjupany","SUBJECTO":"Tjupany","BORDERPRECISION":1}},
{"type":"Feature","geometry":{"type":"Polygon","coordinates":[[[143.08,-20.605],[143.088,-20.539],[142.927,-20.584],[142.665,-20.658],[142.61,-20.658],[141.282,-20.057],[140.4,-20.799],[140.766,-21.719],[140.949,-21.938],[143.324,-21.682],[143.08,-20.605]]]},"properties":{"NAME":"Wunumara","SUBJECTO":"Wunumara","BORDERPRECISION":1}},
{"type":"Feature","geometry":{"type":"Polygon","coordinates":[[[131.041,-25.466],[130.704,-27.464],[130.704,-27.483],[132.124,-28.401],[133.464,-28.392],[133.007,-26.458],[131.041,-25.466]]]},"properties":{"NAME":"Yankuntjatjara","SUBJECTO":"Yankuntjatjara","BORDERPRECISION":1}},
{"type":"Feature","geometry":{"type":"Polygon","coordinates":[[[129.841,-28.37],[130.584,-27.529],[130.543,-27.516],[129.716,-27.499],[128.855,-26.005],[127.338,-26.53],[127.072,-26.584],[127.014,-26.611],[127.369,-28.52],[127.446,-28.59],[129.841,-28.37]]]},"properties":{"NAME":"Nakako","SUBJECTO":"Nakako","BORDERPRECISION":1}},
{"type":"Feature","geometry":{"type":"Polygon","coordinates":[[[147.81,-36.085],[147.205,-36.102],[147.191,-37.009],[148.037,-37.179],[147.81,-36.085]]]},"properties":{"NAME":"Jaitmatang","SUBJECTO":"Jaitmatang","BORDERPRECISION":1}},
{"type":"Feature","geometry":{"type":"Polygon","coordinates":[[[124.368,-27.519],[126.65,-28.883],[127.369,-28.52],[127.014,-26.611],[126.949,-26.581],[125.486,-25.909],[124.357,-27.464],[124.368,-27.519]]]},"properties":{"NAME":"Mandjindja","SUBJECTO":"Mandjindja","BORDERPRECISION":1}},
{"type":"Feature","geometry":{"type":"Polygon","coordinates":[[[127.446,-28.59],[128.453,-30.114],[131.353,-30.222],[129.99,-29.468],[129.841,-28.37],[127.446,-28.59]]]},"properties":{"NAME":"Ngalea","SUBJECTO":"Ngalea","BORDERPRECISION":1}},
{"type":"Feature","geometry":{"type":"Polygon","coordinates":[[[144.251,-37.431],[144.614,-37.938],[146.307,-38.384],[146.173,-37.488],[144.474,-37.152],[144.251,-37.431]]]},"properties":{"NAME":"Wurundjeri","SUBJECTO":"Wurundjeri","BORDERPRECISION":1}},
{"type":"Feature","geometry":{"type":"Polygon","coordinates":[[[117.814,-20.619],[117.794,-20.638],[117.975,-21.314],[117.982,-21.332],[118.616,-21.627],[118.642,-21.6],[118.621,-20.375],[117.814,-20.619]]]},"properties":{"NAME":"Kariyarra","SUBJECTO":"Kariyarra","BORDERPRECISION":1}},
{"type":"Feature","geometry":{"type":"Polygon","coordinates":[[[144.168,-38.488],[144.211,-38.438],[144.001,-38.398],[143.601,-38.568],[143.569,-38.569],[143.464,-38.539],[143.443,-38.535],[143.148,-38.747],[144.168,-38.488]]]},"properties":{"NAME":"Gadubanud","SUBJECTO":"Gadubanud","BORDERPRECISION":1}},
{"type":"Feature","geometry":{"type":"Polygon","coordinates":[[[144.583,-36.575],[145.594,-36.202],[144.846,-36.142],[144.617,-36.527],[144.583,-36.575]]]},"properties":{"NAME":"Ngurraiillam","SUBJECTO":"Ngurraiillam","BORDERPRECISION":1}},
{"type":"Feature","geometry":{"type":"Polygon","coordinates":[[[122.891,-17.036],[123.061,-16.94],[122.927,-16.734],[122.76,-16.741],[122.653,-16.736],[122.543,-16.917],[122.55,-16.936],[122.891,-17.036]]]},"properties":{"NAME":"Nyul Nyul","SUBJECTO":"Nyul Nyul","BORDERPRECISION":1}},
{"type":"Feature","geometry":{"type":"Polygon","coordinates":[[[146.091,-36.488],[145.788,-36.093],[145.594,-36.202],[144.583,-36.575],[144.474,-37.152],[146.173,-37.488],[146.953,-37.064],[146.953,-37.055],[146.091,-36.488]]]},"properties":{"NAME":"Taungurung","SUBJECTO":"Taungurung","BORDERPRECISION":1}},
{"type":"Feature","geometry":{"type":"Polygon","coordinates":[[[133.007,-26.458],[133.464,-28.392],[134.532,-28.935],[135.212,-27.177],[133.872,-26.078],[133.007,-26.458]]]},"properties":{"NAME":"Antakarinja","SUBJECTO":"Antakarinja","BORDERPRECISION":1}},
{"type":"Feature","geometry":{"type":"Polygon","coordinates":[[[130.96,-16.422],[131.391,-16.7],[131.697,-16.497],[131.782,-16.432],[132.137,-15.939],[131.401,-15.791],[130.889,-16.086],[130.866,-16.103],[130.96,-16.422]]]},"properties":{"NAME":"Karangpurru","SUBJECTO":"Karangpurru","BORDERPRECISION":1}},
{"type":"Feature","geometry":{"type":"Polygon","coordinates":[[[116.268,-21.392],[115.315,-22.401],[115.31,-22.405],[115.939,-22.47],[116,-22.453],[116.861,-22.771],[116.982,-22.874],[117.449,-22.77],[117.823,-22.086],[117.807,-22.056],[116.878,-21.411],[116.841,-21.404],[116.518,-21.341],[116.45,-21.326],[116.268,-21.392]]]},"properties":{"NAME":"Kurrama","SUBJECTO":"Kurrama","BORDERPRECISION":1}},
{"type":"Feature","geometry":{"type":"Polygon","coordinates":[[[140.602,-25.487],[140.502,-25.95],[141.093,-26.26],[142.424,-24.212],[140.577,-23.928],[140.521,-24.445],[140.602,-25.487]]]},"properties":{"NAME":"Karuwali","SUBJECTO":"Karuwali","BORDERPRECISION":1}},
{"type":"Feature","geometry":{"type":"Polygon","coordinates":[[[141.729,-15.211],[141.729,-15.212],[141.703,-15.333],[141.659,-15.872],[141.779,-16.813],[142.937,-17.252],[143.508,-16.609],[143.58,-16.011],[143.701,-14.967],[143.405,-14.828],[143.398,-14.828],[141.947,-14.918],[141.898,-14.93],[141.729,-15.211]]]},"properties":{"NAME":"Kunjen","SUBJECTO":"Kunjen","BORDERPRECISION":1}},
{"type":"Feature","geometry":{"type":"Polygon","coordinates":[[[148.575,-22.328],[147.899,-22.729],[147.998,-22.87],[148.543,-23.522],[149.208,-23.207],[148.874,-22.362],[148.575,-22.328]]]},"properties":{"NAME":"Gabalbara","SUBJECTO":"Gabalbara","BORDERPRECISION":1}},
{"type":"Feature","geometry":{"type":"Polygon","coordinates":[[[137.998,-33.458],[136.985,-35.396],[137.72,-35.214],[137.92,-34.632],[138.054,-34.164],[137.998,-33.458]]]},"properties":{"NAME":"Narangga","SUBJECTO":"Narangga","BORDERPRECISION":1}},
{"type":"Feature","geometry":{"type":"Polygon","coordinates":[[[121.694,-27.856],[122.956,-26.561],[122.778,-26.03],[122.624,-26.007],[120.826,-26.431],[121.306,-27.528],[121.694,-27.856]]]},"properties":{"NAME":"Nana","SUBJECTO":"Nana","BORDERPRECISION":1}},
{"type":"Feature","geometry":{"type":"Polygon","coordinates":[[[152.218,-27.219],[152.428,-27.754],[152.741,-27.748],[153.12,-27.625],[153.026,-27.47],[152.881,-27.499],[152.714,-27.331],[152.218,-27.219]]]},"properties":{"NAME":"Yuggera","SUBJECTO":"Yuggera","BORDERPRECISION":1}},
{"type":"Feature","geometry":{"type":"MultiPolygon","coordinates":[[[[142.891,-33.944],[142.897,-33.966],[143.477,-33.687],[144.272,-32.956],[144.23,-32.862],[144.23,-32.861],[144.707,-31.56],[144.069,-31.614],[142.965,-32.649],[142.891,-33.944]]],[[[142.843,-33.992],[142.786,-33.936],[142.828,-34.009],[142.848,-33.996],[142.843,-33.992]]]]},"properties":{"NAME":"Barindji","SUBJECTO":"Barindji","BORDERPRECISION":1}},
{"type":"Feature","geometry":{"type":"Polygon","coordinates":[[[134.143,-12.084],[134.044,-12.061],[134.039,-12.263],[134.121,-12.259],[134.228,-12.096],[134.143,-12.084]]]},"properties":{"NAME":"Gunibidji","SUBJECTO":"Gunibidji","BORDERPRECISION":1}},
{"type":"Feature","geometry":{"type":"Polygon","coordinates":[[[133.204,-14.872],[133.697,-15.064],[133.825,-14.935],[133.859,-14.893],[134.067,-14.741],[133.469,-14.309],[133.204,-14.872]]]},"properties":{"NAME":"Mangarayi","SUBJECTO":"Mangarayi","BORDERPRECISION":1}},
{"type":"Feature","geometry":{"type":"Polygon","coordinates":[[[153.164,-27.697],[153.152,-27.677],[152.619,-27.946],[151.689,-28.315],[152.021,-28.985],[152.07,-29.457],[153.329,-29.314],[153.164,-27.697]]]},"properties":{"NAME":"Bundjalung","SUBJECTO":"Bundjalung","BORDERPRECISION":1}},
{"type":"Feature","geometry":{"type":"Polygon","coordinates":[[[114.972,-30.342],[115.433,-31.391],[116.031,-31.417],[116.261,-31.433],[116.827,-30.052],[116.764,-30],[116.641,-30.009],[114.97,-30.325],[114.972,-30.342]]]},"properties":{"NAME":"Yuat","SUBJECTO":"Yuat","BORDERPRECISION":1}},
{"type":"Feature","geometry":{"type":"Polygon","coordinates":[[[149.442,-35.368],[149.619,-35.231],[148.4,-34.381],[148.14,-35.147],[149.442,-35.368]]]},"properties":{"NAME":"Ngunawal","SUBJECTO":"Ngunawal","BORDERPRECISION":1}},
{"type":"Feature","geometry":{"type":"Polygon","coordinates":[[[140.4,-20.799],[141.282,-20.057],[141.122,-19.4],[141.108,-19.396],[140.088,-20.186],[140.4,-20.799]]]},"properties":{"NAME":"Mayi-Thakurti","SUBJECTO":"Mayi-Thakurti","BORDERPRECISION":1}},
{"type":"Feature","geometry":{"type":"Polygon","coordinates":[[[141.927,-11.996],[141.92,-12.007],[141.915,-12.109],[141.93,-12.178],[141.988,-12.183],[142.162,-12.087],[142.15,-12.002],[141.939,-11.976],[141.927,-11.996]]]},"properties":{"NAME":"Teppathiggi","SUBJECTO":"Teppathiggi","BORDERPRECISION":1}},
{"type":"Feature","geometry":{"type":"Polygon","coordinates":[[[135.434,-15.837],[135.398,-16.33],[135.46,-16.366],[136.033,-16.857],[136.583,-17.156],[136.638,-16.091],[135.811,-15.524],[135.788,-15.528],[135.439,-15.768],[135.434,-15.837]]]},"properties":{"NAME":"Binbinga","SUBJECTO":"Binbinga","BORDERPRECISION":1}},
{"type":"Feature","geometry":{"type":"Polygon","coordinates":[[[136.698,-18.069],[136.731,-18.07],[136.745,-17.263],[136.583,-17.156],[136.033,-16.857],[135.583,-17.561],[135.697,-17.67],[136.698,-18.069]]]},"properties":{"NAME":"Gunindiri","SUBJECTO":"Gunindiri","BORDERPRECISION":1}},
{"type":"Feature","geometry":{"type":"Polygon","coordinates":[[[145.519,-20.518],[144.103,-20.45],[143.088,-20.539],[143.08,-20.605],[143.324,-21.682],[143.219,-22.397],[144.893,-21.969],[145.885,-22.388],[145.596,-21.706],[145.591,-21.688],[145.588,-20.516],[145.519,-20.518]]]},"properties":{"NAME":"Yirandali","SUBJECTO":"Yirandali","BORDERPRECISION":1}},
{"type":"Feature","geometry":{"type":"Polygon","coordinates":[[[145.396,-18.122],[145.684,-18.475],[146.083,-18.512],[145.984,-18.006],[145.398,-18.118],[145.396,-18.122]]]},"properties":{"NAME":"Wargamaygan","SUBJECTO":"Wargamaygan","BORDERPRECISION":1}},
{"type":"Feature","geometry":{"type":"Polygon","coordinates":[[[142.375,-31.41],[142.367,-31.389],[143.264,-30.867],[143.364,-29.745],[142.138,-29.631],[142.064,-29.65],[141.042,-31.349],[142.326,-31.429],[142.376,-31.411],[142.375,-31.41]]]},"properties":{"NAME":"Bandjigali","SUBJECTO":"Bandjigali","BORDERPRECISION":1}},
{"type":"Feature","geometry":{"type":"Polygon","coordinates":[[[148.755,-24.257],[149.023,-24.379],[149.941,-24.929],[149.943,-24.929],[149.991,-24.925],[150.002,-24.925],[150.614,-24.789],[150.747,-24.143],[150.568,-23.703],[149.208,-23.207],[148.543,-23.522],[148.726,-24.228],[148.755,-24.257]]]},"properties":{"NAME":"Gangulu","SUBJECTO":"Gangulu","BORDERPRECISION":1}},
{"type":"Feature","geometry":{"type":"Polygon","coordinates":[[[116.031,-31.417],[115.493,-31.546],[115.758,-32.494],[116.14,-32.388],[116.163,-32.378],[116.599,-32.145],[116.261,-31.433],[116.031,-31.417]]]},"properties":{"NAME":"Wajuk","SUBJECTO":"Wajuk","BORDERPRECISION":1}},
{"type":"Feature","geometry":{"type":"Polygon","coordinates":[[[140.801,-17.728],[140.827,-18.175],[141.108,-19.396],[141.122,-19.4],[142.853,-19.431],[142.936,-18.809],[141.383,-18.156],[141.262,-17.53],[141.173,-17.487],[141.162,-17.493],[140.839,-17.699],[140.801,-17.728]]]},"properties":{"NAME":"Mayi-Kulan","SUBJECTO":"Mayi-Kulan","BORDERPRECISION":1}},
{"type":"Feature","geometry":{"type":"Polygon","coordinates":[[[134.397,-17.873],[134.441,-17.804],[134.448,-17.777],[134.488,-17.201],[134.485,-17.196],[133.512,-16.241],[133.492,-16.234],[133.393,-16.422],[133.287,-17.7],[133.279,-17.744],[133.419,-18.251],[133.432,-18.247],[134.347,-17.944],[134.397,-17.873]]]},"properties":{"NAME":"Jingili","SUBJECTO":"Jingili","BORDERPRECISION":1}},
{"type":"Feature","geometry":{"type":"Polygon","coordinates":[[[145.222,-15.664],[145.199,-15.399],[144.804,-15.914],[143.87,-16.144],[143.884,-16.489],[144.76,-17.433],[145.282,-17.362],[145.31,-17.359],[145.336,-17.262],[145.394,-16.549],[145.222,-15.664]]]},"properties":{"NAME":"Kuku-yalanji","SUBJECTO":"Kuku-yalanji","BORDERPRECISION":1}},
{"type":"Feature","geometry":{"type":"Polygon","coordinates":[[[142.176,-12.085],[142.638,-12.496],[142.939,-12.622],[142.849,-12.284],[142.71,-12.004],[142.15,-12.002],[142.162,-12.087],[142.176,-12.085]]]},"properties":{"NAME":"Mpalitjanh","SUBJECTO":"Mpalitjanh","BORDERPRECISION":1}},
{"type":"Feature","geometry":{"type":"Polygon","coordinates":[[[116.448,-21.293],[116.251,-20.924],[114.685,-21.953],[115.291,-22.401],[115.304,-22.401],[115.315,-22.401],[116.268,-21.392],[116.45,-21.326],[116.448,-21.293]]]},"properties":{"NAME":"Nhuwala","SUBJECTO":"Nhuwala","BORDERPRECISION":1}},
{"type":"Feature","geometry":{"type":"Polygon","coordinates":[[[149.42,-26.19],[149.494,-26.178],[150.043,-25.69],[150.002,-24.925],[149.991,-24.925],[149.943,-24.944],[149.941,-24.944],[149.03,-25.178],[148.92,-26.089],[149.42,-26.19]]]},"properties":{"NAME":"Yiman","SUBJECTO":"Yiman","BORDERPRECISION":1}},
{"type":"Feature","geometry":{"type":"Polygon","coordinates":[[[126.303,-18.94],[126.304,-18.948],[126.829,-19.157],[126.849,-19.167],[127.78,-19.419],[127.796,-19.418],[128.749,-19.25],[128.77,-19.249],[129.034,-18.01],[129.265,-18.323],[129.054,-17.834],[128.328,-17.552],[128.294,-17.562],[126.811,-18.48],[126.773,-18.556],[126.303,-18.94]]]},"properties":{"NAME":"Jaru","SUBJECTO":"Jaru","BORDERPRECISION":1}},
{"type":"Feature","geometry":{"type":"MultiPolygon","coordinates":[[[[130.103,-14.129],[130.106,-14.128],[130.046,-14.092],[129.889,-14.097],[130.02,-14.413],[130.103,-14.129]]],[[[129.997,-14.434],[130.032,-14.437],[130.02,-14.414],[129.997,-14.434]]]]},"properties":{"NAME":"Ngan’gikurunggurr","SUBJECTO":"Ngan’gikurunggurr","BORDERPRECISION":1}},
{"type":"Feature","geometry":{"type":"Polygon","coordinates":[[[143.477,-33.687],[144.178,-34.148],[144.655,-34.073],[144.314,-32.96],[144.272,-32.956],[143.477,-33.687]]]},"properties":{"NAME":"Yitha Yitha","SUBJECTO":"Yitha Yitha","BORDERPRECISION":1}},
{"type":"Feature","geometry":{"type":"MultiPolygon","coordinates":[[[[142.597,-13.066],[142.596,-13.066],[142.593,-13.075],[142.61,-13.074],[142.597,-13.066]]],[[[142.129,-12.816],[142.044,-12.897],[142.042,-12.902],[141.99,-13.057],[141.986,-13.092],[141.975,-13.197],[141.978,-13.204],[142.349,-13.098],[142.139,-12.812],[142.129,-12.816]]]]},"properties":{"NAME":"Mbeiwum","SUBJECTO":"Mbeiwum","BORDERPRECISION":1}},
{"type":"Feature","geometry":{"type":"Polygon","coordinates":[[[132.215,-12.796],[132.218,-12.771],[132.216,-12.341],[131.635,-12.39],[131.659,-12.93],[132.215,-12.796]]]},"properties":{"NAME":"Limilngan","SUBJECTO":"Limilngan","BORDERPRECISION":1}},
{"type":"Feature","geometry":{"type":"Polygon","coordinates":[[[118.216,-30.862],[119.917,-32.18],[121.215,-31.114],[121.201,-31.1],[121.034,-30.932],[119.436,-28.763],[119.394,-28.741],[118.372,-28.384],[117.182,-28.844],[116.84,-29.007],[116.328,-29.249],[116.764,-30],[116.827,-30.052],[117.978,-30.693],[118.079,-30.741],[118.216,-30.862]]]},"properties":{"NAME":"Kalaamaya","SUBJECTO":"Kalaamaya","BORDERPRECISION":1}},
{"type":"Feature","geometry":{"type":"Polygon","coordinates":[[[116.542,-23.018],[115.927,-22.631],[115.904,-22.624],[115.732,-22.844],[115.727,-22.853],[115.776,-22.921],[117.148,-23.618],[117.188,-23.332],[116.587,-23.043],[116.542,-23.018]]]},"properties":{"NAME":"Jiwarli","SUBJECTO":"Jiwarli","BORDERPRECISION":1}},
{"type":"Feature","geometry":{"type":"Polygon","coordinates":[[[125.108,-15.205],[125.096,-15.259],[125.745,-15.732],[126.002,-14.741],[126.002,-14.687],[125.968,-14.48],[125.108,-15.205]]]},"properties":{"NAME":"Wunambul","SUBJECTO":"Wunambul","BORDERPRECISION":1}},
{"type":"Feature","geometry":{"type":"Polygon","coordinates":[[[139.263,-21.516],[139.263,-22.083],[140.293,-22.16],[140.372,-21.776],[139.263,-21.516]]]},"properties":{"NAME":"Yalarrnga","SUBJECTO":"Yalarrnga","BORDERPRECISION":1}},
{"type":"Feature","geometry":{"type":"Polygon","coordinates":[[[133.019,-17.729],[133.287,-17.7],[133.393,-16.422],[132.391,-16.19],[131.782,-16.432],[131.697,-16.497],[130.985,-17.875],[131.486,-17.965],[131.509,-17.97],[133.019,-17.729]]]},"properties":{"NAME":"Mudburra","SUBJECTO":"Mudburra","BORDERPRECISION":1}},
{"type":"Feature","geometry":{"type":"Polygon","coordinates":[[[135.777,-35.107],[136.646,-34.115],[136.792,-33.949],[135.494,-32.867],[135.462,-32.836],[134.934,-32.376],[134.111,-33.025],[134.237,-33.269],[134.421,-33.291],[135.595,-35.111],[135.777,-35.107]]]},"properties":{"NAME":"Nawu","SUBJECTO":"Nawu","BORDERPRECISION":1}},
{"type":"Feature","geometry":{"type":"Polygon","coordinates":[[[134.681,-13.939],[134.793,-13.904],[135.269,-13.654],[135.344,-13.559],[135.055,-13.112],[134.331,-13.419],[134.681,-13.939]]]},"properties":{"NAME":"Ngalkbun","SUBJECTO":"Ngalkbun","BORDERPRECISION":1}},
{"type":"Feature","geometry":{"type":"Polygon","coordinates":[[[140.521,-24.445],[139.597,-24.647],[139.37,-25.221],[140.602,-25.487],[140.521,-24.445]]]},"properties":{"NAME":"Mithaka","SUBJECTO":"Mithaka","BORDERPRECISION":1}},
{"type":"Feature","geometry":{"type":"Polygon","coordinates":[[[149.023,-24.379],[149.027,-25.177],[149.03,-25.178],[149.941,-24.944],[149.941,-24.929],[149.023,-24.379]]]},"properties":{"NAME":"Wadjigu","SUBJECTO":"Wadjigu","BORDERPRECISION":1}},
{"type":"Feature","geometry":{"type":"Polygon","coordinates":[[[138.332,-33.308],[138.163,-32.272],[137.764,-32.99],[137.826,-33.024],[138.17,-33.324],[138.332,-33.308]]]},"properties":{"NAME":"Nukunu","SUBJECTO":"Nukunu","BORDERPRECISION":1}},
{"type":"Feature","geometry":{"type":"Polygon","coordinates":[[[143.364,-29.745],[143.264,-30.867],[143.414,-31.382],[143.428,-31.397],[143.531,-31.513],[144.069,-31.614],[144.707,-31.56],[144.987,-30.274],[144.988,-30.165],[145.452,-28.967],[144.572,-28.766],[143.686,-28.738],[143.374,-28.771],[143.369,-28.772],[143.364,-29.745]]]},"properties":{"NAME":"Barundji","SUBJECTO":"Barundji","BORDERPRECISION":1}},
{"type":"Feature","geometry":{"type":"Polygon","coordinates":[[[152.972,-25.874],[152.722,-25.411],[152.693,-26.017],[152.972,-25.874]]]},"properties":{"NAME":"Badtjala","SUBJECTO":"Badtjala","BORDERPRECISION":1}},
{"type":"Feature","geometry":{"type":"Polygon","coordinates":[[[118.57,-24.337],[118.573,-24.39],[119.713,-24.933],[119.627,-23.529],[118.845,-23.54],[118.57,-24.337]]]},"properties":{"NAME":"Ngalawangka","SUBJECTO":"Ngalawangka","BORDERPRECISION":1}},
{"type":"Feature","geometry":{"type":"Polygon","coordinates":[[[141.093,-26.26],[141.931,-26.938],[143.677,-25.472],[143.755,-25.284],[143.056,-24.47],[142.424,-24.212],[141.093,-26.26]]]},"properties":{"NAME":"Birria","SUBJECTO":"Birria","BORDERPRECISION":1}},
{"type":"Feature","geometry":{"type":"Polygon","coordinates":[[[122.844,-18.537],[122.751,-19.015],[122.764,-19.033],[123.838,-20.53],[124.955,-20.196],[124.815,-18.58],[124.375,-18.216],[124.362,-18.211],[123.26,-18.441],[123.216,-18.44],[122.914,-18.466],[122.896,-18.484],[122.844,-18.537]]]},"properties":{"NAME":"Mangala","SUBJECTO":"Mangala","BORDERPRECISION":1}},
{"type":"Feature","geometry":{"type":"Polygon","coordinates":[[[132.891,-12.769],[132.872,-12.729],[132.696,-12.686],[132.67,-12.764],[132.682,-12.78],[132.715,-12.806],[132.723,-12.81],[132.84,-12.83],[132.856,-12.811],[132.884,-12.777],[132.891,-12.769]]]},"properties":{"NAME":"Bukurnidja","SUBJECTO":"Bukurnidja","BORDERPRECISION":1}},
{"type":"Feature","geometry":{"type":"Polygon","coordinates":[[[121.239,-31.1],[123.194,-30.938],[123.559,-30.902],[122.631,-28.696],[122.317,-28.697],[119.757,-28.994],[121.034,-30.932],[121.201,-31.1],[121.239,-31.1]]]},"properties":{"NAME":"Wangkathaa","SUBJECTO":"Wangkathaa","BORDERPRECISION":1}},
{"type":"Feature","geometry":{"type":"Polygon","coordinates":[[[137.764,-32.99],[138.163,-32.272],[138.774,-32.063],[138.562,-31.693],[138.535,-31.682],[138.461,-31.647],[137.612,-31.229],[137.602,-31.218],[137.6,-31.206],[136.049,-31.811],[134.934,-32.376],[135.462,-32.836],[135.494,-32.867],[136.792,-33.949],[137.764,-32.99]]]},"properties":{"NAME":"Banggarla","SUBJECTO":"Banggarla","BORDERPRECISION":1}},
{"type":"Feature","geometry":{"type":"Polygon","coordinates":[[[140.889,-22.431],[140.577,-23.928],[142.424,-24.212],[143.056,-24.47],[143.438,-23.82],[143.189,-22.523],[142.097,-22.817],[140.979,-22.31],[140.928,-22.378],[140.889,-22.431]]]},"properties":{"NAME":"Maiawali","SUBJECTO":"Maiawali","BORDERPRECISION":1}},
{"type":"Feature","geometry":{"type":"Polygon","coordinates":[[[136.731,-18.07],[136.731,-18.077],[137.347,-18.415],[137.801,-18.441],[138.057,-18.519],[138.11,-18.52],[138.379,-17.927],[138.077,-17.566],[136.745,-17.263],[136.731,-18.07]]]},"properties":{"NAME":"Waanyi","SUBJECTO":"Waanyi","BORDERPRECISION":1}},
{"type":"Feature","geometry":{"type":"Polygon","coordinates":[[[142.071,-28.381],[140.971,-28.867],[140.173,-30.091],[142.064,-29.65],[142.138,-29.631],[142.118,-28.42],[142.071,-28.381]]]},"properties":{"NAME":"Wadigali","SUBJECTO":"Wadigali","BORDERPRECISION":1}},
{"type":"Feature","geometry":{"type":"Polygon","coordinates":[[[151.574,-33.215],[151.596,-33.192],[151.427,-33.162],[151.201,-33.385],[151.022,-33.741],[151.31,-33.774],[151.574,-33.215]]]},"properties":{"NAME":"Guringai","SUBJECTO":"Guringai","BORDERPRECISION":1}},
{"type":"Feature","geometry":{"type":"Polygon","coordinates":[[[115.803,-23.866],[115.81,-23.842],[115.802,-23.754],[114.74,-23.338],[114.706,-23.327],[114.521,-23.916],[114.521,-23.977],[115.215,-24.961],[115.377,-24.995],[115.803,-23.866]]]},"properties":{"NAME":"Tharrgari","SUBJECTO":"Tharrgari","BORDERPRECISION":1}},
{"type":"Feature","geometry":{"type":"Polygon","coordinates":[[[144.76,-17.433],[144.805,-17.55],[145.202,-17.567],[145.216,-17.561],[145.29,-17.422],[145.282,-17.362],[144.76,-17.433]]]},"properties":{"NAME":"Mbabaram","SUBJECTO":"Mbabaram","BORDERPRECISION":1}},
{"type":"Feature","geometry":{"type":"Polygon","coordinates":[[[125.702,-15.783],[125.745,-15.732],[125.096,-15.259],[124.56,-16.343],[124.792,-16.344],[125.702,-15.783]]]},"properties":{"NAME":"Worora","SUBJECTO":"Worora","BORDERPRECISION":1}},
{"type":"Feature","geometry":{"type":"Polygon","coordinates":[[[150.614,-24.789],[150.75,-25.648],[150.873,-25.661],[151.567,-25.021],[151.627,-25.023],[151.789,-25.15],[151.795,-25.151],[152.399,-25.046],[151.174,-23.92],[150.747,-24.143],[150.614,-24.789]]]},"properties":{"NAME":"Gureng Gureng","SUBJECTO":"Gureng Gureng","BORDERPRECISION":1}},
{"type":"Feature","geometry":{"type":"Polygon","coordinates":[[[137.955,-21.739],[139.082,-20.959],[139.077,-20.915],[138.905,-20.365],[136.749,-20.864],[136.717,-20.892],[137.014,-21.646],[137.955,-21.739]]]},"properties":{"NAME":"Bularnu","SUBJECTO":"Bularnu","BORDERPRECISION":1}},
{"type":"Feature","geometry":{"type":"Polygon","coordinates":[[[125.496,-18.41],[125.685,-18.09],[125.337,-17.65],[124.459,-17.409],[123.635,-17.21],[123.534,-17.389],[123.051,-18.065],[122.908,-18.463],[122.914,-18.466],[123.216,-18.44],[123.26,-18.441],[124.362,-18.211],[124.375,-18.216],[124.815,-18.58],[124.882,-18.48],[125.485,-18.421],[125.496,-18.41]]]},"properties":{"NAME":"Nyikina","SUBJECTO":"Nyikina","BORDERPRECISION":1}},
{"type":"Feature","geometry":{"type":"Polygon","coordinates":[[[143.322,-37.086],[142.973,-37.063],[142.632,-37.055],[141.937,-37.709],[142.71,-38.001],[142.98,-37.715],[143.307,-37.213],[143.322,-37.086]]]},"properties":{"NAME":"Djabwurung","SUBJECTO":"Djabwurung","BORDERPRECISION":1}},
{"type":"Feature","geometry":{"type":"Polygon","coordinates":[[[123.988,-16.81],[123.566,-16.415],[123.82,-16.884],[123.986,-16.815],[123.988,-16.81]]]},"properties":{"NAME":"Unggarangi","SUBJECTO":"Unggarangi","BORDERPRECISION":1}},
{"type":"Feature","geometry":{"type":"Polygon","coordinates":[[[122.891,-17.036],[122.803,-17.317],[122.817,-17.666],[123.051,-18.065],[123.534,-17.389],[123.498,-17.319],[123.061,-16.94],[122.891,-17.036]]]},"properties":{"NAME":"Nimanburu","SUBJECTO":"Nimanburu","BORDERPRECISION":1}},
{"type":"Feature","geometry":{"type":"Polygon","coordinates":[[[136.638,-16.091],[136.583,-17.156],[136.745,-17.263],[138.077,-17.566],[138.318,-16.864],[138.236,-16.824],[136.638,-16.091]]]},"properties":{"NAME":"Garawa","SUBJECTO":"Garawa","BORDERPRECISION":1}},
{"type":"Feature","geometry":{"type":"Polygon","coordinates":[[[142.367,-31.389],[142.384,-31.41],[143.41,-31.382],[143.414,-31.382],[143.264,-30.867],[142.367,-31.389]]]},"properties":{"NAME":"Wandjiwalgu","SUBJECTO":"Wandjiwalgu","BORDERPRECISION":1}},
{"type":"Feature","geometry":{"type":"Polygon","coordinates":[[[138.903,-20.361],[140.022,-20.114],[139.989,-20.078],[139.168,-19.119],[138.103,-18.533],[138.057,-18.519],[137.801,-18.441],[137.538,-19.612],[138.903,-20.361]]]},"properties":{"NAME":"Wakabunga","SUBJECTO":"Wakabunga","BORDERPRECISION":1}},
{"type":"Feature","geometry":{"type":"Polygon","coordinates":[[[130.671,-27.46],[130.64,-27.485],[130.584,-27.529],[129.841,-28.37],[129.99,-29.468],[131.353,-30.222],[131.373,-30.228],[133.231,-30.496],[136.049,-31.811],[137.6,-31.206],[136.729,-29.796],[134.532,-28.935],[133.464,-28.392],[132.124,-28.401],[130.704,-27.483],[130.686,-27.47],[130.671,-27.46]]]},"properties":{"NAME":"Kokatha","SUBJECTO":"Kokatha","BORDERPRECISION":1}},
{"type":"Feature","geometry":{"type":"Polygon","coordinates":[[[142.04,-12.899],[141.833,-12.849],[141.588,-13.149],[141.622,-13.35],[141.972,-13.224],[141.975,-13.197],[141.986,-13.092],[141.99,-13.057],[142.042,-12.902],[142.04,-12.899]]]},"properties":{"NAME":"Winda Winda","SUBJECTO":"Winda Winda","BORDERPRECISION":1}},
{"type":"Feature","geometry":{"type":"Polygon","coordinates":[[[143.723,-27.893],[143.739,-27.902],[144.176,-27.983],[144.862,-28.078],[145.281,-27.49],[145.109,-26.482],[143.563,-26.654],[143.723,-27.893]]]},"properties":{"NAME":"Margany","SUBJECTO":"Margany","BORDERPRECISION":1}},
{"type":"Feature","geometry":{"type":"Polygon","coordinates":[[[134.022,-12.056],[133.762,-11.997],[134,-12.266],[134.039,-12.263],[134.044,-12.061],[134.022,-12.056]]]},"properties":{"NAME":"Gunbalang","SUBJECTO":"Gunbalang","BORDERPRECISION":1}},
{"type":"Feature","geometry":{"type":"Polygon","coordinates":[[[118.728,-28.1],[118.029,-27.187],[118.013,-27.182],[115.818,-28.569],[116.312,-29.254],[116.328,-29.249],[116.84,-29.007],[117.182,-28.844],[118.372,-28.384],[118.532,-28.304],[118.728,-28.1]]]},"properties":{"NAME":"Badimaya","SUBJECTO":"Badimaya","BORDERPRECISION":1}},
{"type":"Feature","geometry":{"type":"Polygon","coordinates":[[[130.984,-12.983],[130.978,-12.981],[130.403,-12.861],[130.218,-13.462],[130.293,-13.426],[130.305,-13.417],[130.364,-13.388],[130.385,-13.385],[130.396,-13.384],[131.397,-13.5],[131.517,-13.407],[131.556,-13.277],[130.984,-12.983]]]},"properties":{"NAME":"Kungarakany","SUBJECTO":"Kungarakany","BORDERPRECISION":1}},
{"type":"Feature","geometry":{"type":"Polygon","coordinates":[[[133.469,-14.309],[134.067,-14.741],[134.908,-15.165],[134.844,-14.647],[133.637,-13.685],[133.469,-14.309]]]},"properties":{"NAME":"Ngalakan","SUBJECTO":"Ngalakan","BORDERPRECISION":1}},
{"type":"Feature","geometry":{"type":"Polygon","coordinates":[[[124.222,-31.034],[124.431,-32.944],[126.013,-32.271],[128.903,-31.709],[131.082,-31.49],[131.026,-30.768],[128.687,-30.336],[127.13,-30.368],[124.42,-30.955],[124.222,-31.034]]]},"properties":{"NAME":"Mirning","SUBJECTO":"Mirning","BORDERPRECISION":1}},
{"type":"Feature","geometry":{"type":"Polygon","coordinates":[[[152.308,-32.696],[152.58,-32.144],[151.788,-32.049],[151.602,-32.516],[151.579,-32.774],[151.926,-32.845],[152.308,-32.696]]]},"properties":{"NAME":"Worimi","SUBJECTO":"Worimi","BORDERPRECISION":1}},
{"type":"Feature","geometry":{"type":"Polygon","coordinates":[[[143.508,-16.609],[143.884,-16.489],[143.87,-16.144],[143.58,-16.011],[143.508,-16.609]]]},"properties":{"NAME":"Kokomini","SUBJECTO":"Kokomini","BORDERPRECISION":1}},
{"type":"Feature","geometry":{"type":"Polygon","coordinates":[[[136.729,-29.796],[137.19,-29.656],[136.901,-27.837],[136.139,-27.24],[135.212,-27.177],[134.532,-28.935],[136.729,-29.796]]]},"properties":{"NAME":"Arabana","SUBJECTO":"Arabana","BORDERPRECISION":1}},
{"type":"Feature","geometry":{"type":"Polygon","coordinates":[[[135.63,-14.532],[135.655,-14.511],[135.739,-14.419],[135.829,-13.729],[135.344,-13.559],[135.269,-13.654],[135.52,-14.446],[135.63,-14.532]]]},"properties":{"NAME":"Nunggubuyu","SUBJECTO":"Nunggubuyu","BORDERPRECISION":1}},
{"type":"Feature","geometry":{"type":"Polygon","coordinates":[[[130.446,-15.692],[131.386,-15.659],[131.073,-15.325],[130.392,-15.492],[130.446,-15.692]]]},"properties":{"NAME":"Nungali","SUBJECTO":"Nungali","BORDERPRECISION":1}},
{"type":"Feature","geometry":{"type":"Polygon","coordinates":[[[147.713,-22.482],[147.26,-22.511],[147.159,-23.327],[147.168,-23.332],[147.998,-22.87],[147.899,-22.729],[147.713,-22.482]]]},"properties":{"NAME":"Wangan","SUBJECTO":"Wangan","BORDERPRECISION":1}},
{"type":"Feature","geometry":{"type":"Polygon","coordinates":[[[148.445,-27.615],[148.489,-27.695],[148.541,-27.81],[149.414,-27.79],[149.418,-27.332],[149.42,-26.323],[148.705,-26.068],[148.332,-26.05],[148.332,-26.069],[148.36,-26.516],[148.549,-27.473],[148.445,-27.615]]]},"properties":{"NAME":"Mandandanji","SUBJECTO":"Mandandanji","BORDERPRECISION":1}},
{"type":"Feature","geometry":{"type":"Polygon","coordinates":[[[140.999,-36.314],[140.126,-36.332],[140.718,-36.894],[140.988,-36.749],[140.999,-36.314]]]},"properties":{"NAME":"Bindjali","SUBJECTO":"Bindjali","BORDERPRECISION":1}},
{"type":"Feature","geometry":{"type":"Polygon","coordinates":[[[139.989,-20.078],[140.042,-18.409],[139.712,-17.963],[139.669,-17.952],[139.359,-17.923],[139.331,-17.926],[139.168,-19.119],[139.989,-20.078]]]},"properties":{"NAME":"Mayi-Kutuna","SUBJECTO":"Mayi-Kutuna","BORDERPRECISION":1}},
{"type":"Feature","geometry":{"type":"Polygon","coordinates":[[[117.094,-21.039],[117.074,-21.04],[116.882,-21.386],[116.878,-21.411],[117.807,-22.056],[117.843,-22.073],[118.924,-22.336],[118.93,-22.33],[119.028,-22.015],[119.028,-22.009],[118.645,-21.637],[118.616,-21.627],[117.982,-21.332],[117.962,-21.317],[117.094,-21.039]]]},"properties":{"NAME":"Yindjibarndi","SUBJECTO":"Yindjibarndi","BORDERPRECISION":1}},
{"type":"Feature","geometry":{"type":"Polygon","coordinates":[[[122.887,-18.462],[122.225,-18.19],[122.221,-18.191],[121.546,-18.771],[121.544,-18.786],[122.736,-19.025],[122.751,-19.015],[122.844,-18.537],[122.896,-18.484],[122.887,-18.462]]]},"properties":{"NAME":"Karajarri","SUBJECTO":"Karajarri","BORDERPRECISION":1}},
{"type":"Feature","geometry":{"type":"Polygon","coordinates":[[[150.226,-22.48],[150.125,-22.424],[149.299,-22.372],[148.874,-22.362],[149.208,-23.207],[150.568,-23.703],[150.8,-23.558],[150.226,-22.48]]]},"properties":{"NAME":"Darumbal","SUBJECTO":"Darumbal","BORDERPRECISION":1}},
{"type":"Feature","geometry":{"type":"MultiPolygon","coordinates":[[[[144.614,-37.938],[144.606,-38.028],[144.731,-38.077],[146.635,-38.877],[146.628,-38.761],[146.307,-38.384],[144.614,-37.938]]],[[[144.577,-38.499],[144.612,-38.371],[144.586,-38.381],[144.577,-38.499]]]]},"properties":{"NAME":"Boonwurrung","SUBJECTO":"Boonwurrung","BORDERPRECISION":1}},
{"type":"Feature","geometry":{"type":"Polygon","coordinates":[[[140.372,-21.776],[140.293,-22.16],[140.928,-22.378],[140.979,-22.31],[140.949,-21.938],[140.766,-21.719],[140.372,-21.776]]]},"properties":{"NAME":"Yanda","SUBJECTO":"Yanda","BORDERPRECISION":1}},
{"type":"Feature","geometry":{"type":"Polygon","coordinates":[[[144.487,-18.331],[144.481,-18.502],[144.219,-19.547],[144.162,-19.648],[144.103,-20.45],[145.519,-20.518],[145.588,-20.516],[146.924,-20.548],[146.93,-20.55],[147.137,-20.568],[147.223,-19.911],[147.209,-19.86],[146.791,-19.387],[146.709,-19.364],[146.674,-19.355],[146.601,-19.336],[146.568,-19.327],[145.684,-18.475],[145.396,-18.122],[145.398,-18.118],[145.211,-17.579],[145.202,-17.567],[144.805,-17.55],[144.487,-18.331]]]},"properties":{"NAME":"Gugu-Badhun","SUBJECTO":"Gugu-Badhun","BORDERPRECISION":1}},
{"type":"Feature","geometry":{"type":"Polygon","coordinates":[[[120.53,-32.959],[120.193,-33.086],[120.035,-33.148],[119.948,-33.153],[118.491,-33.136],[118.688,-33.538],[119.074,-33.986],[119.508,-34.336],[121.74,-33.963],[123.186,-34.04],[123.46,-33.994],[123.955,-33.479],[122.828,-33.055],[122.301,-33.4],[120.53,-32.959]]]},"properties":{"NAME":"Wudjari","SUBJECTO":"Wudjari","BORDERPRECISION":1}},
{"type":"Feature","geometry":{"type":"Polygon","coordinates":[[[130.291,-17.122],[130.282,-17.179],[130.94,-17.394],[131.391,-16.7],[130.96,-16.422],[130.291,-17.122]]]},"properties":{"NAME":"Bilinara","SUBJECTO":"Bilinara","BORDERPRECISION":1}},
{"type":"Feature","geometry":{"type":"MultiPolygon","coordinates":[[[[130.385,-13.385],[130.402,-13.392],[130.396,-13.384],[130.385,-13.385]]],[[[130.305,-13.417],[130.304,-13.43],[130.334,-13.448],[130.364,-13.388],[130.305,-13.417]]]]},"properties":{"NAME":"Tjerratj","SUBJECTO":"Tjerratj","BORDERPRECISION":1}},
{"type":"Feature","geometry":{"type":"Polygon","coordinates":[[[152.982,-31.297],[152.984,-31.268],[151.653,-31.062],[151.614,-31.061],[151.315,-31.109],[151.348,-31.636],[151.788,-32.049],[152.58,-32.144],[152.982,-31.297]]]},"properties":{"NAME":"Biripi","SUBJECTO":"Biripi","BORDERPRECISION":1}},
{"type":"Feature","geometry":{"type":"Polygon","coordinates":[[[142.118,-28.42],[142.138,-29.631],[143.364,-29.745],[143.369,-28.772],[143.017,-28.736],[142.319,-28.527],[142.118,-28.42]]]},"properties":{"NAME":"Karenggapa","SUBJECTO":"Karenggapa","BORDERPRECISION":1}},
{"type":"Feature","geometry":{"type":"Polygon","coordinates":[[[149.03,-25.178],[149.027,-25.177],[148.856,-25.204],[148.332,-26.05],[148.705,-26.068],[148.92,-26.089],[149.03,-25.178]]]},"properties":{"NAME":"Gungabula","SUBJECTO":"Gungabula","BORDERPRECISION":1}},
{"type":"Feature","geometry":{"type":"Polygon","coordinates":[[[142.872,-13.093],[142.953,-14.185],[143.344,-14.083],[143.396,-13.812],[143.421,-13.395],[143.406,-13.344],[143.157,-12.956],[142.98,-12.99],[142.858,-13.074],[142.872,-13.093]]]},"properties":{"NAME":"Kaantju","SUBJECTO":"Kaantju","BORDERPRECISION":1}},
{"type":"Feature","geometry":{"type":"Polygon","coordinates":[[[144.307,-32.953],[144.314,-32.96],[144.655,-34.073],[144.784,-34.673],[144.798,-34.693],[144.855,-34.776],[145.135,-35.302],[145.798,-35.988],[147.205,-36.102],[147.81,-36.085],[148.14,-35.147],[148.4,-34.381],[149.04,-34.263],[150.008,-33.187],[150.096,-32.816],[149.959,-32.443],[149.724,-32.103],[149.042,-31.785],[147.25,-31.682],[144.23,-32.861],[144.23,-32.862],[144.307,-32.953]]]},"properties":{"NAME":"Wiradjuri","SUBJECTO":"Wiradjuri","BORDERPRECISION":1}},
{"type":"Feature","geometry":{"type":"Polygon","coordinates":[[[146.674,-19.355],[146.709,-19.364],[146.791,-19.387],[146.796,-19.355],[146.63,-19.26],[146.601,-19.336],[146.674,-19.355]]]},"properties":{"NAME":"Wulgurukaba","SUBJECTO":"Wulgurukaba","BORDERPRECISION":1}},
{"type":"Feature","geometry":{"type":"Polygon","coordinates":[[[138.936,-26.195],[138.135,-26.4],[138.402,-27.375],[139.977,-27.233],[140.36,-26.23],[138.994,-26.195],[138.936,-26.195]]]},"properties":{"NAME":"Ngamini","SUBJECTO":"Ngamini","BORDERPRECISION":1}},
{"type":"Feature","geometry":{"type":"Polygon","coordinates":[[[143.148,-38.747],[143.443,-38.535],[143.442,-38.529],[143.395,-38.487],[143.08,-37.811],[142.98,-37.715],[142.71,-38.001],[142.664,-38.053],[142.661,-38.063],[142.547,-38.399],[143.148,-38.747]]]},"properties":{"NAME":"Giraiwurung","SUBJECTO":"Giraiwurung","BORDERPRECISION":1}},
{"type":"Feature","geometry":{"type":"Polygon","coordinates":[[[142.98,-12.99],[143.157,-12.956],[143.378,-12.843],[143.112,-12.246],[143.103,-12.24],[142.849,-12.284],[142.939,-12.622],[142.98,-12.99]]]},"properties":{"NAME":"Kuuku-ya’u","SUBJECTO":"Kuuku-ya’u","BORDERPRECISION":1}},
{"type":"Feature","geometry":{"type":"Polygon","coordinates":[[[121.333,-21.994],[121.195,-22.017],[121.104,-22.199],[121.002,-23.304],[122.95,-25.402],[124.266,-24.257],[125.469,-24.57],[125.528,-24.599],[127.966,-24.059],[126.198,-21.962],[126.157,-21.932],[125.841,-21.811],[124.091,-22.35],[123.289,-21.371],[123.274,-21.372],[122.542,-22.411],[121.333,-21.994]]]},"properties":{"NAME":"Mardu","SUBJECTO":"Mardu","BORDERPRECISION":1}},
{"type":"Feature","geometry":{"type":"Polygon","coordinates":[[[118.884,-34.282],[119.354,-34.546],[119.46,-34.401],[119.074,-33.986],[118.688,-33.538],[118.371,-33.151],[118.088,-33.28],[117.633,-33.496],[117.488,-33.587],[117.665,-33.947],[117.672,-34.022],[118.73,-34.254],[118.884,-34.282]]]},"properties":{"NAME":"Goreng","SUBJECTO":"Goreng","BORDERPRECISION":1}},
{"type":"Feature","geometry":{"type":"Polygon","coordinates":[[[134,-12.266],[133.762,-11.997],[133.448,-11.903],[133.142,-11.857],[133.056,-11.902],[133.026,-12.03],[133.374,-12.833],[133.403,-12.847],[133.44,-12.881],[133.49,-12.904],[133.521,-12.913],[133.592,-12.969],[133.622,-12.92],[134,-12.266]]]},"properties":{"NAME":"Gunwinggu","SUBJECTO":"Gunwinggu","BORDERPRECISION":1}},
{"type":"Feature","geometry":{"type":"Polygon","coordinates":[[[115.82,-25.204],[115.752,-25.177],[115.377,-24.995],[115.215,-24.961],[113.612,-24.808],[113.955,-25.634],[114.727,-25.752],[115.842,-25.227],[115.82,-25.204]]]},"properties":{"NAME":"Yinggarda","SUBJECTO":"Yinggarda","BORDERPRECISION":1}},
{"type":"Feature","geometry":{"type":"Polygon","coordinates":[[[145.869,-17.195],[145.718,-16.978],[145.548,-17.242],[145.961,-17.429],[145.869,-17.195]]]},"properties":{"NAME":"Yidinjdji","SUBJECTO":"Yidinjdji","BORDERPRECISION":1}},
{"type":"Feature","geometry":{"type":"Polygon","coordinates":[[[133.192,-22.911],[132.304,-23.013],[132.034,-23.665],[133.872,-26.078],[135.212,-27.177],[136.139,-27.24],[136.271,-25.059],[136.12,-23.126],[133.983,-22.977],[133.192,-22.911]]]},"properties":{"NAME":"Arrernte","SUBJECTO":"Arrernte","BORDERPRECISION":1}},
{"type":"Feature","geometry":{"type":"MultiPolygon","coordinates":[[[[142.644,-11.093],[142.267,-10.99],[142.646,-11.098],[142.644,-11.093]]],[[[142.686,-11.183],[142.689,-11.767],[142.792,-11.738],[142.686,-11.183]]]]},"properties":{"NAME":"Yadhaigana","SUBJECTO":"Yadhaigana","BORDERPRECISION":1}},
{"type":"Feature","geometry":{"type":"Polygon","coordinates":[[[139.13,-34.534],[138.774,-34.657],[138.577,-35.343],[139.1,-35.077],[139.164,-34.733],[139.13,-34.534]]]},"properties":{"NAME":"Peramangk","SUBJECTO":"Peramangk","BORDERPRECISION":1}},
{"type":"Feature","geometry":{"type":"Polygon","coordinates":[[[138.578,-22.113],[138.362,-23.669],[138.373,-24.707],[138.828,-25.97],[138.847,-25.986],[139.37,-25.221],[139.597,-24.647],[138.735,-23.388],[139.222,-22.161],[138.737,-22.121],[138.578,-22.113]]]},"properties":{"NAME":"Wangkamana","SUBJECTO":"Wangkamana","BORDERPRECISION":1}},
{"type":"Feature","geometry":{"type":"Polygon","coordinates":[[[132.218,-12.771],[132.43,-12.741],[132.4,-12.328],[132.216,-12.341],[132.218,-12.771]]]},"properties":{"NAME":"Konbudj","SUBJECTO":"Konbudj","BORDERPRECISION":1}},
{"type":"Feature","geometry":{"type":"Polygon","coordinates":[[[147.129,-23.347],[147.215,-23.99],[148.559,-24.419],[148.726,-24.228],[148.543,-23.522],[147.998,-22.87],[147.168,-23.332],[147.16,-23.336],[147.129,-23.347]]]},"properties":{"NAME":"Gayiri","SUBJECTO":"Gayiri","BORDERPRECISION":1}},
{"type":"Feature","geometry":{"type":"Polygon","coordinates":[[[137.19,-29.656],[138.461,-29.571],[138.691,-28.478],[138.182,-27.7],[138.154,-27.656],[136.901,-27.837],[137.19,-29.656]]]},"properties":{"NAME":"Dhirari","SUBJECTO":"Dhirari","BORDERPRECISION":1}},
{"type":"Feature","geometry":{"type":"Polygon","coordinates":[[[127.072,-26.584],[127.338,-26.53],[125.837,-25.681],[125.515,-24.611],[125.469,-24.57],[124.266,-24.257],[122.95,-25.402],[122.777,-26.007],[122.778,-26.03],[122.956,-26.561],[124.357,-27.464],[125.486,-25.909],[126.949,-26.581],[127.072,-26.584]]]},"properties":{"NAME":"Ngaanyatjarra","SUBJECTO":"Ngaanyatjarra","BORDERPRECISION":1}},
{"type":"Feature","geometry":{"type":"Polygon","coordinates":[[[148.706,-20.845],[148.695,-20.829],[148.635,-20.862],[149.072,-21.591],[149.136,-21.595],[149.279,-21.541],[148.706,-20.845]]]},"properties":{"NAME":"Yuwi","SUBJECTO":"Yuwi","BORDERPRECISION":1}},
{"type":"Feature","geometry":{"type":"Polygon","coordinates":[[[125.666,-17.083],[127.464,-16.004],[127.508,-16.004],[127.938,-15.871],[128.117,-15.583],[128.119,-15.558],[128.051,-15.448],[128.048,-15.445],[127.661,-15.241],[127.65,-15.231],[127.244,-14.438],[126.748,-14.381],[126.026,-14.683],[126.002,-14.741],[125.745,-15.732],[125.702,-15.783],[124.792,-16.344],[124.817,-16.511],[124.833,-16.527],[125.666,-17.083]]]},"properties":{"NAME":"Ngarinyin","SUBJECTO":"Ngarinyin","BORDERPRECISION":1}},
{"type":"Feature","geometry":{"type":"Polygon","coordinates":[[[152.805,-27.281],[152.881,-27.499],[153.026,-27.47],[152.981,-27.278],[152.83,-27.217],[152.805,-27.281]]]},"properties":{"NAME":"Turrbal","SUBJECTO":"Turrbal","BORDERPRECISION":1}},
{"type":"Feature","geometry":{"type":"Polygon","coordinates":[[[126.274,-17.718],[125.957,-18.039],[125.949,-18.048],[126.775,-18.48],[126.811,-18.48],[128.294,-17.562],[128.328,-17.552],[129.054,-17.834],[129.254,-16.626],[129.267,-16.319],[129.167,-16.235],[127.938,-15.871],[127.508,-16.004],[127.458,-16.041],[127.496,-17.204],[126.274,-17.718]]]},"properties":{"NAME":"Kija","SUBJECTO":"Kija","BORDERPRECISION":1}},
{"type":"Feature","geometry":{"type":"Polygon","coordinates":[[[131.992,-13.966],[131.517,-13.407],[131.397,-13.5],[131.337,-13.644],[130.87,-13.801],[130.342,-14.511],[130.351,-14.716],[130.988,-14.82],[131.896,-14.569],[131.992,-13.966]]]},"properties":{"NAME":"Wagiman","SUBJECTO":"Wagiman","BORDERPRECISION":1}},
{"type":"Feature","geometry":{"type":"Polygon","coordinates":[[[141.915,-12.109],[141.863,-12.1],[141.825,-12.163],[141.93,-12.178],[141.915,-12.109]]]},"properties":{"NAME":"Yupangathi","SUBJECTO":"Yupangathi","BORDERPRECISION":1}},
{"type":"Feature","geometry":{"type":"Polygon","coordinates":[[[132.715,-12.806],[132.682,-12.78],[132.662,-12.769],[132.468,-12.776],[132.342,-12.983],[132.717,-12.811],[132.715,-12.806]]]},"properties":{"NAME":"Ngombur","SUBJECTO":"Ngombur","BORDERPRECISION":1}},
{"type":"Feature","geometry":{"type":"Polygon","coordinates":[[[136.907,-22.576],[137.014,-21.646],[136.717,-20.892],[136.677,-20.852],[136.292,-20.756],[136.25,-20.775],[134.016,-22.354],[133.959,-22.888],[133.983,-22.977],[136.12,-23.126],[136.907,-22.576]]]},"properties":{"NAME":"Alyawarre","SUBJECTO":"Alyawarre","BORDERPRECISION":1}},
{"type":"Feature","geometry":{"type":"Polygon","coordinates":[[[145.336,-17.262],[145.548,-17.242],[145.718,-16.978],[145.394,-16.549],[145.336,-17.262]]]},"properties":{"NAME":"Djabuganjdji","SUBJECTO":"Djabuganjdji","BORDERPRECISION":1}},
{"type":"Feature","geometry":{"type":"Polygon","coordinates":[[[149.959,-32.443],[151.602,-32.516],[151.788,-32.049],[151.348,-31.636],[149.724,-32.103],[149.959,-32.443]]]},"properties":{"NAME":"Geawegal","SUBJECTO":"Geawegal","BORDERPRECISION":1}},
{"type":"Feature","geometry":{"type":"Polygon","coordinates":[[[134.646,-17.692],[134.686,-17.686],[135.453,-17.644],[135.583,-17.561],[136.033,-16.857],[135.46,-16.366],[135.396,-16.362],[134.672,-17.095],[134.488,-17.201],[134.448,-17.777],[134.57,-17.725],[134.646,-17.692]]]},"properties":{"NAME":"Ngandji","SUBJECTO":"Ngandji","BORDERPRECISION":1}},
{"type":"Feature","geometry":{"type":"MultiPolygon","coordinates":[[[[144.707,-31.56],[144.23,-32.861],[147.25,-31.682],[146.214,-29.95],[145.595,-30.168],[145.511,-30.228],[144.996,-30.276],[144.987,-30.274],[144.707,-31.56]]],[[[144.272,-32.956],[144.314,-32.96],[144.307,-32.953],[144.23,-32.862],[144.272,-32.956]]]]},"properties":{"NAME":"Wongaibon","SUBJECTO":"Wongaibon","BORDERPRECISION":1}},
{"type":"Feature","geometry":{"type":"Polygon","coordinates":[[[145.96,-28.038],[147.439,-29.042],[147.746,-28.99],[147.809,-28.959],[148.388,-28.292],[147.537,-27.696],[146.983,-27.176],[146.864,-27.138],[146.382,-27.146],[145.81,-27.579],[145.951,-28.023],[145.96,-28.038]]]},"properties":{"NAME":"Kooma","SUBJECTO":"Kooma","BORDERPRECISION":1}},
{"type":"Feature","geometry":{"type":"Polygon","coordinates":[[[141.816,-12.602],[141.831,-12.617],[142.046,-12.538],[141.988,-12.183],[141.93,-12.178],[141.825,-12.163],[141.816,-12.602]]]},"properties":{"NAME":"Anguthimri","SUBJECTO":"Anguthimri","BORDERPRECISION":1}},
{"type":"Feature","geometry":{"type":"Polygon","coordinates":[[[145.452,-28.967],[145.606,-28.973],[145.954,-28.063],[145.951,-28.023],[145.81,-27.579],[145.281,-27.49],[144.862,-28.078],[144.572,-28.766],[145.452,-28.967]]]},"properties":{"NAME":"Kunja","SUBJECTO":"Kunja","BORDERPRECISION":1}},
{"type":"Feature","geometry":{"type":"Polygon","coordinates":[[[133.142,-11.857],[133.174,-11.728],[132.626,-11.75],[133.056,-11.902],[133.142,-11.857]]]},"properties":{"NAME":"Iwaidja","SUBJECTO":"Iwaidja","BORDERPRECISION":1}},
{"type":"Feature","geometry":{"type":"Polygon","coordinates":[[[138.774,-32.063],[140.061,-32.073],[140.151,-31.977],[140.093,-30.123],[139.628,-29.5],[139.485,-29.545],[138.51,-30.581],[138.562,-31.693],[138.774,-32.063]]]},"properties":{"NAME":"Andyamathanha","SUBJECTO":"Andyamathanha","BORDERPRECISION":1}},
{"type":"Feature","geometry":{"type":"Polygon","coordinates":[[[132.438,-13.131],[132.505,-13.147],[132.667,-13.168],[132.834,-12.932],[132.836,-12.907],[132.849,-12.843],[132.84,-12.83],[132.723,-12.81],[132.717,-12.811],[132.342,-12.983],[132.29,-13.088],[132.438,-13.131]]]},"properties":{"NAME":"Mbukarla","SUBJECTO":"Mbukarla","BORDERPRECISION":1}},
{"type":"Feature","geometry":{"type":"Polygon","coordinates":[[[115.835,-23.846],[115.803,-23.866],[115.377,-24.995],[115.752,-25.177],[115.82,-25.204],[115.854,-25.199],[116.337,-24.617],[116.367,-24.562],[116.433,-23.976],[115.835,-23.846]]]},"properties":{"NAME":"Warriyangga","SUBJECTO":"Warriyangga","BORDERPRECISION":1}},
{"type":"Feature","geometry":{"type":"Polygon","coordinates":[[[143.97,-19.586],[143.487,-18.532],[143.032,-18.733],[142.936,-18.809],[142.853,-19.431],[142.903,-19.465],[142.91,-19.456],[143.97,-19.586]]]},"properties":{"NAME":"Yanga","SUBJECTO":"Yanga","BORDERPRECISION":1}},
{"type":"Feature","geometry":{"type":"Polygon","coordinates":[[[148.695,-20.829],[148.175,-20.167],[148.635,-20.862],[148.695,-20.829]]]},"properties":{"NAME":"Giya","SUBJECTO":"Giya","BORDERPRECISION":1}},
{"type":"Feature","geometry":{"type":"Polygon","coordinates":[[[132.67,-12.764],[132.696,-12.686],[132.725,-12.201],[132.4,-12.328],[132.43,-12.741],[132.468,-12.776],[132.662,-12.769],[132.67,-12.764]]]},"properties":{"NAME":"Gagudju","SUBJECTO":"Gagudju","BORDERPRECISION":1}},
{"type":"Feature","geometry":{"type":"Polygon","coordinates":[[[139.1,-35.077],[138.577,-35.343],[138.494,-35.395],[138.226,-35.732],[138.941,-35.703],[139.84,-37.042],[140.041,-37.053],[140.718,-36.894],[140.126,-36.332],[139.41,-35.194],[139.1,-35.077]]]},"properties":{"NAME":"Ngarrindjeri","SUBJECTO":"Ngarrindjeri","BORDERPRECISION":1}},
{"type":"Feature","geometry":{"type":"Polygon","coordinates":[[[122.927,-16.734],[122.761,-16.597],[122.76,-16.741],[122.927,-16.734]]]},"properties":{"NAME":"Bardi","SUBJECTO":"Bardi","BORDERPRECISION":1}},
{"type":"Feature","geometry":{"type":"Polygon","coordinates":[[[133.448,-11.903],[133.174,-11.728],[133.142,-11.857],[133.448,-11.903]]]},"properties":{"NAME":"Maung","SUBJECTO":"Maung","BORDERPRECISION":1}},
{"type":"Feature","geometry":{"type":"Polygon","coordinates":[[[118.689,-20.34],[118.621,-20.375],[118.642,-21.6],[118.645,-21.637],[119.028,-22.009],[119.033,-22.011],[121.104,-22.199],[121.195,-22.017],[120.905,-20.982],[119.944,-20.118],[118.828,-20.14],[118.689,-20.34]]]},"properties":{"NAME":"Nyamal","SUBJECTO":"Nyamal","BORDERPRECISION":1}},
{"type":"Feature","geometry":{"type":"Polygon","coordinates":[[[138.932,-26.151],[138.994,-26.195],[140.36,-26.23],[140.502,-25.95],[140.602,-25.487],[139.37,-25.221],[138.847,-25.986],[138.932,-26.151]]]},"properties":{"NAME":"Yarluyandi","SUBJECTO":"Yarluyandi","BORDERPRECISION":1}},
{"type":"Feature","geometry":{"type":"Polygon","coordinates":[[[147.263,-19.911],[147.739,-19.947],[147.467,-19.651],[147.263,-19.911]]]},"properties":{"NAME":"Yuru","SUBJECTO":"Yuru","BORDERPRECISION":1}},
{"type":"Feature","geometry":{"type":"Polygon","coordinates":[[[129.992,-14.434],[129.997,-14.434],[130.02,-14.414],[130.02,-14.413],[129.889,-14.097],[129.763,-14.007],[129.596,-14.168],[129.992,-14.434]]]},"properties":{"NAME":"Marringarr","SUBJECTO":"Marringarr","BORDERPRECISION":1}},
{"type":"Feature","geometry":{"type":"MultiPolygon","coordinates":[[[[150.002,-24.925],[150.043,-25.69],[150.75,-25.648],[150.614,-24.789],[150.002,-24.925]]],[[[149.943,-24.929],[149.943,-24.944],[149.991,-24.925],[149.943,-24.929]]]]},"properties":{"NAME":"Wuli-wuli","SUBJECTO":"Wuli-wuli","BORDERPRECISION":1}},
{"type":"Feature","geometry":{"type":"MultiPolygon","coordinates":[[[[143.992,-34.82],[143.998,-34.829],[143.993,-34.82],[143.992,-34.82]]],[[[143.038,-34.848],[143.044,-34.861],[143.342,-35.308],[144.048,-34.921],[144.011,-34.854],[143.388,-34.669],[143.383,-34.669],[143.038,-34.848]]]]},"properties":{"NAME":"Wadi Wadi","SUBJECTO":"Wadi Wadi","BORDERPRECISION":1}},
{"type":"Feature","geometry":{"type":"Polygon","coordinates":[[[116.547,-34.865],[116.202,-33.936],[116.194,-33.927],[115.99,-33.715],[115.868,-33.67],[115.756,-33.831],[115.741,-33.859],[115.349,-34.116],[115.148,-34.382],[115.648,-34.597],[116.005,-34.935],[116.446,-35.027],[116.547,-34.865]]]},"properties":{"NAME":"Bibbulman","SUBJECTO":"Bibbulman","BORDERPRECISION":1}},
{"type":"Feature","geometry":{"type":"Polygon","coordinates":[[[147.731,-21.821],[146.795,-21.874],[146.778,-22.33],[147.26,-22.511],[147.713,-22.482],[147.731,-21.821]]]},"properties":{"NAME":"Yambina","SUBJECTO":"Yambina","BORDERPRECISION":1}},
{"type":"Feature","geometry":{"type":"Polygon","coordinates":[[[126.002,-14.687],[126.026,-14.683],[126.748,-14.381],[126.617,-14.203],[125.968,-14.48],[126.002,-14.687]]]},"properties":{"NAME":"Gamberre","SUBJECTO":"Gamberre","BORDERPRECISION":1}},
{"type":"Feature","geometry":{"type":"Polygon","coordinates":[[[125.515,-24.611],[125.837,-25.681],[127.338,-26.53],[128.855,-26.005],[128.886,-24.43],[128.866,-24.395],[127.966,-24.059],[125.528,-24.599],[125.515,-24.611]]]},"properties":{"NAME":"Ngatatjara","SUBJECTO":"Ngatatjara","BORDERPRECISION":1}},
{"type":"Feature","geometry":{"type":"Polygon","coordinates":[[[121.002,-23.304],[119.641,-23.399],[119.627,-23.529],[119.713,-24.933],[119.3,-25.345],[119.128,-25.426],[118.913,-25.81],[120.826,-26.431],[122.624,-26.007],[122.777,-26.007],[122.95,-25.402],[121.002,-23.304]]]},"properties":{"NAME":"Wawula","SUBJECTO":"Wawula","BORDERPRECISION":1}},
{"type":"Feature","geometry":{"type":"Polygon","coordinates":[[[123.289,-21.356],[123.838,-20.53],[122.764,-19.033],[122.736,-19.025],[121.544,-18.786],[121.54,-18.785],[119.926,-20.081],[119.944,-20.118],[120.905,-20.982],[121.195,-22.017],[121.333,-21.994],[122.542,-22.411],[123.274,-21.372],[123.289,-21.356]]]},"properties":{"NAME":"Nyangumarda","SUBJECTO":"Nyangumarda","BORDERPRECISION":1}},
{"type":"Feature","geometry":{"type":"Polygon","coordinates":[[[138.493,-22.043],[138.737,-22.121],[139.222,-22.161],[139.263,-22.083],[139.263,-21.516],[139.09,-20.968],[139.082,-20.959],[137.955,-21.739],[138.493,-22.043]]]},"properties":{"NAME":"Warluwarra","SUBJECTO":"Warluwarra","BORDERPRECISION":1}},
{"type":"Feature","geometry":{"type":"Polygon","coordinates":[[[139.989,-20.078],[140.022,-20.114],[140.087,-20.18],[140.088,-20.186],[141.108,-19.396],[140.827,-18.175],[140.042,-18.409],[139.989,-20.078]]]},"properties":{"NAME":"Mayi-Yapi","SUBJECTO":"Mayi-Yapi","BORDERPRECISION":1}},
{"type":"Feature","geometry":{"type":"Polygon","coordinates":[[[147.263,-19.911],[147.223,-19.911],[147.137,-20.568],[147.778,-21.585],[148.609,-21.66],[149.072,-21.591],[148.635,-20.862],[148.175,-20.167],[147.739,-19.947],[147.263,-19.911]]]},"properties":{"NAME":"Biri","SUBJECTO":"Biri","BORDERPRECISION":1}},
{"type":"Feature","geometry":{"type":"Polygon","coordinates":[[[150.282,-28.459],[147.783,-28.985],[147.746,-28.99],[147.439,-29.042],[146.837,-29.859],[146.851,-29.941],[148.038,-30.036],[149.042,-31.785],[149.724,-32.103],[151.348,-31.636],[151.315,-31.109],[150.996,-29.841],[150.932,-28.727],[150.282,-28.459]]]},"properties":{"NAME":"Kamilaroi","SUBJECTO":"Kamilaroi","BORDERPRECISION":1}},
{"type":"Feature","geometry":{"type":"Polygon","coordinates":[[[142.937,-17.252],[143.13,-17.42],[143.487,-18.532],[143.97,-19.586],[144.057,-19.613],[144.219,-19.547],[144.481,-18.502],[144.487,-18.331],[144.805,-17.55],[144.76,-17.433],[143.884,-16.489],[143.508,-16.609],[142.937,-17.252]]]},"properties":{"NAME":"Agwarmin","SUBJECTO":"Agwarmin","BORDERPRECISION":1}},
{"type":"Feature","geometry":{"type":"Polygon","coordinates":[[[149.501,-37.038],[149.952,-37.075],[149.975,-37.049],[150.48,-35.469],[150.801,-35.151],[150.818,-35.108],[150.816,-35.106],[150.33,-34.935],[149.619,-35.231],[149.442,-35.368],[149.59,-35.38],[149.501,-37.038]]]},"properties":{"NAME":"Yuin","SUBJECTO":"Yuin","BORDERPRECISION":1}},
{"type":"Feature","geometry":{"type":"Polygon","coordinates":[[[146.547,-21.599],[146.795,-21.874],[147.731,-21.821],[147.778,-21.585],[147.137,-20.568],[146.93,-20.55],[146.921,-20.552],[146.547,-21.599]]]},"properties":{"NAME":"Yangga","SUBJECTO":"Yangga","BORDERPRECISION":1}},
{"type":"Feature","geometry":{"type":"Polygon","coordinates":[[[149.634,-27.274],[149.418,-27.332],[149.414,-27.79],[148.388,-28.292],[147.809,-28.959],[147.783,-28.985],[150.282,-28.459],[150.932,-28.727],[150.968,-27.528],[149.634,-27.274]]]},"properties":{"NAME":"Bigambul","SUBJECTO":"Bigambul","BORDERPRECISION":1}},
{"type":"Feature","geometry":{"type":"Polygon","coordinates":[[[133.859,-14.893],[133.825,-14.935],[133.697,-15.064],[133.496,-16.226],[133.512,-16.241],[134.485,-17.196],[134.672,-17.095],[135.396,-16.362],[135.398,-16.33],[135.434,-15.837],[135.439,-15.768],[134.908,-15.165],[134.067,-14.741],[133.859,-14.893]]]},"properties":{"NAME":"Alawa","SUBJECTO":"Alawa","BORDERPRECISION":1}},
{"type":"Feature","geometry":{"type":"Polygon","coordinates":[[[142.664,-38.053],[142.71,-38.001],[141.937,-37.709],[141.42,-37.631],[141.227,-37.776],[141.265,-38.043],[141.238,-38.059],[141.194,-38.053],[141.089,-38.017],[140.994,-37.989],[140.972,-37.994],[140.959,-38.002],[140.957,-38.004],[140.952,-38.068],[142.547,-38.399],[142.661,-38.063],[142.664,-38.053]]]},"properties":{"NAME":"Gunditjmara","SUBJECTO":"Gunditjmara","BORDERPRECISION":1}},
{"type":"Feature","geometry":{"type":"Polygon","coordinates":[[[145.798,-35.988],[145.788,-36.093],[146.091,-36.488],[146.953,-37.055],[146.986,-37.055],[147.191,-37.009],[147.205,-36.102],[145.798,-35.988]]]},"properties":{"NAME":"Waveroo","SUBJECTO":"Waveroo","BORDERPRECISION":1}},
{"type":"Feature","geometry":{"type":"Polygon","coordinates":[[[144.761,-34.683],[144.096,-34.822],[144.048,-34.921],[143.342,-35.308],[143.684,-35.797],[143.731,-35.796],[144.385,-35.306],[144.541,-35.163],[144.855,-34.776],[144.798,-34.693],[144.761,-34.683]]]},"properties":{"NAME":"Wemba Wemba","SUBJECTO":"Wemba Wemba","BORDERPRECISION":1}},
{"type":"Feature","geometry":{"type":"Polygon","coordinates":[[[133.162,-14.902],[132.303,-15.025],[132.319,-15.893],[132.391,-16.19],[133.393,-16.422],[133.492,-16.234],[133.496,-16.226],[133.697,-15.064],[133.204,-14.872],[133.162,-14.902]]]},"properties":{"NAME":"Yangman","SUBJECTO":"Yangman","BORDERPRECISION":1}},
{"type":"Feature","geometry":{"type":"Polygon","coordinates":[[[152.428,-27.754],[152.218,-27.219],[150.873,-25.661],[150.75,-25.648],[150.043,-25.69],[149.494,-26.178],[149.42,-26.323],[149.418,-27.332],[149.634,-27.274],[150.968,-27.528],[151.35,-27.839],[152.428,-27.754]]]},"properties":{"NAME":"Barunggam","SUBJECTO":"Barunggam","BORDERPRECISION":1}},
{"type":"Feature","geometry":{"type":"Polygon","coordinates":[[[134.246,-32.8],[134.111,-33.025],[134.934,-32.376],[136.049,-31.811],[133.231,-30.496],[131.373,-30.228],[131.026,-30.768],[131.082,-31.49],[131.356,-31.671],[133.718,-32.298],[134.246,-32.8]]]},"properties":{"NAME":"Wirangu","SUBJECTO":"Wirangu","BORDERPRECISION":1}},
{"type":"Feature","geometry":{"type":"Polygon","coordinates":[[[150.747,-24.143],[151.174,-23.92],[150.8,-23.558],[150.568,-23.703],[150.747,-24.143]]]},"properties":{"NAME":"Bayali","SUBJECTO":"Bayali","BORDERPRECISION":1}},
{"type":"Feature","geometry":{"type":"Polygon","coordinates":[[[142.61,-20.658],[142.665,-20.658],[142.927,-20.584],[142.903,-19.465],[142.853,-19.431],[141.122,-19.4],[141.282,-20.057],[142.61,-20.658]]]},"properties":{"NAME":"Ngawun","SUBJECTO":"Ngawun","BORDERPRECISION":1}},
{"type":"Feature","geometry":{"type":"Polygon","coordinates":[[[127.65,-15.231],[127.665,-15.227],[127.989,-14.857],[127.342,-14.091],[127.244,-14.438],[127.65,-15.231]]]},"properties":{"NAME":"Kwini","SUBJECTO":"Kwini","BORDERPRECISION":1}},
{"type":"Feature","geometry":{"type":"Polygon","coordinates":[[[149.299,-22.372],[149.136,-21.595],[149.072,-21.591],[148.609,-21.66],[148.575,-22.328],[148.874,-22.362],[149.299,-22.372]]]},"properties":{"NAME":"Baradha","SUBJECTO":"Baradha","BORDERPRECISION":1}},
{"type":"Feature","geometry":{"type":"Polygon","coordinates":[[[144.572,-28.766],[144.862,-28.078],[144.176,-27.983],[143.686,-28.738],[144.572,-28.766]]]},"properties":{"NAME":"Budjari","SUBJECTO":"Budjari","BORDERPRECISION":1}},
{"type":"Feature","geometry":{"type":"Polygon","coordinates":[[[139.628,-29.5],[139.62,-28.912],[139.988,-27.489],[139.977,-27.233],[138.402,-27.375],[138.213,-27.599],[138.182,-27.7],[138.691,-28.478],[138.461,-29.571],[139.485,-29.545],[139.628,-29.5]]]},"properties":{"NAME":"Dieri","SUBJECTO":"Dieri","BORDERPRECISION":1}},
{"type":"Feature","geometry":{"type":"Polygon","coordinates":[[[141.53,-14.476],[141.524,-14.493],[141.999,-14.498],[142.953,-14.185],[142.872,-13.093],[142.858,-13.074],[142.615,-13.074],[142.61,-13.074],[142.593,-13.075],[142.349,-13.098],[141.978,-13.204],[141.972,-13.224],[141.622,-13.35],[141.564,-13.386],[141.53,-14.476]]]},"properties":{"NAME":"Wik","SUBJECTO":"Wik","BORDERPRECISION":1}},
{"type":"Feature","geometry":{"type":"Polygon","coordinates":[[[144.199,-14.464],[144.231,-14.803],[145.031,-15.042],[145.117,-14.977],[144.199,-14.464]]]},"properties":{"NAME":"Mutumui","SUBJECTO":"Mutumui","BORDERPRECISION":1}},
{"type":"Feature","geometry":{"type":"Polygon","coordinates":[[[141.92,-12.007],[141.863,-12.1],[141.915,-12.109],[141.92,-12.007]]]},"properties":{"NAME":"Tjungundji","SUBJECTO":"Tjungundji","BORDERPRECISION":1}},
{"type":"Feature","geometry":{"type":"Polygon","coordinates":[[[142.846,-36.58],[142.907,-36.489],[142.938,-36.352],[141.013,-36.896],[141.42,-37.631],[141.937,-37.709],[142.632,-37.055],[142.973,-37.063],[143.322,-37.086],[143.226,-36.918],[142.846,-36.58]]]},"properties":{"NAME":"Jardwadjali","SUBJECTO":"Jardwadjali","BORDERPRECISION":1}},
{"type":"Feature","geometry":{"type":"Polygon","coordinates":[[[141.988,-12.183],[142.046,-12.538],[142.129,-12.785],[142.139,-12.812],[142.349,-13.098],[142.593,-13.075],[142.596,-13.066],[142.6,-13.052],[142.638,-12.496],[142.176,-12.085],[142.162,-12.087],[141.988,-12.183]]]},"properties":{"NAME":"Luthigh","SUBJECTO":"Luthigh","BORDERPRECISION":1}},
{"type":"Feature","geometry":{"type":"Polygon","coordinates":[[[145.12,-14.978],[145.117,-14.977],[145.031,-15.042],[144.804,-15.914],[145.199,-15.399],[145.12,-14.978]]]},"properties":{"NAME":"Guugu-Yimidhirr","SUBJECTO":"Guugu-Yimidhirr","BORDERPRECISION":1}},
{"type":"Feature","geometry":{"type":"Polygon","coordinates":[[[142.936,-18.809],[143.032,-18.733],[142.587,-18.037],[141.262,-17.53],[141.383,-18.156],[142.936,-18.809]]]},"properties":{"NAME":"Walangama","SUBJECTO":"Walangama","BORDERPRECISION":1}},
{"type":"Feature","geometry":{"type":"Polygon","coordinates":[[[142.646,-11.098],[142.267,-10.99],[141.939,-11.976],[142.15,-12.002],[142.71,-12.004],[142.689,-11.767],[142.686,-11.183],[142.646,-11.098]]]},"properties":{"NAME":"Anggamudi","SUBJECTO":"Anggamudi","BORDERPRECISION":1}},
{"type":"Feature","geometry":{"type":"Polygon","coordinates":[[[130.978,-12.981],[131.205,-12.911],[131.063,-12.261],[130.403,-12.861],[130.978,-12.981]]]},"properties":{"NAME":"Larrakia","SUBJECTO":"Larrakia","BORDERPRECISION":1}},
{"type":"Feature","geometry":{"type":"Polygon","coordinates":[[[139.222,-22.161],[138.735,-23.388],[139.597,-24.647],[140.521,-24.445],[140.577,-23.928],[140.889,-22.431],[140.928,-22.378],[140.293,-22.16],[139.263,-22.083],[139.222,-22.161]]]},"properties":{"NAME":"Pitta-Pitta","SUBJECTO":"Pitta-Pitta","BORDERPRECISION":1}},
{"type":"Feature","geometry":{"type":"Polygon","coordinates":[[[151.392,-29.81],[151.788,-29.447],[152.021,-28.985],[151.689,-28.315],[151.35,-27.839],[150.968,-27.528],[150.932,-28.727],[150.996,-29.841],[151.389,-29.813],[151.392,-29.81]]]},"properties":{"NAME":"Ngarabal","SUBJECTO":"Ngarabal","BORDERPRECISION":1}},
{"type":"Feature","geometry":{"type":"Polygon","coordinates":[[[114.97,-30.325],[116.641,-30.009],[116.312,-29.254],[115.818,-28.569],[115.315,-28.53],[115.298,-28.538],[114.597,-28.719],[114.544,-28.78],[114.9,-30.129],[114.97,-30.325]]]},"properties":{"NAME":"Amangu","SUBJECTO":"Amangu","BORDERPRECISION":1}},
{"type":"Feature","geometry":{"type":"Polygon","coordinates":[[[143.395,-38.487],[143.657,-38.074],[143.08,-37.811],[143.395,-38.487]]]},"properties":{"NAME":"Djargurdwurung","SUBJECTO":"Djargurdwurung","BORDERPRECISION":1}},
{"type":"Feature","geometry":{"type":"Polygon","coordinates":[[[135.794,-15.513],[135.811,-15.524],[136.638,-16.091],[138.236,-16.824],[135.945,-15.359],[135.794,-15.513]]]},"properties":{"NAME":"Yanyuwa","SUBJECTO":"Yanyuwa","BORDERPRECISION":1}},
{"type":"Feature","geometry":{"type":"Polygon","coordinates":[[[134.392,-12.119],[134.228,-12.096],[134.121,-12.259],[134.403,-12.156],[134.396,-12.131],[134.392,-12.119]]]},"properties":{"NAME":"Gungurugoni","SUBJECTO":"Gungurugoni","BORDERPRECISION":1}},
{"type":"Feature","geometry":{"type":"Polygon","coordinates":[[[142.033,-34.022],[142.445,-33.712],[142.581,-33.738],[142.786,-33.936],[142.843,-33.992],[142.848,-33.996],[142.897,-33.966],[142.891,-33.944],[142.965,-32.649],[144.069,-31.614],[143.531,-31.513],[140.973,-33.443],[142.033,-34.022]]]},"properties":{"NAME":"Barkindji","SUBJECTO":"Barkindji","BORDERPRECISION":1}},
{"type":"Feature","geometry":{"type":"Polygon","coordinates":[[[143.395,-38.487],[143.442,-38.529],[143.464,-38.539],[143.569,-38.569],[143.601,-38.568],[144.001,-38.398],[143.657,-38.074],[143.395,-38.487]]]},"properties":{"NAME":"Gulidjan","SUBJECTO":"Gulidjan","BORDERPRECISION":1}},
{"type":"Feature","geometry":{"type":"Polygon","coordinates":[[[138.332,-33.308],[138.774,-34.657],[139.13,-34.534],[139.088,-33.666],[139.921,-32.769],[140.061,-32.073],[138.774,-32.063],[138.163,-32.272],[138.332,-33.308]]]},"properties":{"NAME":"Ngadjuri","SUBJECTO":"Ngadjuri","BORDERPRECISION":1}},
{"type":"Feature","geometry":{"type":"Polygon","coordinates":[[[122.828,-33.055],[123.955,-33.479],[124.001,-33.423],[124.431,-32.944],[124.222,-31.034],[123.383,-30.992],[122.828,-33.055]]]},"properties":{"NAME":"Ngatjumay","SUBJECTO":"Ngatjumay","BORDERPRECISION":1}},
{"type":"Feature","geometry":{"type":"Polygon","coordinates":[[[130.759,-16.067],[130.889,-16.086],[131.401,-15.791],[131.386,-15.659],[130.446,-15.692],[130.759,-16.067]]]},"properties":{"NAME":"Ngaliwuru","SUBJECTO":"Ngaliwuru","BORDERPRECISION":1}},
{"type":"Feature","geometry":{"type":"Polygon","coordinates":[[[115.912,-22.602],[115.985,-22.468],[115.939,-22.47],[115.31,-22.405],[115.304,-22.401],[115.291,-22.401],[114.639,-21.982],[113.617,-22.661],[113.783,-22.839],[114.793,-22.822],[114.808,-22.825],[115.715,-22.848],[115.732,-22.844],[115.904,-22.624],[115.912,-22.602]]]},"properties":{"NAME":"Thalanyji","SUBJECTO":"Thalanyji","BORDERPRECISION":1}},
{"type":"Feature","geometry":{"type":"Polygon","coordinates":[[[131.635,-12.39],[131.063,-12.261],[131.205,-12.911],[131.659,-12.93],[131.635,-12.39]]]},"properties":{"NAME":"Woolna","SUBJECTO":"Woolna","BORDERPRECISION":1}},
{"type":"Feature","geometry":{"type":"Polygon","coordinates":[[[134.331,-13.419],[135.055,-13.112],[134.687,-12.44],[134.684,-12.439],[133.956,-13.026],[134.331,-13.419]]]},"properties":{"NAME":"Rembarnga","SUBJECTO":"Rembarnga","BORDERPRECISION":1}},
{"type":"Feature","geometry":{"type":"Polygon","coordinates":[[[130.043,-14.445],[130.032,-14.437],[129.997,-14.434],[129.992,-14.434],[129.596,-14.168],[129.794,-14.754],[130.351,-14.716],[130.342,-14.511],[130.043,-14.445]]]},"properties":{"NAME":"Murrinh-patha","SUBJECTO":"Murrinh-patha","BORDERPRECISION":1}},
{"type":"Feature","geometry":{"type":"Polygon","coordinates":[[[130.576,-24.793],[129.074,-24.446],[128.886,-24.43],[128.855,-26.005],[129.716,-27.499],[130.543,-27.516],[130.64,-27.485],[130.671,-27.46],[130.686,-27.47],[130.704,-27.464],[131.041,-25.466],[130.576,-24.793]]]},"properties":{"NAME":"Pitjantjatjara","SUBJECTO":"Pitjantjatjara","BORDERPRECISION":1}},
{"type":"Feature","geometry":{"type":"Polygon","coordinates":[[[141.478,-27.404],[141.172,-27.559],[141.07,-27.6],[139.988,-27.489],[139.62,-28.912],[140.971,-28.867],[142.071,-28.381],[141.478,-27.404]]]},"properties":{"NAME":"Yandruwandha","SUBJECTO":"Yandruwandha","BORDERPRECISION":1}},
{"type":"Feature","geometry":{"type":"Polygon","coordinates":[[[153.152,-27.677],[153.12,-27.625],[152.741,-27.748],[152.619,-27.946],[153.152,-27.677]]]},"properties":{"NAME":"Yugambeh","SUBJECTO":"Yugambeh","BORDERPRECISION":1}},
{"type":"Feature","geometry":{"type":"Polygon","coordinates":[[[143.701,-14.967],[144.231,-14.803],[144.199,-14.464],[143.673,-14.287],[143.435,-14.319],[143.405,-14.826],[143.405,-14.828],[143.701,-14.967]]]},"properties":{"NAME":"Lamalama","SUBJECTO":"Lamalama","BORDERPRECISION":1}},
{"type":"Feature","geometry":{"type":"Polygon","coordinates":[[[115.767,-33.492],[115.717,-33.403],[115.65,-33.349],[115.022,-34.262],[115.148,-34.382],[115.349,-34.116],[115.741,-33.859],[115.756,-33.831],[115.817,-33.606],[115.767,-33.492]]]},"properties":{"NAME":"Wardandi","SUBJECTO":"Wardandi","BORDERPRECISION":1}},
{"type":"Feature","geometry":{"type":"Polygon","coordinates":[[[132.751,-12.169],[132.736,-12.19],[132.845,-12.221],[133.026,-12.03],[133.056,-11.902],[132.626,-11.75],[132.751,-12.169]]]},"properties":{"NAME":"Amarak","SUBJECTO":"Amarak","BORDERPRECISION":1}},
{"type":"Feature","geometry":{"type":"Polygon","coordinates":[[[123.576,-16.391],[123.566,-16.415],[123.988,-16.81],[123.99,-16.815],[124.448,-16.84],[124.396,-16.517],[123.576,-16.391]]]},"properties":{"NAME":"Umida","SUBJECTO":"Umida","BORDERPRECISION":1}},
{"type":"Feature","geometry":{"type":"Polygon","coordinates":[[[132.696,-12.686],[132.872,-12.729],[132.845,-12.221],[132.736,-12.19],[132.725,-12.201],[132.696,-12.686]]]},"properties":{"NAME":"Kundjey’mi","SUBJECTO":"Kundjey’mi","BORDERPRECISION":1}},
{"type":"Feature","geometry":{"type":"Polygon","coordinates":[[[148.037,-37.179],[147.191,-37.009],[146.986,-37.055],[146.953,-37.064],[146.173,-37.488],[146.307,-38.384],[146.628,-38.761],[146.914,-38.717],[146.934,-38.708],[147.744,-38.052],[149.311,-37.814],[148.386,-37.368],[148.037,-37.179]]]},"properties":{"NAME":"Kurnai","SUBJECTO":"Kurnai","BORDERPRECISION":1}},
{"type":"Feature","geometry":{"type":"Polygon","coordinates":[[[118.93,-22.33],[118.934,-22.34],[119.641,-23.399],[121.002,-23.304],[121.104,-22.199],[119.033,-22.011],[119.028,-22.015],[118.93,-22.33]]]},"properties":{"NAME":"Palyku","SUBJECTO":"Palyku","BORDERPRECISION":1}},
{"type":"Feature","geometry":{"type":"Polygon","coordinates":[[[115.842,-25.227],[114.727,-25.752],[114.677,-26.438],[115.273,-28.509],[115.315,-28.53],[115.818,-28.569],[118.013,-27.182],[118.039,-27.165],[118.913,-25.81],[119.128,-25.426],[119.3,-25.345],[119.713,-24.933],[118.573,-24.39],[117.594,-24.031],[116.374,-24.595],[116.337,-24.617],[115.854,-25.199],[115.842,-25.227]]]},"properties":{"NAME":"Watjarri","SUBJECTO":"Watjarri","BORDERPRECISION":1}},
{"type":"Feature","geometry":{"type":"Polygon","coordinates":[[[140.151,-31.977],[141.042,-31.349],[142.064,-29.65],[140.173,-30.091],[140.093,-30.123],[140.151,-31.977]]]},"properties":{"NAME":"Malyangaba","SUBJECTO":"Malyangaba","BORDERPRECISION":1}},
{"type":"Feature","geometry":{"type":"Polygon","coordinates":[[[143.58,-16.011],[143.87,-16.144],[144.804,-15.914],[145.031,-15.042],[144.231,-14.803],[143.701,-14.967],[143.58,-16.011]]]},"properties":{"NAME":"Kokowarra","SUBJECTO":"Kokowarra","BORDERPRECISION":1}},
{"type":"Feature","geometry":{"type":"Polygon","coordinates":[[[140.971,-28.867],[139.62,-28.912],[139.628,-29.5],[140.093,-30.123],[140.173,-30.091],[140.971,-28.867]]]},"properties":{"NAME":"Pirlatapa","SUBJECTO":"Pirlatapa","BORDERPRECISION":1}},
{"type":"Feature","geometry":{"type":"Polygon","coordinates":[[[127.738,-19.456],[127.739,-20.603],[127.874,-20.729],[129.587,-20.949],[129.667,-20.954],[130.253,-21.114],[130.496,-20.551],[128.758,-19.261],[128.749,-19.25],[127.796,-19.418],[127.781,-19.428],[127.738,-19.456]]]},"properties":{"NAME":"Ngarti","SUBJECTO":"Ngarti","BORDERPRECISION":1}},
{"type":"Feature","geometry":{"type":"Polygon","coordinates":[[[151.201,-33.385],[150.008,-33.187],[149.04,-34.263],[150.568,-34.166],[150.685,-34.157],[150.752,-34.157],[150.925,-33.936],[151.022,-33.741],[151.201,-33.385]]]},"properties":{"NAME":"Dharug","SUBJECTO":"Dharug","BORDERPRECISION":1}},
{"type":"Feature","geometry":{"type":"Polygon","coordinates":[[[143.307,-37.213],[142.98,-37.715],[143.08,-37.811],[143.657,-38.074],[144.001,-38.398],[144.211,-38.438],[144.586,-38.381],[144.612,-38.371],[144.696,-38.089],[144.606,-38.028],[144.614,-37.938],[144.251,-37.431],[143.307,-37.213]]]},"properties":{"NAME":"Wathaurong","SUBJECTO":"Wathaurong","BORDERPRECISION":1}},
{"type":"Feature","geometry":{"type":"Polygon","coordinates":[[[124.459,-17.409],[124.448,-16.84],[123.99,-16.815],[123.986,-16.815],[123.82,-16.884],[123.596,-17.157],[123.635,-17.21],[124.459,-17.409]]]},"properties":{"NAME":"Warwa","SUBJECTO":"Warwa","BORDERPRECISION":1}},
{"type":"Feature","geometry":{"type":"Polygon","coordinates":[[[141.779,-16.813],[141.288,-16.52],[140.879,-17.42],[140.881,-17.42],[141.142,-17.482],[141.173,-17.487],[141.262,-17.53],[142.587,-18.037],[143.13,-17.42],[142.937,-17.252],[141.779,-16.813]]]},"properties":{"NAME":"Kurtjar","SUBJECTO":"Kurtjar","BORDERPRECISION":1}},
{"type":"Feature","geometry":{"type":"Polygon","coordinates":[[[147.209,-19.86],[147.467,-19.65],[146.796,-19.355],[146.791,-19.387],[147.209,-19.86]]]},"properties":{"NAME":"Thul Garrie Waja (Bindal)","SUBJECTO":"Thul Garrie Waja (Bindal)","BORDERPRECISION":1}},
{"type":"Feature","geometry":{"type":"Polygon","coordinates":[[[134.605,-12.108],[134.466,-12.134],[134.403,-12.156],[134.121,-12.259],[134.039,-12.263],[134,-12.266],[133.622,-12.92],[133.956,-13.026],[134.684,-12.439],[134.687,-12.435],[134.7,-12.121],[134.605,-12.108]]]},"properties":{"NAME":"Dangbon","SUBJECTO":"Dangbon","BORDERPRECISION":1}},
{"type":"Feature","geometry":{"type":"Polygon","coordinates":[[[131.896,-14.569],[130.988,-14.82],[131.073,-15.325],[131.386,-15.659],[131.401,-15.791],[132.137,-15.939],[132.319,-15.893],[132.303,-15.025],[132.038,-14.609],[131.896,-14.569]]]},"properties":{"NAME":"Wardaman","SUBJECTO":"Wardaman","BORDERPRECISION":1}},
{"type":"Feature","geometry":{"type":"Polygon","coordinates":[[[140.839,-17.699],[140.751,-17.599],[139.719,-17.706],[139.701,-17.942],[139.712,-17.963],[140.042,-18.409],[140.827,-18.175],[140.801,-17.728],[140.839,-17.699]]]},"properties":{"NAME":"Kukatj","SUBJECTO":"Kukatj","BORDERPRECISION":1}},
{"type":"Feature","geometry":{"type":"Polygon","coordinates":[[[115.986,-32.984],[116.049,-33.001],[116.269,-33.063],[116.678,-33.248],[117.21,-33.479],[117.425,-33.639],[117.488,-33.587],[117.633,-33.496],[118.088,-33.28],[118.371,-33.151],[118.412,-33.129],[118.109,-33.056],[117.743,-32.633],[117.612,-32.402],[117.53,-32.376],[116.599,-32.145],[116.163,-32.378],[116.138,-32.399],[116.08,-32.601],[115.986,-32.984]]]},"properties":{"NAME":"Wiilman","SUBJECTO":"Wiilman","BORDERPRECISION":1}},
{"type":"Feature","geometry":{"type":"Polygon","coordinates":[[[134.687,-12.44],[135.055,-13.112],[135.344,-13.559],[135.829,-13.729],[136.664,-12.625],[134.735,-12.062],[134.729,-12.068],[134.7,-12.121],[134.687,-12.435],[134.687,-12.44]]]},"properties":{"NAME":"Yolngu","SUBJECTO":"Yolngu","BORDERPRECISION":1}},
{"type":"Feature","geometry":{"type":"Polygon","coordinates":[[[143.208,-22.428],[143.207,-22.431],[143.189,-22.523],[143.438,-23.82],[145.207,-24.178],[146.648,-23.946],[146.063,-22.463],[145.885,-22.388],[144.893,-21.969],[143.219,-22.397],[143.208,-22.428]]]},"properties":{"NAME":"Iningai","SUBJECTO":"Iningai","BORDERPRECISION":1}},
{"type":"Feature","geometry":{"type":"Polygon","coordinates":[[[132.071,-13.759],[132.078,-13.75],[132.2,-13.223],[131.556,-13.277],[131.517,-13.407],[131.992,-13.966],[132.071,-13.759]]]},"properties":{"NAME":"Warray","SUBJECTO":"Warray","BORDERPRECISION":1}},
{"type":"Feature","geometry":{"type":"Polygon","coordinates":[[[142.849,-12.284],[143.103,-12.24],[143.117,-12.236],[142.792,-11.738],[142.689,-11.767],[142.71,-12.004],[142.849,-12.284]]]},"properties":{"NAME":"Wuthathi","SUBJECTO":"Wuthathi","BORDERPRECISION":1}},
{"type":"Feature","geometry":{"type":"Polygon","coordinates":[[[126.453,-20.372],[125.841,-21.811],[126.157,-21.932],[126.207,-21.905],[127.707,-20.68],[127.739,-20.603],[127.738,-19.456],[127.781,-19.428],[127.78,-19.419],[126.849,-19.167],[126.826,-19.182],[126.345,-20.341],[126.453,-20.372]]]},"properties":{"NAME":"Kukatja","SUBJECTO":"Kukatja","BORDERPRECISION":1}},
{"type":"Feature","geometry":{"type":"Polygon","coordinates":[[[139.335,-17.875],[139.359,-17.923],[139.669,-17.952],[139.701,-17.942],[139.719,-17.706],[139.51,-17.59],[139.335,-17.875]]]},"properties":{"NAME":"Mingin","SUBJECTO":"Mingin","BORDERPRECISION":1}},
{"type":"Feature","geometry":{"type":"MultiPolygon","coordinates":[[[[142.376,-31.411],[142.384,-31.41],[142.367,-31.389],[142.375,-31.41],[142.376,-31.411]]],[[[141.042,-31.349],[140.151,-31.977],[140.061,-32.073],[139.921,-32.769],[141.844,-32.055],[142.326,-31.429],[141.042,-31.349]]]]},"properties":{"NAME":"Wiljali","SUBJECTO":"Wiljali","BORDERPRECISION":1}},
{"type":"Feature","geometry":{"type":"Polygon","coordinates":[[[116.609,-23.004],[116.587,-23.043],[117.188,-23.332],[116.982,-22.874],[116.861,-22.771],[116.609,-23.004]]]},"properties":{"NAME":"Jurruru","SUBJECTO":"Jurruru","BORDERPRECISION":1}},
{"type":"Feature","geometry":{"type":"Polygon","coordinates":[[[141.703,-34.609],[142.964,-34.841],[142.965,-34.756],[142.965,-34.693],[142.922,-34.634],[141.945,-34.194],[141.703,-34.609]]]},"properties":{"NAME":"Latje Latje","SUBJECTO":"Latje Latje","BORDERPRECISION":1}},
{"type":"Feature","geometry":{"type":"Polygon","coordinates":[[[150.33,-34.935],[150.752,-34.157],[150.685,-34.157],[150.568,-34.166],[149.04,-34.263],[148.4,-34.381],[149.619,-35.231],[150.33,-34.935]]]},"properties":{"NAME":"Gundungurra","SUBJECTO":"Gundungurra","BORDERPRECISION":1}},
{"type":"Feature","geometry":{"type":"Polygon","coordinates":[[[148.386,-37.368],[149.311,-37.814],[149.849,-37.643],[149.976,-37.08],[149.952,-37.075],[149.501,-37.038],[148.386,-37.368]]]},"properties":{"NAME":"Bidwell","SUBJECTO":"Bidwell","BORDERPRECISION":1}},
{"type":"Feature","geometry":{"type":"Polygon","coordinates":[[[138.213,-27.599],[138.402,-27.375],[138.135,-26.4],[138.828,-25.97],[138.373,-24.707],[136.271,-25.059],[136.139,-27.24],[136.901,-27.837],[138.154,-27.656],[138.213,-27.599]]]},"properties":{"NAME":"Wangkangurru","SUBJECTO":"Wangkangurru","BORDERPRECISION":1}},
{"type":"Feature","geometry":{"type":"Polygon","coordinates":[[[114.707,-23.287],[114.74,-23.338],[115.802,-23.754],[115.776,-22.921],[115.727,-22.853],[115.715,-22.848],[114.808,-22.825],[114.796,-22.827],[114.707,-23.287]]]},"properties":{"NAME":"Purduna","SUBJECTO":"Purduna","BORDERPRECISION":1}},
{"type":"Feature","geometry":{"type":"Polygon","coordinates":[[[145.398,-18.118],[145.984,-18.006],[145.961,-17.429],[145.548,-17.242],[145.336,-17.262],[145.31,-17.359],[145.29,-17.422],[145.216,-17.561],[145.211,-17.579],[145.398,-18.118]]]},"properties":{"NAME":"Djirbalngan","SUBJECTO":"Djirbalngan","BORDERPRECISION":1}},
{"type":"Feature","geometry":{"type":"Polygon","coordinates":[[[141.703,-15.333],[141.65,-15.323],[141.4,-15.864],[141.659,-15.872],[141.703,-15.333]]]},"properties":{"NAME":"Koko-bera","SUBJECTO":"Koko-bera","BORDERPRECISION":1}},
{"type":"Feature","geometry":{"type":"Polygon","coordinates":[[[147.26,-22.511],[146.778,-22.33],[146.063,-22.463],[146.648,-23.946],[147.215,-23.99],[147.129,-23.347],[147.16,-23.336],[147.159,-23.327],[147.26,-22.511]]]},"properties":{"NAME":"Yagalingu","SUBJECTO":"Yagalingu","BORDERPRECISION":1}},
{"type":"Feature","geometry":{"type":"Polygon","coordinates":[[[139.41,-35.194],[140.126,-36.332],[140.999,-36.314],[141.415,-34.816],[139.41,-35.194]]]},"properties":{"NAME":"Ngargad","SUBJECTO":"Ngargad","BORDERPRECISION":1}},
{"type":"Feature","geometry":{"type":"Polygon","coordinates":[[[150.125,-22.424],[149.279,-21.541],[149.136,-21.595],[149.299,-22.372],[150.125,-22.424]]]},"properties":{"NAME":"Guwinmal","SUBJECTO":"Guwinmal","BORDERPRECISION":1}},
{"type":"Feature","geometry":{"type":"Polygon","coordinates":[[[151.26,-34.01],[151.263,-33.991],[150.925,-33.936],[150.752,-34.157],[150.33,-34.935],[150.816,-35.106],[150.819,-35.105],[150.854,-34.92],[150.853,-34.879],[150.957,-34.561],[151.249,-34.058],[151.26,-34.01]]]},"properties":{"NAME":"Tharawal","SUBJECTO":"Tharawal","BORDERPRECISION":1}},
{"type":"Feature","geometry":{"type":"Polygon","coordinates":[[[126.207,-21.905],[126.198,-21.962],[127.966,-24.059],[128.866,-24.395],[129.074,-24.446],[130.576,-24.793],[131.294,-22.975],[130.253,-21.114],[129.667,-20.954],[129.587,-20.949],[127.874,-20.729],[127.707,-20.68],[126.207,-21.905]]]},"properties":{"NAME":"Pintupi","SUBJECTO":"Pintupi","BORDERPRECISION":1}},
{"type":"Feature","geometry":{"type":"Polygon","coordinates":[[[127.244,-14.438],[127.342,-14.091],[126.617,-14.203],[126.748,-14.381],[127.244,-14.438]]]},"properties":{"NAME":"Miwa","SUBJECTO":"Miwa","BORDERPRECISION":1}},
{"type":"Feature","geometry":{"type":"Polygon","coordinates":[[[117.823,-22.086],[117.449,-22.77],[118.56,-23.527],[118.845,-23.54],[119.627,-23.529],[119.641,-23.399],[118.934,-22.34],[118.924,-22.336],[117.843,-22.073],[117.823,-22.086]]]},"properties":{"NAME":"Banjima","SUBJECTO":"Banjima","BORDERPRECISION":1}},
{"type":"Feature","geometry":{"type":"Polygon","coordinates":[[[130.267,-13.634],[130.334,-13.448],[130.304,-13.43],[130.293,-13.426],[130.218,-13.462],[130.191,-13.498],[130.267,-13.634]]]},"properties":{"NAME":"Kuwema","SUBJECTO":"Kuwema","BORDERPRECISION":1}},
{"type":"Feature","geometry":{"type":"Polygon","coordinates":[[[130.249,-17.152],[129.254,-16.626],[129.054,-17.834],[129.265,-18.323],[130.974,-18.123],[131.506,-17.972],[131.486,-17.965],[130.985,-17.875],[130.94,-17.394],[130.282,-17.179],[130.249,-17.152]]]},"properties":{"NAME":"Gurindji","SUBJECTO":"Gurindji","BORDERPRECISION":1}},
{"type":"Feature","geometry":{"type":"Polygon","coordinates":[[[141.907,-14.918],[141.947,-14.918],[143.398,-14.828],[143.405,-14.826],[143.435,-14.319],[143.354,-14.103],[143.344,-14.083],[142.953,-14.185],[141.999,-14.498],[141.907,-14.918]]]},"properties":{"NAME":"Bakanh","SUBJECTO":"Bakanh","BORDERPRECISION":1}},
{"type":"Feature","geometry":{"type":"Polygon","coordinates":[[[143.032,-18.733],[143.487,-18.532],[143.13,-17.42],[142.587,-18.037],[143.032,-18.733]]]},"properties":{"NAME":"Takalak","SUBJECTO":"Takalak","BORDERPRECISION":1}},
{"type":"Feature","geometry":{"type":"Polygon","coordinates":[[[132.304,-23.013],[133.192,-22.911],[133.959,-22.888],[134.016,-22.354],[132.924,-21.926],[132.196,-22.979],[132.304,-23.013]]]},"properties":{"NAME":"Anmatyerre","SUBJECTO":"Anmatyerre","BORDERPRECISION":1}},
{"type":"Feature","geometry":{"type":"Polygon","coordinates":[[[130.2,-13.888],[130.061,-13.606],[129.763,-14.007],[129.889,-14.097],[130.046,-14.092],[130.179,-14.037],[130.19,-14.027],[130.225,-13.898],[130.2,-13.888]]]},"properties":{"NAME":"Marrithiyel","SUBJECTO":"Marrithiyel","BORDERPRECISION":1}},
{"type":"Feature","geometry":{"type":"Polygon","coordinates":[[[130.402,-13.392],[130.385,-13.385],[130.364,-13.388],[130.334,-13.448],[130.267,-13.634],[130.228,-13.882],[130.24,-13.887],[130.301,-13.911],[130.87,-13.801],[131.337,-13.644],[130.402,-13.392]]]},"properties":{"NAME":"Malak malak","SUBJECTO":"Malak malak","BORDERPRECISION":1}},
{"type":"Feature","geometry":{"type":"Polygon","coordinates":[[[146.505,-26.959],[148.136,-26.743],[148.332,-26.069],[148.332,-26.05],[148.856,-25.204],[148.559,-24.419],[147.215,-23.99],[146.648,-23.946],[145.207,-24.178],[145.055,-24.799],[145.042,-24.865],[144.606,-25.911],[145.522,-26.368],[146.505,-26.959]]]},"properties":{"NAME":"Bidjara","SUBJECTO":"Bidjara","BORDERPRECISION":1}},
{"type":"Feature","geometry":{"type":"Polygon","coordinates":[[[134.608,-12.058],[134.596,-12.057],[134.605,-12.108],[134.7,-12.121],[134.729,-12.068],[134.733,-12.062],[134.608,-12.058]]]},"properties":{"NAME":"Burarra","SUBJECTO":"Burarra","BORDERPRECISION":1}},
{"type":"Feature","geometry":{"type":"MultiPolygon","coordinates":[[[[125.337,-17.65],[125.794,-17.417],[125.792,-17.414],[125.666,-17.083],[124.833,-16.527],[124.396,-16.517],[124.448,-16.84],[124.459,-17.409],[125.337,-17.65]]],[[[124.612,-16.378],[124.817,-16.511],[124.792,-16.344],[124.56,-16.343],[124.612,-16.378]]]]},"properties":{"NAME":"Unggumi","SUBJECTO":"Unggumi","BORDERPRECISION":1}},
{"type":"Feature","geometry":{"type":"Polygon","coordinates":[[[122.317,-28.697],[122.631,-28.696],[124.368,-27.519],[124.357,-27.464],[122.956,-26.561],[121.694,-27.856],[122.317,-28.697]]]},"properties":{"NAME":"Tjalkanti","SUBJECTO":"Tjalkanti","BORDERPRECISION":1}},
{"type":"Feature","geometry":{"type":"Polygon","coordinates":[[[122.803,-17.317],[122.161,-17.319],[122.101,-17.382],[122.182,-17.772],[122.708,-17.756],[122.817,-17.666],[122.803,-17.317]]]},"properties":{"NAME":"Ngumbarl","SUBJECTO":"Ngumbarl","BORDERPRECISION":1}},
{"type":"Feature","geometry":{"type":"Polygon","coordinates":[[[114.677,-26.438],[113.734,-26.801],[114.338,-28.485],[114.452,-28.649],[114.597,-28.719],[115.298,-28.538],[115.273,-28.509],[114.677,-26.438]]]},"properties":{"NAME":"Nhanta","SUBJECTO":"Nhanta","BORDERPRECISION":1}},
{"type":"Feature","geometry":{"type":"Polygon","coordinates":[[[151.201,-33.385],[151.427,-33.162],[151.448,-32.894],[150.096,-32.816],[150.008,-33.187],[151.201,-33.385]]]},"properties":{"NAME":"Darkinung","SUBJECTO":"Darkinung","BORDERPRECISION":1}},
{"type":"Feature","geometry":{"type":"Polygon","coordinates":[[[142.319,-28.527],[143.017,-28.736],[143.374,-28.771],[143.686,-28.738],[144.176,-27.983],[143.739,-27.902],[143.703,-27.902],[142.319,-28.527]]]},"properties":{"NAME":"Kullilla","SUBJECTO":"Kullilla","BORDERPRECISION":1}},
{"type":"Feature","geometry":{"type":"Polygon","coordinates":[[[139.84,-37.042],[140.004,-37.625],[140.127,-37.716],[140.326,-37.865],[140.952,-38.068],[140.957,-38.004],[140.959,-38.002],[140.972,-37.994],[140.994,-37.989],[141.089,-38.017],[141.194,-38.053],[141.238,-38.059],[141.265,-38.043],[141.227,-37.776],[140.041,-37.053],[139.84,-37.042]]]},"properties":{"NAME":"Buandig","SUBJECTO":"Buandig","BORDERPRECISION":1}},
{"type":"Feature","geometry":{"type":"Polygon","coordinates":[[[141.659,-15.872],[141.4,-15.864],[141.288,-16.52],[141.779,-16.813],[141.659,-15.872]]]},"properties":{"NAME":"Koknar","SUBJECTO":"Koknar","BORDERPRECISION":1}},
{"type":"Feature","geometry":{"type":"Polygon","coordinates":[[[119.944,-20.118],[119.926,-20.081],[118.828,-20.14],[119.944,-20.118]]]},"properties":{"NAME":"Ngarla","SUBJECTO":"Ngarla","BORDERPRECISION":1}},
{"type":"Feature","geometry":{"type":"Polygon","coordinates":[[[129.693,-15.09],[129.672,-15.154],[129.758,-15.273],[130.155,-15.487],[130.392,-15.492],[131.073,-15.325],[130.988,-14.82],[130.351,-14.716],[129.794,-14.754],[129.693,-15.09]]]},"properties":{"NAME":"Jaminjung","SUBJECTO":"Jaminjung","BORDERPRECISION":1}},
{"type":"Feature","geometry":{"type":"Polygon","coordinates":[[[118.186,-30.901],[118.079,-30.741],[117.978,-30.693],[116.848,-30.072],[116.431,-31.471],[117.53,-32.376],[117.612,-32.402],[118.186,-30.901]]]},"properties":{"NAME":"Ballardong","SUBJECTO":"Ballardong","BORDERPRECISION":1}},
{"type":"Feature","geometry":{"type":"Polygon","coordinates":[[[143.673,-14.287],[143.577,-14.043],[143.354,-14.103],[143.435,-14.319],[143.673,-14.287]]]},"properties":{"NAME":"Umbindhamu","SUBJECTO":"Umbindhamu","BORDERPRECISION":1}},
{"type":"Feature","geometry":{"type":"Polygon","coordinates":[[[135.52,-14.446],[135.269,-13.654],[134.793,-13.904],[135.037,-14.444],[135.52,-14.446]]]},"properties":{"NAME":"Ngandi","SUBJECTO":"Ngandi","BORDERPRECISION":1}},
{"type":"Feature","geometry":{"type":"Polygon","coordinates":[[[143.501,-13.785],[143.498,-13.773],[143.396,-13.812],[143.344,-14.083],[143.354,-14.103],[143.577,-14.043],[143.501,-13.785]]]},"properties":{"NAME":"Kuuku-yani","SUBJECTO":"Kuuku-yani","BORDERPRECISION":1}},
{"type":"Feature","geometry":{"type":"Polygon","coordinates":[[[146.106,-18.549],[146.083,-18.512],[145.684,-18.475],[146.568,-19.327],[146.354,-19.101],[146.282,-19.013],[146.157,-18.702],[146.106,-18.549]]]},"properties":{"NAME":"Nyawaygi","SUBJECTO":"Nyawaygi","BORDERPRECISION":1}},
{"type":"Feature","geometry":{"type":"Polygon","coordinates":[[[145.615,-21.685],[145.596,-21.706],[145.885,-22.388],[146.063,-22.463],[146.778,-22.33],[146.795,-21.874],[146.547,-21.599],[145.615,-21.685]]]},"properties":{"NAME":"Miyan","SUBJECTO":"Miyan","BORDERPRECISION":1}},
{"type":"Feature","geometry":{"type":"Polygon","coordinates":[[[123.289,-21.356],[123.289,-21.371],[124.091,-22.35],[125.841,-21.811],[126.453,-20.372],[126.345,-20.341],[124.955,-20.196],[123.838,-20.53],[123.289,-21.356]]]},"properties":{"NAME":"Yulparitja","SUBJECTO":"Yulparitja","BORDERPRECISION":1}},
{"type":"Feature","geometry":{"type":"Polygon","coordinates":[[[148.726,-24.228],[148.559,-24.419],[148.856,-25.204],[149.027,-25.177],[149.023,-24.379],[148.755,-24.257],[148.726,-24.228]]]},"properties":{"NAME":"Garingbal","SUBJECTO":"Garingbal","BORDERPRECISION":1}},
{"type":"Feature","geometry":{"type":"Polygon","coordinates":[[[144.617,-36.527],[144.846,-36.142],[145.135,-35.302],[144.855,-34.776],[144.541,-35.163],[144.385,-35.306],[143.731,-35.796],[143.715,-35.81],[143.973,-36.038],[144.031,-36.129],[144.617,-36.527]]]},"properties":{"NAME":"Baraba Baraba","SUBJECTO":"Baraba Baraba","BORDERPRECISION":1}},
{"type":"Feature","geometry":{"type":"Polygon","coordinates":[[[141.162,-17.493],[141.142,-17.482],[140.881,-17.42],[140.879,-17.42],[140.751,-17.599],[140.839,-17.699],[141.162,-17.493]]]},"properties":{"NAME":"Kuthant","SUBJECTO":"Kuthant","BORDERPRECISION":1}},
{"type":"Feature","geometry":{"type":"Polygon","coordinates":[[[149.959,-32.443],[150.096,-32.816],[151.448,-32.894],[151.579,-32.774],[151.602,-32.516],[149.959,-32.443]]]},"properties":{"NAME":"Wonnarua","SUBJECTO":"Wonnarua","BORDERPRECISION":1}},
{"type":"Feature","geometry":{"type":"Polygon","coordinates":[[[133.078,-13.293],[133.232,-13.301],[133.572,-13.327],[133.592,-12.969],[133.521,-12.913],[133.49,-12.904],[133.44,-12.881],[133.403,-12.847],[133.374,-12.833],[132.884,-12.777],[132.856,-12.811],[132.849,-12.843],[132.836,-12.907],[132.834,-12.932],[132.667,-13.168],[133.078,-13.293]]]},"properties":{"NAME":"Wuningangk","SUBJECTO":"Wuningangk","BORDERPRECISION":1}},
{"type":"Feature","geometry":{"type":"Polygon","coordinates":[[[142.384,-31.41],[142.376,-31.411],[142.326,-31.429],[141.844,-32.055],[139.921,-32.769],[139.088,-33.666],[140.973,-33.443],[143.531,-31.513],[143.428,-31.397],[143.41,-31.382],[142.384,-31.41]]]},"properties":{"NAME":"Danggali","SUBJECTO":"Danggali","BORDERPRECISION":1}},
{"type":"Feature","geometry":{"type":"Polygon","coordinates":[[[146.851,-29.941],[146.837,-29.859],[145.796,-29.673],[145.568,-30.185],[145.595,-30.168],[146.214,-29.95],[146.851,-29.941]]]},"properties":{"NAME":"Barranbinya","SUBJECTO":"Barranbinya","BORDERPRECISION":1}},
{"type":"Feature","geometry":{"type":"Polygon","coordinates":[[[130.032,-14.437],[130.043,-14.445],[130.342,-14.511],[130.87,-13.801],[130.301,-13.911],[130.106,-14.128],[130.103,-14.129],[130.02,-14.413],[130.02,-14.414],[130.032,-14.437]]]},"properties":{"NAME":"Ngan’giwumirri","SUBJECTO":"Ngan’giwumirri","BORDERPRECISION":1}},
{"type":"Feature","geometry":{"type":"Polygon","coordinates":[[[151.596,-33.192],[151.767,-33.004],[151.926,-32.845],[151.579,-32.774],[151.448,-32.894],[151.427,-33.162],[151.596,-33.192]]]},"properties":{"NAME":"Awabakal","SUBJECTO":"Awabakal","BORDERPRECISION":1}},
{"type":"Feature","geometry":{"type":"Polygon","coordinates":[[[115.969,-32.981],[116.08,-32.601],[116.138,-32.399],[116.14,-32.388],[115.758,-32.494],[115.715,-33.018],[115.969,-32.981]]]},"properties":{"NAME":"Pinjarup","SUBJECTO":"Pinjarup","BORDERPRECISION":1}},
{"type":"Feature","geometry":{"type":"Polygon","coordinates":[[[140.949,-21.938],[140.979,-22.31],[142.097,-22.817],[143.189,-22.523],[143.207,-22.431],[143.208,-22.428],[143.219,-22.397],[143.324,-21.682],[140.949,-21.938]]]},"properties":{"NAME":"Guwa","SUBJECTO":"Guwa","BORDERPRECISION":1}},
{"type":"Feature","geometry":{"type":"Polygon","coordinates":[[[128.453,-30.114],[127.446,-28.59],[127.369,-28.52],[126.65,-28.883],[124.368,-27.519],[122.631,-28.696],[123.559,-30.902],[124.42,-30.955],[127.13,-30.368],[128.453,-30.114]]]},"properties":{"NAME":"Nyanganyatjara","SUBJECTO":"Nyanganyatjara","BORDERPRECISION":1}},
{"type":"Feature","geometry":{"type":"MultiPolygon","coordinates":[[[[123.383,-30.992],[124.222,-31.034],[124.42,-30.955],[123.559,-30.902],[123.194,-30.938],[123.383,-30.992]]],[[[120.395,-32.761],[120.193,-33.086],[120.53,-32.959],[120.395,-32.761]]],[[[142.129,-12.816],[142.139,-12.812],[142.129,-12.785],[142.129,-12.816]]],[[[142.04,-12.899],[142.042,-12.902],[142.044,-12.897],[142.04,-12.899]]],[[[117.72,-23.99],[117.594,-24.031],[118.573,-24.39],[118.57,-24.337],[118.845,-23.54],[118.56,-23.527],[118.504,-23.629],[117.72,-23.99]]],[[[136.907,-22.576],[136.12,-23.126],[136.271,-25.059],[138.373,-24.707],[138.362,-23.669],[138.329,-23.675],[137.186,-23.342],[136.907,-22.576]]],[[[122.55,-16.936],[122.543,-16.917],[122.537,-16.923],[122.55,-16.936]]],[[[118.532,-28.304],[118.372,-28.384],[119.394,-28.741],[118.466,-28.396],[118.532,-28.304]]],[[[119.436,-28.763],[121.034,-30.932],[119.757,-28.994],[119.436,-28.763]]],[[[113.783,-22.839],[113.617,-22.661],[113.743,-23.248],[113.783,-22.839]]],[[[113.373,-24.264],[113.896,-25.59],[113.955,-25.634],[113.612,-24.808],[113.373,-24.264]]],[[[152.919,-27.043],[152.83,-27.217],[152.981,-27.278],[153.057,-27.102],[152.919,-27.043]]],[[[133.637,-13.685],[134.844,-14.647],[134.874,-14.61],[135.037,-14.444],[134.793,-13.904],[134.681,-13.939],[134.331,-13.419],[133.956,-13.026],[133.622,-12.92],[133.592,-12.969],[133.572,-13.327],[133.638,-13.411],[133.637,-13.685]]],[[[132.038,-14.609],[132.303,-15.025],[133.162,-14.902],[132.038,-14.609]]],[[[132.29,-13.088],[132.342,-12.983],[132.468,-12.776],[132.43,-12.741],[132.218,-12.771],[132.215,-12.796],[131.659,-12.93],[131.205,-12.911],[130.978,-12.981],[130.984,-12.983],[131.556,-13.277],[132.2,-13.223],[132.29,-13.088]]],[[[142.846,-36.58],[143.226,-36.918],[143.241,-36.909],[142.846,-36.58]]],[[[142.984,-36.361],[142.938,-36.352],[142.907,-36.489],[142.984,-36.361]]],[[[116.446,-35.027],[116.005,-34.935],[115.648,-34.597],[115.148,-34.382],[115.022,-34.262],[115.047,-34.422],[115.616,-34.631],[115.967,-34.936],[116.561,-35.189],[117.741,-35.22],[116.446,-35.027]]],[[[118.73,-34.254],[117.672,-34.022],[116.202,-33.936],[116.547,-34.865],[118.73,-34.254]]],[[[119.008,-34.615],[119.354,-34.546],[118.884,-34.282],[119.008,-34.615]]],[[[113.06,-26.116],[114.338,-28.485],[113.734,-26.801],[113.06,-26.116]]],[[[122.326,-18.061],[122.213,-18.049],[122.228,-18.144],[122.326,-18.061]]],[[[122.224,-18.183],[122.221,-18.191],[122.225,-18.19],[122.224,-18.183]]],[[[117.665,-33.947],[117.488,-33.587],[117.425,-33.639],[117.559,-33.775],[117.665,-33.947]]],[[[122.182,-17.772],[122.101,-17.382],[122.182,-17.918],[122.182,-17.772]]],[[[145.109,-26.482],[145.281,-27.49],[145.81,-27.579],[146.382,-27.146],[146.505,-26.959],[145.522,-26.368],[145.109,-26.482]]],[[[138.054,-34.164],[137.92,-34.632],[138.271,-34.579],[138.054,-34.164]]],[[[152.714,-27.331],[152.881,-27.499],[152.805,-27.281],[152.714,-27.331]]],[[[141.898,-14.93],[141.947,-14.918],[141.907,-14.918],[141.898,-14.93]]],[[[118.412,-33.129],[118.371,-33.151],[118.688,-33.538],[118.491,-33.136],[118.412,-33.129]]],[[[118.216,-30.862],[118.079,-30.741],[118.186,-30.901],[118.216,-30.862]]],[[[142.6,-13.052],[142.596,-13.066],[142.597,-13.066],[142.61,-13.074],[142.615,-13.074],[142.6,-13.052]]],[[[141.008,-36.889],[140.989,-36.763],[140.988,-36.749],[140.718,-36.894],[140.041,-37.053],[141.227,-37.776],[141.42,-37.631],[141.013,-36.896],[141.01,-36.897],[141.008,-36.889]]],[[[148.549,-27.473],[148.36,-26.516],[148.375,-26.601],[148.549,-27.473]]],[[[147.537,-27.696],[148.388,-28.292],[149.414,-27.79],[148.541,-27.81],[147.537,-27.696]]],[[[128.453,-30.114],[127.13,-30.368],[128.687,-30.336],[131.026,-30.768],[131.373,-30.228],[131.353,-30.222],[128.453,-30.114]]],[[[143.148,-38.747],[142.547,-38.399],[140.952,-38.068],[140.326,-37.865],[143.365,-38.97],[144.577,-38.499],[144.586,-38.381],[144.211,-38.438],[144.168,-38.488],[143.148,-38.747]]],[[[122.76,-16.741],[122.761,-16.597],[122.653,-16.736],[122.76,-16.741]]],[[[131.782,-16.432],[132.391,-16.19],[132.319,-15.893],[132.137,-15.939],[131.782,-16.432]]],[[[131.391,-16.7],[130.94,-17.394],[130.985,-17.875],[131.697,-16.497],[131.391,-16.7]]],[[[115.315,-22.401],[115.304,-22.401],[115.31,-22.405],[115.315,-22.401]]],[[[143.405,-14.828],[143.405,-14.826],[143.398,-14.828],[143.405,-14.828]]],[[[152.428,-27.754],[151.35,-27.839],[151.689,-28.315],[152.619,-27.946],[152.741,-27.748],[152.428,-27.754]]],[[[114.97,-30.325],[114.9,-30.129],[115.058,-30.804],[115.493,-31.546],[116.031,-31.417],[115.433,-31.391],[114.972,-30.342],[114.97,-30.325]]],[[[116.764,-30],[116.328,-29.249],[116.312,-29.254],[116.641,-30.009],[116.764,-30]]],[[[116.261,-31.433],[116.599,-32.145],[117.53,-32.376],[116.431,-31.471],[116.848,-30.072],[117.978,-30.693],[116.827,-30.052],[116.261,-31.433]]],[[[141.173,-17.487],[141.142,-17.482],[141.162,-17.493],[141.173,-17.487]]],[[[114.685,-21.953],[114.639,-21.982],[115.291,-22.401],[114.685,-21.953]]],[[[148.92,-26.089],[148.705,-26.068],[149.42,-26.323],[149.494,-26.178],[149.42,-26.19],[148.92,-26.089]]],[[[141.975,-13.197],[141.972,-13.224],[141.978,-13.204],[141.975,-13.197]]],[[[136.646,-34.115],[137.826,-33.024],[137.764,-32.99],[136.792,-33.949],[136.646,-34.115]]],[[[132.884,-12.777],[133.374,-12.833],[133.026,-12.03],[132.845,-12.221],[132.872,-12.729],[132.891,-12.769],[132.884,-12.777]]],[[[132.84,-12.83],[132.849,-12.843],[132.856,-12.811],[132.84,-12.83]]],[[[123.635,-17.21],[123.596,-17.157],[123.498,-17.319],[123.534,-17.389],[123.635,-17.21]]],[[[123.986,-16.815],[123.99,-16.815],[123.988,-16.81],[123.986,-16.815]]],[[[141.588,-13.149],[141.564,-13.386],[141.622,-13.35],[141.588,-13.149]]],[[[130.396,-13.384],[130.402,-13.392],[131.337,-13.644],[131.397,-13.5],[130.396,-13.384]]],[[[130.293,-13.426],[130.304,-13.43],[130.305,-13.417],[130.293,-13.426]]],[[[124.431,-32.944],[124.001,-33.423],[126.059,-32.434],[129.185,-31.798],[131.356,-31.671],[131.082,-31.49],[128.903,-31.709],[126.013,-32.271],[124.431,-32.944]]],[[[151.926,-32.845],[151.767,-33.004],[152.308,-32.696],[151.926,-32.845]]],[[[139.712,-17.963],[139.701,-17.942],[139.669,-17.952],[139.712,-17.963]]],[[[121.546,-18.771],[121.54,-18.785],[121.544,-18.786],[121.546,-18.771]]],[[[144.606,-38.028],[144.696,-38.089],[144.731,-38.077],[144.606,-38.028]]],[[[146.635,-38.877],[146.914,-38.717],[146.628,-38.761],[146.635,-38.877]]],[[[146.601,-19.336],[146.63,-19.26],[146.354,-19.101],[146.568,-19.327],[146.601,-19.336]]],[[[147.223,-19.911],[147.263,-19.911],[147.467,-19.651],[147.467,-19.65],[147.209,-19.86],[147.223,-19.911]]],[[[119.074,-33.986],[119.46,-34.401],[119.508,-34.336],[119.074,-33.986]]],[[[143.112,-12.246],[143.117,-12.236],[143.103,-12.24],[143.112,-12.246]]],[[[149.952,-37.075],[149.976,-37.08],[149.975,-37.049],[149.952,-37.075]]],[[[150.818,-35.108],[150.819,-35.105],[150.816,-35.106],[150.818,-35.108]]],[[[114.597,-28.719],[114.452,-28.649],[114.544,-28.78],[114.597,-28.719]]],[[[146.934,-38.708],[149.849,-37.643],[149.311,-37.814],[147.744,-38.052],[146.934,-38.708]]],[[[134.735,-12.062],[134.733,-12.062],[134.729,-12.068],[134.735,-12.062]]]]},"properties":{"NAME":"Australian aboriginal hunter-gatherers","SUBJECTO":"Australian aboriginal hunter-gatherers","BORDERPRECISION":1}},
{"type":"Feature","geometry":{"type":"Polygon","coordinates":[[[57.396,23.837],[56.015,25.772],[54.347,24.154],[51.586,24.003],[50.968,24.436],[49.704,24.41],[49.395,26.078],[48.469,26.695],[46.905,29.438],[44.083,30.337],[40.029,34.391],[38.036,34.597],[37.212,33.566],[36.525,31.162],[36.593,29.787],[38.814,24.841],[40.648,24.153],[41.07,22.263],[43.066,18.654],[43.488,16.622],[44.509,14.097],[46.335,14.097],[46.659,15.425],[47.838,16.422],[50.511,17.147],[53.955,19.73],[56.946,20.636],[58.18,21.849],[57.396,23.837]]]},"properties":{"NAME":null,"SUBJECTO":null,"BORDERPRECISION":1}},
{"type":"Feature","geometry":{"type":"Polygon","coordinates":[[[14.354,45.323],[16.64,43.39],[19.607,41.762],[19.369,40.26],[21.228,37.905],[22.639,37.492],[23.556,38.352],[22.72,39.287],[22.602,40.397],[23.886,40.733],[28.828,40.915],[27.502,42.516],[28.686,44.488],[30.833,46.577],[32.115,46.215],[33.676,47.951],[29.316,48.286],[26.163,48.941],[19.381,49.803],[18.927,49.622],[16.122,45.582],[14.354,45.323]]]},"properties":{"NAME":"Ottoman Empire","SUBJECTO":"Ottoman Empire","BORDERPRECISION":1}},
{"type":"Feature","geometry":{"type":"Polygon","coordinates":[[[46.873,44.68],[49.535,46.542],[51.369,47.09],[51.901,49.391],[51.387,51.063],[55.245,51.706],[57.152,51.229],[60.82,50.859],[63.038,51.176],[64.687,54.272],[72.992,55.307],[74.921,54.149],[78.65,50.806],[81.479,50.291],[84.267,49.205],[85.605,48.234],[90,51.569],[91.965,51.569],[92.591,52.4],[92.029,55.295],[92.663,58.147],[91.079,59.097],[89.97,60.523],[89.97,61.79],[87.593,63.533],[87.91,66.226],[86.643,67.493],[86.242,68.996],[83.485,70.188],[79.223,72.271],[73.217,71.458],[74.742,67.686],[72.838,67.646],[72.714,72.77],[69.343,72.834],[66.818,71.105],[66.584,68.886],[62.281,69.705],[57.024,68.449],[53.889,68.787],[48.081,67.562],[43.822,68.327],[44.384,66.612],[39.951,65.581],[39.193,64.511],[37.411,63.749],[35.082,64.288],[34.293,65.396],[35.772,66.259],[39.19,66.039],[41.255,66.937],[40.826,67.66],[37.246,68.793],[31.331,69.663],[30.73,68.531],[27.593,68.846],[30.586,64.355],[31.194,61.634],[32.944,60.643],[31.298,59.936],[28.259,59.016],[31.167,56.73],[32.208,54.431],[31.383,53.26],[31.344,50.923],[33.169,51.43],[33.879,50.213],[35.704,50.416],[36.399,49.036],[37.885,49.186],[40.508,47.437],[40.633,46.688],[42.257,46.813],[43.381,46.188],[43.88,44.814],[44.755,44.439],[46.873,44.68]]]},"properties":{"NAME":"Tsardom of Muscovy","SUBJECTO":"Tsardom of Muscovy","BORDERPRECISION":3}},
{"type":"Feature","geometry":{"type":"Polygon","coordinates":[[[64.684,36.525],[66.336,36.307],[70.095,37.907],[69.816,41.211],[68.782,40.944],[60.954,45.245],[57.728,44.635],[52.98,45.776],[51.513,45.373],[51.171,43.718],[52.52,42.073],[53.985,42.106],[54.818,40.88],[52.845,40.18],[54.071,38.897],[53.937,38.159],[56.43,38.21],[58.619,39.052],[62.662,39.22],[64.347,37.873],[64.684,36.525]]]},"properties":{"NAME":"Khiva Khanate","SUBJECTO":"Khiva Khanate","BORDERPRECISION":1}},
{"type":"Feature","geometry":{"type":"Polygon","coordinates":[[[-4.153,53.226],[-4.277,53.398],[-4.567,53.273],[-4.351,53.124],[-4.153,53.226]]]},"properties":{"NAME":null,"SUBJECTO":null,"BORDERPRECISION":1}},
{"type":"Feature","geometry":{"type":"Polygon","coordinates":[[[-5.104,55.439],[-5.155,55.673],[-5.4,55.601],[-5.104,55.439]]]},"properties":{"NAME":null,"SUBJECTO":null,"BORDERPRECISION":1}},
{"type":"Feature","geometry":{"type":"Polygon","coordinates":[[[-6.122,55.879],[-6.327,55.589],[-6.025,55.681],[-6.122,55.879]]]},"properties":{"NAME":null,"SUBJECTO":null,"BORDERPRECISION":1}},
{"type":"Feature","geometry":{"type":"Polygon","coordinates":[[[-5.947,55.83],[-5.746,56.064],[-5.968,56.024],[-6.079,55.906],[-5.947,55.83]]]},"properties":{"NAME":null,"SUBJECTO":null,"BORDERPRECISION":1}},
{"type":"Feature","geometry":{"type":"Polygon","coordinates":[[[-7.467,56.941],[-7.376,56.979],[-7.446,57.056],[-7.554,56.966],[-7.467,56.941]]]},"properties":{"NAME":null,"SUBJECTO":null,"BORDERPRECISION":1}},
{"type":"Feature","geometry":{"type":"Polygon","coordinates":[[[-7.223,57.337],[-7.425,57.382],[-7.381,57.109],[-7.23,57.095],[-7.223,57.337]]]},"properties":{"NAME":null,"SUBJECTO":null,"BORDERPRECISION":1}},
{"type":"Feature","geometry":{"type":"Polygon","coordinates":[[[-7.269,57.399],[-7.205,57.461],[-7.351,57.489],[-7.388,57.424],[-7.269,57.399]]]},"properties":{"NAME":null,"SUBJECTO":null,"BORDERPRECISION":1}},
{"type":"Feature","geometry":{"type":"Polygon","coordinates":[[[-7.189,57.687],[-7.477,57.562],[-7.154,57.509],[-7.189,57.687]]]},"properties":{"NAME":null,"SUBJECTO":null,"BORDERPRECISION":1}},
{"type":"Feature","geometry":{"type":"Polygon","coordinates":[[[-7.006,57.881],[-6.994,57.919],[-7.074,57.896],[-7.006,57.881]]]},"properties":{"NAME":null,"SUBJECTO":null,"BORDERPRECISION":1}},
{"type":"Feature","geometry":{"type":"Polygon","coordinates":[[[-6.802,58.203],[-6.794,58.218],[-6.854,58.25],[-6.873,58.206],[-6.802,58.203]]]},"properties":{"NAME":null,"SUBJECTO":null,"BORDERPRECISION":1}},
{"type":"Feature","geometry":{"type":"Polygon","coordinates":[[[-6.204,58.356],[-7.032,58.238],[-6.474,57.94],[-6.204,58.356]]]},"properties":{"NAME":null,"SUBJECTO":null,"BORDERPRECISION":1}},
{"type":"Feature","geometry":{"type":"Polygon","coordinates":[[[-2.918,58.732],[-2.877,58.82],[-3.037,58.818],[-2.918,58.732]]]},"properties":{"NAME":null,"SUBJECTO":null,"BORDERPRECISION":1}},
{"type":"Feature","geometry":{"type":"Polygon","coordinates":[[[-3.231,58.776],[-3.136,58.804],[-3.336,58.927],[-3.431,58.871],[-3.231,58.776]]]},"properties":{"NAME":null,"SUBJECTO":null,"BORDERPRECISION":1}},
{"type":"Feature","geometry":{"type":"Polygon","coordinates":[[[-2.793,58.951],[-3.077,59.122],[-3.195,58.911],[-2.793,58.951]]]},"properties":{"NAME":null,"SUBJECTO":null,"BORDERPRECISION":1}},
{"type":"Feature","geometry":{"type":"Polygon","coordinates":[[[-2.681,59.196],[-2.621,59.236],[-2.496,59.245],[-2.414,59.314],[-2.593,59.291],[-2.681,59.196]]]},"properties":{"NAME":null,"SUBJECTO":null,"BORDERPRECISION":1}},
{"type":"Feature","geometry":{"type":"Polygon","coordinates":[[[-2.89,59.295],[-3.049,59.329],[-3.003,59.264],[-2.972,59.287],[-2.89,59.295]]]},"properties":{"NAME":null,"SUBJECTO":null,"BORDERPRECISION":1}},
{"type":"Feature","geometry":{"type":"Polygon","coordinates":[[[-1.296,60.491],[-1.32,60.356],[-1.655,60.226],[-1.126,60.152],[-1.041,60.447],[-1.296,60.491]]]},"properties":{"NAME":null,"SUBJECTO":null,"BORDERPRECISION":1}},
{"type":"Feature","geometry":{"type":"Polygon","coordinates":[[[-1.029,60.496],[-0.991,60.72],[-1.177,60.637],[-1.029,60.496]]]},"properties":{"NAME":null,"SUBJECTO":null,"BORDERPRECISION":1}},
{"type":"Feature","geometry":{"type":"Polygon","coordinates":[[[-0.82,60.689],[-0.768,60.829],[-0.939,60.794],[-0.966,60.688],[-0.82,60.689]]]},"properties":{"NAME":null,"SUBJECTO":null,"BORDERPRECISION":1}},
{"type":"Feature","geometry":{"type":"Polygon","coordinates":[[[-6.707,61.937],[-6.719,62.029],[-7.192,62.308],[-7.232,62.172],[-6.707,61.937]]]},"properties":{"NAME":null,"SUBJECTO":null,"BORDERPRECISION":1}},
{"type":"Feature","geometry":{"type":"Polygon","coordinates":[[[-4.778,54.056],[-4.394,54.186],[-4.527,54.367],[-4.778,54.056]]]},"properties":{"NAME":null,"SUBJECTO":null,"BORDERPRECISION":1}},
{"type":"Feature","geometry":{"type":"Polygon","coordinates":[[[129.716,28.451],[129.158,28.235],[129.369,28.116],[129.716,28.451]]]},"properties":{"NAME":null,"SUBJECTO":null,"BORDERPRECISION":1}},
{"type":"Feature","geometry":{"type":"Polygon","coordinates":[[[129.963,29.957],[129.942,30],[129.924,29.984],[129.963,29.957]]]},"properties":{"NAME":null,"SUBJECTO":null,"BORDERPRECISION":1}},
{"type":"Feature","geometry":{"type":"Polygon","coordinates":[[[129.896,29.874],[129.877,29.831],[129.923,29.825],[129.896,29.874]]]},"properties":{"NAME":null,"SUBJECTO":null,"BORDERPRECISION":1}},
{"type":"Feature","geometry":{"type":"Polygon","coordinates":[[[130.906,30.355],[131.074,30.689],[130.945,30.683],[130.906,30.355]]]},"properties":{"NAME":null,"SUBJECTO":null,"BORDERPRECISION":1}},
{"type":"Feature","geometry":{"type":"Polygon","coordinates":[[[130.559,30.236],[130.672,30.373],[130.511,30.459],[130.387,30.397],[130.559,30.236]]]},"properties":{"NAME":null,"SUBJECTO":null,"BORDERPRECISION":1}},
{"type":"Feature","geometry":{"type":"Polygon","coordinates":[[[121.735,25.139],[121.002,25.002],[120.116,23.631],[120.879,22.341],[121.84,24.476],[121.735,25.139]]]},"properties":{"NAME":null,"SUBJECTO":null,"BORDERPRECISION":1}},
{"type":"Feature","geometry":{"type":"Polygon","coordinates":[[[128.901,32.643],[128.649,32.778],[128.61,32.612],[128.901,32.643]]]},"properties":{"NAME":null,"SUBJECTO":null,"BORDERPRECISION":1}},
{"type":"Feature","geometry":{"type":"Polygon","coordinates":[[[128.978,35.089],[129.439,35.476],[129.342,37.257],[128.27,38.42],[129.25,37.009],[128.978,35.089]]]},"properties":{"NAME":null,"SUBJECTO":null,"BORDERPRECISION":1}},
{"type":"Feature","geometry":{"type":"Polygon","coordinates":[[[123.871,24.252],[123.922,24.371],[123.767,24.414],[123.679,24.316],[123.871,24.252]]]},"properties":{"NAME":null,"SUBJECTO":null,"BORDERPRECISION":1}},
{"type":"Feature","geometry":{"type":"Polygon","coordinates":[[[125.356,24.777],[125.262,24.879],[125.252,24.738],[125.356,24.777]]]},"properties":{"NAME":null,"SUBJECTO":null,"BORDERPRECISION":1}},
{"type":"Feature","geometry":{"type":"Polygon","coordinates":[[[124.262,24.457],[124.078,24.42],[124.122,24.345],[124.23,24.338],[124.262,24.457]]]},"properties":{"NAME":null,"SUBJECTO":null,"BORDERPRECISION":1}},
{"type":"Feature","geometry":{"type":"Polygon","coordinates":[[[128.253,26.639],[128.247,26.84],[127.959,26.544],[128.253,26.639]]]},"properties":{"NAME":null,"SUBJECTO":null,"BORDERPRECISION":1}},
{"type":"Feature","geometry":{"type":"Polygon","coordinates":[[[126.762,26.387],[126.702,26.349],[126.781,26.298],[126.81,26.347],[126.762,26.387]]]},"properties":{"NAME":null,"SUBJECTO":null,"BORDERPRECISION":1}},
{"type":"Feature","geometry":{"type":"Polygon","coordinates":[[[128.951,27.676],[129.03,27.774],[128.899,27.898],[128.897,27.726],[128.951,27.676]]]},"properties":{"NAME":null,"SUBJECTO":null,"BORDERPRECISION":1}},
{"type":"Feature","geometry":{"type":"Polygon","coordinates":[[[128.609,27.359],[128.696,27.449],[128.524,27.414],[128.609,27.359]]]},"properties":{"NAME":null,"SUBJECTO":null,"BORDERPRECISION":1}},
{"type":"Feature","geometry":{"type":"Polygon","coordinates":[[[129.992,28.282],[130.032,28.353],[129.943,28.322],[129.992,28.282]]]},"properties":{"NAME":null,"SUBJECTO":null,"BORDERPRECISION":1}},
{"type":"Feature","geometry":{"type":"Polygon","coordinates":[[[129.336,28.075],[129.34,28.111],[129.224,28.184],[129.219,28.098],[129.336,28.075]]]},"properties":{"NAME":null,"SUBJECTO":null,"BORDERPRECISION":1}},
{"type":"Feature","geometry":{"type":"Polygon","coordinates":[[[129.733,29.61],[129.753,29.648],[129.71,29.652],[129.733,29.61]]]},"properties":{"NAME":null,"SUBJECTO":null,"BORDERPRECISION":1}},
{"type":"Feature","geometry":{"type":"Polygon","coordinates":[[[5.473,52.177],[3.775,51.388],[6.041,50.811],[6.023,50.945],[6.008,51.049],[7.16,53.164],[5.39,53.139],[5.473,52.177]]]},"properties":{"NAME":"Dutch Republic","SUBJECTO":"Dutch Republic","BORDERPRECISION":3}},
{"type":"Feature","geometry":{"type":"Polygon","coordinates":[[[19.463,13.259],[16.476,13.369],[14.728,13.102],[14.805,12.527],[16.634,11.103],[20.206,12.047],[20.025,12.637],[19.463,13.259]]]},"properties":{"NAME":"Bagirmi","SUBJECTO":"Bagirmi","BORDERPRECISION":1}},
{"type":"Feature","geometry":{"type":"MultiPolygon","coordinates":[[[[-180,66.963],[-180,65.963],[-180,65.382],[-180,65.311],[-180,65.259],[-178.116,65.482],[-173.077,64.384],[-172.562,65.515],[-170.613,66.038],[-180,68.917],[-180,67.963],[-180,66.963]]],[[[173.304,61.519],[179.288,62.815],[178.147,64.157],[180,64.953],[180,65.052],[180,65.311],[180,65.382],[180,65.963],[180,66.963],[180,67.963],[180,68.92],[175.611,69.779],[170.452,70.019],[164.925,69.41],[159.189,61.601],[160.645,60.718],[162.711,61.763],[162.99,62.326],[165.254,62.309],[173.304,61.519]]]]},"properties":{"NAME":"Chukchi","SUBJECTO":"Chukchi","BORDERPRECISION":1}},
{"type":"Feature","geometry":{"type":"Polygon","coordinates":[[[173.304,61.519],[165.254,62.309],[164.008,62.131],[163.329,60.695],[156.694,57.114],[161.984,55.963],[163.166,56.106],[161.804,58.102],[163.389,59.814],[165.78,60.354],[170.337,60.277],[173.304,61.519]]]},"properties":{"NAME":"Koryaks","SUBJECTO":"Koryaks","BORDERPRECISION":1}},
{"type":"Feature","geometry":{"type":"Polygon","coordinates":[[[161.984,55.963],[156.694,57.114],[155.628,56.268],[155.465,54.92],[156.696,50.958],[157.898,51.666],[159.931,54.086],[162.008,54.738],[161.984,55.963]]]},"properties":{"NAME":"Itelmen","SUBJECTO":"Itelmen","BORDERPRECISION":1}},
{"type":"Feature","geometry":{"type":"Polygon","coordinates":[[[152.318,70.669],[151.751,69.717],[161.925,68.146],[162.618,69.54],[159.444,69.765],[158.409,70.814],[152.318,70.669]]]},"properties":{"NAME":"Yukagir","SUBJECTO":"Yukagir","BORDERPRECISION":1}},
{"type":"Feature","geometry":{"type":"Polygon","coordinates":[[[106.867,76.433],[97.977,74.362],[92.428,73.383],[99.915,71.358],[105.365,72.75],[113.625,75.273],[113.533,76.094],[106.867,76.433]]]},"properties":{"NAME":"Nganasan","SUBJECTO":"Nganasan","BORDERPRECISION":1}},
{"type":"Feature","geometry":{"type":"Polygon","coordinates":[[[86.242,68.996],[92.296,69.824],[90.667,72.414],[82.436,72.051],[83.485,70.188],[86.242,68.996]]]},"properties":{"NAME":"Enets","SUBJECTO":"Enets","BORDERPRECISION":1}},
{"type":"Feature","geometry":{"type":"Polygon","coordinates":[[[31.298,59.936],[29.857,61.188],[31.194,61.634],[30.586,64.355],[27.593,68.846],[22.696,68.708],[21.917,69.116],[19.416,68.865],[18.616,67.645],[15.252,65.628],[17.731,64.559],[15.05,63.526],[12.597,61.029],[12.488,58.563],[11.736,57.698],[11.877,57.325],[16.063,56.396],[16.744,58.312],[19.037,59.863],[17.146,60.953],[18.487,62.981],[20.701,63.818],[22.646,65.935],[25.252,65.417],[21.034,62.477],[21.56,60.512],[23.665,59.836],[28.435,60.337],[27.702,59.298],[23.416,59.119],[23.677,58.374],[27.031,58.914],[27.694,58.968],[28.259,59.016],[31.298,59.936]],[[28.835,61.864],[27.899,62.157],[27.56,62.851],[27.176,63.084],[27.345,63.264],[27.735,62.952],[28.249,62.542],[28.597,62.264],[29.777,61.889],[28.788,61.204],[27.988,61.08],[27.27,61.324],[27.816,61.728],[28.839,61.856],[28.835,61.864]]]},"properties":{"NAME":"Sweden","SUBJECTO":"Sweden","BORDERPRECISION":1}},
{"type":"Feature","geometry":{"type":"Polygon","coordinates":[[[27.345,63.264],[27.264,63.146],[27.735,62.952],[27.345,63.264]]]},"properties":{"NAME":"Sweden","SUBJECTO":"Sweden","BORDERPRECISION":1}},
{"type":"Feature","geometry":{"type":"Polygon","coordinates":[[[28.249,62.542],[28.067,62.244],[28.597,62.264],[28.249,62.542]]]},"properties":{"NAME":"Sweden","SUBJECTO":"Sweden","BORDERPRECISION":1}},
{"type":"Feature","geometry":{"type":"Polygon","coordinates":[[[28.728,62.082],[28.691,62.036],[28.78,61.976],[28.728,62.082]]]},"properties":{"NAME":"Sweden","SUBJECTO":"Sweden","BORDERPRECISION":1}},
{"type":"Feature","geometry":{"type":"Polygon","coordinates":[[[16.42,56.586],[16.496,56.241],[16.77,56.796],[16.42,56.586]]]},"properties":{"NAME":"Sweden","SUBJECTO":"Sweden","BORDERPRECISION":1}},
{"type":"Feature","geometry":{"type":"Polygon","coordinates":[[[20.022,60.086],[19.914,60.217],[19.772,60.081],[20.022,60.086]]]},"properties":{"NAME":"Sweden","SUBJECTO":"Sweden","BORDERPRECISION":1}},
{"type":"Feature","geometry":{"type":"Polygon","coordinates":[[[19.551,60.125],[19.673,60.15],[19.627,60.244],[19.536,60.225],[19.551,60.125]]]},"properties":{"NAME":"Sweden","SUBJECTO":"Sweden","BORDERPRECISION":1}},
{"type":"Feature","geometry":{"type":"Polygon","coordinates":[[[20.287,60.129],[20.216,60.139],[20.205,60.081],[20.271,60.057],[20.287,60.129]]]},"properties":{"NAME":"Sweden","SUBJECTO":"Sweden","BORDERPRECISION":1}},
{"type":"Feature","geometry":{"type":"Polygon","coordinates":[[[20.004,60.051],[20.137,59.992],[20.212,60.06],[20.103,60.096],[20.004,60.051]]]},"properties":{"NAME":"Sweden","SUBJECTO":"Sweden","BORDERPRECISION":1}},
{"type":"Feature","geometry":{"type":"Polygon","coordinates":[[[27.629,61.383],[27.368,61.369],[27.588,61.266],[27.629,61.383]]]},"properties":{"NAME":"Sweden","SUBJECTO":"Sweden","BORDERPRECISION":1}},
{"type":"Feature","geometry":{"type":"Polygon","coordinates":[[[27.548,61.491],[27.712,61.403],[27.969,61.503],[27.732,61.547],[27.548,61.491]]]},"properties":{"NAME":"Sweden","SUBJECTO":"Sweden","BORDERPRECISION":1}},
{"type":"Feature","geometry":{"type":"Polygon","coordinates":[[[28.255,61.497],[28.536,61.622],[28.277,61.71],[28.255,61.497]]]},"properties":{"NAME":"Sweden","SUBJECTO":"Sweden","BORDERPRECISION":1}},
{"type":"Feature","geometry":{"type":"Polygon","coordinates":[[[22.884,58.833],[22.576,59.069],[22.229,58.878],[22.624,58.691],[22.884,58.833]]]},"properties":{"NAME":"Sweden","SUBJECTO":"Sweden","BORDERPRECISION":1}},
{"type":"Feature","geometry":{"type":"Polygon","coordinates":[[[31.331,69.663],[29.415,69.871],[21.917,69.116],[22.696,68.708],[27.593,68.846],[30.73,68.531],[31.331,69.663]]]},"properties":{"NAME":"Finnmark","SUBJECTO":"Denmark-Norway","BORDERPRECISION":1}},
{"type":"Feature","geometry":{"type":"Polygon","coordinates":[[[18.665,54.258],[17.658,54.685],[16.204,53.706],[15.765,52.265],[18.646,50.645],[18.927,49.622],[19.381,49.803],[26.163,48.941],[29.316,48.286],[33.676,47.951],[36.399,49.036],[35.704,50.416],[33.879,50.213],[33.169,51.43],[31.344,50.923],[31.383,53.26],[32.208,54.431],[31.167,56.73],[28.259,59.016],[27.694,58.968],[27.031,58.914],[23.677,58.374],[23.297,56.945],[20.945,56.07],[21.008,55.817],[22.799,54.739],[22.821,53.563],[20.333,52.975],[18.795,53.314],[18.665,54.258]]]},"properties":{"NAME":"Poland-Llituania","SUBJECTO":"Poland-Llituania","BORDERPRECISION":1}},
{"type":"Feature","geometry":{"type":"MultiPolygon","coordinates":[[[[10.142,54.337],[9.526,55.09],[10.059,57.049],[8.179,56.667],[8.884,54.229],[10.142,54.337]]],[[[12.598,56.022],[16.063,56.396],[11.877,57.325],[12.598,56.022]]],[[[21.917,69.116],[29.415,69.871],[28.308,70.949],[24.571,70.741],[23.204,69.943],[20.158,69.748],[13.169,66.458],[12.112,65.13],[9.832,63.684],[7.088,62.91],[5.149,61.741],[5.806,59.949],[5.615,58.455],[8.154,58.09],[10.549,59.379],[11.736,57.698],[12.488,58.563],[12.597,61.029],[15.05,63.526],[17.731,64.559],[15.252,65.628],[18.616,67.645],[19.416,68.865],[21.917,69.116]]],[[[23.297,56.945],[21.677,57.464],[20.945,56.07],[23.297,56.945]]],[[[17.769,79.415],[11.76,78.88],[15.099,77.115],[19.116,78.455],[17.769,79.415]]]]},"properties":{"NAME":"Denmark-Norway","SUBJECTO":"Denmark-Norway","BORDERPRECISION":1}},
{"type":"Feature","geometry":{"type":"Polygon","coordinates":[[[57.152,51.229],[60.611,45.434],[60.954,45.245],[68.782,40.944],[69.816,41.211],[80.94,44.078],[85.535,47.181],[85.605,48.234],[84.267,49.205],[81.479,50.291],[78.65,50.806],[74.921,54.149],[72.992,55.307],[64.687,54.272],[63.038,51.176],[60.82,50.859],[57.152,51.229]]]},"properties":{"NAME":"Quazaq Khanate","SUBJECTO":"Quazaq Khanate","BORDERPRECISION":1}},
{"type":"Feature","geometry":{"type":"Polygon","coordinates":[[[51.369,47.09],[53.185,46.865],[52.98,45.776],[57.728,44.635],[60.954,45.245],[60.611,45.434],[57.152,51.229],[55.245,51.706],[51.387,51.063],[51.901,49.391],[51.369,47.09]]]},"properties":{"NAME":"Nogai Horde","SUBJECTO":"Nogai Horde","BORDERPRECISION":1}},
{"type":"Feature","geometry":{"type":"Polygon","coordinates":[[[79.329,35.628],[80.132,36.882],[89.616,36.882],[99.245,38.75],[99.388,39.756],[100.538,40.331],[102.119,39.756],[103.556,39.9],[107.713,43.255],[120.387,46.423],[127.581,56.615],[129.207,56.868],[130.39,56.054],[132.018,52.429],[136.161,53.021],[137.239,53.457],[136.492,54.455],[134.985,54.854],[137.229,55.983],[140.587,58.239],[142.846,59.273],[148.416,59.097],[151.14,59.44],[153.924,58.922],[154.316,59.983],[157.098,61.633],[159.189,61.601],[164.925,69.41],[162.618,69.54],[161.925,68.146],[151.751,69.717],[152.318,70.669],[146.915,72.202],[141.294,72.787],[137.63,71.075],[132.284,71.661],[130.779,70.678],[126.216,72.382],[125.717,73.398],[120.579,72.835],[118.46,73.519],[111.762,73.658],[105.365,72.75],[99.915,71.358],[92.428,73.383],[97.977,74.362],[106.867,76.433],[103.393,77.558],[99.467,75.967],[90,75.602],[86.958,74.782],[87.691,73.9],[80.464,73.314],[82.436,72.051],[90.667,72.414],[92.296,69.824],[86.242,68.996],[86.643,67.493],[87.91,66.226],[87.593,63.533],[89.97,61.79],[89.97,60.523],[91.079,59.097],[92.663,58.147],[92.029,55.295],[92.591,52.4],[91.965,51.569],[90,51.569],[85.605,48.234],[85.535,47.181],[80.94,44.078],[69.816,41.211],[70.095,37.907],[71.253,38.041],[71.566,36.91],[73.809,38.032],[75.246,38.032],[79.329,35.628]]]},"properties":{"NAME":"central Asian khanates","SUBJECTO":"central Asian khanates","BORDERPRECISION":1}},
{"type":"Feature","geometry":{"type":"Polygon","coordinates":[[[3.039,42.869],[4.078,43.487],[5.829,43.021],[7.397,43.764],[6.943,44.869],[5.325,46.398],[5.918,47.595],[5.699,49.391],[1.826,50.243],[1.796,50.921],[0.033,49.334],[-1.892,49.526],[-3.955,47.904],[-2.005,47.043],[-1.075,46.015],[-1.915,43.305],[-0.612,42.731],[1.728,42.501],[3.039,42.869]]]},"properties":{"NAME":"France","SUBJECTO":"France","BORDERPRECISION":1}},
{"type":"Feature","geometry":{"type":"Polygon","coordinates":[[[77.997,16.465],[78.322,17.415],[78.173,19.013],[77.387,18.771],[77.174,16.658],[77.997,16.465]]]},"properties":{"NAME":"Bidar","SUBJECTO":"Bidar","BORDERPRECISION":1}},
{"type":"Feature","geometry":{"type":"Polygon","coordinates":[[[77.922,16.246],[77.997,16.465],[77.174,16.658],[77.387,18.771],[75.412,18.5],[73.396,16.616],[73.494,16.288],[76.103,15.966],[77.922,16.246]]]},"properties":{"NAME":"Bijapur","SUBJECTO":"Bijapur","BORDERPRECISION":1}},
{"type":"Feature","geometry":{"type":"Polygon","coordinates":[[[72.789,19.883],[73.396,16.616],[75.412,18.5],[77.387,18.771],[78.173,19.013],[78.533,19.124],[78.573,20.438],[76.093,21.047],[76.928,23.897],[73.713,22.945],[74.271,21.906],[73.485,19.907],[72.789,19.883]]]},"properties":{"NAME":"Ahmadnagar","SUBJECTO":"Ahmadnagar","BORDERPRECISION":1}},
{"type":"Feature","geometry":{"type":"Polygon","coordinates":[[[80.46,15.773],[81.088,15.827],[82.323,17.004],[81.492,17.215],[79.956,17.604],[79.328,17.233],[78.533,19.124],[78.173,19.013],[78.322,17.415],[77.997,16.465],[77.922,16.246],[80.46,15.773]]]},"properties":{"NAME":"Golkonda","SUBJECTO":"Golkonda","BORDERPRECISION":1}},
{"type":"Feature","geometry":{"type":"Polygon","coordinates":[[[97.373,18.449],[99.175,17.191],[100.753,17.427],[102.49,19.396],[100.435,20.036],[98.562,21.115],[97.895,20.96],[98.016,19.749],[97.373,18.449]]]},"properties":{"NAME":"Lan Na","SUBJECTO":"Lan Na","BORDERPRECISION":1}},
{"type":"Feature","geometry":{"type":"Polygon","coordinates":[[[178.176,-18.242],[178.171,-17.342],[177.51,-17.509],[177.333,-18.119],[178.176,-18.242]]]},"properties":{"NAME":"Tuʻi Tonga Empire","SUBJECTO":"Tuʻi Tonga Empire","BORDERPRECISION":1}},
{"type":"Feature","geometry":{"type":"Polygon","coordinates":[[[-109.241,-27.133],[-109.366,-27.063],[-109.428,-27.202],[-109.241,-27.133]]]},"properties":{"NAME":"Polynesians","SUBJECTO":"Polynesians","BORDERPRECISION":1}},
{"type":"Feature","geometry":{"type":"Polygon","coordinates":[[[40.633,46.688],[40.508,47.437],[37.885,49.186],[36.399,49.036],[33.676,47.951],[32.115,46.215],[33.639,45.927],[33.395,44.6],[35.067,44.862],[34.907,46.273],[37.422,47.077],[37.97,46.441],[37.474,44.692],[39.633,45.689],[40.633,46.688]]]},"properties":{"NAME":"Crimean Khanate","SUBJECTO":"Ottoman Empire","BORDERPRECISION":1}},
{"type":"Feature","geometry":{"type":"MultiPolygon","coordinates":[[[[41.484,41.437],[40.361,40.963],[36.383,41.238],[35.958,41.686],[33.556,41.983],[30.745,41.04],[26.128,39.879],[27.16,37.36],[30.473,36.188],[31.371,36.712],[33.171,35.971],[34.485,36.627],[35.709,36.212],[35.873,34.422],[34.501,31.621],[33.558,30.968],[30.996,31.469],[29.249,30.754],[23.153,32.139],[21.673,32.816],[20.366,32.298],[20.117,30.957],[18.915,30.205],[17.422,30.996],[15.843,31.285],[15.01,32.363],[12.565,32.74],[10.019,34.081],[11.125,35.241],[10.133,37.105],[5.144,36.668],[1.058,36.462],[-2.193,35.054],[-1.681,33.258],[-1.066,32.45],[0.873,31.986],[6.269,31.873],[8.771,33.189],[13.078,31.826],[13.877,31.059],[13.675,26.143],[9.457,25.184],[9.67,24.218],[15.145,25.097],[15.634,30.518],[17.581,30.343],[18.859,29.562],[19.97,29.723],[21.197,31.077],[22.429,31.265],[26.171,30.316],[29.426,22.664],[30.346,22.111],[29.466,20.766],[29.466,19.173],[30.691,16.845],[31.671,15.864],[31.426,13.291],[31.671,11.576],[33.142,11.576],[33.999,13.659],[33.632,15.742],[34.612,18.07],[33.877,19.663],[32.662,21],[35.251,21.369],[36.8,21.915],[35.746,22.914],[35.19,24.4],[33.929,26.564],[34.058,27.79],[34.886,28.357],[37.218,25.167],[39.102,22.4],[39.167,21.219],[40.694,19.869],[41.629,18.047],[42.764,16.645],[42.796,15.47],[43.841,12.664],[45.826,13.405],[46.878,13.474],[46.335,14.097],[44.509,14.097],[43.488,16.622],[43.066,18.654],[41.07,22.263],[40.648,24.153],[38.814,24.841],[36.593,29.787],[36.525,31.162],[37.212,33.566],[38.036,34.597],[40.029,34.391],[44.083,30.337],[46.905,29.438],[48.469,26.695],[49.395,26.078],[49.704,24.41],[50.968,24.436],[49.937,25.956],[50.122,26.738],[48.855,27.523],[47.911,29.89],[49.478,30.053],[49.557,34.256],[50.469,36.748],[48.837,37.511],[48.825,38.31],[49.807,40.581],[47.565,43.008],[47.493,43.583],[47.35,41.442],[44.978,42.772],[43.957,42.591],[42.878,41.546],[41.484,41.437]]],[[[38.527,18.161],[37.398,18.915],[37.165,20.764],[35.96,19.418],[36.45,18.07],[37.431,17.702],[38.527,18.161]]]]},"properties":{"NAME":"Ottoman Empire","SUBJECTO":"Ottoman Empire","BORDERPRECISION":1}}
]}