{"type":"FeatureCollection", "features": [
{"type":"Feature","geometry":{"type":"Polygon","coordinates":[[[5.824,49.507],[6.433,49.445],[6.109,50.117],[5.824,49.507]]]},"properties":{"NAME":"Luxembourg","SUBJECTO":"Luxembourg","BORDERPRECISION":3}},
{"type":"Feature","geometry":{"type":"MultiPolygon","coordinates":[[[[40.39,14.906],[39.518,15.463],[38.963,17.192],[38.043,16.232],[38.043,15.007],[38.778,14.394],[39.636,14.149],[40.39,14.906]]],[[[38.527,18.161],[37.398,18.915],[37.165,20.764],[35.96,19.418],[36.45,18.07],[37.431,17.702],[38.527,18.161]]],[[[50.968,24.436],[49.937,25.956],[50.122,26.738],[48.855,27.523],[47.911,29.89],[48.554,29.995],[47.689,30.882],[47.793,31.797],[46.508,32.812],[45.506,33.797],[45.671,34.617],[46.184,35.058],[46.211,35.784],[45.388,35.926],[44.205,37.867],[43.847,40.75],[42.878,41.546],[41.484,41.437],[40.361,40.963],[38.651,40.922],[36.383,41.238],[35.958,41.686],[33.556,41.983],[32.419,41.749],[30.745,41.04],[27.764,40.287],[26.765,40.377],[26.128,39.879],[26.708,39.182],[27.16,37.36],[29.002,36.695],[29.298,36.173],[30.473,36.188],[31.371,36.712],[32.335,36.128],[33.171,35.971],[34.485,36.627],[35.709,36.212],[35.873,34.422],[34.146,31.209],[34.936,29.418],[34.886,28.357],[36.33,26.403],[37.421,27.834],[36.593,29.787],[36.525,31.162],[37.212,33.566],[38.036,34.597],[40.029,34.391],[44.083,30.337],[46.905,29.438],[47.439,28.829],[48.469,26.695],[49.395,26.078],[49.704,24.41],[50.569,23.854],[50.968,24.436]]],[[[40.82,19.685],[41.923,20.767],[41.812,21.713],[41.07,22.263],[40.648,24.153],[38.814,24.841],[38.329,23.835],[39.102,22.4],[39.167,21.219],[39.764,20.407],[40.82,19.685]]],[[[18.91,42.218],[19.607,41.762],[19.369,40.26],[20.029,39.814],[21.172,38.348],[21.228,37.905],[22.39,36.524],[22.639,37.492],[23.556,38.352],[22.72,39.287],[22.602,40.397],[23.596,40.192],[23.886,40.733],[25.993,40.852],[26.614,40.398],[27.474,40.963],[28.828,40.915],[27.502,42.516],[28.446,43.476],[28.686,44.488],[29.711,45.258],[30.833,46.577],[31.781,46.702],[32.202,46.17],[33.639,45.927],[33.395,44.6],[35.067,44.862],[34.907,46.273],[37.422,47.077],[37.97,46.441],[37.474,44.692],[39.633,45.689],[40.383,45.439],[40.633,46.688],[40.508,47.437],[39.259,48.437],[37.885,49.186],[37.385,48.811],[33.388,47.313],[31.991,47.403],[31.08,47.793],[29.865,47.62],[28.908,47.818],[26.163,48.941],[26.36,48.125],[25.246,47.686],[26.292,47.214],[26.191,46.809],[24.942,45.965],[24.065,46.1],[22.478,45.729],[22.133,44.511],[20.769,44.66],[19.853,45.236],[18.258,45.122],[15.828,45.203],[16.184,44.258],[17.548,42.92],[17.646,42.865],[18.514,42.362],[18.529,42.353],[19.184,43.153],[19.816,42.866],[18.91,42.218]]]]},"properties":{"NAME":"Ottoman Empire","SUBJECTO":"Ottoman Empire","BORDERPRECISION":3}},
{"type":"Feature","geometry":{"type":"Polygon","coordinates":[[[120.622,21.925],[120.696,21.971],[120.049,23.061],[120.116,23.631],[120.674,24.551],[120.021,23.62],[119.964,23.086],[120.113,22.642],[120.622,21.925]]]},"properties":{"NAME":null,"SUBJECTO":null,"BORDERPRECISION":3}},
{"type":"Feature","geometry":{"type":"Polygon","coordinates":[[[-82.177,22.366],[-80.776,22.102],[-79.735,21.672],[-78.728,21.617],[-78.45,20.969],[-77.291,20.704],[-77.461,19.871],[-75.519,19.907],[-74.345,20.323],[-75.604,21.013],[-77.34,21.512],[-78.171,22.12],[-79.33,22.404],[-79.76,22.759],[-81.431,23.137],[-82.959,23.025],[-82.177,22.366]]]},"properties":{"NAME":"Cuba (Spain)","SUBJECTO":"Spain","BORDERPRECISION":3}},
{"type":"Feature","geometry":{"type":"Polygon","coordinates":[[[-71.777,19.771],[-72.676,19.392],[-72.746,18.509],[-71.677,18.003],[-71.777,19.771]]]},"properties":{"NAME":"Haiti","SUBJECTO":"Haiti","BORDERPRECISION":3}},
{"type":"Feature","geometry":{"type":"Polygon","coordinates":[[[-71.677,18.003],[-70.621,18.507],[-68.657,18.873],[-70.882,19.93],[-71.777,19.771],[-71.677,18.003]]]},"properties":{"NAME":"Santo Domingo (Spain)","SUBJECTO":"Spain","BORDERPRECISION":3}},
{"type":"Feature","geometry":{"type":"MultiPolygon","coordinates":[[[[120.364,14.531],[121.009,13.656],[121.625,13.898],[122.492,13.43],[122.397,14.307],[121.729,14.108],[121.242,15.308],[121.439,15.918],[122.064,16.332],[122.396,17.114],[122.028,18.009],[121.036,18.528],[120.393,18.044],[120.303,16.417],[119.762,16.359],[119.772,15.47],[120.364,14.531]]],[[[121.094,12.201],[121.304,13.129],[120.547,13.153],[121.094,12.201]]],[[[121.873,10.468],[122.897,11.15],[121.994,11.758],[121.873,10.468]]],[[[122.942,9.048],[123.312,10.738],[122.92,10.852],[122.396,9.478],[122.942,9.048]]],[[[126.045,6.608],[126.322,7.149],[126.272,8.426],[125.934,9.175],[123.663,8.014],[123.486,8.496],[122.094,7.775],[123.023,7.478],[123.465,7.791],[124.074,7.258],[123.864,6.851],[124.224,6.09],[125.073,5.723],[125.28,6.594],[126.045,6.608]]]]},"properties":{"NAME":"Philippines","SUBJECTO":"Philippines","BORDERPRECISION":3}},
{"type":"Feature","geometry":{"type":"Polygon","coordinates":[[[-66.906,17.936],[-65.967,18.027],[-65.952,18.472],[-67.055,18.546],[-66.906,17.936]]]},"properties":{"NAME":"Virgin Islands (Danemark)","SUBJECTO":"Danemark","BORDERPRECISION":3}},
{"type":"Feature","geometry":{"type":"Polygon","coordinates":[[[-77.291,17.806],[-76.426,18.119],[-77.769,18.51],[-77.291,17.806]]]},"properties":{"NAME":"Jamaica (UK)","SUBJECTO":"United Kingdom","BORDERPRECISION":3}},
{"type":"Feature","geometry":{"type":"Polygon","coordinates":[[[79.919,8.949],[79.838,7.816],[80.079,7.744],[80.503,8.785],[79.919,8.949]]]},"properties":{"NAME":"Ceylon","SUBJECTO":"Ceylon","BORDERPRECISION":3}},
{"type":"Feature","geometry":{"type":"Polygon","coordinates":[[[44.672,-16.236],[43.972,-17.553],[44.47,-20.17],[43.501,-21.494],[43.376,-22.632],[43.827,-23.413],[43.671,-24.227],[44.425,-25.312],[45.576,-25.621],[46.855,-25.218],[47.258,-24.766],[48.087,-22.044],[49.342,-18.228],[49.425,-17.198],[50.503,-15.314],[50.15,-14.419],[49.817,-12.831],[49.176,-12.266],[48.751,-13.418],[48.224,-13.794],[46.925,-15.36],[46.142,-15.826],[44.672,-16.236]],[[48.015,-17.023],[48.488,-19.449],[48.488,-20.041],[47.186,-23.119],[45.529,-23.592],[45.292,-22.645],[46.654,-17.733],[47.482,-16.904],[48.015,-17.023]]]},"properties":{"NAME":"Madagascar","SUBJECTO":"Madagascar","BORDERPRECISION":3}},
{"type":"Feature","geometry":{"type":"MultiPolygon","coordinates":[[[[175.308,-37.321],[174.217,-35.337],[173.166,-35.421],[174.765,-37.297],[174.945,-37.928],[174.655,-38.983],[173.805,-39.42],[175.354,-40.3],[174.895,-41.296],[176.011,-41.255],[177.157,-39.854],[177.024,-39.445],[178.408,-38.771],[178.569,-37.921],[177.528,-38.204],[176.129,-37.798],[175.308,-37.321]]],[[[172.063,-43.923],[174.234,-42.011],[173.264,-41.544],[172.148,-41.578],[171.458,-41.993],[171.024,-42.887],[169.649,-43.741],[168.416,-44.221],[167.137,-45.2],[166.523,-46.233],[169.399,-46.71],[170.612,-45.946],[171.378,-44.338],[172.063,-43.923]]]]},"properties":{"NAME":"Maori","SUBJECTO":"Maori","BORDERPRECISION":3}},
{"type":"Feature","geometry":{"type":"Polygon","coordinates":[[[-24.219,65.534],[-21.955,65.378],[-22.373,63.773],[-20.404,63.698],[-18.642,63.324],[-14.821,64.195],[-13.694,64.779],[-13.647,65.495],[-16.385,66.454],[-16.922,65.978],[-18.676,66.091],[-21.08,65.205],[-21.242,65.882],[-23.608,65.98],[-24.219,65.534]]]},"properties":{"NAME":null,"SUBJECTO":null,"BORDERPRECISION":3}},
{"type":"Feature","geometry":{"type":"Polygon","coordinates":[[[0.081,53.386],[-1.719,55.454],[-2.742,55.957],[-2.15,57.572],[-4.148,57.555],[-4.51,58.403],[-5.763,57.62],[-5.633,55.94],[-3.577,54.924],[-2.865,54.028],[-2.914,53.267],[-4.318,53.091],[-4.159,51.677],[-4.605,50.779],[-3.521,50.617],[-1.103,50.817],[0.192,50.731],[0.686,51.56],[1.692,52.311],[1.376,52.809],[0.081,53.386]]]},"properties":{"NAME":"United Kingdom","SUBJECTO":"United Kingdom","BORDERPRECISION":3}},
{"type":"Feature","geometry":{"type":"Polygon","coordinates":[[[6.109,50.117],[6,50.742],[5.113,51.405],[3.775,51.388],[2.522,51.091],[2.875,50.682],[5.824,49.507],[6.109,50.117]]]},"properties":{"NAME":"Austrian Netherlands","SUBJECTO":"Austrian Empire","BORDERPRECISION":3}},
{"type":"Feature","geometry":{"type":"Polygon","coordinates":[[[-8.806,41.889],[-6.709,41.96],[-6.933,38.961],[-7.394,38.295],[-7.492,37.208],[-6.632,37.022],[-5.661,36.008],[-4.447,36.722],[-2.239,36.728],[-1.817,37.292],[-0.918,37.57],[-0.435,38.43],[0.173,38.738],[-0.395,39.434],[0.879,41.022],[2.081,41.298],[3.129,41.857],[3.087,42.369],[2.363,42.293],[0.744,42.772],[-0.612,42.731],[-1.915,43.305],[-3.417,43.376],[-5.98,43.705],[-7.636,43.721],[-9.271,43.049],[-8.644,42.42],[-8.806,41.889]]]},"properties":{"NAME":"Spain","SUBJECTO":"Spain","BORDERPRECISION":3}},
{"type":"Feature","geometry":{"type":"Polygon","coordinates":[[[-8.806,41.889],[-8.694,40.992],[-9.549,38.775],[-8.854,38.5],[-8.667,37.121],[-7.492,37.208],[-7.394,38.295],[-6.933,38.961],[-6.709,41.96],[-8.806,41.889]]]},"properties":{"NAME":"Portugal","SUBJECTO":"Portugal","BORDERPRECISION":3}},
{"type":"Feature","geometry":{"type":"Polygon","coordinates":[[[-88.941,15.905],[-88.445,16.441],[-88.112,18.194],[-88.32,18.494],[-89.154,17.831],[-89.251,15.897],[-88.941,15.905]]]},"properties":{"NAME":"Belize","SUBJECTO":"United Kingdom","BORDERPRECISION":3}},
{"type":"Feature","geometry":{"type":"MultiPolygon","coordinates":[[[[102.074,6.154],[101.763,5.586],[100.617,6.422],[100.159,6.34],[100.664,3.904],[101.336,2.781],[103.428,1.381],[104.176,1.389],[103.308,3.026],[103.342,4.805],[102.325,6.099],[102.074,6.154]]],[[[109.518,1.821],[110.549,0.726],[111.562,0.764],[112.4,1.43],[113.677,1.145],[114.659,1.596],[115.53,3.171],[115.707,4.157],[117.138,4.153],[117.559,3.981],[118.391,4.374],[119.043,5.17],[118.377,5.639],[117.37,5.789],[117.507,6.393],[116.596,6.899],[115.787,5.74],[114.962,4.877],[115.161,4.309],[114.434,3.998],[114.074,4.455],[112.759,3.009],[111.372,2.599],[110.818,1.244],[109.518,1.821]]]]},"properties":{"NAME":"Malaya","SUBJECTO":"Malaya","BORDERPRECISION":3}},
{"type":"Feature","geometry":{"type":"MultiPolygon","coordinates":[[[[149.554,-6.406],[151.056,-6.015],[152.059,-5.498],[151.588,-4.902],[150.289,-5.712],[148.377,-5.659],[149.554,-6.406]]],[[[140.948,-9.274],[142.607,-9.377],[143.331,-9],[143.437,-8.358],[144.38,-7.758],[145.82,-8.098],[146.646,-9.279],[147.874,-10.179],[149.783,-10.41],[149.83,-9.711],[148.589,-9.16],[148.035,-8.246],[147.376,-7.796],[146.909,-6.895],[147.664,-6.791],[147.376,-6.125],[145.593,-5.423],[145.728,-4.997],[143.446,-3.61],[140.87,-2.795],[140.945,-6.379],[140.948,-9.274]]]]},"properties":{"NAME":"Papua New Guinea","SUBJECTO":"Papua New Guinea","BORDERPRECISION":3}},
{"type":"Feature","geometry":{"type":"Polygon","coordinates":[[[6,50.742],[6.222,51.389],[6.381,51.82],[7.069,52.366],[7.16,53.164],[6.751,53.39],[4.641,52.756],[3.775,51.388],[5.113,51.405],[6,50.742]]]},"properties":{"NAME":"Dutch Republic","SUBJECTO":"Dutch Republic","BORDERPRECISION":3}},
{"type":"Feature","geometry":{"type":"Polygon","coordinates":[[[-61.114,10.822],[-61.809,10.725],[-61.207,10.118],[-61.114,10.822]]]},"properties":{"NAME":"Trinidad","SUBJECTO":"Trinidad","BORDERPRECISION":3}},
{"type":"Feature","geometry":{"type":"Polygon","coordinates":[[[114.962,4.877],[114.074,4.455],[114.434,3.998],[115.161,4.309],[114.962,4.877]]]},"properties":{"NAME":"Brunei","SUBJECTO":"Brunei","BORDERPRECISION":3}},
{"type":"Feature","geometry":{"type":"MultiPolygon","coordinates":[[[[109.518,1.821],[108.814,0.808],[109.158,-0.075],[109.179,-0.869],[109.941,-1.643],[110.102,-3.079],[111.436,-2.974],[112.578,-3.423],[112.795,-2.971],[113.744,-3.598],[114.099,-3.35],[114.712,-4.206],[115.568,-3.804],[116.349,-2.417],[116.046,-1.934],[117.046,-0.935],[117.534,0.611],[118.517,1.166],[117.696,1.901],[117.829,2.314],[117.074,3.507],[117.559,3.981],[117.138,4.153],[115.707,4.157],[115.53,3.171],[114.659,1.596],[113.677,1.145],[112.4,1.43],[111.562,0.764],[110.549,0.726],[109.518,1.821]]],[[[140.87,-2.795],[139.592,-2.379],[137.854,-1.614],[136.271,-2.418],[135.734,-3.252],[135.246,-3.539],[134.283,-2.855],[133.907,-1.006],[132.254,-0.527],[131.211,-1.025],[132.719,-2.934],[132.713,-3.888],[134.041,-3.948],[134.777,-4.309],[137.385,-5.123],[137.824,-5.427],[139.156,-7.725],[139.112,-8.323],[139.977,-8.238],[140.948,-9.274],[140.945,-6.379],[140.87,-2.795]]],[[[122.949,-8.377],[121.279,-8.717],[120.565,-8.388],[119.935,-8.936],[121.694,-8.996],[122.949,-8.377]]],[[[103.714,-0.017],[103.047,0.528],[102.472,0.623],[101.868,1.435],[101.06,2.081],[100.732,1.871],[99.858,2.904],[98.146,4.07],[97.384,5.18],[96.187,5.146],[95.191,5.41],[95.561,4.534],[96.394,3.647],[96.72,3.705],[97.509,2.74],[97.597,2.251],[98.601,1.707],[99.113,0.221],[99.697,-0.152],[100.65,-1.631],[100.812,-2.336],[102.111,-3.604],[102.462,-4.182],[103.523,-4.999],[104.568,-6.071],[105.187,-5.542],[105.728,-5.827],[105.711,-4.105],[105.943,-3.215],[105.445,-2.599],[104.352,-1.89],[104.298,-1.363],[103.238,-0.659],[103.714,-0.017]]],[[[127.631,-0.017],[128.632,1.022],[127.689,0.925],[127.631,-0.017]]],[[[105.185,-6.866],[106.366,-7.04],[106.484,-7.503],[108.16,-7.856],[109.037,-7.72],[110.778,-8.32],[112.414,-8.488],[113.074,-8.347],[114.105,-8.688],[113.948,-7.824],[112.678,-7.719],[112.275,-7.027],[111.045,-6.852],[110.027,-7.044],[108.556,-6.921],[106.945,-6.026],[106.024,-6.081],[105.185,-6.866]]],[[[123.492,-10.352],[124.154,-10.205],[125.212,-9.395],[125.08,-8.772],[123.665,-9.748],[123.492,-10.352]]],[[[120.28,-10.378],[120.462,-9.926],[119.789,-9.458],[119.41,-9.872],[120.28,-10.378]]],[[[119.692,-0.017],[119.205,-1.432],[119.175,-2.176],[118.684,-2.901],[118.791,-3.663],[119.461,-3.808],[119.477,-5.804],[120.248,-5.586],[120.144,-3.076],[120.999,-3.049],[120.881,-3.716],[121.508,-4.236],[121.873,-4.96],[122.641,-4.284],[122.19,-3.847],[122.258,-3.211],[121.265,-2.101],[122.223,-1.654],[122.757,-1.094],[121.461,-0.989],[121.055,-1.549],[120.507,-1.448],[119.873,-0.465],[120.337,0.356],[122.983,0.375],[122.733,0.673],[120.767,1.139],[119.914,0.54],[119.692,-0.017]]]]},"properties":{"NAME":"Dutch East Indies","SUBJECTO":"Neterlands","BORDERPRECISION":3}},
{"type":"Feature","geometry":{"type":"Polygon","coordinates":[[[-26.787,71.558],[-25.291,71.569],[-23.754,70.59],[-21.471,70.532],[-21.726,71.405],[-25.073,72.634],[-27.357,72.859],[-24.076,73.756],[-22.82,73.327],[-20.33,73.42],[-19.071,74.609],[-19.194,75.444],[-21.183,76.697],[-18.253,77.3],[-20.777,77.969],[-20.879,78.818],[-14.202,81.21],[-22.053,81.54],[-25.457,82.221],[-22.432,82.743],[-26.421,83.342],[-32.513,83.577],[-49.648,82.478],[-61.122,81.798],[-61.112,81.182],[-67.143,80.562],[-64.623,79.949],[-65.485,79.158],[-72.383,78.526],[-69.688,77.555],[-71.184,77.26],[-69.045,76.294],[-67.037,75.936],[-63.651,76.38],[-58.636,75.793],[-54.73,73.038],[-55.626,71.73],[-53.323,71.891],[-51.72,71.59],[-50.573,69.866],[-50.954,68.539],[-50.477,67.482],[-52.808,67.775],[-52.303,66.909],[-53.103,65.873],[-52.078,65.372],[-51.366,63.726],[-49.857,62.967],[-48.915,61.421],[-43.144,59.819],[-42.271,62.194],[-40.516,63.782],[-39.992,65.533],[-35.972,65.847],[-34.433,66.384],[-32.956,67.641],[-26.964,68.502],[-22.732,69.774],[-24.585,70.304],[-27.475,70.207],[-28.384,70.458],[-26.787,71.558]]]},"properties":{"NAME":null,"SUBJECTO":null,"BORDERPRECISION":3}},
{"type":"Feature","geometry":{"type":"MultiPolygon","coordinates":[[[[-73.112,-72.749],[-70.021,-72.672],[-68.63,-72.054],[-68.398,-71.127],[-70.33,-68.963],[-72.394,-69.261],[-71.798,-69.736],[-72.107,-71.05],[-75.275,-71.668],[-73.112,-72.749]]],[[[-102.551,-72.131],[-97.142,-72.672],[-97.22,-71.822],[-101.16,-71.822],[-102.551,-72.131]]],[[[-55.185,-80.94],[-44.831,-80.322],[-43.904,-79.781],[-44.213,-78.39],[-48.849,-78.081],[-50.858,-78.699],[-51.708,-79.781],[-53.871,-79.936],[-55.185,-80.94]]],[[[169.769,-83.418],[162.015,-81.66],[160.577,-81.534],[159.315,-80.027],[160.686,-79.114],[163.643,-78.661],[162.384,-76.214],[162.346,-75.107],[164.616,-74.172],[168.975,-73.239],[170.729,-71.904],[167.635,-70.865],[162.485,-70.306],[160.599,-70.221],[157.307,-69.156],[154.435,-68.95],[151.093,-68.886],[150.893,-68.538],[146.875,-67.997],[145.586,-67.223],[141.157,-66.722],[134.205,-66.18],[130.272,-66.253],[129.01,-67.03],[122.458,-66.645],[118.286,-67.07],[115.679,-66.414],[114.436,-66.493],[113.015,-65.763],[110.607,-66.059],[109.404,-66.71],[107.622,-66.452],[102.631,-65.926],[100.875,-66.079],[99.654,-66.549],[95.723,-66.529],[90,-66.607],[85.523,-66.916],[81.814,-67.302],[78.26,-68.384],[76.869,-69.311],[75.401,-69.466],[72.542,-70.238],[70.301,-72.015],[68.215,-72.402],[67.365,-71.706],[68.138,-71.088],[67.513,-70.464],[68.951,-69.889],[69.773,-68.636],[69.374,-67.843],[62.806,-67.611],[56.627,-66.942],[55.142,-65.963],[52.452,-65.988],[48.967,-66.973],[47.305,-67.775],[44.797,-67.745],[42.561,-68.113],[39.647,-68.934],[39.459,-69.701],[38.332,-70.029],[36.078,-69.591],[33.541,-68.542],[32.748,-69.35],[23.707,-70.586],[17.603,-70.084],[12.658,-70.315],[10.34,-70.702],[8.485,-70.084],[0.681,-71.32],[-4.882,-71.281],[-7.2,-70.895],[-11.141,-71.59],[-11.828,-72.323],[-16.396,-73.445],[-14.451,-74.065],[-17.168,-74.758],[-18.405,-75.686],[-23.582,-75.918],[-30.227,-76.845],[-33.163,-77.386],[-36.408,-78.622],[-36.408,-79.163],[-29.568,-79.224],[-28.913,-80.476],[-38.031,-80.94],[-43.826,-81.79],[-52.249,-82.022],[-60.207,-82.331],[-67.934,-81.481],[-74.889,-80.708],[-76.589,-79.395],[-80.761,-78.236],[-80.687,-77.566],[-74.502,-78.081],[-78.598,-76.613],[-75.932,-76.484],[-70.562,-76.69],[-64.457,-75.686],[-61.367,-73.909],[-60.826,-72.749],[-61.676,-70.818],[-63.839,-68.654],[-65.153,-68.5],[-65.385,-67.341],[-62.371,-65.795],[-61.135,-64.868],[-57.271,-63.709],[-58.121,-63.4],[-60.207,-63.941],[-61.289,-64.482],[-62.912,-64.713],[-64.225,-65.254],[-66.853,-66.8],[-67.703,-66.877],[-67.084,-68.654],[-68.784,-69.813],[-67.084,-71.822],[-67.625,-72.749],[-75.584,-73.754],[-78.52,-73.715],[-80.993,-73.252],[-81.766,-74.024],[-88.565,-73.252],[-93.974,-73.174],[-96.524,-73.329],[-99.788,-72.998],[-101.88,-74.099],[-100.559,-74.466],[-100.045,-75.31],[-105.642,-75.068],[-106.801,-75.377],[-110.557,-75.303],[-113.238,-74.321],[-123.569,-74.836],[-127.123,-74.681],[-128.978,-74.913],[-134.773,-74.643],[-140.568,-75.261],[-146.672,-76.111],[-146.146,-77.457],[-149.995,-77.733],[-154.167,-77.115],[-158.031,-77.27],[-158.185,-77.811],[-154.554,-79.124],[-148.604,-79.665],[-145.668,-80.515],[-148.836,-81.365],[-154.477,-81.056],[-154.554,-82.138],[-152.081,-82.601],[-153.31,-83.942],[-148.759,-85.074],[-156.563,-85.46],[-167.226,-84.765],[-178.43,-84.456],[-180,-84.322],[-180,-85.322],[-180,-86.322],[-180,-87.322],[-180,-88.322],[-180,-89.322],[-180,-90],[-179.204,-90],[-178.204,-90],[-177.204,-90],[-176.204,-90],[-175.204,-90],[-174.204,-90],[-173.204,-90],[-172.204,-90],[-171.204,-90],[-170.204,-90],[-169.204,-90],[-168.204,-90],[-167.204,-90],[-166.204,-90],[-165.204,-90],[-164.204,-90],[-163.204,-90],[-162.204,-90],[-161.204,-90],[-160.204,-90],[-159.204,-90],[-158.204,-90],[-157.204,-90],[-156.204,-90],[-155.204,-90],[-154.204,-90],[-153.204,-90],[-152.204,-90],[-151.204,-90],[-150.204,-90],[-149.204,-90],[-148.204,-90],[-147.204,-90],[-146.204,-90],[-145.204,-90],[-144.204,-90],[-143.204,-90],[-142.204,-90],[-141.204,-90],[-140.204,-90],[-139.204,-90],[-138.204,-90],[-137.204,-90],[-136.204,-90],[-135.204,-90],[-134.204,-90],[-133.204,-90],[-132.204,-90],[-131.204,-90],[-130.204,-90],[-129.204,-90],[-128.204,-90],[-127.204,-90],[-126.204,-90],[-125.204,-90],[-124.204,-90],[-123.204,-90],[-122.204,-90],[-121.204,-90],[-120.204,-90],[-119.204,-90],[-118.204,-90],[-117.204,-90],[-116.204,-90],[-115.204,-90],[-114.204,-90],[-113.204,-90],[-112.204,-90],[-111.204,-90],[-110.204,-90],[-109.204,-90],[-108.204,-90],[-107.204,-90],[-106.204,-90],[-105.204,-90],[-104.204,-90],[-103.204,-90],[-102.204,-90],[-101.204,-90],[-100.204,-90],[-99.204,-90],[-98.204,-90],[-97.204,-90],[-96.204,-90],[-95.204,-90],[-94.204,-90],[-93.204,-90],[-92.204,-90],[-91.204,-90],[-90,-90],[-89.204,-90],[-88.204,-90],[-87.204,-90],[-86.204,-90],[-85.204,-90],[-84.204,-90],[-83.204,-90],[-82.204,-90],[-81.204,-90],[-80.204,-90],[-79.204,-90],[-78.204,-90],[-77.204,-90],[-76.204,-90],[-75.204,-90],[-74.204,-90],[-73.204,-90],[-72.204,-90],[-71.204,-90],[-70.204,-90],[-69.204,-90],[-68.204,-90],[-67.204,-90],[-66.204,-90],[-65.204,-90],[-64.204,-90],[-63.204,-90],[-62.204,-90],[-61.204,-90],[-60.204,-90],[-59.204,-90],[-58.204,-90],[-57.204,-90],[-56.204,-90],[-55.204,-90],[-54.204,-90],[-53.204,-90],[-52.204,-90],[-51.204,-90],[-50.204,-90],[-49.204,-90],[-48.204,-90],[-47.204,-90],[-46.204,-90],[-45.204,-90],[-44.204,-90],[-43.204,-90],[-42.204,-90],[-41.204,-90],[-40.204,-90],[-39.204,-90],[-38.204,-90],[-37.204,-90],[-36.204,-90],[-35.204,-90],[-34.204,-90],[-33.204,-90],[-32.204,-90],[-31.204,-90],[-30.204,-90],[-29.204,-90],[-28.204,-90],[-27.204,-90],[-26.204,-90],[-25.204,-90],[-24.204,-90],[-23.204,-90],[-22.204,-90],[-21.204,-90],[-20.204,-90],[-19.204,-90],[-18.204,-90],[-17.204,-90],[-16.204,-90],[-15.204,-90],[-14.204,-90],[-13.204,-90],[-12.204,-90],[-11.204,-90],[-10.204,-90],[-9.204,-90],[-8.204,-90],[-7.204,-90],[-6.204,-90],[-5.204,-90],[-4.204,-90],[-3.204,-90],[-2.204,-90],[-1.204,-90],[-0.204,-90],[0.778,-90],[1.778,-90],[2.778,-90],[3.778,-90],[4.778,-90],[5.778,-90],[6.778,-90],[7.778,-90],[8.778,-90],[9.778,-90],[10.778,-90],[11.778,-90],[12.778,-90],[13.778,-90],[14.778,-90],[15.778,-90],[16.778,-90],[17.778,-90],[18.778,-90],[19.778,-90],[20.778,-90],[21.778,-90],[22.778,-90],[23.778,-90],[24.778,-90],[25.778,-90],[26.778,-90],[27.778,-90],[28.778,-90],[29.778,-90],[30.778,-90],[31.778,-90],[32.778,-90],[33.778,-90],[34.778,-90],[35.778,-90],[36.778,-90],[37.778,-90],[38.778,-90],[39.778,-90],[40.778,-90],[41.778,-90],[42.778,-90],[43.778,-90],[44.778,-90],[45.778,-90],[46.778,-90],[47.778,-90],[48.778,-90],[49.778,-90],[50.778,-90],[51.778,-90],[52.778,-90],[53.778,-90],[54.778,-90],[55.778,-90],[56.778,-90],[57.778,-90],[58.778,-90],[59.778,-90],[60.778,-90],[61.778,-90],[62.778,-90],[63.778,-90],[64.778,-90],[65.778,-90],[66.778,-90],[67.778,-90],[68.778,-90],[69.778,-90],[70.778,-90],[71.778,-90],[72.778,-90],[73.778,-90],[74.778,-90],[75.778,-90],[76.778,-90],[77.778,-90],[78.778,-90],[79.778,-90],[80.778,-90],[81.778,-90],[82.778,-90],[83.778,-90],[84.778,-90],[85.778,-90],[86.778,-90],[87.778,-90],[88.778,-90],[89.778,-90],[89.796,-90],[90,-90],[91.778,-90],[92.778,-90],[93.778,-90],[94.778,-90],[95.778,-90],[96.778,-90],[97.778,-90],[98.778,-90],[99.778,-90],[100.778,-90],[101.778,-90],[102.778,-90],[103.778,-90],[104.778,-90],[105.778,-90],[106.778,-90],[107.778,-90],[108.778,-90],[109.778,-90],[110.778,-90],[111.778,-90],[112.778,-90],[113.778,-90],[114.778,-90],[115.778,-90],[116.778,-90],[117.778,-90],[118.778,-90],[119.778,-90],[120.778,-90],[121.778,-90],[122.778,-90],[123.778,-90],[124.778,-90],[125.778,-90],[126.778,-90],[127.778,-90],[128.778,-90],[129.778,-90],[130.778,-90],[131.778,-90],[132.778,-90],[133.778,-90],[134.778,-90],[135.778,-90],[136.778,-90],[137.778,-90],[138.778,-90],[139.778,-90],[140.778,-90],[141.778,-90],[142.778,-90],[143.778,-90],[144.778,-90],[145.778,-90],[146.778,-90],[147.778,-90],[148.778,-90],[149.778,-90],[150.778,-90],[151.778,-90],[152.778,-90],[153.778,-90],[154.778,-90],[155.778,-90],[156.778,-90],[157.778,-90],[158.778,-90],[159.778,-90],[160.778,-90],[161.778,-90],[162.778,-90],[163.778,-90],[164.778,-90],[165.778,-90],[166.778,-90],[167.778,-90],[168.778,-90],[169.778,-90],[170.778,-90],[171.778,-90],[172.778,-90],[173.778,-90],[174.778,-90],[175.778,-90],[176.778,-90],[177.778,-90],[178.778,-90],[180,-90],[180,-89.319],[180,-88.319],[180,-87.319],[180,-86.319],[180,-85.319],[180,-84.34],[169.769,-83.418]]]]},"properties":{"NAME":null,"SUBJECTO":null,"BORDERPRECISION":3}},
{"type":"Feature","geometry":{"type":"Polygon","coordinates":[[[124.134,39.843],[125.296,39.364],[124.736,38.28],[125.269,37.485],[126.372,37.63],[126.397,37.599],[126.659,37.222],[126.73,37.139],[126.767,37.097],[126.793,37.013],[126.797,36.944],[126.507,36.911],[126.477,36.923],[126.357,36.946],[126.312,36.929],[126.186,36.864],[126.138,36.697],[126.235,36.683],[126.293,36.658],[126.334,36.639],[126.371,36.592],[126.398,36.401],[126.622,35.944],[126.614,35.905],[126.525,35.669],[126.525,35.579],[126.354,34.694],[126.381,34.547],[126.501,34.331],[126.671,34.414],[126.834,34.435],[126.992,34.546],[127.226,34.711],[127.577,34.886],[127.638,34.901],[127.661,34.906],[127.868,34.917],[127.916,34.88],[128.32,34.948],[128.38,35.005],[128.978,35.089],[129.25,37.009],[128.27,38.42],[127.277,39.222],[127.672,39.866],[129.478,40.682],[129.641,41.656],[130.435,42.277],[129.966,42.957],[128.098,41.449],[126.474,41.652],[125.879,40.945],[124.491,40.28],[124.134,39.843]]]},"properties":{"NAME":"Korea","SUBJECTO":"Korea","BORDERPRECISION":3}},
{"type":"Feature","geometry":{"type":"Polygon","coordinates":[[[8.594,47.889],[8.682,47.97],[8.512,48.112],[8.594,47.889]]]},"properties":{"NAME":"Hohenzollern","SUBJECTO":"Hohenzollern","BORDERPRECISION":3}},
{"type":"Feature","geometry":{"type":"Polygon","coordinates":[[[8.558,53.158],[8.66,53.027],[8.744,53.085],[8.558,53.158]]]},"properties":{"NAME":"Bremen","SUBJECTO":"Bremen","BORDERPRECISION":3}},
{"type":"Feature","geometry":{"type":"Polygon","coordinates":[[[9.943,53.6],[9.752,53.503],[10.023,53.455],[9.943,53.6]]]},"properties":{"NAME":"Hamburg","SUBJECTO":"Hamburg","BORDERPRECISION":3}},
{"type":"Feature","geometry":{"type":"Polygon","coordinates":[[[-1.081,32.454],[0.873,31.986],[6.269,31.873],[8.021,33.02],[7.581,34.041],[8.218,34.585],[8.272,36.323],[8.637,36.885],[5.144,36.668],[3.741,36.837],[3.324,36.651],[1.058,36.462],[-1.147,35.629],[-2.193,35.054],[-1.738,34.605],[-1.681,33.258],[-1.081,32.454]]]},"properties":{"NAME":"Algiers","SUBJECTO":"Algiers","BORDERPRECISION":3}},
{"type":"Feature","geometry":{"type":"Polygon","coordinates":[[[8.021,33.02],[10.413,33.631],[10.019,34.081],[11.125,35.241],[10.133,37.105],[9.416,37.275],[8.637,36.885],[8.272,36.323],[8.218,34.585],[7.581,34.041],[8.021,33.02]]]},"properties":{"NAME":"Tunis","SUBJECTO":"Tunis","BORDERPRECISION":3}},
{"type":"Feature","geometry":{"type":"Polygon","coordinates":[[[11.075,14.351],[7.16,16.039],[5.178,15.649],[4.825,12.582],[5.768,11.167],[7.183,11.049],[8.717,9.044],[9.424,9.044],[10.368,9.516],[10.84,10.577],[10.25,11.639],[10.25,12.7],[11.075,14.351]]]},"properties":{"NAME":"Hausa States","SUBJECTO":"Hausa States","BORDERPRECISION":3}},
{"type":"Feature","geometry":{"type":"Polygon","coordinates":[[[34.146,31.209],[33.558,30.968],[32.077,31.014],[30.996,31.469],[29.249,30.754],[26.143,31.491],[25.258,31.438],[26.005,30.708],[29.426,22.664],[30.346,22.111],[31.617,21.295],[32.662,21],[35.251,21.369],[36.8,21.915],[35.746,22.914],[35.19,24.4],[33.929,26.564],[33.354,27.91],[32.318,29.54],[32.648,29.852],[33.331,28.551],[34.058,27.79],[34.936,29.418],[34.146,31.209]]]},"properties":{"NAME":"Egypt","SUBJECTO":"Egypt","BORDERPRECISION":3}},
{"type":"Feature","geometry":{"type":"Polygon","coordinates":[[[12.117,32.879],[12.413,32.464],[14.725,30.245],[15.649,30.523],[18.885,30.221],[17.422,30.996],[15.843,31.285],[15.01,32.363],[14.157,32.679],[12.117,32.879]]]},"properties":{"NAME":"Tripolitania","SUBJECTO":"Tripolitania","BORDERPRECISION":3}},
{"type":"Feature","geometry":{"type":"Polygon","coordinates":[[[19.319,30.255],[20.365,30.338],[21.197,31.077],[22.122,31.077],[23.742,32.064],[22.543,32.722],[21.673,32.816],[20.366,32.298],[19.942,31.611],[20.117,30.957],[19.319,30.255]]]},"properties":{"NAME":"Cyrenaica","SUBJECTO":"Cyrenaica","BORDERPRECISION":3}},
{"type":"Feature","geometry":{"type":"Polygon","coordinates":[[[46.878,13.474],[46.335,14.097],[45.261,13.828],[44.509,14.097],[43.488,16.622],[42.764,16.645],[42.796,15.47],[43.384,13.565],[43.841,12.664],[44.964,12.825],[45.826,13.405],[46.878,13.474]]]},"properties":{"NAME":"Yemen","SUBJECTO":"Yemen","BORDERPRECISION":3}},
{"type":"Feature","geometry":{"type":"Polygon","coordinates":[[[-2.193,35.054],[-4.593,35.151],[-5.929,35.728],[-6.511,34.454],[-7.004,33.875],[-8.314,33.338],[-9.219,32.58],[-9.813,31.289],[-9.663,29.955],[-10.339,29.146],[-8.593,28.641],[-8.284,28.783],[-4.95,28.857],[-1.714,28.394],[-1.344,29.042],[-1.714,30.059],[-1.081,32.454],[-1.681,33.258],[-1.738,34.605],[-2.193,35.054]]]},"properties":{"NAME":"Morocco","SUBJECTO":"Morocco","BORDERPRECISION":3}},
{"type":"Feature","geometry":{"type":"Polygon","coordinates":[[[-83.9,11.888],[-83.662,13.705],[-83.296,14.615],[-83.858,14.185],[-84.095,12.528],[-83.9,11.888]]]},"properties":{"NAME":"Mosquito Coast","SUBJECTO":"United Kingdom","BORDERPRECISION":3}},
{"type":"Feature","geometry":{"type":"Polygon","coordinates":[[[92.51,22.11],[92.598,21.387],[92.124,20.996],[93.334,20.025],[94.054,19.061],[94.465,17.643],[95.362,18.038],[94.702,20.016],[93.318,21.73],[92.51,22.11]]]},"properties":{"NAME":"Arakan (Indian princely state)","SUBJECTO":"Arakan (Indian princely state)","BORDERPRECISION":3}},
{"type":"Feature","geometry":{"type":"Polygon","coordinates":[[[9.572,44.437],[9.978,44.407],[10.056,44.38],[10.127,44.357],[10.393,45.026],[9.131,45.121],[9.131,44.789],[9.572,44.437]]]},"properties":{"NAME":"Parma","SUBJECTO":"Parma","BORDERPRECISION":3}},
{"type":"Feature","geometry":{"type":"Polygon","coordinates":[[[12.378,44.732],[11.17,45.067],[11.202,44.143],[11.854,44.357],[12.302,43.278],[11.96,42.007],[12.977,41.371],[13.761,41.207],[13.415,42.364],[14.076,42.634],[13.601,43.535],[12.697,43.935],[12.378,44.732]]]},"properties":{"NAME":"Papal States","SUBJECTO":"Papal States","BORDERPRECISION":3}},
{"type":"Feature","geometry":{"type":"Polygon","coordinates":[[[9.572,44.437],[9.878,44.29],[9.978,44.407],[9.572,44.437]]]},"properties":{"NAME":"Pontremoli","SUBJECTO":"Pontremoli","BORDERPRECISION":3}},
{"type":"Feature","geometry":{"type":"Polygon","coordinates":[[[10.056,44.38],[10.037,44.292],[10.141,44.219],[10.172,44.312],[10.127,44.357],[10.056,44.38]]]},"properties":{"NAME":"Fivizzano","SUBJECTO":"Fivizzano","BORDERPRECISION":3}},
{"type":"Feature","geometry":{"type":"Polygon","coordinates":[[[10.338,43.596],[10.692,44.091],[10.41,43.937],[10.261,43.745],[10.338,43.596]]]},"properties":{"NAME":"Lucca","SUBJECTO":"Lucca","BORDERPRECISION":3}},
{"type":"Feature","geometry":{"type":"Polygon","coordinates":[[[11.202,44.143],[10.692,44.091],[10.338,43.596],[10.743,42.851],[11.96,42.007],[12.302,43.278],[11.854,44.357],[11.202,44.143]]]},"properties":{"NAME":"Tuscany","SUBJECTO":"Tuscany","BORDERPRECISION":3}},
{"type":"Feature","geometry":{"type":"Polygon","coordinates":[[[10.127,44.357],[10.172,44.312],[10.141,44.219],[10.037,44.292],[10.056,44.38],[9.978,44.407],[9.878,44.29],[9.825,44.153],[10.155,43.881],[10.41,43.937],[10.692,44.091],[11.202,44.143],[11.17,45.067],[10.856,45.051],[10.393,45.026],[10.127,44.357]]]},"properties":{"NAME":"Modena","SUBJECTO":"Modena","BORDERPRECISION":3}},
{"type":"Feature","geometry":{"type":"Polygon","coordinates":[[[10.41,43.937],[10.155,43.881],[10.261,43.745],[10.41,43.937]]]},"properties":{"NAME":"Massa","SUBJECTO":"Massa","BORDERPRECISION":3}},
{"type":"Feature","geometry":{"type":"Polygon","coordinates":[[[22.589,-34.135],[22.092,-33.357],[20.494,-33.121],[19.962,-31.878],[18.336,-32.339],[17.868,-32.994],[18.459,-33.832],[19.884,-34.992],[20.256,-34.623],[21.669,-34.506],[22.589,-34.135]]]},"properties":{"NAME":"Cape Colony","SUBJECTO":"Netherlands","BORDERPRECISION":3}},
{"type":"Feature","geometry":{"type":"Polygon","coordinates":[[[32.945,-25.54],[32.094,-25.604],[32.094,-26.255],[32.887,-26.715],[32.5,-26.068],[32.945,-25.54]]]},"properties":{"NAME":"Delagoa Bay","SUBJECTO":"Delagoa Bay","BORDERPRECISION":3}},
{"type":"Feature","geometry":{"type":"Polygon","coordinates":[[[48.015,-17.023],[47.482,-16.904],[46.654,-17.733],[45.292,-22.645],[45.529,-23.592],[47.186,-23.119],[48.488,-20.041],[48.488,-19.449],[48.015,-17.023]]]},"properties":{"NAME":"Expansionist Kingdom of Merina","SUBJECTO":"Expansionist Kingdom of Merina","BORDERPRECISION":3}},
{"type":"Feature","geometry":{"type":"Polygon","coordinates":[[[-16.87,14.364],[-16.051,15.069],[-15.755,16.253],[-16.45,16.118],[-17.221,14.725],[-16.87,14.364]]]},"properties":{"NAME":"Senegal","SUBJECTO":"Senegal","BORDERPRECISION":3}},
{"type":"Feature","geometry":{"type":"Polygon","coordinates":[[[-15.158,11.876],[-15.459,12.48],[-16.567,12.31],[-15.809,11.843],[-15.158,11.876]]]},"properties":{"NAME":"Portuguese Guinea","SUBJECTO":"Portuguese Guinea","BORDERPRECISION":3}},
{"type":"Feature","geometry":{"type":"Polygon","coordinates":[[[142.864,53.341],[141.767,53.272],[141.643,51.813],[142.153,50.89],[142.049,49.355],[141.74,48.807],[142.036,47.959],[141.732,47.471],[142.327,46.563],[142.993,46.954],[142.49,47.902],[142.854,49.128],[143.598,49.234],[143.633,50.235],[142.944,51.617],[143.139,52.856],[142.864,53.341]]]},"properties":{"NAME":null,"SUBJECTO":null,"BORDERPRECISION":3}},
{"type":"Feature","geometry":{"type":"Polygon","coordinates":[[[10.84,10.577],[12.019,9.87],[14.967,9.988],[16.619,11.049],[16.972,12.464],[16.843,14.328],[16.265,16.121],[13.552,16.121],[11.075,14.351],[10.25,12.7],[10.25,11.639],[10.84,10.577]]]},"properties":{"NAME":"Bornu-Kanem","SUBJECTO":"Bornu-Kanem","BORDERPRECISION":3}},
{"type":"Feature","geometry":{"type":"Polygon","coordinates":[[[0.697,15.413],[0.107,15.059],[0.649,13.155],[1.977,12.672],[3.185,12.914],[2.158,15.087],[0.697,15.413]]]},"properties":{"NAME":"Songhai","SUBJECTO":"Songhai","BORDERPRECISION":3}},
{"type":"Feature","geometry":{"type":"Polygon","coordinates":[[[-3.836,12.587],[-3.836,10.088],[-2.088,9.838],[-0.076,10.075],[0.769,12.31],[-0.837,13.408],[-2.724,13.644],[-3.836,12.587]]]},"properties":{"NAME":"Mossi States","SUBJECTO":"Mossi States","BORDERPRECISION":3}},
{"type":"Feature","geometry":{"type":"Polygon","coordinates":[[[20.515,16.476],[19.791,14.967],[19.368,13.397],[19.911,12.612],[22.629,13.215],[22.81,13.759],[22.327,15.329],[21.542,16.597],[20.515,16.476]]]},"properties":{"NAME":"Wadai","SUBJECTO":"Wadai","BORDERPRECISION":3}},
{"type":"Feature","geometry":{"type":"Polygon","coordinates":[[[22.689,15.329],[23.172,13.578],[24.32,12.793],[29.09,13.155],[29.996,14.242],[29.15,17.926],[27.46,18.167],[23.112,16.597],[22.689,15.329]]]},"properties":{"NAME":"Darfur","SUBJECTO":"Darfur","BORDERPRECISION":3}},
{"type":"Feature","geometry":{"type":"Polygon","coordinates":[[[23.504,-10.335],[23.263,-9.671],[23.625,-6.772],[21.331,-6.712],[17.889,-7.376],[17.466,-8.161],[18.251,-11.12],[23.021,-10.818],[23.504,-10.335]]]},"properties":{"NAME":"Lunda","SUBJECTO":"Lunda","BORDERPRECISION":3}},
{"type":"Feature","geometry":{"type":"Polygon","coordinates":[[[23.504,-10.335],[25.467,-10.395],[26.373,-10.274],[27.339,-9.61],[28.728,-9.731],[29.271,-9.187],[30.358,-9.248],[31.083,-8.704],[29.332,-5.323],[25.98,-5.142],[25.316,-6.531],[23.625,-6.772],[23.263,-9.671],[23.504,-10.335]]]},"properties":{"NAME":"Luba","SUBJECTO":"Luba","BORDERPRECISION":3}},
{"type":"Feature","geometry":{"type":"Polygon","coordinates":[[[12.372,-6.258],[13.387,-8.156],[13.084,-9.287],[14.329,-9.368],[14.399,-7.198],[14.99,-7.198],[15.05,-6.015],[14.576,-4.772],[14.103,-4.949],[13.274,-5.778],[12.372,-6.258]]]},"properties":{"NAME":"Congo","SUBJECTO":"Congo","BORDERPRECISION":3}},
{"type":"Feature","geometry":{"type":"Polygon","coordinates":[[[26.946,-18.668],[26.282,-20.661],[26.886,-21.929],[29.905,-22.05],[30.69,-20.057],[30.147,-18.547],[27.671,-18.004],[26.946,-18.668]]]},"properties":{"NAME":"Rozwi","SUBJECTO":"Rozwi","BORDERPRECISION":3}},
{"type":"Feature","geometry":{"type":"Polygon","coordinates":[[[80.079,7.744],[81.056,6.473],[81.396,7.276],[81.139,8.175],[80.619,8.833],[80.503,8.785],[80.079,7.744]]]},"properties":{"NAME":"Kandy","SUBJECTO":"Kandy","BORDERPRECISION":3}},
{"type":"Feature","geometry":{"type":"Polygon","coordinates":[[[37.275,-17.713],[36.386,-16.966],[35.546,-16.966],[34.287,-15.916],[33.343,-15.707],[34.812,-17.595],[35.378,-19.427],[37.275,-17.713]]]},"properties":{"NAME":"Portuguese East Africa","SUBJECTO":"Portuguese East Africa","BORDERPRECISION":3}},
{"type":"Feature","geometry":{"type":"Polygon","coordinates":[[[40.524,-10.55],[39.658,-9.796],[39.27,-7.801],[39.566,-7.044],[38.922,-6.34],[39.267,-4.776],[40.234,-3.192],[42.44,-0.512],[43.724,0.8],[45.541,1.967],[46.361,2.668],[47.556,3.993],[48.472,5.201],[49.046,6.416],[47.479,5.571],[45.941,3.502],[43.888,2.026],[41.055,-0.597],[38.746,-3.955],[38.222,-6.158],[38.904,-10.775],[40.524,-10.55]]]},"properties":{"NAME":"Zanzibar","SUBJECTO":"Zanzibar","BORDERPRECISION":3}},
{"type":"Feature","geometry":{"type":"Polygon","coordinates":[[[30.346,22.111],[29.466,20.766],[29.466,19.173],[30.691,16.845],[31.671,15.864],[31.426,13.291],[31.671,11.576],[33.142,11.576],[33.999,13.659],[33.632,15.742],[34.612,18.07],[33.877,19.663],[32.161,20.643],[31.617,21.295],[30.346,22.111]]]},"properties":{"NAME":"Ethiopia","SUBJECTO":"Ethiopia","BORDERPRECISION":3}},
{"type":"Feature","geometry":{"type":"Polygon","coordinates":[[[39.636,14.149],[39.391,10.595],[40.371,10.473],[40.494,9.86],[42.669,11.511],[43.475,12.098],[42.079,13.861],[41.761,13.886],[40.739,14.919],[40.39,14.906],[39.636,14.149]]]},"properties":{"NAME":"Awsa","SUBJECTO":"Awsa","BORDERPRECISION":3}},
{"type":"Feature","geometry":{"type":"Polygon","coordinates":[[[38.043,16.232],[36.083,16.109],[35.96,14.762],[36.462,8.547],[37.308,7.899],[38.184,8.318],[39.218,8.433],[39.562,9.122],[39.391,10.595],[39.636,14.149],[38.778,14.394],[38.043,15.007],[38.043,16.232]]]},"properties":{"NAME":"Ethiopia","SUBJECTO":"Ethiopia","BORDERPRECISION":3}},
{"type":"Feature","geometry":{"type":"Polygon","coordinates":[[[39.391,10.595],[39.562,9.122],[39.218,8.433],[38.184,8.318],[37.308,7.899],[36.462,8.547],[35.102,8.39],[34.98,7.287],[38.043,6.797],[38.043,5.694],[36.083,5.694],[36.45,2.63],[38.411,1.037],[42.332,1.773],[43.802,2.875],[43.435,3.856],[42.822,4.591],[41.719,4.713],[42.577,5.816],[42.945,6.919],[41.842,8.757],[40.494,9.86],[40.371,10.473],[39.391,10.595]]]},"properties":{"NAME":"Oromo","SUBJECTO":"Oromo","BORDERPRECISION":3}},
{"type":"Feature","geometry":{"type":"Polygon","coordinates":[[[8.558,53.158],[8.502,53.449],[7.875,53.634],[8.141,53.024],[8.641,53.013],[8.66,53.027],[8.558,53.158]]]},"properties":{"NAME":"Oldenburg","SUBJECTO":"Oldenburg","BORDERPRECISION":3}},
{"type":"Feature","geometry":{"type":"Polygon","coordinates":[[[18.965,54.228],[18.927,53.495],[20.097,53.182],[21.117,53.269],[22.807,53.808],[22.794,54.902],[21.684,55.353],[20.945,56.07],[21.137,54.845],[19.915,54.395],[19.57,54.255],[18.965,54.228]]]},"properties":{"NAME":"Prussia","SUBJECTO":"Prussia","BORDERPRECISION":3}},
{"type":"Feature","geometry":{"type":"Polygon","coordinates":[[[10.856,45.051],[10.377,45.374],[10.393,45.026],[10.856,45.051]]]},"properties":{"NAME":"Lombardy","SUBJECTO":"Lombardy","BORDERPRECISION":3}},
{"type":"Feature","geometry":{"type":"Polygon","coordinates":[[[10.18,51.596],[11.833,52.075],[15.2,51.985],[15.765,52.265],[16.204,53.706],[17.658,54.685],[14.473,53.877],[14.537,53.538],[13.773,53.475],[13.078,52.829],[12.092,53.2],[11.081,52.971],[10.553,52.167],[10.151,51.637],[10.18,51.596]]]},"properties":{"NAME":"Brandenburg","SUBJECTO":"Prussia","BORDERPRECISION":3}},
{"type":"Feature","geometry":{"type":"Polygon","coordinates":[[[9.752,53.503],[8.641,53.013],[8.141,53.024],[8.109,52.399],[8.871,52.457],[10.553,52.167],[11.081,52.971],[9.943,53.6],[10.023,53.455],[9.752,53.503]]]},"properties":{"NAME":"Hanover","SUBJECTO":"Hanover","BORDERPRECISION":3}},
{"type":"Feature","geometry":{"type":"Polygon","coordinates":[[[9.131,44.789],[8.395,44.8],[8.09,44.051],[8.897,44.437],[9.825,44.153],[9.878,44.29],[9.572,44.437],[9.131,44.789]]]},"properties":{"NAME":"Genoa","SUBJECTO":"Genoa","BORDERPRECISION":3}},
{"type":"Feature","geometry":{"type":"Polygon","coordinates":[[[7.98,43.965],[7.705,44.062],[7.468,43.811],[7.98,43.965]]]},"properties":{"NAME":null,"SUBJECTO":null,"BORDERPRECISION":3}},
{"type":"Feature","geometry":{"type":"Polygon","coordinates":[[[8.82,38.977],[9.479,39.144],[9.794,40.564],[9.306,41.184],[8.241,40.855],[8.82,38.977]]]},"properties":{"NAME":"Sardinia","SUBJECTO":"Austrian Empire","BORDERPRECISION":3}},
{"type":"Feature","geometry":{"type":"Polygon","coordinates":[[[13.761,41.207],[15.666,40.092],[16.083,39.012],[17.084,40.525],[15.991,41.406],[16.013,41.904],[14.922,41.972],[14.076,42.634],[13.415,42.364],[13.761,41.207]]]},"properties":{"NAME":"Naples","SUBJECTO":"Austrian Empire","BORDERPRECISION":3}},
{"type":"Feature","geometry":{"type":"Polygon","coordinates":[[[14.942,36.739],[15.387,38.206],[13.81,37.966],[13.322,38.221],[12.454,37.766],[14.942,36.739]]]},"properties":{"NAME":"Sicily","SUBJECTO":"Savoy-Piedmont","BORDERPRECISION":3}},
{"type":"Feature","geometry":{"type":"Polygon","coordinates":[[[9.943,53.6],[11.081,52.971],[12.092,53.2],[13.078,52.829],[13.773,53.475],[12.463,54.255],[11.565,54.035],[10.142,54.337],[8.884,54.229],[9.125,53.79],[9.752,53.503],[9.943,53.6]]]},"properties":{"NAME":"Lübeck","SUBJECTO":"Lübeck","BORDERPRECISION":3}},
{"type":"Feature","geometry":{"type":"Polygon","coordinates":[[[18.529,42.353],[18.91,42.218],[19.816,42.866],[19.184,43.153],[18.529,42.353]]]},"properties":{"NAME":"Montenegro","SUBJECTO":"Montenegro","BORDERPRECISION":3}},
{"type":"Feature","geometry":{"type":"Polygon","coordinates":[[[31.08,47.793],[31.167,48.618],[32.381,48.487],[33.553,48.878],[30.516,49.962],[30.342,51.394],[31.383,52.001],[31.383,53.26],[32.468,53.086],[32.208,54.431],[31.514,55.559],[32.078,56.774],[31.167,56.73],[29.518,58.075],[28.091,56.748],[24.027,56.542],[23.625,56.877],[22.564,57.616],[21.677,57.464],[20.945,56.07],[21.684,55.353],[22.794,54.902],[22.807,53.808],[21.117,53.269],[20.097,53.182],[18.927,53.495],[18.965,54.228],[17.658,54.685],[16.204,53.706],[15.765,52.265],[16.855,51.917],[18.646,50.645],[18.796,49.713],[20.016,49.803],[23.889,49.259],[24.342,48.351],[25.246,47.686],[26.36,48.125],[26.163,48.941],[28.908,47.818],[29.865,47.62],[31.08,47.793]]]},"properties":{"NAME":"Polish–Lithuanian Commonwealth","SUBJECTO":"Polish–Lithuanian Commonwealth","BORDERPRECISION":3}},
{"type":"Feature","geometry":{"type":"MultiPolygon","coordinates":[[[[130.435,42.277],[132.182,43.195],[132.953,42.67],[134.139,42.993],[136.034,44.398],[137.721,45.997],[139.214,47.811],[140.081,48.503],[141.121,53.052],[140.102,53.802],[138.417,54.092],[137.239,53.457],[136.161,53.021],[134.681,52.947],[132.018,52.429],[131.13,53.908],[130.538,53.908],[130.908,55.24],[130.39,56.054],[129.207,56.868],[124.916,56.202],[123.51,56.424],[121.957,55.906],[121.291,55.092],[120.702,53.185],[120.746,52.007],[119.182,50.702],[119.291,50.125],[117.491,49.586],[116.566,50.006],[115.734,49.864],[114.098,50.274],[112.524,49.462],[109.424,49.296],[107.549,49.827],[106.323,50.417],[103.681,50.166],[102.639,50.456],[101.772,51.425],[100.251,50.103],[99.532,48.666],[99.388,47.229],[100.394,45.505],[104.274,44.93],[104.705,44.211],[103.268,43.062],[103.268,42.487],[104.562,41.481],[103.556,39.9],[102.119,39.756],[100.538,40.331],[99.388,39.756],[99.245,38.75],[100.394,37.744],[101.688,36.307],[102.406,33.721],[100.682,28.691],[98.637,27.479],[98.734,26.343],[98.382,25.63],[97.524,24.8],[97.631,24.274],[98.769,24.09],[99.156,22.308],[100.04,21.621],[101.014,21.442],[101.968,22.534],[104.478,22.783],[105.313,23.296],[105.941,22.931],[107.098,21.649],[107.876,21.462],[109.117,21.399],[110.077,20.867],[111.086,21.479],[112.75,21.756],[113.717,22.482],[116.341,22.913],[118.813,24.849],[119.47,25.772],[119.429,26.591],[120.352,27.177],[121.009,28.277],[121.359,28.386],[121.77,29.834],[121.606,31.828],[120.661,32.543],[119.974,34.135],[119.021,34.692],[120.139,36.195],[121.847,36.86],[120.658,37.736],[119.599,37.117],[118.955,37.077],[118.875,37.949],[117.589,38.284],[117.753,39.203],[118.978,39.224],[119.385,39.843],[120.273,40.152],[121.011,40.851],[122.108,40.354],[121.239,39.554],[122.027,39.256],[124.134,39.843],[124.491,40.28],[125.879,40.945],[126.474,41.652],[128.098,41.449],[129.966,42.957],[130.435,42.277]]],[[[109.43,18.097],[110.263,18.626],[110.617,20.017],[109.55,19.914],[108.577,19.187],[108.652,18.482],[109.43,18.097]]]]},"properties":{"NAME":"Manchu Empire","SUBJECTO":"Manchu Empire","BORDERPRECISION":3}},
{"type":"Feature","geometry":{"type":"Polygon","coordinates":[[[99.245,38.75],[89.616,36.882],[80.132,36.882],[79.329,35.628],[80.175,31.573],[81.449,30.403],[83.402,29.54],[83.698,29.183],[85.144,28.342],[88.162,27.741],[89.672,28.197],[91.301,27.997],[92.17,26.987],[91.064,26.753],[90,26.36],[91.547,26.285],[92.401,26.584],[94.324,26.883],[95.478,27.909],[97.34,28.182],[98.009,28.091],[98.637,27.479],[100.682,28.691],[102.406,33.721],[101.688,36.307],[100.394,37.744],[99.245,38.75]]]},"properties":{"NAME":"Tibet","SUBJECTO":"Tibet","BORDERPRECISION":3}},
{"type":"Feature","geometry":{"type":"Polygon","coordinates":[[[48.554,29.995],[50.132,30.066],[50.705,29.401],[51.35,28.036],[52.41,27.581],[52.891,27.052],[54.646,26.391],[55.9,27.105],[56.79,26.974],[57.255,25.793],[59.031,25.308],[60.48,25.298],[61.344,25.027],[64.425,25.173],[66.3,25.495],[66.928,28.112],[66.767,30.415],[67.629,31.134],[67.486,32.427],[67.773,33.433],[67.054,35.589],[65.474,35.014],[66.336,36.307],[64.405,37.64],[62.114,39.22],[61.229,39.831],[57.314,36.829],[54.067,36.942],[53.8,36.679],[51.796,36.432],[50.561,36.686],[50.039,37.225],[48.837,37.511],[48.825,38.31],[49.807,40.581],[47.565,43.008],[47.493,43.583],[47.249,42.785],[48.224,41.471],[47.35,41.442],[46.042,42.049],[44.978,42.772],[43.957,42.591],[42.878,41.546],[43.847,40.75],[44.205,37.867],[45.388,35.926],[46.211,35.784],[46.184,35.058],[45.671,34.617],[45.506,33.797],[46.508,32.812],[47.793,31.797],[47.689,30.882],[48.554,29.995]]]},"properties":{"NAME":"Safavid Empire","SUBJECTO":"Safavid Empire","BORDERPRECISION":3}},
{"type":"Feature","geometry":{"type":"MultiPolygon","coordinates":[[[[101.772,51.425],[101.011,51.672],[97.61,52.148],[97.319,52.826],[95.866,53.796],[95.187,53.796],[93.567,52.349],[92.591,52.4],[91.965,51.569],[90,51.569],[85.605,48.234],[85.535,47.181],[80.94,44.078],[69.816,41.211],[70.095,37.907],[69.232,37.368],[66.336,36.307],[69.497,35.876],[73.809,38.032],[75.246,38.032],[79.329,35.628],[80.132,36.882],[89.616,36.882],[99.245,38.75],[99.388,39.756],[100.538,40.331],[102.119,39.756],[103.556,39.9],[104.562,41.481],[103.268,42.487],[103.268,43.062],[104.705,44.211],[104.274,44.93],[100.394,45.505],[99.388,47.229],[99.532,48.666],[100.251,50.103],[101.772,51.425]]],[[[64.405,37.64],[62.662,39.22],[62.114,39.22],[64.405,37.64]]]]},"properties":{"NAME":"central Asian khanates","SUBJECTO":"central Asian khanates","BORDERPRECISION":3}},
{"type":"Feature","geometry":{"type":"Polygon","coordinates":[[[74.421,14.375],[74.875,15.136],[74.466,15.699],[74.466,16.364],[74.977,16.671],[75.131,17.49],[74.67,18.001],[75.796,18.513],[74.261,18.922],[73.8,20.252],[73.135,19.638],[72.976,18.539],[73.409,16.559],[73.841,15.39],[74.421,14.375]]]},"properties":{"NAME":"Maratha","SUBJECTO":"Maratha","BORDERPRECISION":3}},
{"type":"Feature","geometry":{"type":"Polygon","coordinates":[[[92.51,22.11],[92.047,23.69],[91.566,24.346],[91.434,26.098],[90,25.966],[90,26.36],[91.064,26.753],[89.834,26.685],[88.868,26.908],[88.232,26.757],[88.162,27.741],[85.144,28.342],[83.698,29.183],[83.402,29.54],[81.449,30.403],[80.175,31.573],[79.329,35.628],[75.246,38.032],[73.809,38.032],[69.497,35.876],[66.336,36.307],[65.474,35.014],[67.054,35.589],[67.773,33.433],[67.486,32.427],[67.629,31.134],[66.767,30.415],[66.928,28.112],[66.3,25.495],[67.316,24.093],[68.047,23.764],[68.791,23.029],[69.665,22.789],[69.969,22.351],[69.126,21.969],[70.21,20.948],[71.024,20.657],[72.121,21.155],[72.319,22.115],[73.11,20.687],[72.759,20.058],[72.976,18.539],[73.135,19.638],[73.8,20.252],[74.261,18.922],[75.796,18.513],[74.67,18.001],[75.131,17.49],[74.977,16.671],[74.466,16.364],[74.466,15.699],[74.875,15.136],[74.421,14.375],[74.703,13.751],[75.796,13.908],[77.053,12.557],[77.996,12.578],[78.559,12.22],[79.07,11.35],[79.725,11.516],[80.224,12.831],[80.089,15.175],[80.3,15.646],[81.088,15.827],[81.369,16.347],[82.235,16.647],[82.354,17.086],[84.263,18.456],[85.113,19.442],[86.119,19.807],[86.926,20.691],[86.796,21.136],[87.641,21.563],[88.723,21.54],[90,21.93],[90,22.561],[91.41,22.721],[92.124,20.996],[92.598,21.387],[92.51,22.11]]]},"properties":{"NAME":"Mughal Empire","SUBJECTO":"Mughal Empire","BORDERPRECISION":3}},
{"type":"Feature","geometry":{"type":"Polygon","coordinates":[[[74.703,13.751],[75.211,12.102],[76.075,10.554],[76.704,8.706],[77.618,8.117],[77.426,9.962],[77.053,12.557],[75.796,13.908],[74.703,13.751]]]},"properties":{"NAME":"Hindu Kingdoms","SUBJECTO":"Netherlands","BORDERPRECISION":3}},
{"type":"Feature","geometry":{"type":"Polygon","coordinates":[[[101.968,22.534],[102.691,21.668],[102.993,20.94],[104.129,20.94],[104.716,20.2],[103.899,19.313],[104.812,18.722],[106.638,16.484],[107.108,16.17],[107.463,14.997],[107.297,14.176],[107.48,13.257],[107.482,12.583],[106.854,10.576],[107.266,10.348],[108.696,11.145],[109.073,11.635],[109.307,12.906],[108.786,15.091],[108.236,16.08],[107.809,16.283],[106.433,17.55],[106.364,18.007],[105.533,18.844],[105.843,19.702],[106.807,20.905],[107.876,21.462],[107.098,21.649],[105.941,22.931],[105.313,23.296],[104.478,22.783],[101.968,22.534]]]},"properties":{"NAME":"Đại Việt","SUBJECTO":"Đại Việt","BORDERPRECISION":3}},
{"type":"Feature","geometry":{"type":"Polygon","coordinates":[[[107.48,13.257],[106.061,13.343],[105.016,13.406],[103.657,12.846],[102.671,12.038],[103.04,10.898],[103.67,10.766],[104.979,9.981],[104.742,8.494],[106.482,9.552],[106.854,10.576],[107.482,12.583],[107.48,13.257]]]},"properties":{"NAME":"Cambodia","SUBJECTO":"Cambodia","BORDERPRECISION":3}},
{"type":"Feature","geometry":{"type":"Polygon","coordinates":[[[101.014,21.442],[100.001,20.459],[100.431,20.226],[100.5,19.439],[101.229,18.91],[100.927,17.515],[101.865,18.107],[102.661,17.845],[103.225,18.439],[103.928,18.278],[104.584,17.33],[104.61,16.644],[106.146,14.024],[106.061,13.343],[107.48,13.257],[107.297,14.176],[107.463,14.997],[107.108,16.17],[106.638,16.484],[104.812,18.722],[103.899,19.313],[104.716,20.2],[104.129,20.94],[102.993,20.94],[102.691,21.668],[101.968,22.534],[101.014,21.442]]]},"properties":{"NAME":"Laotian states","SUBJECTO":"Laotian states","BORDERPRECISION":3}},
{"type":"Feature","geometry":{"type":"Polygon","coordinates":[[[102.074,6.154],[101.56,6.74],[100.615,6.979],[100.132,8.532],[99.071,9.898],[99.895,12.079],[100.24,13.49],[100.909,13.447],[100.872,12.679],[101.919,12.585],[102.671,12.038],[103.657,12.846],[105.016,13.406],[106.061,13.343],[106.146,14.024],[104.61,16.644],[104.584,17.33],[103.928,18.278],[103.225,18.439],[102.661,17.845],[101.865,18.107],[100.927,17.515],[99.905,16.666],[98.787,16.394],[98.58,15.472],[98.137,15.19],[98.487,14.372],[99.003,13.886],[99.098,12.972],[99.581,11.889],[98.593,10.12],[98.177,8.6],[99.025,7.871],[99.663,6.71],[100.159,6.34],[100.617,6.422],[101.763,5.586],[102.074,6.154]]]},"properties":{"NAME":"Ayutthaya","SUBJECTO":"Ayutthaya","BORDERPRECISION":3}},
{"type":"Feature","geometry":{"type":"Polygon","coordinates":[[[98.637,27.479],[98.009,28.091],[97.34,28.182],[95.478,27.909],[94.324,26.883],[92.401,26.584],[91.547,26.285],[90,26.36],[90,25.966],[91.434,26.098],[91.566,24.346],[92.047,23.69],[94.383,24.199],[95.742,24.039],[96.621,21.321],[97.261,20.921],[99.1,21.241],[100.04,21.621],[99.156,22.308],[98.769,24.09],[97.631,24.274],[97.524,24.8],[98.382,25.63],[98.734,26.343],[98.637,27.479]]]},"properties":{"NAME":"Shan states","SUBJECTO":"Shan states","BORDERPRECISION":3}},
{"type":"Feature","geometry":{"type":"Polygon","coordinates":[[[94.465,17.643],[94.144,16.006],[94.819,16.21],[95.33,15.678],[96.469,16.513],[96.882,17.346],[97.573,16.445],[97.823,14.616],[98.486,13.112],[98.738,11.435],[98.398,10.564],[98.593,10.12],[99.581,11.889],[99.098,12.972],[99.003,13.886],[98.487,14.372],[98.137,15.19],[98.58,15.472],[98.787,16.394],[97.788,17.575],[97.789,19.398],[98.016,19.749],[98.993,19.862],[100.001,20.459],[101.014,21.442],[100.04,21.621],[99.1,21.241],[97.261,20.921],[96.621,21.321],[95.742,24.039],[94.383,24.199],[92.047,23.69],[92.51,22.11],[93.318,21.73],[94.702,20.016],[95.362,18.038],[94.465,17.643]]]},"properties":{"NAME":"Ava","SUBJECTO":"Ava","BORDERPRECISION":3}},
{"type":"Feature","geometry":{"type":"Polygon","coordinates":[[[6.844,4.292],[6.906,7.715],[6.157,9.339],[4.158,9.963],[3.159,9.714],[2.659,8.714],[2.617,6.341],[3.949,6.579],[5.153,5.642],[5.607,4.632],[6.844,4.292]]]},"properties":{"NAME":"Oyo","SUBJECTO":"Oyo","BORDERPRECISION":3}},
{"type":"Feature","geometry":{"type":"Polygon","coordinates":[[[-8.333,13.211],[-8.583,12.212],[-7.459,11.837],[-3.836,14.086],[-4.961,14.835],[-7.977,13.383],[-8.333,13.211]]]},"properties":{"NAME":"Segu","SUBJECTO":"Segu","BORDERPRECISION":3}},
{"type":"Feature","geometry":{"type":"Polygon","coordinates":[[[1.035,8.09],[0.66,8.839],[0.036,8.964],[-0.963,8.215],[-1.338,7.465],[-0.838,6.716],[-0.089,6.716],[0.66,7.215],[1.035,8.09]]]},"properties":{"NAME":"Asante","SUBJECTO":"Asante","BORDERPRECISION":3}},
{"type":"Feature","geometry":{"type":"Polygon","coordinates":[[[-7.977,13.383],[-7.584,14.585],[-9.333,15.46],[-9.832,15.21],[-10.082,13.211],[-9.582,12.836],[-8.333,13.211],[-7.977,13.383]]]},"properties":{"NAME":"Kali","SUBJECTO":"Kali","BORDERPRECISION":3}},
{"type":"Feature","geometry":{"type":"Polygon","coordinates":[[[-2.213,16.959],[-1.963,16.334],[-0.838,16.334],[-0.589,17.208],[-1.213,17.708],[-1.963,17.708],[-2.213,16.959]]]},"properties":{"NAME":"Arma","SUBJECTO":"Arma","BORDERPRECISION":3}},
{"type":"Feature","geometry":{"type":"Polygon","coordinates":[[[8.576,3.067],[8.827,3.612],[8.478,3.557],[8.576,3.067]]]},"properties":{"NAME":null,"SUBJECTO":null,"BORDERPRECISION":3}},
{"type":"Feature","geometry":{"type":"Polygon","coordinates":[[[6.531,16.709],[7.781,16.584],[8.405,17.208],[8.155,18.208],[7.156,18.458],[6.531,17.958],[6.531,16.709]]]},"properties":{"NAME":"Air","SUBJECTO":"Air","BORDERPRECISION":3}},
{"type":"Feature","geometry":{"type":"Polygon","coordinates":[[[-8.833,11.587],[-10.332,11.462],[-11.331,9.838],[-10.207,8.839],[-8.333,8.839],[-7.584,10.713],[-8.833,11.587]]]},"properties":{"NAME":"Mali","SUBJECTO":"Mali","BORDERPRECISION":3}},
{"type":"Feature","geometry":{"type":"Polygon","coordinates":[[[-10.832,14.46],[-11.331,15.085],[-13.954,15.834],[-14.704,15.585],[-14.954,15.085],[-12.58,12.836],[-11.456,12.961],[-10.832,14.46]]]},"properties":{"NAME":"Tekrur","SUBJECTO":"Tekrur","BORDERPRECISION":3}},
{"type":"Feature","geometry":{"type":"Polygon","coordinates":[[[57.396,23.837],[57.621,22.705],[58.774,20.941],[59.837,22.279],[58.628,23.458],[57.396,23.837]]]},"properties":{"NAME":"Oman","SUBJECTO":"Oman","BORDERPRECISION":3}},
{"type":"Feature","geometry":{"type":"Polygon","coordinates":[[[36.33,26.403],[37.218,25.167],[37.201,24.658],[38.329,23.835],[38.814,24.841],[40.648,24.153],[41.07,22.263],[41.812,21.713],[41.923,20.767],[40.82,19.685],[41.629,18.047],[42.764,16.645],[43.488,16.622],[44.509,14.097],[45.261,13.828],[46.335,14.097],[46.878,13.474],[48.036,14.045],[48.96,14.219],[49.334,14.633],[51.313,15.247],[52.135,15.687],[52.894,16.61],[54.084,17.019],[55.195,17.149],[55.561,17.937],[56.258,17.977],[56.739,18.689],[57.839,19.035],[57.806,20.172],[58.512,20.421],[58.774,20.941],[57.621,22.705],[57.396,23.837],[56.794,24.268],[56.015,25.772],[55.457,25.42],[54.347,24.154],[53.687,23.987],[51.586,24.003],[51.587,25.609],[50.847,25.265],[50.968,24.436],[50.569,23.854],[49.704,24.41],[49.395,26.078],[48.469,26.695],[47.439,28.829],[46.905,29.438],[44.083,30.337],[40.029,34.391],[38.036,34.597],[37.212,33.566],[36.525,31.162],[36.593,29.787],[37.421,27.834],[36.33,26.403]]]},"properties":{"NAME":null,"SUBJECTO":null,"BORDERPRECISION":3}},
{"type":"Feature","geometry":{"type":"Polygon","coordinates":[[[42.878,41.546],[43.957,42.591],[44.978,42.772],[46.042,42.049],[47.35,41.442],[48.224,41.471],[47.249,42.785],[47.493,43.583],[46.873,44.68],[44.755,44.439],[43.88,44.814],[43.381,46.188],[42.257,46.813],[40.633,46.688],[40.383,45.439],[39.633,45.689],[37.474,44.692],[38.924,44.212],[40.252,43.268],[41.41,42.788],[41.484,41.437],[42.878,41.546]]]},"properties":{"NAME":null,"SUBJECTO":null,"BORDERPRECISION":3}},
{"type":"Feature","geometry":{"type":"MultiPolygon","coordinates":[[[[-70.498,-54.923],[-70.721,-54.937],[-67.153,-54.91],[-66.622,-55.07],[-65.259,-54.719],[-66.622,-55.07],[-67.153,-54.91],[-69.672,-54.774],[-70.498,-54.923]]],[[[-71.442,-53.882],[-71.872,-53.696],[-71.442,-53.882],[-70.998,-53.821],[-70.734,-52.802],[-69.483,-52.361],[-68.411,-52.405],[-69.483,-52.361],[-70.734,-52.802],[-70.998,-53.821],[-71.442,-53.882]]],[[[-72.212,-52.572],[-72.559,-52.573],[-71.678,-52.644],[-72.212,-52.572]]],[[[-74.297,-47.761],[-74.538,-47.787],[-73.36,-47.974],[-74.297,-47.761]]],[[[-73.138,-45.344],[-73.335,-45.28],[-73.047,-45.376],[-73.138,-45.344]]],[[[-62.351,-39.333],[-61.361,-39.031],[-59.515,-38.875],[-57.809,-38.386],[-56.698,-36.944],[-56.8,-36.543],[-56.698,-36.944],[-57.809,-38.386],[-59.515,-38.875],[-61.361,-39.031],[-62.351,-39.333]]],[[[-69.077,-51.499],[-69.041,-50.562],[-67.833,-49.968],[-67.578,-49.059],[-66.078,-48.142],[-65.713,-47.354],[-66.078,-48.142],[-67.578,-49.059],[-67.833,-49.968],[-69.041,-50.562],[-69.115,-51.352],[-69.077,-51.499]]],[[[-69.367,-33.093],[-70.48,-35.358],[-70.391,-36.165],[-71.149,-37.216],[-70.289,-36.474],[-69.367,-34.445],[-69.367,-33.093]]]]},"properties":{"NAME":null,"SUBJECTO":null,"BORDERPRECISION":3}},
{"type":"Feature","geometry":{"type":"Polygon","coordinates":[[[-51.477,-31.823],[-50.469,-30.74],[-49.936,-29.627],[-48.937,-28.698],[-48.564,-27.681],[-48.516,-25.876],[-48.725,-25.426],[-46.206,-23.883],[-45.459,-23.856],[-44.561,-22.99],[-41.958,-22.921],[-41.929,-22.546],[-40.984,-22.086],[-40.933,-21.279],[-39.691,-19.409],[-39.666,-18.227],[-39.142,-17.775],[-38.948,-16.002],[-39.126,-14.325],[-38.799,-12.627],[-38.266,-12.887],[-37.637,-11.951],[-37.187,-10.845],[-36.829,-10.736],[-35.599,-9.628],[-35.114,-8.661],[-34.891,-7.612],[-35.464,-5.268],[-37.181,-4.954],[-38.786,-3.604],[-40.231,-2.851],[-41.103,-2.974],[-42.316,-2.818],[-43.334,-2.432],[-44.222,-2.777],[-44.796,-1.736],[-47.237,-0.68],[-48.043,-0.816],[-48.39,-1.414],[-49.221,-2.108],[-50.643,-1.882],[-50.977,-1.114],[-52.022,-1.568],[-51.529,-0.429],[-50.647,0.272],[-49.884,1.214],[-50.555,1.969],[-52.678,-0.03],[-58.422,-2.306],[-59.298,-2.653],[-59.673,-3.277],[-58.923,-3.652],[-53.052,-2.528],[-51.553,-3.402],[-47.206,-5],[-43.059,-6.525],[-42.435,-8.899],[-45.557,-16.893],[-49.002,-22.664],[-50.179,-24.638],[-50.054,-27.76],[-52.826,-31.597],[-53.51,-32.545],[-53.236,-32.937],[-53.406,-33.879],[-52.351,-32.675],[-52.042,-31.557],[-51.445,-31.015],[-51.232,-30.265],[-50.609,-30.302],[-51.477,-31.823]]]},"properties":{"NAME":"Vice-Royalty of Brazil","SUBJECTO":"Portugal","BORDERPRECISION":3}},
{"type":"Feature","geometry":{"type":"Polygon","coordinates":[[[-87.383,30.442],[-86.389,30.473],[-85.305,29.664],[-83.886,30.048],[-82.647,28.907],[-82.841,27.838],[-82.31,26.825],[-81.401,25.859],[-81.098,25.125],[-80.314,25.244],[-80.05,26.551],[-80.605,28.561],[-81.405,30.073],[-81.512,30.727],[-81.199,31.591],[-83.247,31.374],[-85.78,31.449],[-87.528,31.324],[-87.383,30.442]]]},"properties":{"NAME":"Florida (Spain)","SUBJECTO":"Spain","BORDERPRECISION":3}},
{"type":"Feature","geometry":{"type":"Polygon","coordinates":[[[-78.253,33.888],[-79.25,34.371],[-79.749,33.872],[-79.305,33.269],[-78.253,33.888]]]},"properties":{"NAME":"South Carolina","SUBJECTO":"South Carolina","BORDERPRECISION":3}},
{"type":"Feature","geometry":{"type":"Polygon","coordinates":[[[-77.66,58.236],[-76.772,57.663],[-76.439,56.81],[-77.234,55.607],[-79.545,54.692],[-78.491,52.256],[-79.594,51.266],[-80.361,51.304],[-81.747,52.17],[-82.341,52.981],[-82.202,54.969],[-84.468,55.167],[-87.467,55.912],[-87.914,56.332],[-90,57.178],[-92.483,56.977],[-93.074,58.551],[-94.684,58.878],[-96.638,57.056],[-96.438,55.257],[-95.538,54.657],[-89.742,52.559],[-88.244,51.56],[-86.003,49.342],[-82.449,47.517],[-79.97,47.197],[-77.892,47.197],[-76.053,47.757],[-74.153,50.161],[-73.354,53.658],[-73.953,56.256],[-74.316,56.619],[-74.853,57.156],[-77.66,58.236]]]},"properties":{"NAME":"Rupert's Land","SUBJECTO":"United Kingdom","BORDERPRECISION":3}},
{"type":"Feature","geometry":{"type":"Polygon","coordinates":[[[-87.528,31.324],[-88.881,31.854],[-90,31.72],[-91.305,30.912],[-90,30.142],[-89.233,30.406],[-87.775,30.263],[-87.383,30.442],[-87.528,31.324]]]},"properties":{"NAME":"Louisiana","SUBJECTO":"Louisiana","BORDERPRECISION":3}},
{"type":"Feature","geometry":{"type":"Polygon","coordinates":[[[-155.218,19.772],[-155.931,20.284],[-156.034,19.106],[-155.218,19.772]]]},"properties":{"NAME":"Polynesians","SUBJECTO":"Polynesians","BORDERPRECISION":3}},
{"type":"Feature","geometry":{"type":"Polygon","coordinates":[[[-51.135,3.715],[-51.439,4.324],[-53.027,5.427],[-54.286,5.882],[-54.455,4.051],[-52.929,3.712],[-51.135,3.715]]]},"properties":{"NAME":"Cayenne","SUBJECTO":"Cayenne","BORDERPRECISION":3}},
{"type":"Feature","geometry":{"type":"Polygon","coordinates":[[[-54.286,5.882],[-56.746,6.003],[-58.575,6.984],[-58.617,7.499],[-59.834,8.44],[-60.066,4.52],[-58.719,4.116],[-57.777,4.52],[-56.565,4.52],[-54.455,4.051],[-54.286,5.882]]]},"properties":{"NAME":"Guyana (Netherlands)","SUBJECTO":"Netherlands","BORDERPRECISION":3}},
{"type":"Feature","geometry":{"type":"MultiPolygon","coordinates":[[[[-88.32,18.494],[-87.877,18.381],[-87.651,20.19],[-86.936,20.976],[-87.201,21.529],[-88.334,21.59],[-90,21.161],[-90,19.382],[-91.702,18.823],[-94.242,18.24],[-96.012,18.929],[-97.504,21.189],[-97.882,22.333],[-97.823,24.208],[-97.26,25.811],[-99.136,26.177],[-99.935,27.976],[-100.535,28.176],[-101.334,29.475],[-103.683,32.573],[-105.931,36.67],[-105.931,37.128],[-106.455,37.191],[-107.8,36.72],[-107.88,36.47],[-111.278,34.871],[-113.376,33.372],[-114.255,33.421],[-117.497,33.325],[-116.705,31.591],[-115.602,29.685],[-114.067,28.423],[-114.478,27.244],[-113.285,26.808],[-112.411,26.193],[-112.166,25.011],[-111.392,24.243],[-110.225,23.4],[-110.205,24.315],[-110.798,24.88],[-111.915,26.664],[-112.87,28.335],[-114.683,30.143],[-114.988,31.166],[-114.839,31.815],[-113.052,31.139],[-112.654,29.919],[-111.692,28.496],[-110.604,27.856],[-110.382,27.214],[-109.132,26.289],[-108.848,25.615],[-108.013,24.981],[-105.54,22.285],[-105.291,20.67],[-105.67,20.352],[-104.948,19.438],[-104.197,19.058],[-103.494,18.354],[-101.993,18.027],[-101.221,17.418],[-98.856,16.597],[-97.881,16.052],[-96.333,15.75],[-95.13,16.299],[-94.075,16.111],[-91.516,14.059],[-90,13.937],[-89.989,13.678],[-87.949,13.172],[-86.014,11.368],[-85.621,10.827],[-85.778,10.138],[-85.089,9.583],[-83.615,9.152],[-83.605,8.548],[-82.957,8.047],[-82.907,9.519],[-82.56,9.583],[-83.204,10.2],[-83.914,11.251],[-83.9,11.888],[-84.095,12.528],[-83.858,14.185],[-83.296,14.615],[-83.527,15.237],[-84.132,15.375],[-84.65,15.933],[-86.372,15.803],[-88.941,15.905],[-89.251,15.897],[-89.154,17.831],[-88.32,18.494]]],[[[-59.834,8.44],[-61.29,8.771],[-60.793,9.388],[-61.531,9.851],[-64.068,10.627],[-64.884,10.136],[-66.478,10.679],[-67.98,10.542],[-68.695,11.38],[-69.748,11.533],[-71.098,11.12],[-71.496,10.646],[-71.044,9.392],[-71.605,9.092],[-72.114,9.904],[-71.688,10.769],[-71.988,11.608],[-71.189,11.912],[-71.437,12.422],[-72.723,10.983],[-73.127,8.829],[-72.723,6.675],[-70.434,7.482],[-70.165,7.079],[-71.511,6.54],[-71.107,3.443],[-70.03,2.5],[-66.798,2.366],[-64.779,5.059],[-64.913,6.001],[-66.26,7.348],[-65.317,8.021],[-59.834,8.44]]]]},"properties":{"NAME":"Vice-Royalty of New Spain","SUBJECTO":"Spain","BORDERPRECISION":3}},
{"type":"Feature","geometry":{"type":"MultiPolygon","coordinates":[[[[-58.34,-34.216],[-57.787,-34.598],[-56.719,-34.691],[-56.8,-31.008],[-56.675,-29.888],[-56.55,-28.76],[-53.802,-28.01],[-53.177,-27.511],[-53.677,-26.386],[-53.403,-24.285],[-52.194,-22.834],[-52.325,-22.244],[-52.686,-20.622],[-53.915,-19.761],[-55.021,-20.622],[-57.111,-20.622],[-58.709,-18.409],[-60.307,-18.163],[-60.936,-18.863],[-61.413,-19.393],[-61.047,-21.104],[-61.047,-21.117],[-61.782,-22.466],[-61.782,-26.153],[-65.793,-27.011],[-67.544,-26.393],[-67.917,-26.261],[-67.667,-23.763],[-67.917,-22.014],[-66.699,-20.253],[-66.33,-18.286],[-66.822,-16.688],[-66.699,-15.582],[-65.839,-14.23],[-65.962,-12.755],[-67.068,-11.28],[-68.42,-11.28],[-69.281,-11.771],[-68.789,-14.23],[-70.264,-14.23],[-74.288,-12.646],[-77.885,-6.977],[-76.656,-6.977],[-74.32,-7.961],[-73.214,-6.731],[-69.649,-6.117],[-69.281,-4.519],[-71.001,-2.675],[-76.041,-2.798],[-76.415,-1.634],[-75.685,1.558],[-74.474,4.386],[-72.723,6.675],[-73.127,8.829],[-72.723,10.983],[-71.437,12.422],[-73.362,11.325],[-74.219,11.368],[-75.45,10.628],[-75.703,9.426],[-76.764,8.693],[-78.266,9.386],[-79.5,9.638],[-80.962,8.865],[-82.23,9.047],[-82.56,9.583],[-82.907,9.519],[-82.957,8.047],[-82.384,8.321],[-80.814,7.27],[-79.717,8.883],[-79.068,9.034],[-78.184,8.413],[-78.265,7.886],[-77.4,6.67],[-77.5,5.514],[-77.106,3.792],[-77.802,2.577],[-78.468,2.467],[-78.492,1.921],[-78.984,1.297],[-80.086,0.818],[-80.339,-0.663],[-80.966,-1.033],[-80.741,-2.119],[-80.144,-3.414],[-81.304,-4.332],[-81.418,-4.675],[-80.612,-6.37],[-80.066,-6.756],[-79.06,-8.216],[-77.759,-10.659],[-76.238,-13.502],[-76.242,-14.106],[-75.231,-15.222],[-74.05,-16.045],[-71.612,-17.221],[-71.365,-17.697],[-70.584,-18.083],[-70.209,-19.067],[-70.111,-21.748],[-70.292,-22.987],[-70.573,-23.166],[-70.398,-25.249],[-70.935,-27.727],[-71.43,-29.1],[-71.33,-30.104],[-71.682,-30.6],[-71.403,-32.645],[-71.75,-33.191],[-71.61,-33.572],[-72.629,-35.646],[-73.144,-37.156],[-73.69,-37.367],[-73.401,-38.099],[-73.441,-38.628],[-73.196,-39.419],[-73.905,-40.839],[-73.594,-41.697],[-72.587,-41.618],[-71.805,-41.574],[-71.799,-40.553],[-71.551,-39.758],[-70.844,-38.727],[-71.149,-37.216],[-70.391,-36.165],[-70.48,-35.358],[-69.367,-33.093],[-69.041,-32.382],[-67.792,-31.633],[-67.487,-31.716],[-58.34,-34.216]],[[-77.254,-2.759],[-77.9,-3.113],[-78.392,-2.913],[-78.562,-2.129],[-77.854,-1.667],[-77.254,-2.098],[-77.254,-2.759]]],[[[-60.584,-16.369],[-61.168,-14.23],[-61.367,-14.057],[-63.011,-12.632],[-64.118,-12.878],[-64.487,-13.738],[-64.732,-14.967],[-64.401,-15.629],[-63.503,-17.426],[-61.905,-17.672],[-61.606,-17.522],[-60.43,-16.934],[-60.584,-16.369]]]]},"properties":{"NAME":"Vice-Royalty of Peru","SUBJECTO":"Spain","BORDERPRECISION":3}},
{"type":"Feature","geometry":{"type":"Polygon","coordinates":[[[-81.877,37.363],[-82.062,38.334],[-83.096,38.957],[-84.692,39.246],[-86.076,39.201],[-87.55,38.699],[-87.778,38.364],[-88.371,37.087],[-87.961,36.874],[-87.687,35.795],[-86.693,35.112],[-86.669,35.096],[-85.24,35.689],[-83.253,36.669],[-81.877,37.363]]]},"properties":{"NAME":"Shawnee","SUBJECTO":"Shawnee","BORDERPRECISION":3}},
{"type":"Feature","geometry":{"type":"Polygon","coordinates":[[[-91.981,30.233],[-92.017,29.825],[-91.24,29.321],[-90,29.109],[-89.523,29.976],[-91.184,29.856],[-91.981,30.233]]]},"properties":{"NAME":"Chtimacha","SUBJECTO":"Chtimacha","BORDERPRECISION":3}},
{"type":"Feature","geometry":{"type":"Polygon","coordinates":[[[-97.479,31.104],[-98.398,31.383],[-99.454,32.239],[-99.685,33.943],[-100.548,34.763],[-101.266,35.946],[-101.684,37.624],[-103.303,35.92],[-104.167,35.39],[-104.355,34.89],[-103.829,34.216],[-103.367,32.386],[-100.106,31.04],[-98.423,29.694],[-97.75,30.22],[-97.479,31.104]]]},"properties":{"NAME":"Comanche","SUBJECTO":"Comanche","BORDERPRECISION":3}},
{"type":"Feature","geometry":{"type":"MultiPolygon","coordinates":[[[[-97.198,41.362],[-97.534,42.008],[-98.293,42.317],[-100.856,42.762],[-100.874,42.763],[-101.393,41.716],[-101.267,41.141],[-100.71,41.016],[-99.846,39.814],[-99.518,38.768],[-97.807,38.777],[-97.043,40.249],[-96.723,41.192],[-97.198,41.362]]],[[[-101.266,41.134],[-101.267,41.141],[-101.275,41.143],[-101.266,41.134]]]]},"properties":{"NAME":"Pawnee","SUBJECTO":"Pawnee","BORDERPRECISION":3}},
{"type":"Feature","geometry":{"type":"Polygon","coordinates":[[[-103.479,42.611],[-102.229,44.165],[-103.22,45.194],[-104.553,45.072],[-105.436,43.754],[-105.977,43.312],[-104.834,42.238],[-104.164,41.971],[-103.479,42.611]]]},"properties":{"NAME":"Cheyenne","SUBJECTO":"Cheyenne","BORDERPRECISION":3}},
{"type":"Feature","geometry":{"type":"Polygon","coordinates":[[[-87.162,32.953],[-87.322,31.867],[-85.827,31.859],[-85.668,32.762],[-86.107,32.913],[-87.162,32.953]]]},"properties":{"NAME":"Alabama","SUBJECTO":"Alabama","BORDERPRECISION":3}},
{"type":"Feature","geometry":{"type":"Polygon","coordinates":[[[-90.409,32.05],[-89.951,32.958],[-90.763,32.97],[-91.626,32.957],[-91.626,31.939],[-90.409,32.05]]]},"properties":{"NAME":"Tunica","SUBJECTO":"Tunica","BORDERPRECISION":3}},
{"type":"Feature","geometry":{"type":"Polygon","coordinates":[[[-97.479,31.104],[-96.828,32.354],[-96.601,32.715],[-96.146,33.325],[-95.764,33.49],[-95.392,33.614],[-95.351,34.048],[-95.454,35.132],[-97.51,34.884],[-98.955,34.998],[-99.451,34.771],[-99.685,33.943],[-99.454,32.239],[-98.398,31.383],[-97.479,31.104]]]},"properties":{"NAME":"Wichita","SUBJECTO":"Wichita","BORDERPRECISION":3}},
{"type":"Feature","geometry":{"type":"Polygon","coordinates":[[[-82.374,43.047],[-82.658,43.84],[-83.386,44.313],[-83.431,45.275],[-84.692,45.805],[-86.139,44.664],[-86.423,43.601],[-86.161,42.415],[-85.441,41.672],[-83.745,42.626],[-82.374,43.047]]]},"properties":{"NAME":"Potawatomi","SUBJECTO":"Potawatomi","BORDERPRECISION":3}},
{"type":"Feature","geometry":{"type":"Polygon","coordinates":[[[-87.778,38.364],[-87.745,40.337],[-87.375,41.625],[-87.791,42.829],[-89.105,42.891],[-89.832,42.676],[-91.041,43.843],[-92.453,42.691],[-91.416,42.172],[-91.327,41.536],[-92.796,40.337],[-92.216,40.085],[-91.626,38.469],[-90.528,37.939],[-90.807,37.175],[-89.104,36.948],[-88.371,37.087],[-87.778,38.364]]]},"properties":{"NAME":"Illinnois","SUBJECTO":"Illinnois","BORDERPRECISION":3}},
{"type":"Feature","geometry":{"type":"Polygon","coordinates":[[[-86.161,42.415],[-87.375,41.625],[-87.745,40.337],[-87.648,38.882],[-86.317,40.027],[-85.172,40.642],[-85.441,41.672],[-86.161,42.415]]]},"properties":{"NAME":"Miami","SUBJECTO":"Miami","BORDERPRECISION":3}},
{"type":"Feature","geometry":{"type":"Polygon","coordinates":[[[-85.441,41.672],[-85.172,40.642],[-82.965,40.588],[-80.746,40.677],[-79.921,40.419],[-79.144,38.599],[-78.29,39.086],[-77.799,39.937],[-78.79,40.66],[-78.134,42.403],[-79.006,42.61],[-79.613,42.365],[-81.662,41.413],[-82.568,41.404],[-83.131,42.052],[-82.372,43.044],[-82.374,43.047],[-83.745,42.626],[-85.441,41.672]]]},"properties":{"NAME":"Erie","SUBJECTO":"Erie","BORDERPRECISION":3}},
{"type":"Feature","geometry":{"type":"Polygon","coordinates":[[[-87.791,42.829],[-87.848,44.606],[-87.974,44.37],[-88.136,44.052],[-89.105,42.891],[-87.791,42.829]]]},"properties":{"NAME":"Winebago","SUBJECTO":"Winebago","BORDERPRECISION":3}},
{"type":"Feature","geometry":{"type":"Polygon","coordinates":[[[-99.685,33.943],[-99.451,34.771],[-98.955,34.998],[-97.51,34.884],[-97.406,35.576],[-96.586,37.248],[-97.16,38.294],[-97.807,38.777],[-99.518,38.768],[-101.684,37.624],[-101.266,35.946],[-100.548,34.763],[-99.685,33.943]]]},"properties":{"NAME":"Kiowa","SUBJECTO":"Kiowa","BORDERPRECISION":3}},
{"type":"Feature","geometry":{"type":"Polygon","coordinates":[[[-98.423,29.694],[-97.536,28.691],[-95.821,29.645],[-95.972,30.84],[-95.468,31.216],[-95.527,32.008],[-94.518,32.508],[-95.392,33.614],[-96.146,33.325],[-96.828,32.354],[-97.479,31.104],[-97.75,30.22],[-98.423,29.694]]]},"properties":{"NAME":"Tonkawa","SUBJECTO":"Tonkawa","BORDERPRECISION":3}},
{"type":"Feature","geometry":{"type":"Polygon","coordinates":[[[-104.553,45.072],[-104.537,47.134],[-103.995,47.636],[-106.189,47.906],[-107.812,47.194],[-110.176,46.78],[-111.549,45.507],[-110.279,44.748],[-109.026,44.49],[-106.823,43.715],[-105.977,43.312],[-105.436,43.754],[-104.553,45.072]]]},"properties":{"NAME":"Crow","SUBJECTO":"Crow","BORDERPRECISION":3}},
{"type":"Feature","geometry":{"type":"Polygon","coordinates":[[[-100.71,41.016],[-101.266,41.134],[-103.197,41.607],[-104.164,41.971],[-104.834,42.238],[-105.977,43.312],[-106.823,43.715],[-106.526,42.122],[-105.117,40.861],[-104.258,39.822],[-104.162,37.779],[-102.875,37.602],[-102.875,36.38],[-101.684,37.624],[-99.518,38.768],[-99.846,39.814],[-100.71,41.016]]]},"properties":{"NAME":"Arapaho","SUBJECTO":"Arapaho","BORDERPRECISION":3}},
{"type":"Feature","geometry":{"type":"Polygon","coordinates":[[[-117.102,46.776],[-117.852,46.347],[-117.395,44.792],[-116.124,44.706],[-114.211,45.528],[-114.205,45.531],[-114.473,46.369],[-116.432,46.8],[-117.102,46.776]]]},"properties":{"NAME":"Nez Perce","SUBJECTO":"Nez Perce","BORDERPRECISION":3}},
{"type":"Feature","geometry":{"type":"Polygon","coordinates":[[[-87.514,46.689],[-88.667,46.134],[-87.867,44.885],[-86.972,45.853],[-83.742,46.26],[-84.562,46.536],[-85.1,46.749],[-87.273,46.512],[-87.514,46.689]]]},"properties":{"NAME":"Menomini","SUBJECTO":"Menomini","BORDERPRECISION":3}},
{"type":"Feature","geometry":{"type":"Polygon","coordinates":[[[-6.963,55.241],[-8.345,55.095],[-8.59,54.203],[-9.892,54.326],[-9.158,53.221],[-9.891,52.194],[-9.819,51.435],[-6.406,52.214],[-6.043,52.893],[-6.443,53.899],[-5.662,54.322],[-6.018,55.093],[-6.963,55.241]]]},"properties":{"NAME":"Kingdom of Ireland","SUBJECTO":"Kingdom of Ireland","BORDERPRECISION":3}},
{"type":"Feature","geometry":{"type":"Polygon","coordinates":[[[-61.687,17.024],[-61.794,17.163],[-61.887,17.033],[-61.687,17.024]]]},"properties":{"NAME":"Antigua and Barbuda","SUBJECTO":"Antigua and Barbuda","BORDERPRECISION":3}},
{"type":"Feature","geometry":{"type":"Polygon","coordinates":[[[-14.51,28.05],[-13.881,28.199],[-14.147,28.391],[-14.51,28.05]]]},"properties":{"NAME":"Guanches","SUBJECTO":"Guanches","BORDERPRECISION":3}},
{"type":"Feature","geometry":{"type":"Polygon","coordinates":[[[-59.533,13.051],[-59.429,13.165],[-59.659,13.288],[-59.643,13.149],[-59.533,13.051]]]},"properties":{"NAME":"Barbados (UK)","SUBJECTO":"United Kingdom","BORDERPRECISION":3}},
{"type":"Feature","geometry":{"type":"Polygon","coordinates":[[[-61.364,15.198],[-61.255,15.285],[-61.304,15.574],[-61.475,15.486],[-61.364,15.198]]]},"properties":{"NAME":"Dominica","SUBJECTO":"Dominica","BORDERPRECISION":3}},
{"type":"Feature","geometry":{"type":"MultiPolygon","coordinates":[[[[-53.115,48.524],[-54.13,48.836],[-56.662,50.056],[-55.557,51.326],[-56.152,51.47],[-57.356,50.595],[-59.157,47.67],[-56.804,47.616],[-56.079,47.865],[-53.896,47.557],[-54.125,47.113],[-53.07,46.731],[-52.729,47.455],[-53.882,48.189],[-53.115,48.524]]],[[[-66.435,45.133],[-64.905,45.463],[-66.189,44.141],[-65.713,43.56],[-63.559,44.513],[-61.032,45.379],[-64.535,46.272],[-65.213,48.121],[-64.398,48.456],[-64.952,49.207],[-67.354,48.846],[-66.435,45.133]]]]},"properties":{"NAME":"Mi'kma'ki","SUBJECTO":"Mi'kma'ki","BORDERPRECISION":3}},
{"type":"Feature","geometry":{"type":"Polygon","coordinates":[[[-61.747,11.997],[-61.596,12.126],[-61.725,12.172],[-61.747,11.997]]]},"properties":{"NAME":"Grenada","SUBJECTO":"Grenada","BORDERPRECISION":3}},
{"type":"Feature","geometry":{"type":"Polygon","coordinates":[[[-60.861,14.403],[-60.83,14.57],[-61.034,14.829],[-61.232,14.809],[-61.034,14.466],[-60.861,14.403]]]},"properties":{"NAME":"Martinique","SUBJECTO":"Martinique","BORDERPRECISION":3}},
{"type":"Feature","geometry":{"type":"Polygon","coordinates":[[[-62.171,16.671],[-62.138,16.693],[-62.176,16.809],[-62.237,16.712],[-62.171,16.671]]]},"properties":{"NAME":"Montserrat","SUBJECTO":"Montserrat","BORDERPRECISION":3}},
{"type":"Feature","geometry":{"type":"Polygon","coordinates":[[[-63.168,18.164],[-62.993,18.227],[-63.058,18.256],[-63.168,18.164]]]},"properties":{"NAME":"Anguilla","SUBJECTO":"Anguilla","BORDERPRECISION":3}},
{"type":"Feature","geometry":{"type":"Polygon","coordinates":[[[-62.702,17.337],[-62.813,17.409],[-62.864,17.371],[-62.778,17.292],[-62.702,17.337]]]},"properties":{"NAME":"Saint Kitts and Nevis (UK)","SUBJECTO":"United Kingdom","BORDERPRECISION":3}},
{"type":"Feature","geometry":{"type":"Polygon","coordinates":[[[-60.955,13.709],[-60.878,13.957],[-61.075,13.897],[-60.955,13.709]]]},"properties":{"NAME":"Saint Lucia","SUBJECTO":"Saint Lucia","BORDERPRECISION":3}},
{"type":"Feature","geometry":{"type":"Polygon","coordinates":[[[-61.173,13.133],[-61.123,13.249],[-61.209,13.368],[-61.278,13.25],[-61.173,13.133]]]},"properties":{"NAME":"Saint Vincent and the Grenadines","SUBJECTO":"Saint Vincent and the Grenadines","BORDERPRECISION":3}},
{"type":"Feature","geometry":{"type":"Polygon","coordinates":[[[-64.762,17.774],[-64.871,17.775],[-64.889,17.687],[-64.739,17.708],[-64.762,17.774]]]},"properties":{"NAME":"Virgin Islands (UK)","SUBJECTO":"United Kingdom","BORDERPRECISION":3}},
{"type":"Feature","geometry":{"type":"Polygon","coordinates":[[[-61.346,16.334],[-61.499,16.349],[-61.794,16.242],[-61.695,15.949],[-61.553,16.054],[-61.581,16.205],[-61.346,16.334]]]},"properties":{"NAME":"Guadeloupe","SUBJECTO":"Guadeloupe","BORDERPRECISION":3}},
{"type":"Feature","geometry":{"type":"Polygon","coordinates":[[[-68.966,12.199],[-69.078,12.349],[-69.158,12.311],[-69.062,12.188],[-68.832,12.049],[-68.824,12.16],[-68.966,12.199]]]},"properties":{"NAME":"Netherlands Antilles","SUBJECTO":"Netherlands Antilles","BORDERPRECISION":3}},
{"type":"Feature","geometry":{"type":"Polygon","coordinates":[[[-63.011,18.067],[-63.045,18.121],[-63.14,18.059],[-63.011,18.067]]]},"properties":{"NAME":"Saint Martin","SUBJECTO":"Saint Martin","BORDERPRECISION":3}},
{"type":"Feature","geometry":{"type":"Polygon","coordinates":[[[-63.14,18.059],[-63.033,18.016],[-63.011,18.067],[-63.14,18.059]]]},"properties":{"NAME":"Saint Barthelemy","SUBJECTO":"Saint Barthelemy","BORDERPRECISION":3}},
{"type":"Feature","geometry":{"type":"Polygon","coordinates":[[[-128.427,55.668],[-130.075,57.566],[-132.055,59.845],[-134.799,60.553],[-138.607,61.535],[-145.511,62.576],[-147.068,60.91],[-144.406,60.093],[-139.573,59.9],[-139.2,59.277],[-137.577,58.604],[-134.123,58.239],[-131.767,56.01],[-131.191,56.035],[-129.97,53.913],[-128.427,55.668]]]},"properties":{"NAME":"Eyaq","SUBJECTO":"Eyaq","BORDERPRECISION":3}},
{"type":"Feature","geometry":{"type":"Polygon","coordinates":[[[-96.828,32.354],[-96.146,33.325],[-96.601,32.715],[-96.828,32.354]]]},"properties":{"NAME":null,"SUBJECTO":null,"BORDERPRECISION":3}},
{"type":"Feature","geometry":{"type":"Polygon","coordinates":[[[-96.146,33.325],[-95.392,33.614],[-95.764,33.49],[-96.146,33.325]]]},"properties":{"NAME":null,"SUBJECTO":null,"BORDERPRECISION":3}},
{"type":"Feature","geometry":{"type":"Polygon","coordinates":[[[-124.718,49.491],[-125.719,50.409],[-127.848,50.861],[-127.385,50.05],[-125.967,49.174],[-123.902,48.471],[-123.861,49.158],[-124.718,49.491]]]},"properties":{"NAME":null,"SUBJECTO":null,"BORDERPRECISION":3}},
{"type":"Feature","geometry":{"type":"Polygon","coordinates":[[[-160.927,63.952],[-157.178,64.013],[-138.3,69.143],[-141.161,69.599],[-143.308,70.197],[-145.273,70.116],[-149.286,70.539],[-152.137,70.534],[-152.971,70.934],[-156.905,71.346],[-157.812,70.971],[-160.24,70.858],[-162.879,69.999],[-164.067,69.065],[-166.297,68.88],[-166.844,68.405],[-164.513,67.797],[-163.739,67.218],[-161.936,67.088],[-161.261,66.396],[-162.275,66.071],[-164.463,66.596],[-168.18,65.694],[-166.139,65.355],[-166.586,64.73],[-163.025,64.442],[-161.291,64.964],[-160.927,63.952]]]},"properties":{"NAME":"Inupiaq","SUBJECTO":"Inupiaq","BORDERPRECISION":3}},
{"type":"Feature","geometry":{"type":"MultiPolygon","coordinates":[[[[-151.784,59.962],[-151.388,59.213],[-149.326,60.027],[-148.755,60.683],[-151.784,59.962]]],[[[-157.153,58.686],[-157.665,57.604],[-160.457,56.2],[-159.077,55.992],[-158.527,56.449],[-156.496,57.1],[-156.685,57.401],[-154.649,58.076],[-153.455,58.877],[-154.097,59.412],[-157.153,58.686]]]]},"properties":{"NAME":"Suspiaq","SUBJECTO":"Suspiaq","BORDERPRECISION":3}},
{"type":"Feature","geometry":{"type":"Polygon","coordinates":[[[-154.097,59.412],[-153.17,59.74],[-161.001,63.628],[-163.309,63.038],[-164.292,63.25],[-165.431,62.43],[-165.898,61.27],[-164.027,59.798],[-162.378,60.163],[-162.004,58.827],[-160.431,59.002],[-157.153,58.686],[-154.097,59.412]]]},"properties":{"NAME":"Yup'ik & Cup'ik","SUBJECTO":"Yup'ik & Cup'ik","BORDERPRECISION":3}},
{"type":"Feature","geometry":{"type":"Polygon","coordinates":[[[-121.016,74.524],[-124.909,74.444],[-124.065,73.865],[-125.341,72.969],[-125.617,71.99],[-123.468,71.199],[-120.843,71.53],[-120.454,72.299],[-115.654,73.633],[-117.336,74.167],[-121.016,74.524]]]},"properties":{"NAME":null,"SUBJECTO":null,"BORDERPRECISION":3}},
{"type":"Feature","geometry":{"type":"Polygon","coordinates":[[[-80.638,63.914],[-81.872,63.991],[-82.11,64.644],[-85.558,65.864],[-86.243,64.542],[-85.463,63.206],[-83.517,64.052],[-80.638,63.914]]]},"properties":{"NAME":null,"SUBJECTO":null,"BORDERPRECISION":3}},
{"type":"Feature","geometry":{"type":"Polygon","coordinates":[[[-77.065,67.329],[-75.77,67.302],[-75.12,68.113],[-76.794,68.147],[-77.065,67.329]]]},"properties":{"NAME":null,"SUBJECTO":null,"BORDERPRECISION":3}},
{"type":"Feature","geometry":{"type":"Polygon","coordinates":[[[-98.304,69.391],[-99.365,68.974],[-96.213,68.537],[-95.515,68.809],[-97.742,69.832],[-98.304,69.391]]]},"properties":{"NAME":null,"SUBJECTO":null,"BORDERPRECISION":3}},
{"type":"Feature","geometry":{"type":"Polygon","coordinates":[[[-105.313,72.65],[-108.182,73.383],[-108.986,72.73],[-111.726,72.331],[-114.647,73.355],[-117.22,72.857],[-118.986,72.034],[-117.314,71.475],[-117.568,69.992],[-115.907,69.351],[-113.925,69.249],[-113.152,68.596],[-110.448,68.653],[-107.536,69.057],[-106.854,69.451],[-104.188,68.898],[-101.808,69.136],[-101.055,70.031],[-103.864,70.701],[-105.313,72.65]]]},"properties":{"NAME":null,"SUBJECTO":null,"BORDERPRECISION":3}},
{"type":"Feature","geometry":{"type":"Polygon","coordinates":[[[-97.082,73.667],[-97.957,73.922],[-101.654,72.373],[-98.939,71.392],[-96.85,71.88],[-97.082,73.667]]]},"properties":{"NAME":null,"SUBJECTO":null,"BORDERPRECISION":3}},
{"type":"Feature","geometry":{"type":"Polygon","coordinates":[[[-94.109,72.222],[-90,73.591],[-90,74],[-95.069,74.064],[-95.641,73.144],[-94.109,72.222]]]},"properties":{"NAME":null,"SUBJECTO":null,"BORDERPRECISION":3}},
{"type":"Feature","geometry":{"type":"Polygon","coordinates":[[[-79.739,75.47],[-83.559,75.905],[-86.618,75.432],[-90,75.95],[-92.366,75.421],[-89.698,74.615],[-80.349,74.616],[-79.739,75.47]]]},"properties":{"NAME":null,"SUBJECTO":null,"BORDERPRECISION":3}},
{"type":"Feature","geometry":{"type":"Polygon","coordinates":[[[-76.62,82.744],[-78.698,83.003],[-90,82.017],[-89.193,81.096],[-84.793,80.782],[-86.322,80.114],[-83.911,79.257],[-85.807,78.906],[-87.273,76.504],[-78.212,76.547],[-78.367,78.033],[-76.143,78.072],[-74.963,79.122],[-71.454,79.846],[-66.482,81.303],[-62.427,82.634],[-70.584,83.176],[-76.62,82.744]]]},"properties":{"NAME":null,"SUBJECTO":null,"BORDERPRECISION":3}},
{"type":"Feature","geometry":{"type":"Polygon","coordinates":[[[-99.024,76.423],[-101.885,76.333],[-98.002,75.162],[-99.024,76.423]]]},"properties":{"NAME":null,"SUBJECTO":null,"BORDERPRECISION":3}},
{"type":"Feature","geometry":{"type":"Polygon","coordinates":[[[-95.533,76.497],[-94.195,76.899],[-96.809,76.92],[-95.533,76.497]]]},"properties":{"NAME":null,"SUBJECTO":null,"BORDERPRECISION":3}},
{"type":"Feature","geometry":{"type":"Polygon","coordinates":[[[-113.024,77.602],[-110.62,77.537],[-109.661,77.95],[-113.01,77.923],[-113.024,77.602]]]},"properties":{"NAME":null,"SUBJECTO":null,"BORDERPRECISION":3}},
{"type":"Feature","geometry":{"type":"Polygon","coordinates":[[[-98.437,78.661],[-97.46,78.101],[-95.097,78.438],[-98.437,78.661]]]},"properties":{"NAME":null,"SUBJECTO":null,"BORDERPRECISION":3}},
{"type":"Feature","geometry":{"type":"Polygon","coordinates":[[[-171.958,66.956],[-173.875,67.159],[-180,68.917],[-180,67.963],[-180,66.963],[-180,65.963],[-180,65.382],[-180,65.311],[-180,65.259],[-179.379,65.996],[-178.116,65.482],[-176.137,65.457],[-175.952,65.006],[-173.077,64.384],[-172.562,65.515],[-170.613,66.038],[-171.958,66.956]]]},"properties":{"NAME":null,"SUBJECTO":null,"BORDERPRECISION":3}},
{"type":"Feature","geometry":{"type":"Polygon","coordinates":[[[-108.396,76.303],[-109.144,75.714],[-111.386,75.66],[-114.372,76.47],[-116.296,76.238],[-115.186,75.154],[-112.203,74.5],[-109.07,75.133],[-105.773,75.23],[-105.917,76.022],[-108.396,76.303]]]},"properties":{"NAME":null,"SUBJECTO":null,"BORDERPRECISION":3}},
{"type":"Feature","geometry":{"type":"Polygon","coordinates":[[[-117,76.728],[-119.696,77.313],[-122.659,76.539],[-120.1,75.978],[-118.736,76.938],[-117,76.728]]]},"properties":{"NAME":null,"SUBJECTO":null,"BORDERPRECISION":3}},
{"type":"Feature","geometry":{"type":"Polygon","coordinates":[[[-100.163,78.772],[-102.569,79.016],[-104.162,78.298],[-99.125,78.133],[-100.163,78.772]]]},"properties":{"NAME":null,"SUBJECTO":null,"BORDERPRECISION":3}},
{"type":"Feature","geometry":{"type":"Polygon","coordinates":[[[-88.759,78.451],[-86.997,79.445],[-92.025,81.259],[-96.433,79.933],[-92.702,78.434],[-88.759,78.451]]]},"properties":{"NAME":null,"SUBJECTO":null,"BORDERPRECISION":3}},
{"type":"Feature","geometry":{"type":"Polygon","coordinates":[[[-77.254,-2.759],[-77.254,-2.098],[-77.854,-1.667],[-78.562,-2.129],[-78.392,-2.913],[-77.9,-3.113],[-77.254,-2.759]]]},"properties":{"NAME":"Shuar","SUBJECTO":"Shuar","BORDERPRECISION":3}},
{"type":"Feature","geometry":{"type":"Polygon","coordinates":[[[-100.634,44.747],[-99.979,44.788],[-100.212,46.354],[-101.272,46.346],[-100.634,44.747]]]},"properties":{"NAME":"Arikara","SUBJECTO":"Arikara","BORDERPRECISION":3}},
{"type":"Feature","geometry":{"type":"Polygon","coordinates":[[[-115.987,48.401],[-117.286,48.903],[-117.991,48.365],[-117.891,48.284],[-117.358,47.896],[-116.146,47.829],[-115.626,48.298],[-115.987,48.401]]]},"properties":{"NAME":"Kalispel","SUBJECTO":"Kalispel","BORDERPRECISION":3}},
{"type":"Feature","geometry":{"type":"Polygon","coordinates":[[[-119.048,46.748],[-120.071,46.944],[-120.357,46.999],[-120.414,46.958],[-121.381,47.014],[-121.511,46.748],[-120.588,45.715],[-120.175,45.795],[-118.951,46.033],[-119.048,46.748]]]},"properties":{"NAME":"Yakima","SUBJECTO":"Yakima","BORDERPRECISION":3}},
{"type":"Feature","geometry":{"type":"Polygon","coordinates":[[[-97.283,44.397],[-99.82,44.525],[-99.862,44.328],[-98.012,42.757],[-97.272,42.903],[-96.345,42.475],[-96.098,41.937],[-95.735,41.972],[-94.353,42.278],[-94.026,42.629],[-93.994,43.251],[-94.585,44.212],[-95.826,44.512],[-97.283,44.397]]]},"properties":{"NAME":"Yankton","SUBJECTO":"Yankton","BORDERPRECISION":3}},
{"type":"Feature","geometry":{"type":"Polygon","coordinates":[[[-101.267,41.141],[-101.266,41.134],[-100.71,41.016],[-101.267,41.141]]]},"properties":{"NAME":null,"SUBJECTO":null,"BORDERPRECISION":3}},
{"type":"Feature","geometry":{"type":"Polygon","coordinates":[[[-121.986,39.595],[-121.043,39.588],[-120.391,39.663],[-120.19,40.099],[-120.504,40.672],[-121.414,40.584],[-121.977,40.061],[-121.986,39.595]]]},"properties":{"NAME":"Maiou","SUBJECTO":"Maiou","BORDERPRECISION":3}},
{"type":"Feature","geometry":{"type":"Polygon","coordinates":[[[-122.995,45.63],[-123.352,45.538],[-123.557,44.765],[-123.141,43.505],[-122.845,43.502],[-122,43.506],[-122.014,44.342],[-122.108,44.352],[-122.818,45.079],[-122.995,45.63]]]},"properties":{"NAME":"Kalapuya","SUBJECTO":"Kalapuya","BORDERPRECISION":3}},
{"type":"Feature","geometry":{"type":"Polygon","coordinates":[[[-122.2,42.011],[-122.194,41.996],[-121.968,41.397],[-120.5,41.812],[-120.394,42.09],[-121.383,42.327],[-122.175,42.021],[-122.2,42.011]]]},"properties":{"NAME":"Modoc","SUBJECTO":"Modoc","BORDERPRECISION":3}},
{"type":"Feature","geometry":{"type":"Polygon","coordinates":[[[-122.717,38.992],[-122.782,39.53],[-122.822,39.534],[-123.933,39.821],[-123.796,39.03],[-123.247,38.552],[-122.718,38.691],[-122.717,38.992]]]},"properties":{"NAME":"Pomo","SUBJECTO":"Pomo","BORDERPRECISION":3}},
{"type":"Feature","geometry":{"type":"Polygon","coordinates":[[[-111.549,45.507],[-112.399,45.227],[-113.429,45.358],[-114.205,45.531],[-114.211,45.528],[-116.124,44.706],[-116.16,43.017],[-116.881,41.981],[-117.737,38.693],[-117.701,37.816],[-118.008,36.621],[-117.908,35.78],[-116.879,36.75],[-115.955,36.47],[-115.395,38.27],[-113.517,38.886],[-111.872,40.566],[-109.557,40.894],[-105.117,40.861],[-106.526,42.122],[-106.823,43.715],[-109.026,44.49],[-110.279,44.748],[-111.549,45.507]]]},"properties":{"NAME":"Shoshoni","SUBJECTO":"Shoshoni","BORDERPRECISION":3}},
{"type":"Feature","geometry":{"type":"Polygon","coordinates":[[[-100.472,47.686],[-101.911,47.158],[-101.576,46.823],[-100.305,46.899],[-100.472,47.686]]]},"properties":{"NAME":null,"SUBJECTO":null,"BORDERPRECISION":3}},
{"type":"Feature","geometry":{"type":"Polygon","coordinates":[[[-103.995,47.636],[-101.911,47.158],[-100.472,47.686],[-99.065,47.935],[-98.716,48.279],[-98.353,48.605],[-98.488,52.352],[-100.09,52.309],[-102.587,53.565],[-106.277,51.517],[-108.642,50.204],[-106.189,47.906],[-103.995,47.636]]]},"properties":{"NAME":"Assiniboin","SUBJECTO":"Assiniboin","BORDERPRECISION":3}},
{"type":"Feature","geometry":{"type":"Polygon","coordinates":[[[-110.176,46.78],[-110.191,47.988],[-110.532,49.155],[-109.644,49.648],[-110.611,50.337],[-114.035,49.624],[-113.677,48.504],[-113.429,47.728],[-112.592,46.673],[-113.429,45.358],[-112.399,45.227],[-111.549,45.507],[-110.176,46.78]]]},"properties":{"NAME":"Blackfoot","SUBJECTO":"Blackfoot","BORDERPRECISION":3}},
{"type":"Feature","geometry":{"type":"Polygon","coordinates":[[[-106.189,47.906],[-108.642,50.204],[-109.644,49.648],[-110.532,49.155],[-110.191,47.988],[-110.176,46.78],[-107.812,47.194],[-106.189,47.906]]]},"properties":{"NAME":"Gros Ventre","SUBJECTO":"Gros Ventre","BORDERPRECISION":3}},
{"type":"Feature","geometry":{"type":"Polygon","coordinates":[[[-100.212,46.354],[-100.305,46.899],[-101.576,46.823],[-101.272,46.346],[-100.212,46.354]]]},"properties":{"NAME":"Mandan","SUBJECTO":"Mandan","BORDERPRECISION":3}},
{"type":"Feature","geometry":{"type":"Polygon","coordinates":[[[-99.979,44.788],[-99.82,44.525],[-97.283,44.397],[-95.826,44.512],[-97.236,45.343],[-96.513,46.644],[-98.134,47.597],[-98.716,48.279],[-99.065,47.935],[-100.472,47.686],[-100.305,46.899],[-100.212,46.354],[-99.979,44.788]]]},"properties":{"NAME":"Yankontai","SUBJECTO":"Yankontai","BORDERPRECISION":3}},
{"type":"Feature","geometry":{"type":"Polygon","coordinates":[[[-114.205,45.531],[-113.429,45.358],[-112.592,46.673],[-113.429,47.728],[-113.677,48.504],[-115.186,48.936],[-115.626,48.298],[-116.146,47.829],[-116.432,46.8],[-114.473,46.369],[-114.205,45.531]]]},"properties":{"NAME":null,"SUBJECTO":null,"BORDERPRECISION":3}},
{"type":"Feature","geometry":{"type":"Polygon","coordinates":[[[-115.626,48.298],[-115.186,48.936],[-113.677,48.504],[-114.035,49.624],[-117.338,49.346],[-117.286,48.903],[-115.987,48.401],[-115.626,48.298]]]},"properties":{"NAME":null,"SUBJECTO":null,"BORDERPRECISION":3}},
{"type":"Feature","geometry":{"type":"Polygon","coordinates":[[[-105.931,37.128],[-104.632,36.974],[-104.162,37.779],[-104.258,39.822],[-105.117,40.861],[-109.557,40.894],[-111.872,40.566],[-113.517,38.886],[-112.461,38.675],[-111.746,37.868],[-111.12,37.858],[-110.338,37.174],[-109.334,37.191],[-108.798,36.785],[-107.8,36.72],[-106.455,37.191],[-105.931,37.128]]]},"properties":{"NAME":"Ute","SUBJECTO":"Ute","BORDERPRECISION":3}},
{"type":"Feature","geometry":{"type":"Polygon","coordinates":[[[-121.462,48.055],[-122.359,48.168],[-122.633,47.492],[-122.478,47.474],[-121.51,47.361],[-121.293,47.449],[-121.279,47.584],[-121.462,48.055]]]},"properties":{"NAME":null,"SUBJECTO":null,"BORDERPRECISION":3}},
{"type":"Feature","geometry":{"type":"Polygon","coordinates":[[[-123.525,47.566],[-124.353,47.529],[-124.119,47.103],[-123.647,47.418],[-123.525,47.566]]]},"properties":{"NAME":null,"SUBJECTO":null,"BORDERPRECISION":3}},
{"type":"Feature","geometry":{"type":"Polygon","coordinates":[[[-124.119,47.103],[-124.176,46.811],[-123.707,46.634],[-123.173,46.828],[-123.647,47.418],[-124.119,47.103]]]},"properties":{"NAME":null,"SUBJECTO":null,"BORDERPRECISION":3}},
{"type":"Feature","geometry":{"type":"Polygon","coordinates":[[[-124.571,43.16],[-124.37,42.192],[-123.854,42.28],[-123.878,42.694],[-123.952,43.051],[-124.571,43.16]]]},"properties":{"NAME":null,"SUBJECTO":null,"BORDERPRECISION":3}},
{"type":"Feature","geometry":{"type":"Polygon","coordinates":[[[-123.854,42.28],[-123.548,41.938],[-123.175,42.217],[-123.216,42.675],[-123.878,42.694],[-123.854,42.28]]]},"properties":{"NAME":null,"SUBJECTO":null,"BORDERPRECISION":3}},
{"type":"Feature","geometry":{"type":"Polygon","coordinates":[[[-124.37,42.192],[-124.194,41.731],[-123.638,41.798],[-123.548,41.938],[-123.854,42.28],[-124.37,42.192]]]},"properties":{"NAME":null,"SUBJECTO":null,"BORDERPRECISION":3}},
{"type":"Feature","geometry":{"type":"Polygon","coordinates":[[[-124.261,41.017],[-124.345,40.806],[-123.912,41.017],[-124.261,41.017]]]},"properties":{"NAME":null,"SUBJECTO":null,"BORDERPRECISION":3}},
{"type":"Feature","geometry":{"type":"Polygon","coordinates":[[[-120.512,48.748],[-119.976,47.866],[-119.466,47.802],[-119.24,48.711],[-120.512,48.748]]]},"properties":{"NAME":null,"SUBJECTO":null,"BORDERPRECISION":3}},
{"type":"Feature","geometry":{"type":"Polygon","coordinates":[[[-119.24,48.711],[-119.118,49.196],[-120.919,49.044],[-120.512,48.748],[-119.24,48.711]]]},"properties":{"NAME":null,"SUBJECTO":null,"BORDERPRECISION":3}},
{"type":"Feature","geometry":{"type":"Polygon","coordinates":[[[-121.776,46.649],[-122.144,46.589],[-121.987,46.361],[-121.776,46.649]]]},"properties":{"NAME":null,"SUBJECTO":null,"BORDERPRECISION":3}},
{"type":"Feature","geometry":{"type":"Polygon","coordinates":[[[-122.633,47.492],[-123.131,47.532],[-123.525,47.566],[-123.647,47.418],[-123.173,46.828],[-122.587,47.232],[-122.478,47.474],[-122.633,47.492]]]},"properties":{"NAME":null,"SUBJECTO":null,"BORDERPRECISION":3}},
{"type":"Feature","geometry":{"type":"Polygon","coordinates":[[[-121.381,47.014],[-121.51,47.361],[-122.478,47.474],[-122.587,47.232],[-122.144,46.589],[-121.776,46.649],[-121.511,46.748],[-121.381,47.014]]]},"properties":{"NAME":null,"SUBJECTO":null,"BORDERPRECISION":3}},
{"type":"Feature","geometry":{"type":"Polygon","coordinates":[[[-121.511,46.748],[-121.776,46.649],[-121.987,46.361],[-122.377,45.579],[-121.898,45.678],[-121.876,45.686],[-121.511,45.672],[-120.998,45.631],[-120.588,45.715],[-121.511,46.748]]]},"properties":{"NAME":null,"SUBJECTO":null,"BORDERPRECISION":3}},
{"type":"Feature","geometry":{"type":"Polygon","coordinates":[[[-119.048,46.748],[-118.847,46.718],[-118.781,47.584],[-119.466,47.802],[-119.976,47.866],[-120.071,46.944],[-119.048,46.748]]]},"properties":{"NAME":null,"SUBJECTO":null,"BORDERPRECISION":3}},
{"type":"Feature","geometry":{"type":"Polygon","coordinates":[[[-121.462,48.055],[-121.176,49.023],[-122.683,48.896],[-122.359,48.168],[-121.462,48.055]]]},"properties":{"NAME":null,"SUBJECTO":null,"BORDERPRECISION":3}},
{"type":"Feature","geometry":{"type":"Polygon","coordinates":[[[-120.071,46.944],[-119.976,47.866],[-120.512,48.748],[-120.919,49.044],[-121.176,49.023],[-121.462,48.055],[-121.279,47.584],[-120.357,46.999],[-120.071,46.944]]]},"properties":{"NAME":null,"SUBJECTO":null,"BORDERPRECISION":3}},
{"type":"Feature","geometry":{"type":"Polygon","coordinates":[[[-117.286,48.903],[-117.338,49.346],[-119.118,49.196],[-119.24,48.711],[-117.991,48.365],[-117.286,48.903]]]},"properties":{"NAME":null,"SUBJECTO":null,"BORDERPRECISION":3}},
{"type":"Feature","geometry":{"type":"Polygon","coordinates":[[[-117.991,48.365],[-119.24,48.711],[-119.466,47.802],[-118.781,47.584],[-117.891,48.284],[-117.991,48.365]]]},"properties":{"NAME":null,"SUBJECTO":null,"BORDERPRECISION":3}},
{"type":"Feature","geometry":{"type":"Polygon","coordinates":[[[-117.395,44.792],[-118.997,44.934],[-119.467,44.765],[-122.014,44.342],[-122,43.506],[-121.885,43.306],[-121.292,43.171],[-120.394,42.09],[-120.5,41.812],[-120.504,40.672],[-120.19,40.099],[-119.36,38.864],[-119.48,38.316],[-119.366,37.968],[-118.343,37.243],[-118.008,36.621],[-117.701,37.816],[-117.737,38.693],[-116.881,41.981],[-116.16,43.017],[-116.124,44.706],[-117.395,44.792]]]},"properties":{"NAME":"Northern Paiute","SUBJECTO":"Northern Paiute","BORDERPRECISION":3}},
{"type":"Feature","geometry":{"type":"Polygon","coordinates":[[[-123.707,46.634],[-122.814,45.773],[-122.377,45.579],[-121.987,46.361],[-122.144,46.589],[-122.587,47.232],[-123.173,46.828],[-123.707,46.634]]]},"properties":{"NAME":null,"SUBJECTO":null,"BORDERPRECISION":3}},
{"type":"Feature","geometry":{"type":"Polygon","coordinates":[[[-122.995,45.63],[-122.973,45.649],[-123.649,45.856],[-123.352,45.538],[-122.995,45.63]]]},"properties":{"NAME":null,"SUBJECTO":null,"BORDERPRECISION":3}},
{"type":"Feature","geometry":{"type":"Polygon","coordinates":[[[-124.176,46.811],[-124.044,45.892],[-123.649,45.856],[-122.973,45.649],[-122.814,45.773],[-123.707,46.634],[-124.176,46.811]]]},"properties":{"NAME":null,"SUBJECTO":null,"BORDERPRECISION":3}},
{"type":"Feature","geometry":{"type":"Polygon","coordinates":[[[-123.952,43.051],[-123.322,43.354],[-124.145,43.651],[-124.571,43.16],[-123.952,43.051]]]},"properties":{"NAME":null,"SUBJECTO":null,"BORDERPRECISION":3}},
{"type":"Feature","geometry":{"type":"Polygon","coordinates":[[[-123.548,41.938],[-123.638,41.798],[-123.523,41.364],[-123.284,41.192],[-123.109,41.243],[-123.007,42.084],[-123.175,42.217],[-123.548,41.938]]]},"properties":{"NAME":null,"SUBJECTO":null,"BORDERPRECISION":3}},
{"type":"Feature","geometry":{"type":"Polygon","coordinates":[[[-122.175,42.021],[-122.357,42.644],[-122.711,42.886],[-123.216,42.675],[-123.175,42.217],[-123.007,42.084],[-122.194,41.996],[-122.2,42.011],[-122.175,42.021]]]},"properties":{"NAME":null,"SUBJECTO":null,"BORDERPRECISION":3}},
{"type":"Feature","geometry":{"type":"Polygon","coordinates":[[[-123.141,43.505],[-123.322,43.354],[-123.952,43.051],[-123.878,42.694],[-123.216,42.675],[-122.711,42.886],[-122.845,43.502],[-123.141,43.505]]]},"properties":{"NAME":null,"SUBJECTO":null,"BORDERPRECISION":3}},
{"type":"Feature","geometry":{"type":"Polygon","coordinates":[[[-122.845,43.502],[-122.711,42.886],[-122.357,42.644],[-121.885,43.306],[-122,43.506],[-122.845,43.502]]]},"properties":{"NAME":null,"SUBJECTO":null,"BORDERPRECISION":3}},
{"type":"Feature","geometry":{"type":"Polygon","coordinates":[[[-120.394,42.09],[-121.292,43.171],[-121.885,43.306],[-122.357,42.644],[-122.175,42.021],[-121.383,42.327],[-120.394,42.09]]]},"properties":{"NAME":null,"SUBJECTO":null,"BORDERPRECISION":3}},
{"type":"Feature","geometry":{"type":"Polygon","coordinates":[[[-122.822,39.534],[-122.791,39.572],[-123.001,40.472],[-123.17,40.45],[-124.021,39.963],[-123.933,39.821],[-122.822,39.534]]]},"properties":{"NAME":null,"SUBJECTO":null,"BORDERPRECISION":3}},
{"type":"Feature","geometry":{"type":"Polygon","coordinates":[[[-124.345,40.806],[-124.021,39.963],[-123.17,40.45],[-123.309,40.775],[-123.284,41.192],[-123.523,41.364],[-123.912,41.017],[-124.345,40.806]]]},"properties":{"NAME":null,"SUBJECTO":null,"BORDERPRECISION":3}},
{"type":"Feature","geometry":{"type":"Polygon","coordinates":[[[-123.001,40.472],[-122.283,40.568],[-122.049,40.922],[-122.104,41.076],[-122.968,41.117],[-123.309,40.775],[-123.17,40.45],[-123.001,40.472]]]},"properties":{"NAME":null,"SUBJECTO":null,"BORDERPRECISION":3}},
{"type":"Feature","geometry":{"type":"Polygon","coordinates":[[[-121.977,40.061],[-122.283,40.568],[-123.001,40.472],[-122.791,39.572],[-121.986,39.595],[-121.977,40.061]]]},"properties":{"NAME":null,"SUBJECTO":null,"BORDERPRECISION":3}},
{"type":"Feature","geometry":{"type":"Polygon","coordinates":[[[-121.414,40.584],[-122.049,40.922],[-122.283,40.568],[-121.977,40.061],[-121.414,40.584]]]},"properties":{"NAME":null,"SUBJECTO":null,"BORDERPRECISION":3}},
{"type":"Feature","geometry":{"type":"Polygon","coordinates":[[[-122.194,41.996],[-123.007,42.084],[-123.109,41.243],[-122.968,41.117],[-122.104,41.076],[-121.968,41.397],[-122.194,41.996]]]},"properties":{"NAME":null,"SUBJECTO":null,"BORDERPRECISION":3}},
{"type":"Feature","geometry":{"type":"Polygon","coordinates":[[[-123.284,41.192],[-123.309,40.775],[-122.968,41.117],[-123.109,41.243],[-123.284,41.192]]]},"properties":{"NAME":null,"SUBJECTO":null,"BORDERPRECISION":3}},
{"type":"Feature","geometry":{"type":"Polygon","coordinates":[[[-124.194,41.731],[-124.261,41.017],[-123.912,41.017],[-123.523,41.364],[-123.638,41.798],[-124.194,41.731]]]},"properties":{"NAME":null,"SUBJECTO":null,"BORDERPRECISION":3}},
{"type":"Feature","geometry":{"type":"Polygon","coordinates":[[[-63.006,58.815],[-63.353,59.068],[-63.987,56.963],[-65.982,50.337],[-61.64,50.277],[-60.138,50.412],[-58.524,51.379],[-56.964,51.488],[-55.659,52.187],[-55.881,53.352],[-57.561,54.131],[-57.515,54.466],[-59.694,55.154],[-61.928,56.273],[-61.476,57.104],[-62.186,57.437],[-63.006,58.815]]]},"properties":{"NAME":"Montagnais Innu","SUBJECTO":"Montagnais Innu","BORDERPRECISION":3}},
{"type":"Feature","geometry":{"type":"Polygon","coordinates":[[[19.334,57.956],[19.105,57.975],[19.142,57.908],[19.334,57.956]]]},"properties":{"NAME":null,"SUBJECTO":null,"BORDERPRECISION":3}},
{"type":"Feature","geometry":{"type":"MultiPolygon","coordinates":[[[[-81.199,31.591],[-80.581,32.497],[-79.305,33.269],[-79.749,33.872],[-79.25,34.371],[-78.253,33.888],[-77.296,34.667],[-76.622,34.763],[-75.729,35.882],[-76.751,36.261],[-77.651,37.369],[-77.851,38.668],[-76.751,40.467],[-76.552,41.267],[-75.452,41.267],[-74.959,42.5],[-75.366,42.061],[-78.134,42.403],[-78.79,40.66],[-77.799,39.937],[-78.29,39.086],[-79.144,38.599],[-80.221,37.643],[-80.312,37.132],[-81.998,35.736],[-82.56,34.9],[-83.696,34.046],[-85.007,33.922],[-86.117,33.548],[-86.107,32.913],[-85.668,32.762],[-85.827,31.859],[-87.322,31.867],[-87.162,32.953],[-87.11,33.261],[-88.846,33.28],[-89.951,32.958],[-90.409,32.05],[-91.626,31.939],[-92.699,31.615],[-92.46,30.584],[-91.981,30.233],[-91.184,29.856],[-89.523,29.976],[-90,30.142],[-91.305,30.912],[-90,31.72],[-88.881,31.854],[-87.528,31.324],[-85.78,31.449],[-83.247,31.374],[-81.199,31.591]]],[[[-94.684,58.878],[-94.753,59.95],[-93.423,61.858],[-91.417,62.853],[-90,62.946],[-90,63.609],[-87.435,64.569],[-88.171,65.13],[-85.987,66.163],[-83.139,66.373],[-81.295,67.499],[-82.687,68.697],[-81.48,69.189],[-84.314,69.826],[-85.381,69.695],[-85.4,68.76],[-86.488,67.378],[-88.324,67.813],[-87.79,68.478],[-88.905,69.228],[-92.671,69.742],[-91.658,70.286],[-93.099,70.969],[-93.271,71.559],[-95.411,71.859],[-96.7,70.838],[-96.127,69.941],[-92.956,69.084],[-96.208,68.074],[-101.913,67.705],[-105.636,68.355],[-107.662,67.963],[-108.095,67.36],[-110.532,67.92],[-112.503,67.693],[-115.285,68.892],[-117.832,69.008],[-122.326,69.884],[-123.803,69.434],[-125.974,69.43],[-127.352,70.38],[-129.763,69.658],[-130.463,68.392],[-120.474,67.945],[-116.367,66.774],[-117.376,65.661],[-119.259,65.289],[-119.317,64.839],[-121.033,64.075],[-123.092,64.254],[-118.198,62.713],[-111.371,58.606],[-111.977,58.287],[-102.587,53.565],[-100.09,52.309],[-98.488,52.352],[-98.353,48.605],[-98.716,48.279],[-98.134,47.597],[-96.513,46.644],[-97.236,45.343],[-95.826,44.512],[-94.585,44.212],[-93.994,43.251],[-94.026,42.629],[-92.453,42.691],[-91.041,43.843],[-90.704,44.082],[-90.017,45.332],[-91.414,46.803],[-91.15,47.368],[-89.517,48.004],[-88.095,49.005],[-86.384,48.725],[-85.797,47.966],[-85.027,47.94],[-84.562,46.536],[-83.742,46.26],[-80.807,45.955],[-79.918,44.967],[-81.095,44.799],[-81.719,44.139],[-81.808,43.318],[-82.372,43.044],[-83.131,42.052],[-82.484,41.96],[-81.439,42.587],[-79.613,42.365],[-79.006,42.61],[-78.98,43.231],[-77.761,43.321],[-78.503,43.362],[-79.189,43.209],[-79.153,43.772],[-76.016,44.318],[-74.778,45.022],[-72.996,45.022],[-73.311,43.813],[-74.053,43.011],[-72.954,42.966],[-70.656,44.265],[-68.957,44.864],[-68.467,44.441],[-67.169,44.711],[-66.435,45.133],[-67.354,48.846],[-69.254,48.12],[-69.507,48.459],[-68.307,49.227],[-67.318,49.425],[-66.855,50.089],[-65.982,50.337],[-63.987,56.963],[-74.316,56.619],[-73.953,56.256],[-73.354,53.658],[-74.153,50.161],[-76.053,47.757],[-77.892,47.197],[-79.97,47.197],[-82.449,47.517],[-86.003,49.342],[-88.244,51.56],[-89.742,52.559],[-95.538,54.657],[-96.438,55.257],[-96.638,57.056],[-94.684,58.878]],[[-128.432,52.939],[-128.889,53.418],[-128.077,52.939],[-128.432,52.939]]],[[[-86.669,35.096],[-85.044,34.972],[-83.159,35.958],[-83.253,36.669],[-85.24,35.689],[-86.669,35.096]]],[[[-130.075,57.566],[-128.705,60.74],[-133.464,61.538],[-134.311,61.434],[-134.799,60.553],[-132.055,59.845],[-130.075,57.566]]],[[[-106.277,51.517],[-115.034,52.033],[-122.491,54.244],[-127.866,52.413],[-128.06,52.5],[-127.556,52.168],[-127.247,50.968],[-124.939,50.596],[-124.795,50.035],[-122.683,48.896],[-121.176,49.023],[-120.919,49.044],[-119.118,49.196],[-117.338,49.346],[-114.035,49.624],[-110.611,50.337],[-109.644,49.648],[-108.642,50.204],[-106.277,51.517]]]]},"properties":{"NAME":null,"SUBJECTO":null,"BORDERPRECISION":3}},
{"type":"Feature","geometry":{"type":"MultiPolygon","coordinates":[[[[-107.8,36.72],[-108.798,36.785],[-109.334,37.191],[-110.338,37.174],[-110.462,36.236],[-111.197,35.466],[-111.873,35.132],[-112.824,35.156],[-113.588,34.582],[-114.144,34.833],[-113.941,34.352],[-114.255,33.421],[-113.376,33.372],[-111.278,34.871],[-107.88,36.47],[-107.8,36.72]]],[[[-123.247,38.552],[-122.49,38.165],[-122.313,38.221],[-122.352,38.517],[-122.718,38.691],[-123.247,38.552]]],[[[-118.008,36.621],[-118.343,37.243],[-118.64,36.812],[-118.609,35.629],[-117.908,35.78],[-118.008,36.621]]]]},"properties":{"NAME":null,"SUBJECTO":null,"BORDERPRECISION":3}},
{"type":"Feature","geometry":{"type":"Polygon","coordinates":[[[-120.504,40.672],[-120.5,41.812],[-121.968,41.397],[-122.104,41.076],[-122.049,40.922],[-121.414,40.584],[-120.504,40.672]]]},"properties":{"NAME":null,"SUBJECTO":null,"BORDERPRECISION":3}},
{"type":"Feature","geometry":{"type":"Polygon","coordinates":[[[-123.352,45.538],[-123.649,45.856],[-124.044,45.892],[-124.331,44.072],[-124.145,43.651],[-123.322,43.354],[-123.141,43.505],[-123.557,44.765],[-123.352,45.538]]]},"properties":{"NAME":null,"SUBJECTO":null,"BORDERPRECISION":3}},
{"type":"Feature","geometry":{"type":"Polygon","coordinates":[[[-121.898,45.678],[-121.903,45.668],[-121.876,45.686],[-121.898,45.678]]]},"properties":{"NAME":null,"SUBJECTO":null,"BORDERPRECISION":3}},
{"type":"Feature","geometry":{"type":"Polygon","coordinates":[[[-123.525,47.566],[-123.131,47.532],[-122.826,48.023],[-124.675,48.386],[-124.353,47.529],[-123.525,47.566]]]},"properties":{"NAME":null,"SUBJECTO":null,"BORDERPRECISION":3}},
{"type":"Feature","geometry":{"type":"Polygon","coordinates":[[[-97.26,25.811],[-97.638,26.847],[-97.546,27.923],[-97.536,28.691],[-98.423,29.694],[-100.106,31.04],[-103.367,32.386],[-103.829,34.216],[-104.355,34.89],[-104.167,35.39],[-103.303,35.92],[-101.684,37.624],[-102.875,36.38],[-102.875,37.602],[-104.162,37.779],[-104.632,36.974],[-105.931,37.128],[-105.931,36.67],[-103.683,32.573],[-101.334,29.475],[-100.535,28.176],[-99.935,27.976],[-99.136,26.177],[-97.26,25.811]]]},"properties":{"NAME":null,"SUBJECTO":null,"BORDERPRECISION":3}},
{"type":"Feature","geometry":{"type":"Polygon","coordinates":[[[-119.48,38.316],[-120.108,38.87],[-120.951,38.886],[-121.936,38.179],[-121.823,37.879],[-120.782,38.225],[-119.612,37.639],[-119.366,37.968],[-119.48,38.316]]]},"properties":{"NAME":"Miwok","SUBJECTO":"Miwok","BORDERPRECISION":3}},
{"type":"Feature","geometry":{"type":"Polygon","coordinates":[[[-115.236,34.012],[-115.493,34.593],[-116.213,34.711],[-116.581,35.754],[-117.507,35.115],[-118.403,35.46],[-119.042,35.218],[-118.6,34.598],[-117.382,34.38],[-116.882,34.159],[-115.236,34.012]]]},"properties":{"NAME":"Serano","SUBJECTO":"Serano","BORDERPRECISION":3}},
{"type":"Feature","geometry":{"type":"Polygon","coordinates":[[[-118.641,36.817],[-119.612,37.639],[-120.782,38.225],[-121.823,37.879],[-121.152,37.356],[-120.897,36.575],[-119.741,35.566],[-119.042,35.218],[-118.403,35.46],[-118.609,35.629],[-118.64,36.812],[-118.641,36.817]]]},"properties":{"NAME":"Yokuts","SUBJECTO":"Yokuts","BORDERPRECISION":3}},
{"type":"Feature","geometry":{"type":"Polygon","coordinates":[[[-117.908,35.78],[-118.609,35.629],[-118.403,35.46],[-117.507,35.115],[-116.581,35.754],[-116.879,36.75],[-117.908,35.78]]]},"properties":{"NAME":"Kawahsu","SUBJECTO":"Kawahsu","BORDERPRECISION":3}},
{"type":"Feature","geometry":{"type":"Polygon","coordinates":[[[-112.824,35.156],[-113.371,35.889],[-114.021,36.216],[-114.728,35.742],[-114.144,34.833],[-113.588,34.582],[-112.824,35.156]]]},"properties":{"NAME":null,"SUBJECTO":null,"BORDERPRECISION":3}},
{"type":"Feature","geometry":{"type":"Polygon","coordinates":[[[-116.879,36.75],[-116.581,35.754],[-116.213,34.711],[-115.493,34.593],[-115.236,34.012],[-114.66,34.355],[-114.926,35.557],[-115.955,36.47],[-116.879,36.75]]]},"properties":{"NAME":null,"SUBJECTO":null,"BORDERPRECISION":3}},
{"type":"Feature","geometry":{"type":"Polygon","coordinates":[[[-115.955,36.47],[-114.926,35.557],[-114.728,35.742],[-114.021,36.216],[-113.371,35.889],[-112.582,36.378],[-111.197,35.466],[-110.462,36.236],[-110.338,37.174],[-111.12,37.858],[-111.746,37.868],[-112.461,38.675],[-113.517,38.886],[-115.395,38.27],[-115.955,36.47]]]},"properties":{"NAME":"Southern Paiute","SUBJECTO":"Southern Paiute","BORDERPRECISION":3}},
{"type":"Feature","geometry":{"type":"Polygon","coordinates":[[[-111.197,35.466],[-112.582,36.378],[-113.371,35.889],[-112.824,35.156],[-111.873,35.132],[-111.197,35.466]]]},"properties":{"NAME":null,"SUBJECTO":null,"BORDERPRECISION":3}},
{"type":"Feature","geometry":{"type":"MultiPolygon","coordinates":[[[[-114.255,33.421],[-113.941,34.352],[-114.144,34.833],[-114.728,35.742],[-114.926,35.557],[-114.66,34.355],[-115.236,34.012],[-116.882,34.159],[-117.382,34.38],[-117.972,33.708],[-117.497,33.325],[-114.255,33.421]]],[[[-120.391,39.663],[-120.108,38.87],[-119.48,38.316],[-119.36,38.864],[-120.19,40.099],[-120.391,39.663]]],[[[-122.782,39.53],[-122.791,39.572],[-122.822,39.534],[-122.782,39.53]]]]},"properties":{"NAME":null,"SUBJECTO":null,"BORDERPRECISION":3}},
{"type":"Feature","geometry":{"type":"Polygon","coordinates":[[[-117.852,46.347],[-118.951,46.033],[-118.997,44.934],[-117.395,44.792],[-117.852,46.347]]]},"properties":{"NAME":"Cayuse","SUBJECTO":"Cayuse","BORDERPRECISION":3}},
{"type":"Feature","geometry":{"type":"Polygon","coordinates":[[[-120.357,46.999],[-121.279,47.584],[-121.293,47.449],[-120.414,46.958],[-120.357,46.999]]]},"properties":{"NAME":null,"SUBJECTO":null,"BORDERPRECISION":3}},
{"type":"Feature","geometry":{"type":"Polygon","coordinates":[[[-120.175,45.795],[-119.467,44.765],[-118.997,44.934],[-118.951,46.033],[-120.175,45.795]]]},"properties":{"NAME":"Umatilla","SUBJECTO":"Umatilla","BORDERPRECISION":3}},
{"type":"Feature","geometry":{"type":"Polygon","coordinates":[[[-120.588,45.715],[-120.998,45.631],[-121.241,45.279],[-121.869,45.1],[-122.108,44.352],[-122.014,44.342],[-119.467,44.765],[-120.175,45.795],[-120.588,45.715]]]},"properties":{"NAME":"Tenimo","SUBJECTO":"Tenimo","BORDERPRECISION":3}},
{"type":"Feature","geometry":{"type":"Polygon","coordinates":[[[-117.102,46.776],[-117.426,47.008],[-118.847,46.718],[-119.048,46.748],[-118.951,46.033],[-117.852,46.347],[-117.102,46.776]]]},"properties":{"NAME":null,"SUBJECTO":null,"BORDERPRECISION":3}},
{"type":"Feature","geometry":{"type":"Polygon","coordinates":[[[-120.414,46.958],[-121.293,47.449],[-121.51,47.361],[-121.381,47.014],[-120.414,46.958]]]},"properties":{"NAME":null,"SUBJECTO":null,"BORDERPRECISION":3}},
{"type":"Feature","geometry":{"type":"Polygon","coordinates":[[[-121.511,45.672],[-121.241,45.279],[-120.998,45.631],[-121.511,45.672]]]},"properties":{"NAME":null,"SUBJECTO":null,"BORDERPRECISION":3}},
{"type":"Feature","geometry":{"type":"Polygon","coordinates":[[[-122.818,45.079],[-122.301,45.007],[-122.279,45.012],[-121.869,45.1],[-121.241,45.279],[-121.511,45.672],[-121.876,45.686],[-121.903,45.668],[-121.898,45.678],[-122.377,45.579],[-122.814,45.773],[-122.973,45.649],[-122.995,45.63],[-122.818,45.079]]]},"properties":{"NAME":null,"SUBJECTO":null,"BORDERPRECISION":3}},
{"type":"Feature","geometry":{"type":"Polygon","coordinates":[[[-122.108,44.352],[-121.869,45.1],[-122.279,45.012],[-122.301,45.007],[-122.818,45.079],[-122.108,44.352]]]},"properties":{"NAME":null,"SUBJECTO":null,"BORDERPRECISION":3}},
{"type":"Feature","geometry":{"type":"Polygon","coordinates":[[[-116.432,46.8],[-116.146,47.829],[-117.358,47.896],[-117.426,47.008],[-117.102,46.776],[-116.432,46.8]]]},"properties":{"NAME":null,"SUBJECTO":null,"BORDERPRECISION":3}},
{"type":"Feature","geometry":{"type":"Polygon","coordinates":[[[-87.974,44.37],[-90.017,45.332],[-90.704,44.082],[-88.136,44.052],[-87.974,44.37]]]},"properties":{"NAME":"Fox","SUBJECTO":"Fox","BORDERPRECISION":3}},
{"type":"Feature","geometry":{"type":"Polygon","coordinates":[[[-88.371,37.087],[-89.104,36.948],[-89.67,36.19],[-89.796,35.019],[-90.48,33.884],[-89.066,33.854],[-89.025,33.438],[-90.711,33.377],[-90.763,32.97],[-89.951,32.958],[-88.846,33.28],[-87.11,33.261],[-86.693,35.112],[-87.687,35.795],[-87.961,36.874],[-88.371,37.087]]]},"properties":{"NAME":null,"SUBJECTO":null,"BORDERPRECISION":3}},
{"type":"Feature","geometry":{"type":"Polygon","coordinates":[[[-83.253,36.669],[-83.159,35.958],[-85.044,34.972],[-85.007,33.922],[-83.696,34.046],[-82.56,34.9],[-81.998,35.736],[-80.312,37.132],[-80.221,37.643],[-80.749,37.36],[-81.877,37.363],[-83.253,36.669]]]},"properties":{"NAME":"Cherokee","SUBJECTO":"Cherokee","BORDERPRECISION":3}},
{"type":"Feature","geometry":{"type":"Polygon","coordinates":[[[-90.48,33.884],[-90.711,33.377],[-89.025,33.438],[-89.066,33.854],[-90.48,33.884]]]},"properties":{"NAME":null,"SUBJECTO":null,"BORDERPRECISION":3}},
{"type":"Feature","geometry":{"type":"Polygon","coordinates":[[[-86.693,35.112],[-87.11,33.261],[-87.162,32.953],[-86.107,32.913],[-86.117,33.548],[-85.007,33.922],[-85.044,34.972],[-86.669,35.096],[-86.693,35.112]]]},"properties":{"NAME":null,"SUBJECTO":null,"BORDERPRECISION":3}},
{"type":"Feature","geometry":{"type":"Polygon","coordinates":[[[-87.848,44.606],[-87.867,44.885],[-88.667,46.134],[-87.514,46.689],[-88.457,46.92],[-90.277,46.625],[-91.414,46.803],[-90.017,45.332],[-87.974,44.37],[-87.848,44.606]]]},"properties":{"NAME":null,"SUBJECTO":null,"BORDERPRECISION":3}},
{"type":"Feature","geometry":{"type":"Polygon","coordinates":[[[-92.796,40.337],[-93.709,40.175],[-95.016,40.682],[-95.259,39.96],[-94.474,38.79],[-91.626,38.469],[-92.216,40.085],[-92.796,40.337]]]},"properties":{"NAME":"Missouri","SUBJECTO":"Missouri","BORDERPRECISION":3}},
{"type":"Feature","geometry":{"type":"Polygon","coordinates":[[[-96.723,41.192],[-96.519,41.211],[-96.098,41.937],[-96.345,42.475],[-97.272,42.903],[-98.012,42.757],[-98.293,42.317],[-97.534,42.008],[-97.198,41.362],[-96.723,41.192]]]},"properties":{"NAME":"Omaha","SUBJECTO":"Omaha","BORDERPRECISION":3}},
{"type":"Feature","geometry":{"type":"Polygon","coordinates":[[[-98.293,42.317],[-98.012,42.757],[-99.862,44.328],[-100.933,43.885],[-100.856,42.762],[-98.293,42.317]]]},"properties":{"NAME":"Ponca","SUBJECTO":"Ponca","BORDERPRECISION":3}},
{"type":"Feature","geometry":{"type":"Polygon","coordinates":[[[-89.105,42.891],[-88.136,44.052],[-90.704,44.082],[-91.041,43.843],[-89.832,42.676],[-89.105,42.891]]]},"properties":{"NAME":null,"SUBJECTO":null,"BORDERPRECISION":3}},
{"type":"Feature","geometry":{"type":"Polygon","coordinates":[[[-100.874,42.763],[-100.933,43.885],[-99.862,44.328],[-99.82,44.525],[-99.979,44.788],[-100.634,44.747],[-101.272,46.346],[-101.576,46.823],[-101.911,47.158],[-103.995,47.636],[-104.537,47.134],[-104.553,45.072],[-103.22,45.194],[-102.229,44.165],[-103.479,42.611],[-104.164,41.971],[-103.197,41.607],[-101.275,41.143],[-101.393,41.716],[-100.874,42.763]]]},"properties":{"NAME":"Teton","SUBJECTO":"Teton","BORDERPRECISION":3}},
{"type":"Feature","geometry":{"type":"Polygon","coordinates":[[[-71.258,63.567],[-71.319,63.061],[-69.155,62.42],[-65.94,61.79],[-66.496,63.077],[-64.735,63.067],[-64.474,63.744],[-67.614,65.912],[-66.913,66.595],[-65.034,65.953],[-64.844,65.378],[-62.845,65.614],[-61.211,66.635],[-68.665,68.716],[-66.668,69.186],[-69.463,69.96],[-71.253,71.351],[-73.275,71.161],[-75.322,72.548],[-77.119,72.711],[-81.027,72.05],[-80.489,73.037],[-81.532,73.688],[-88.099,73.636],[-89.639,72.782],[-89.997,71.541],[-87.949,71.351],[-87.948,70.385],[-82.269,69.86],[-80.713,70.153],[-78.713,70.011],[-75.552,69.222],[-73.185,68.296],[-72.305,67.264],[-74.28,66.06],[-73.42,65.529],[-75.789,65.197],[-77.358,65.376],[-78.127,64.651],[-76.526,64.23],[-74.559,64.78],[-73.164,64.574],[-72.388,63.858],[-71.258,63.567]]]},"properties":{"NAME":"T'atsaot'ine","SUBJECTO":"T'atsaot'ine","BORDERPRECISION":3}},
{"type":"Feature","geometry":{"type":"MultiPolygon","coordinates":[[[[136.811,37.311],[136.668,36.667],[135.978,35.973],[135.157,35.646],[133.006,35.254],[132.663,35.381],[130.899,33.904],[131.995,33.804],[132.481,34.129],[134.427,34.628],[135.063,33.69],[135.756,33.342],[136.734,34.874],[137.248,34.482],[138.149,34.528],[139.423,35.166],[140.317,35.034],[140.656,36.618],[140.964,36.956],[140.872,37.917],[141.496,38.422],[141.998,39.672],[141.153,40.865],[139.915,40.575],[140.03,39.483],[139.198,37.92],[138.317,37.206],[137.176,36.643],[136.811,37.311]]],[[[132.568,32.637],[133.517,33.395],[133.999,33.148],[134.54,34.013],[133.806,34.176],[132.784,33.908],[132.121,33.348],[132.568,32.637]]],[[[130.579,30.907],[131.319,31.511],[131.831,32.693],[131.67,33.309],[130.427,33.674],[129.343,33.151],[129.846,32.587],[130.579,30.907]]],[[[140.013,41.382],[140.246,42.228],[141.928,42.501],[143.214,41.927],[143.848,42.775],[145.448,43.17],[145.059,43.786],[143.508,44.156],[141.875,45.435],[141.523,45.183],[141.709,43.914],[141.304,43.187],[139.712,42.478],[140.013,41.382]]]]},"properties":{"NAME":"Tokugawa shogunate","SUBJECTO":"Tokugawa shogunate","BORDERPRECISION":3}},
{"type":"Feature","geometry":{"type":"Polygon","coordinates":[[[-117.891,48.284],[-118.781,47.584],[-118.847,46.718],[-117.426,47.008],[-117.358,47.896],[-117.891,48.284]]]},"properties":{"NAME":null,"SUBJECTO":null,"BORDERPRECISION":3}},
{"type":"Feature","geometry":{"type":"Polygon","coordinates":[[[-119.366,37.968],[-119.612,37.639],[-118.641,36.817],[-118.64,36.812],[-118.343,37.243],[-119.366,37.968]]]},"properties":{"NAME":null,"SUBJECTO":null,"BORDERPRECISION":3}},
{"type":"Feature","geometry":{"type":"Polygon","coordinates":[[[-121.927,36.338],[-121.65,36.099],[-121.344,36.463],[-121.984,36.531],[-121.927,36.338]]]},"properties":{"NAME":null,"SUBJECTO":null,"BORDERPRECISION":3}},
{"type":"Feature","geometry":{"type":"Polygon","coordinates":[[[-121.986,39.595],[-122.791,39.572],[-122.782,39.53],[-122.717,38.992],[-122.352,38.517],[-122.313,38.221],[-121.936,38.179],[-120.951,38.886],[-121.043,39.588],[-121.986,39.595]]]},"properties":{"NAME":null,"SUBJECTO":null,"BORDERPRECISION":3}},
{"type":"Feature","geometry":{"type":"Polygon","coordinates":[[[-121.043,39.588],[-120.951,38.886],[-120.108,38.87],[-120.391,39.663],[-121.043,39.588]]]},"properties":{"NAME":null,"SUBJECTO":null,"BORDERPRECISION":3}},
{"type":"Feature","geometry":{"type":"Polygon","coordinates":[[[-119.042,35.218],[-119.741,35.566],[-120.954,35.489],[-120.529,34.508],[-119.613,34.478],[-118.674,34.103],[-118.6,34.598],[-119.042,35.218]]]},"properties":{"NAME":null,"SUBJECTO":null,"BORDERPRECISION":3}},
{"type":"Feature","geometry":{"type":"Polygon","coordinates":[[[-122.718,38.691],[-122.352,38.517],[-122.717,38.992],[-122.718,38.691]]]},"properties":{"NAME":null,"SUBJECTO":null,"BORDERPRECISION":3}},
{"type":"Feature","geometry":{"type":"Polygon","coordinates":[[[-122.49,38.165],[-122.494,37.301],[-121.984,36.531],[-121.344,36.463],[-120.897,36.575],[-121.152,37.356],[-121.823,37.879],[-121.936,38.179],[-122.313,38.221],[-122.49,38.165]]]},"properties":{"NAME":null,"SUBJECTO":null,"BORDERPRECISION":3}},
{"type":"Feature","geometry":{"type":"Polygon","coordinates":[[[-120.897,36.575],[-121.344,36.463],[-121.65,36.099],[-120.954,35.489],[-119.741,35.566],[-120.897,36.575]]]},"properties":{"NAME":null,"SUBJECTO":null,"BORDERPRECISION":3}},
{"type":"Feature","geometry":{"type":"Polygon","coordinates":[[[-118.6,34.598],[-118.674,34.103],[-117.972,33.708],[-117.382,34.38],[-118.6,34.598]]]},"properties":{"NAME":null,"SUBJECTO":null,"BORDERPRECISION":3}},
{"type":"Feature","geometry":{"type":"Polygon","coordinates":[[[-91.626,32.957],[-92.117,33.903],[-92.846,34.655],[-94.937,34.621],[-95.351,34.048],[-95.392,33.614],[-94.518,32.508],[-95.527,32.008],[-95.468,31.216],[-94.708,30.755],[-93.126,30.498],[-92.46,30.584],[-92.699,31.615],[-91.626,31.939],[-91.626,32.957]]]},"properties":{"NAME":"Caddo","SUBJECTO":"Caddo","BORDERPRECISION":3}},
{"type":"Feature","geometry":{"type":"Polygon","coordinates":[[[-97.807,38.777],[-97.16,38.294],[-95.742,38.678],[-94.474,38.79],[-95.259,39.96],[-97.043,40.249],[-97.807,38.777]]]},"properties":{"NAME":"Kansa","SUBJECTO":"Kansa","BORDERPRECISION":3}},
{"type":"Feature","geometry":{"type":"Polygon","coordinates":[[[-95.351,34.048],[-94.937,34.621],[-92.846,34.655],[-91.837,35.72],[-90.807,37.175],[-90.528,37.939],[-91.626,38.469],[-94.474,38.79],[-95.742,38.678],[-97.16,38.294],[-96.586,37.248],[-97.406,35.576],[-97.51,34.884],[-95.454,35.132],[-95.351,34.048]]]},"properties":{"NAME":"Osage","SUBJECTO":"Osage","BORDERPRECISION":3}},
{"type":"Feature","geometry":{"type":"Polygon","coordinates":[[[-90.763,32.97],[-90.711,33.377],[-90.48,33.884],[-89.796,35.019],[-89.67,36.19],[-89.104,36.948],[-90.807,37.175],[-91.837,35.72],[-92.846,34.655],[-92.117,33.903],[-91.626,32.957],[-90.763,32.97]]]},"properties":{"NAME":"Quapaw","SUBJECTO":"Quapaw","BORDERPRECISION":3}},
{"type":"Feature","geometry":{"type":"Polygon","coordinates":[[[-97.043,40.249],[-95.259,39.96],[-95.016,40.682],[-96.519,41.211],[-96.723,41.192],[-97.043,40.249]]]},"properties":{"NAME":"Oto","SUBJECTO":"Oto","BORDERPRECISION":3}},
{"type":"Feature","geometry":{"type":"Polygon","coordinates":[[[-92.453,42.691],[-94.026,42.629],[-94.353,42.278],[-95.735,41.972],[-96.098,41.937],[-96.519,41.211],[-95.016,40.682],[-93.709,40.175],[-92.796,40.337],[-91.327,41.536],[-91.416,42.172],[-92.453,42.691]]]},"properties":{"NAME":"Iowa","SUBJECTO":"Iowa","BORDERPRECISION":3}},
{"type":"Feature","geometry":{"type":"Polygon","coordinates":[[[-74.316,56.619],[-63.987,56.963],[-63.353,59.068],[-64.671,60.181],[-65.555,59.576],[-65.861,58.795],[-67.772,58.249],[-69.214,58.748],[-70.028,60.883],[-73.395,62.355],[-75.695,62.216],[-77.362,62.517],[-77.462,61.473],[-78.176,60.742],[-77.215,59.748],[-78.469,58.709],[-77.66,58.236],[-74.853,57.156],[-74.316,56.619]]]},"properties":{"NAME":"Naskapi Innu","SUBJECTO":"Naskapi Innu","BORDERPRECISION":3}},
{"type":"Feature","geometry":{"type":"Polygon","coordinates":[[[-91.981,30.233],[-92.46,30.584],[-93.126,30.498],[-94.708,30.755],[-95.468,31.216],[-95.972,30.84],[-95.821,29.645],[-97.536,28.691],[-97.546,27.923],[-95.603,28.799],[-94.142,29.69],[-92.117,29.542],[-92.017,29.825],[-91.981,30.233]]]},"properties":{"NAME":"Atakapa","SUBJECTO":"Atakapa","BORDERPRECISION":3}},
{"type":"Feature","geometry":{"type":"Polygon","coordinates":[[[77.053,12.557],[77.426,9.962],[77.618,8.117],[78.927,9.493],[79.222,10.192],[79.826,10.359],[79.725,11.516],[79.07,11.35],[78.559,12.22],[77.996,12.578],[77.053,12.557]]]},"properties":{"NAME":"Hindu Kingdoms","SUBJECTO":"Hindu Kingdoms","BORDERPRECISION":3}},
{"type":"Feature","geometry":{"type":"Polygon","coordinates":[[[38.963,17.192],[38.527,18.161],[37.431,17.702],[36.45,18.07],[35.96,19.418],[37.165,20.764],[36.8,21.915],[35.251,21.369],[32.662,21],[31.617,21.295],[32.161,20.643],[33.877,19.663],[34.612,18.07],[33.632,15.742],[33.999,13.659],[33.142,11.576],[31.671,11.576],[31.426,13.291],[31.671,15.864],[30.691,16.845],[29.466,19.173],[29.466,20.766],[30.346,22.111],[29.426,22.664],[26.005,30.708],[25.258,31.438],[24.816,31.907],[23.742,32.064],[22.122,31.077],[21.197,31.077],[20.365,30.338],[19.319,30.255],[18.885,30.221],[15.649,30.523],[14.725,30.245],[12.413,32.464],[12.117,32.879],[10.413,33.631],[8.021,33.02],[6.269,31.873],[0.873,31.986],[-1.081,32.454],[-1.714,30.059],[-1.344,29.042],[-1.714,28.394],[-4.95,28.857],[-8.284,28.783],[-8.593,28.641],[-10.339,29.146],[-11.576,28.229],[-12.866,27.857],[-13.629,26.591],[-14.367,26.119],[-14.82,24.733],[-15.714,23.873],[-16.353,22.493],[-16.806,21.99],[-17.052,21.004],[-16.347,20.523],[-15.983,18.178],[-16.45,16.118],[-15.755,16.253],[-16.051,15.069],[-16.87,14.364],[-16.567,12.31],[-15.459,12.48],[-15.158,11.876],[-15.341,11.221],[-14.591,10.467],[-13.68,9.916],[-12.927,8.627],[-13.212,8.347],[-12.264,7.351],[-9.937,5.863],[-9.248,5.172],[-7.529,4.337],[-6.316,4.873],[-5,5.238],[-3.942,5.266],[-1.81,4.829],[-1.596,5.441],[0.181,6.42],[1.83,6.839],[2.617,6.341],[2.659,8.714],[3.159,9.714],[4.158,9.963],[6.157,9.339],[6.906,7.715],[6.844,4.292],[8.875,4.62],[9.586,3.675],[9.923,2.824],[9.851,1.877],[9.203,-0.634],[8.815,-0.896],[9.656,-2.419],[11.773,-4.537],[12.263,-5.47],[12.372,-6.258],[13.274,-5.778],[14.103,-4.949],[14.576,-4.772],[15.05,-6.015],[14.99,-7.198],[14.399,-7.198],[14.329,-9.368],[13.084,-9.287],[13.816,-10.976],[13.649,-12.197],[12.585,-13.464],[12.06,-15.594],[11.782,-15.868],[11.775,-17.596],[12.08,-18.491],[12.929,-19.742],[13.804,-21.443],[14.415,-22.268],[14.396,-23.075],[14.909,-25.018],[14.843,-25.622],[15.454,-27.616],[16.788,-29.139],[18.336,-32.339],[19.962,-31.878],[20.494,-33.121],[22.092,-33.357],[22.589,-34.135],[23.499,-34.07],[24.43,-34.335],[25.619,-33.919],[26.659,-33.847],[28.922,-32.298],[30.391,-30.814],[31.563,-29.21],[32.235,-28.744],[32.767,-27.517],[32.887,-26.715],[32.094,-26.255],[32.094,-25.604],[32.945,-25.54],[34.884,-24.722],[35.297,-23.825],[35.531,-22.458],[35.261,-22.274],[34.699,-20.572],[34.726,-19.86],[35.378,-19.427],[34.812,-17.595],[33.343,-15.707],[34.287,-15.916],[35.546,-16.966],[36.386,-16.966],[37.275,-17.713],[39.471,-16.717],[40.386,-15.736],[40.849,-14.579],[40.599,-14.401],[40.527,-12.584],[40.311,-11.345],[40.524,-10.55],[38.904,-10.775],[38.222,-6.158],[38.746,-3.955],[41.055,-0.597],[43.888,2.026],[45.941,3.502],[47.479,5.571],[49.046,6.416],[50.779,9.368],[51.13,10.71],[51.181,11.777],[50.697,11.948],[49.304,11.246],[47.391,11.159],[46.677,10.7],[45.909,10.832],[44.281,10.396],[43.368,11.456],[42.669,11.511],[40.494,9.86],[41.842,8.757],[42.945,6.919],[42.577,5.816],[41.719,4.713],[42.822,4.591],[43.435,3.856],[43.802,2.875],[42.332,1.773],[38.411,1.037],[36.45,2.63],[36.083,5.694],[38.043,5.694],[38.043,6.797],[34.98,7.287],[35.102,8.39],[36.462,8.547],[35.96,14.762],[36.083,16.109],[38.043,16.232],[38.963,17.192]],[[10.84,10.577],[10.368,9.516],[9.424,9.044],[8.717,9.044],[7.183,11.049],[5.768,11.167],[4.825,12.582],[5.178,15.649],[7.16,16.039],[11.075,14.351],[13.552,16.121],[16.265,16.121],[16.843,14.328],[16.972,12.464],[16.619,11.049],[14.967,9.988],[12.019,9.87],[10.84,10.577]],[[0.697,15.413],[2.158,15.087],[3.185,12.914],[1.977,12.672],[0.649,13.155],[0.107,15.059],[0.697,15.413]],[[-3.836,12.587],[-2.724,13.644],[-0.837,13.408],[0.769,12.31],[-0.076,10.075],[-2.088,9.838],[-3.836,10.088],[-3.836,12.587]],[[20.515,16.476],[21.542,16.597],[22.327,15.329],[22.81,13.759],[22.629,13.215],[19.911,12.612],[19.368,13.397],[19.791,14.967],[20.515,16.476]],[[22.689,15.329],[23.112,16.597],[27.46,18.167],[29.15,17.926],[29.996,14.242],[29.09,13.155],[24.32,12.793],[23.172,13.578],[22.689,15.329]],[[23.625,-6.772],[25.316,-6.531],[25.98,-5.142],[29.332,-5.323],[31.083,-8.704],[30.358,-9.248],[29.271,-9.187],[28.728,-9.731],[27.339,-9.61],[26.373,-10.274],[25.467,-10.395],[23.504,-10.335],[23.021,-10.818],[18.251,-11.12],[17.466,-8.161],[17.889,-7.376],[21.331,-6.712],[23.625,-6.772]],[[26.946,-18.668],[27.671,-18.004],[30.147,-18.547],[30.69,-20.057],[29.905,-22.05],[26.886,-21.929],[26.282,-20.661],[26.946,-18.668]],[[-8.333,13.211],[-9.582,12.836],[-10.082,13.211],[-9.832,15.21],[-9.333,15.46],[-7.584,14.585],[-7.977,13.383],[-4.961,14.835],[-3.836,14.086],[-7.459,11.837],[-8.583,12.212],[-8.333,13.211]],[[1.035,8.09],[0.66,7.215],[-0.089,6.716],[-0.838,6.716],[-1.338,7.465],[-0.963,8.215],[0.036,8.964],[0.66,8.839],[1.035,8.09]],[[-2.213,16.959],[-1.963,17.708],[-1.213,17.708],[-0.589,17.208],[-0.838,16.334],[-1.963,16.334],[-2.213,16.959]],[[6.531,16.709],[6.531,17.958],[7.156,18.458],[8.155,18.208],[8.405,17.208],[7.781,16.584],[6.531,16.709]],[[-8.833,11.587],[-7.584,10.713],[-8.333,8.839],[-10.207,8.839],[-11.331,9.838],[-10.332,11.462],[-8.833,11.587]],[[-10.832,14.46],[-11.456,12.961],[-12.58,12.836],[-14.954,15.085],[-14.704,15.585],[-13.954,15.834],[-11.331,15.085],[-10.832,14.46]]]},"properties":{"NAME":null,"SUBJECTO":null,"BORDERPRECISION":3}},
{"type":"Feature","geometry":{"type":"Polygon","coordinates":[[[-1.81,4.829],[0.09,5.656],[0.939,5.759],[1.558,6.237],[2.617,6.341],[1.83,6.839],[0.181,6.42],[-1.596,5.441],[-1.81,4.829]]]},"properties":{"NAME":"Netherlands","SUBJECTO":"Netherlands","BORDERPRECISION":3}},
{"type":"Feature","geometry":{"type":"Polygon","coordinates":[[[81.056,6.473],[81.476,6.316],[81.805,7.313],[80.892,8.946],[80.619,8.833],[81.139,8.175],[81.396,7.276],[81.056,6.473]]]},"properties":{"NAME":"Ceylon","SUBJECTO":"Ceylon","BORDERPRECISION":3}},
{"type":"Feature","geometry":{"type":"Polygon","coordinates":[[[80.619,8.833],[80.523,8.869],[80.503,8.785],[80.619,8.833]]]},"properties":{"NAME":"Kandy","SUBJECTO":"Kandy","BORDERPRECISION":3}},
{"type":"Feature","geometry":{"type":"MultiPolygon","coordinates":[[[[80.503,8.785],[80.523,8.869],[80.619,8.833],[80.892,8.946],[80.178,9.445],[79.919,8.949],[80.503,8.785]]],[[[79.838,7.816],[79.854,7.061],[80.222,6.058],[81.476,6.316],[81.056,6.473],[80.079,7.744],[79.838,7.816]]]]},"properties":{"NAME":"Ceylon (Dutch)","SUBJECTO":"Netherlands","BORDERPRECISION":3}},
{"type":"Feature","geometry":{"type":"Polygon","coordinates":[[[-81.877,37.363],[-80.749,37.36],[-80.221,37.643],[-79.144,38.599],[-79.921,40.419],[-80.746,40.677],[-82.965,40.588],[-85.172,40.642],[-86.317,40.027],[-87.648,38.882],[-87.745,40.337],[-87.778,38.364],[-87.55,38.699],[-86.076,39.201],[-84.692,39.246],[-83.096,38.957],[-82.062,38.334],[-81.877,37.363]]]},"properties":{"NAME":null,"SUBJECTO":null,"BORDERPRECISION":3}},
{"type":"Feature","geometry":{"type":"Polygon","coordinates":[[[-78.134,42.403],[-75.366,42.061],[-74.959,42.5],[-74.053,43.011],[-73.311,43.813],[-72.996,45.022],[-74.778,45.022],[-76.016,44.318],[-76.174,43.625],[-76.937,43.237],[-77.761,43.321],[-78.98,43.231],[-79.006,42.61],[-78.134,42.403]]]},"properties":{"NAME":"Iroquois","SUBJECTO":"Iroquois","BORDERPRECISION":3}},
{"type":"Feature","geometry":{"type":"Polygon","coordinates":[[[-74.053,43.011],[-74.959,42.5],[-75.452,41.267],[-76.552,41.267],[-76.751,40.467],[-77.851,38.668],[-77.651,37.369],[-76.751,36.261],[-75.896,36.398],[-76.283,37.056],[-74.153,39.765],[-73.741,40.977],[-70.302,41.759],[-70.868,42.871],[-69.826,43.752],[-68.467,44.441],[-68.957,44.864],[-70.656,44.265],[-72.954,42.966],[-74.053,43.011]]]},"properties":{"NAME":"British American colonies","SUBJECTO":"United Kingdom","BORDERPRECISION":3}},
{"type":"Feature","geometry":{"type":"Polygon","coordinates":[[[10.454,46.826],[9.562,47.5],[8.983,47.68],[8.636,47.776],[7.583,47.579],[6.111,46.275],[6.12,46.263],[6.164,46.269],[6.216,46.349],[6.235,46.371],[6.262,46.392],[6.275,46.392],[6.354,46.462],[6.426,46.467],[6.517,46.515],[6.535,46.511],[6.553,46.508],[6.563,46.508],[6.586,46.516],[6.601,46.516],[6.661,46.505],[6.727,46.486],[6.744,46.488],[6.839,46.462],[6.84,46.461],[6.864,46.448],[6.866,46.448],[6.882,46.444],[6.894,46.441],[6.919,46.396],[6.888,46.395],[6.878,46.394],[7.033,46.184],[7.221,46.327],[7.694,46.426],[7.75,46.321],[8.314,46.396],[8.617,46.124],[9.545,46.307],[10.454,46.826]]]},"properties":{"NAME":"Swiss Confederation","SUBJECTO":"Swiss Confederation","BORDERPRECISION":3}},
{"type":"Feature","geometry":{"type":"Polygon","coordinates":[[[5.824,49.507],[2.875,50.682],[2.522,51.091],[1.589,50.822],[1.275,50.004],[0.033,49.334],[-1.892,49.526],[-1.591,48.638],[-3.091,48.872],[-4.35,48.391],[-3.955,47.904],[-2.005,47.043],[-1.075,46.015],[-1.561,43.524],[-1.915,43.305],[-0.612,42.731],[0.744,42.772],[2.363,42.293],[3.087,42.369],[3.068,42.945],[4.078,43.487],[5.829,43.021],[7.397,43.764],[6.943,44.869],[5.935,45.322],[5.941,46.176],[6.075,46.253],[6.111,46.275],[7.583,47.579],[7.729,48.616],[8.158,48.978],[6.433,49.445],[5.824,49.507]]]},"properties":{"NAME":"France","SUBJECTO":"France","BORDERPRECISION":3}},
{"type":"Feature","geometry":{"type":"MultiPolygon","coordinates":[[[[9.131,45.121],[8.45,45.519],[8.617,46.124],[8.314,46.396],[7.196,45.861],[6.809,46.394],[6.201,46.265],[5.941,46.176],[5.935,45.322],[6.943,44.869],[7.397,43.764],[7.468,43.811],[7.705,44.062],[7.98,43.965],[8.09,44.051],[8.395,44.8],[9.131,44.789],[9.131,45.121]]],[[[6.888,46.395],[6.861,46.396],[6.858,46.388],[6.878,46.394],[6.888,46.395]]],[[[6.111,46.275],[6.075,46.253],[6.12,46.263],[6.111,46.275]]]]},"properties":{"NAME":"Sardinia-Piedmont","SUBJECTO":"Sardinia-Piedmont","BORDERPRECISION":3}},
{"type":"Feature","geometry":{"type":"Polygon","coordinates":[[[10.393,45.026],[10.377,45.374],[9.545,46.307],[8.617,46.124],[8.45,45.519],[9.131,45.121],[10.393,45.026]]]},"properties":{"NAME":"Milan","SUBJECTO":"Austrian Empire","BORDERPRECISION":3}},
{"type":"Feature","geometry":{"type":"MultiPolygon","coordinates":[[[[16.184,44.258],[15.548,44.229],[15.913,43.652],[17.548,42.92],[16.184,44.258]]],[[[12.378,44.732],[12.176,45.214],[13.368,45.694],[13.709,46.839],[12.407,46.964],[12.328,46.967],[11.908,46.414],[10.525,45.739],[10.454,46.826],[9.545,46.307],[10.377,45.374],[10.856,45.051],[11.17,45.067],[12.378,44.732]]]]},"properties":{"NAME":"Venice","SUBJECTO":"Venice","BORDERPRECISION":3}},
{"type":"Feature","geometry":{"type":"MultiPolygon","coordinates":[[[[25.246,47.686],[24.342,48.351],[23.889,49.259],[20.016,49.803],[18.796,49.713],[18.646,50.645],[16.855,51.917],[15.765,52.265],[15.2,51.985],[15.342,51.287],[12.202,50.24],[12.536,49.563],[13.947,48.655],[13.253,48.069],[13.854,47.192],[12.407,46.964],[13.709,46.839],[13.368,45.694],[13.673,45.715],[14.354,45.323],[15.548,44.229],[16.184,44.258],[15.828,45.203],[18.258,45.122],[19.853,45.236],[20.769,44.66],[22.133,44.511],[22.478,45.729],[24.065,46.1],[24.942,45.965],[26.191,46.809],[26.292,47.214],[25.246,47.686]]],[[[10.454,46.826],[10.525,45.739],[11.908,46.414],[12.328,46.967],[12.361,47.529],[9.665,47.556],[9.562,47.5],[10.454,46.826]]]]},"properties":{"NAME":"Austrian Empire","SUBJECTO":"Austrian Empire","BORDERPRECISION":3}},
{"type":"Feature","geometry":{"type":"Polygon","coordinates":[[[8.512,48.112],[8.158,48.978],[7.729,48.616],[7.583,47.579],[8.636,47.776],[8.594,47.889],[8.512,48.112]]]},"properties":{"NAME":"Baden","SUBJECTO":"Baden","BORDERPRECISION":3}},
{"type":"Feature","geometry":{"type":"Polygon","coordinates":[[[6.433,49.445],[8.158,48.978],[8.512,48.112],[8.682,47.97],[8.594,47.889],[8.636,47.776],[8.983,47.68],[9.118,47.679],[9.209,47.674],[9.665,47.556],[12.361,47.529],[12.328,46.967],[12.407,46.964],[13.854,47.192],[13.253,48.069],[13.947,48.655],[12.536,49.563],[12.202,50.24],[15.342,51.287],[15.2,51.985],[11.833,52.075],[10.18,51.596],[10.151,51.637],[10.553,52.167],[8.871,52.457],[8.109,52.399],[8.141,53.024],[7.875,53.634],[7.16,53.164],[7.069,52.366],[6.381,51.82],[6.222,51.389],[6,50.742],[6.109,50.117],[6.433,49.445]]]},"properties":{"NAME":"Holy Roman Empire","SUBJECTO":"Holy Roman Empire","BORDERPRECISION":3}},
{"type":"Feature","geometry":{"type":"Polygon","coordinates":[[[6.878,46.394],[6.858,46.388],[6.809,46.394],[7.196,45.861],[8.314,46.396],[7.75,46.321],[7.694,46.426],[7.221,46.327],[7.033,46.184],[6.878,46.394]]]},"properties":{"NAME":"Republic of the Seven Zenden","SUBJECTO":"Republic of the Seven Zenden","BORDERPRECISION":3}},
{"type":"Feature","geometry":{"type":"Polygon","coordinates":[[[6.12,46.263],[6.075,46.253],[5.941,46.176],[6.201,46.265],[6.164,46.269],[6.12,46.263]]]},"properties":{"NAME":"Geneva","SUBJECTO":"Geneva","BORDERPRECISION":3}},
{"type":"Feature","geometry":{"type":"Polygon","coordinates":[[[-130.463,68.392],[-132.753,68.62],[-132.95,68.597],[-136.416,68.192],[-136.082,67],[-133.895,67],[-133.617,65.998],[-132.148,65.582],[-132.562,64.809],[-130.114,63.87],[-130.133,63.257],[-128.781,62.056],[-125.997,62.937],[-124.524,63.999],[-123.092,64.254],[-121.033,64.075],[-119.317,64.839],[-119.259,65.289],[-117.376,65.661],[-116.367,66.774],[-120.474,67.945],[-130.463,68.392]]]},"properties":{"NAME":"Sahtu","SUBJECTO":"Sahtu","BORDERPRECISION":3}},
{"type":"Feature","geometry":{"type":"Polygon","coordinates":[[[146.713,-43.722],[147.815,-42.965],[148.319,-41.806],[148.27,-41.093],[146.382,-41.308],[144.776,-40.843],[144.936,-41.71],[145.53,-42.345],[145.723,-43.24],[146.713,-43.722]]]},"properties":{"NAME":"Tasmanian hunter-gatherers","SUBJECTO":"Tasmanian hunter-gatherers","BORDERPRECISION":3}},
{"type":"Feature","geometry":{"type":"MultiPolygon","coordinates":[[[[-129.97,53.913],[-128.814,53.764],[-128.889,53.418],[-128.432,52.939],[-128.077,52.939],[-128.06,52.5],[-127.866,52.413],[-122.491,54.244],[-111.977,58.287],[-111.371,58.606],[-118.198,62.713],[-123.092,64.254],[-124.524,63.999],[-125.997,62.937],[-128.781,62.056],[-130.133,63.257],[-130.114,63.87],[-132.562,64.809],[-132.148,65.582],[-133.617,65.998],[-133.895,67],[-136.082,67],[-136.416,68.192],[-132.95,68.597],[-132.303,69.487],[-135.439,69.526],[-136.203,68.876],[-138.3,69.143],[-157.178,64.013],[-160.927,63.952],[-161.001,63.628],[-153.17,59.74],[-151.784,59.962],[-148.755,60.683],[-147.068,60.91],[-145.511,62.576],[-138.607,61.535],[-134.799,60.553],[-134.311,61.434],[-133.464,61.538],[-128.705,60.74],[-130.075,57.566],[-128.427,55.668],[-129.97,53.913]]],[[[-129.763,69.658],[-131.673,69.276],[-132.753,68.62],[-130.463,68.392],[-129.763,69.658]]]]},"properties":{"NAME":"Athabascan","SUBJECTO":"Athabascan","BORDERPRECISION":3}},
{"type":"Feature","geometry":{"type":"Polygon","coordinates":[[[-102.587,53.565],[-111.977,58.287],[-122.491,54.244],[-115.034,52.033],[-106.277,51.517],[-102.587,53.565]]]},"properties":{"NAME":"Subarctic forest hunter-gatherers","SUBJECTO":"Subarctic forest hunter-gatherers","BORDERPRECISION":3}},
{"type":"Feature","geometry":{"type":"MultiPolygon","coordinates":[[[[-49.002,-22.664],[-53.123,-14.275],[-60.268,-13.81],[-61.367,-14.057],[-61.168,-14.23],[-60.584,-16.369],[-58.424,-17.393],[-56.175,-19.516],[-55.051,-19.516],[-53.677,-18.517],[-52.053,-19.266],[-52.053,-21.89],[-52.325,-22.244],[-52.194,-22.834],[-53.403,-24.285],[-53.677,-26.386],[-53.177,-27.511],[-53.802,-28.01],[-56.55,-28.76],[-56.675,-29.888],[-54.365,-30.593],[-53.544,-31.446],[-52.826,-31.597],[-50.054,-27.76],[-50.179,-24.638],[-49.002,-22.664]]],[[[-61.047,-21.117],[-61.047,-21.104],[-61.413,-19.393],[-60.936,-18.863],[-61.606,-17.522],[-61.905,-17.672],[-63.503,-17.426],[-64.401,-15.629],[-64.662,-16.805],[-65.719,-18.084],[-65.494,-19.135],[-67.154,-25.222],[-67.544,-26.393],[-65.793,-27.011],[-61.782,-26.153],[-61.782,-22.466],[-61.047,-21.117]]]]},"properties":{"NAME":"Savanna hunter-gatherers","SUBJECTO":"Savanna hunter-gatherers","BORDERPRECISION":3}},
{"type":"Feature","geometry":{"type":"MultiPolygon","coordinates":[[[[-58.34,-34.216],[-67.487,-31.716],[-67.65,-33.577],[-69.437,-37.159],[-71.551,-39.758],[-71.799,-40.553],[-70.579,-40.579],[-71.634,-43.196],[-72.191,-45.99],[-72.044,-48.766],[-71.487,-51.104],[-71.165,-51.561],[-69.115,-51.352],[-69.041,-50.562],[-67.833,-49.968],[-67.578,-49.059],[-66.078,-48.142],[-65.713,-47.354],[-66.671,-47.017],[-67.469,-46.266],[-66.695,-45.131],[-65.436,-44.89],[-65.627,-44.723],[-65.307,-43.601],[-64.309,-43.027],[-65.085,-42.784],[-64.165,-42.648],[-64.118,-42.782],[-64.001,-42.853],[-63.729,-42.101],[-64.294,-42.205],[-64.12,-42.384],[-64.992,-42.193],[-64.941,-41.552],[-65.135,-41.244],[-64.939,-40.827],[-62.964,-41.137],[-62.289,-40.675],[-62.466,-40.368],[-62.068,-39.556],[-62.351,-39.333],[-61.361,-39.031],[-59.515,-38.875],[-57.809,-38.386],[-56.698,-36.944],[-56.8,-36.543],[-57.372,-36.149],[-57.226,-35.436],[-58.523,-34.587],[-58.34,-34.216]]],[[[-52.826,-31.597],[-53.544,-31.446],[-54.365,-30.593],[-56.675,-29.888],[-56.8,-31.008],[-56.719,-34.691],[-56.338,-34.995],[-54.622,-34.922],[-53.406,-33.879],[-53.236,-32.937],[-53.51,-32.545],[-52.826,-31.597]]]]},"properties":{"NAME":"Pampas cultures","SUBJECTO":"Pampas cultures","BORDERPRECISION":3}},
{"type":"Feature","geometry":{"type":"MultiPolygon","coordinates":[[[[-65.259,-54.719],[-66.418,-54.607],[-68.13,-53.375],[-68.705,-53.235],[-68.332,-52.85],[-69.407,-52.566],[-70.465,-53.373],[-70.333,-53.473],[-69.441,-53.411],[-70.146,-53.806],[-70.042,-53.986],[-69.055,-54.602],[-70.621,-54.501],[-70.721,-54.937],[-70.498,-54.923],[-69.672,-54.774],[-67.153,-54.91],[-66.622,-55.07],[-65.259,-54.719]]],[[[-73.609,-42.911],[-73.831,-42.564],[-73.475,-42.114],[-74.005,-42.019],[-74.296,-43.265],[-74.236,-43.368],[-73.609,-42.911]]],[[[-73.243,-52.574],[-73.281,-52.953],[-73.08,-53.032],[-72.869,-52.281],[-73.626,-52.608],[-73.243,-52.574]]],[[[-68.411,-52.405],[-69.077,-51.499],[-69.115,-51.352],[-71.165,-51.561],[-71.487,-51.104],[-72.044,-48.766],[-72.191,-45.99],[-71.634,-43.196],[-70.579,-40.579],[-71.799,-40.553],[-71.805,-41.574],[-72.587,-41.618],[-72.731,-41.907],[-72.609,-41.997],[-72.466,-42.035],[-72.724,-42.8],[-72.53,-43.063],[-72.999,-43.334],[-73.058,-44.19],[-72.76,-44.369],[-72.583,-44.44],[-73.335,-45.28],[-73.138,-45.344],[-73.047,-45.376],[-73.97,-46.713],[-73.979,-46.344],[-74.429,-46.533],[-74.068,-45.935],[-75.496,-46.58],[-75.444,-46.625],[-75.022,-46.553],[-75.011,-46.774],[-74.862,-46.819],[-73.979,-47.032],[-74.412,-47.384],[-74.381,-47.423],[-74.538,-47.787],[-74.297,-47.761],[-73.36,-47.974],[-74.21,-48.008],[-74.272,-49.431],[-73.963,-49.241],[-74.187,-49.823],[-73.932,-49.993],[-74.075,-50.473],[-73.934,-50.506],[-73.53,-50.433],[-74.269,-50.994],[-74.208,-51.021],[-73.679,-51.231],[-73.875,-51.562],[-73.778,-51.614],[-73.258,-51.706],[-73.408,-52.024],[-73.107,-52.103],[-72.449,-52.161],[-72.559,-52.573],[-72.212,-52.572],[-71.678,-52.644],[-72.842,-52.985],[-72.751,-53.138],[-71.152,-52.962],[-71.872,-53.696],[-71.442,-53.882],[-70.998,-53.821],[-70.734,-52.802],[-69.483,-52.361],[-68.411,-52.405]]]]},"properties":{"NAME":"Patagonian shellfish and marine mammal hunters","SUBJECTO":"Patagonian shellfish and marine mammal hunters","BORDERPRECISION":3}},
{"type":"Feature","geometry":{"type":"Polygon","coordinates":[[[-71.149,-37.216],[-70.844,-38.727],[-71.551,-39.758],[-69.437,-37.159],[-67.65,-33.577],[-67.487,-31.716],[-67.792,-31.633],[-69.041,-32.382],[-69.367,-33.093],[-69.367,-34.445],[-70.289,-36.474],[-71.149,-37.216]]]},"properties":{"NAME":"Andean hunter-gatherers","SUBJECTO":"Andean hunter-gatherers","BORDERPRECISION":3}},
{"type":"Feature","geometry":{"type":"MultiPolygon","coordinates":[[[[-50.555,1.969],[-51.135,3.715],[-52.929,3.712],[-54.455,4.051],[-56.565,4.52],[-57.777,4.52],[-58.719,4.116],[-60.066,4.52],[-59.834,8.44],[-65.317,8.021],[-66.26,7.348],[-64.913,6.001],[-64.779,5.059],[-66.798,2.366],[-70.03,2.5],[-71.107,3.443],[-71.511,6.54],[-70.165,7.079],[-70.434,7.482],[-72.723,6.675],[-74.474,4.386],[-75.685,1.558],[-76.415,-1.634],[-76.041,-2.798],[-71.001,-2.675],[-69.281,-4.519],[-69.649,-6.117],[-73.214,-6.731],[-74.32,-7.961],[-76.656,-6.977],[-77.885,-6.977],[-74.288,-12.646],[-70.264,-14.23],[-68.789,-14.23],[-69.281,-11.771],[-68.42,-11.28],[-67.068,-11.28],[-65.962,-12.755],[-65.839,-14.23],[-66.699,-15.582],[-66.822,-16.688],[-66.33,-18.286],[-66.699,-20.253],[-67.917,-22.014],[-67.667,-23.763],[-67.917,-26.261],[-67.544,-26.393],[-67.154,-25.222],[-65.494,-19.135],[-65.719,-18.084],[-64.662,-16.805],[-64.401,-15.629],[-64.732,-14.967],[-64.487,-13.738],[-64.118,-12.878],[-63.011,-12.632],[-61.367,-14.057],[-60.268,-13.81],[-53.123,-14.275],[-49.002,-22.664],[-45.557,-16.893],[-42.435,-8.899],[-43.059,-6.525],[-47.206,-5],[-51.553,-3.402],[-53.052,-2.528],[-58.923,-3.652],[-59.673,-3.277],[-59.298,-2.653],[-58.422,-2.306],[-52.678,-0.03],[-50.555,1.969]]],[[[-52.325,-22.244],[-52.053,-21.89],[-52.053,-19.266],[-53.677,-18.517],[-55.051,-19.516],[-56.175,-19.516],[-58.424,-17.393],[-60.584,-16.369],[-60.43,-16.934],[-61.606,-17.522],[-60.936,-18.863],[-60.307,-18.163],[-58.709,-18.409],[-57.111,-20.622],[-55.021,-20.622],[-53.915,-19.761],[-52.686,-20.622],[-52.325,-22.244]]],[[[-50.207,-0.191],[-50.501,-0.262],[-50.476,-1.679],[-48.886,-1.421],[-48.402,-0.391],[-50.207,-0.191]]]]},"properties":{"NAME":"Amazon hunter-gatherers","SUBJECTO":"Amazon hunter-gatherers","BORDERPRECISION":3}},
{"type":"Feature","geometry":{"type":"Polygon","coordinates":[[[27.781,35.89],[28.064,36.112],[27.72,36.166],[27.781,35.89]]]},"properties":{"NAME":null,"SUBJECTO":null,"BORDERPRECISION":3}},
{"type":"Feature","geometry":{"type":"Polygon","coordinates":[[[120.395,-32.761],[120.53,-32.959],[122.301,-33.4],[122.828,-33.055],[123.383,-30.992],[123.194,-30.938],[121.239,-31.1],[121.215,-31.114],[119.917,-32.18],[120.395,-32.761]]]},"properties":{"NAME":"Kalaako/Malpa","SUBJECTO":"Kalaako/Malpa","BORDERPRECISION":3}},
{"type":"Feature","geometry":{"type":"Polygon","coordinates":[[[128.181,-15.249],[128.082,-15.359],[128.055,-15.441],[128.051,-15.448],[128.119,-15.558],[128.14,-15.564],[128.782,-15.083],[129.758,-15.273],[129.672,-15.154],[128.459,-14.886],[128.181,-15.249]]]},"properties":{"NAME":"Kadjerong","SUBJECTO":"Kadjerong","BORDERPRECISION":3}},
{"type":"Feature","geometry":{"type":"Polygon","coordinates":[[[151.31,-33.774],[151.022,-33.741],[150.925,-33.936],[151.263,-33.991],[151.31,-33.774]]]},"properties":{"NAME":"Eora","SUBJECTO":"Eora","BORDERPRECISION":3}},
{"type":"Feature","geometry":{"type":"Polygon","coordinates":[[[125.939,-18.048],[125.685,-18.09],[125.496,-18.41],[125.499,-18.422],[126.287,-18.944],[126.303,-18.94],[126.773,-18.556],[126.775,-18.48],[125.949,-18.048],[125.939,-18.048]]]},"properties":{"NAME":"Gooniyandi","SUBJECTO":"Gooniyandi","BORDERPRECISION":3}},
{"type":"Feature","geometry":{"type":"Polygon","coordinates":[[[115.985,-22.468],[115.912,-22.602],[115.927,-22.631],[116.542,-23.018],[116.609,-23.004],[116.861,-22.771],[116,-22.453],[115.985,-22.468]]]},"properties":{"NAME":"Pinikura","SUBJECTO":"Pinikura","BORDERPRECISION":3}},
{"type":"Feature","geometry":{"type":"Polygon","coordinates":[[[128.082,-15.359],[127.989,-14.857],[127.665,-15.227],[127.661,-15.241],[128.048,-15.445],[128.055,-15.441],[128.082,-15.359]]]},"properties":{"NAME":"Yiiji","SUBJECTO":"Yiiji","BORDERPRECISION":3}},
{"type":"Feature","geometry":{"type":"Polygon","coordinates":[[[138.963,-16.994],[138.318,-16.864],[138.077,-17.566],[138.379,-17.927],[139.335,-17.875],[139.51,-17.59],[138.963,-16.994]]]},"properties":{"NAME":"Ganggalida","SUBJECTO":"Ganggalida","BORDERPRECISION":3}},
{"type":"Feature","geometry":{"type":"Polygon","coordinates":[[[143.474,-13.665],[143.457,-13.395],[143.421,-13.395],[143.396,-13.812],[143.498,-13.773],[143.474,-13.665]]]},"properties":{"NAME":"Umpila","SUBJECTO":"Umpila","BORDERPRECISION":3}},
{"type":"Feature","geometry":{"type":"Polygon","coordinates":[[[116.774,-20.786],[116.251,-20.924],[116.448,-21.293],[116.518,-21.341],[116.841,-21.404],[116.882,-21.386],[117.074,-21.04],[117.07,-21.025],[116.812,-20.785],[116.774,-20.786]]]},"properties":{"NAME":"Martuthunira","SUBJECTO":"Martuthunira","BORDERPRECISION":3}},
{"type":"Feature","geometry":{"type":"Polygon","coordinates":[[[141.848,-12.843],[141.833,-12.849],[142.04,-12.899],[142.044,-12.897],[142.129,-12.816],[142.129,-12.785],[142.046,-12.538],[141.831,-12.617],[141.848,-12.843]]]},"properties":{"NAME":"Awngthim","SUBJECTO":"Awngthim","BORDERPRECISION":3}},
{"type":"Feature","geometry":{"type":"Polygon","coordinates":[[[138.535,-31.682],[138.562,-31.693],[138.51,-30.581],[139.485,-29.545],[138.461,-29.571],[137.19,-29.656],[136.729,-29.796],[137.472,-30.373],[137.6,-31.206],[137.602,-31.218],[137.612,-31.229],[138.461,-31.647],[138.535,-31.682]]]},"properties":{"NAME":"Kuyani","SUBJECTO":"Kuyani","BORDERPRECISION":3}},
{"type":"Feature","geometry":{"type":"Polygon","coordinates":[[[118.504,-23.629],[118.56,-23.527],[117.449,-22.77],[116.982,-22.874],[117.188,-23.332],[117.148,-23.618],[117.72,-23.99],[118.504,-23.629]]]},"properties":{"NAME":"Yinhawangka","SUBJECTO":"Yinhawangka","BORDERPRECISION":3}},
{"type":"Feature","geometry":{"type":"Polygon","coordinates":[[[141.478,-27.404],[142.071,-28.381],[142.118,-28.42],[142.319,-28.527],[143.703,-27.902],[143.723,-27.893],[143.563,-26.654],[143.677,-25.472],[142.712,-26.51],[141.931,-26.938],[141.478,-27.404]]]},"properties":{"NAME":"Wangkumara","SUBJECTO":"Wangkumara","BORDERPRECISION":3}},
{"type":"Feature","geometry":{"type":"Polygon","coordinates":[[[143.993,-34.82],[144.096,-34.822],[144.761,-34.683],[144.784,-34.673],[144.655,-34.073],[144.178,-34.148],[143.992,-34.82],[143.993,-34.82]]]},"properties":{"NAME":"Nari Nari","SUBJECTO":"Nari Nari","BORDERPRECISION":3}},
{"type":"Feature","geometry":{"type":"Polygon","coordinates":[[[134.441,-17.804],[134.397,-17.873],[134.537,-17.954],[135.264,-18.031],[136.302,-18.733],[137.347,-18.415],[136.731,-18.077],[136.698,-18.069],[135.697,-17.67],[135.453,-17.644],[134.686,-17.686],[134.646,-17.692],[134.57,-17.725],[134.441,-17.804]]]},"properties":{"NAME":"Wambaya","SUBJECTO":"Wambaya","BORDERPRECISION":3}},
{"type":"Feature","geometry":{"type":"Polygon","coordinates":[[[146.214,-29.95],[146.986,-30.572],[147.25,-31.682],[149.042,-31.785],[149.181,-31.257],[148.038,-30.036],[146.851,-29.941],[146.214,-29.95]]]},"properties":{"NAME":"Wailwan","SUBJECTO":"Wailwan","BORDERPRECISION":3}},
{"type":"Feature","geometry":{"type":"Polygon","coordinates":[[[152.94,-30.699],[152.951,-30.666],[152.132,-30.482],[151.666,-31.039],[151.653,-31.062],[152.984,-31.268],[152.94,-30.699]]]},"properties":{"NAME":"Dainggatti","SUBJECTO":"Dainggatti","BORDERPRECISION":3}},
{"type":"Feature","geometry":{"type":"Polygon","coordinates":[[[138.329,-23.675],[138.362,-23.669],[138.296,-22.381],[138.578,-22.113],[138.493,-22.043],[137.955,-21.739],[137.014,-21.646],[136.907,-22.576],[137.186,-23.342],[138.329,-23.675]]]},"properties":{"NAME":"Andegerebenha","SUBJECTO":"Andegerebenha","BORDERPRECISION":3}},
{"type":"Feature","geometry":{"type":"Polygon","coordinates":[[[122.537,-16.923],[122.161,-17.319],[122.803,-17.317],[122.891,-17.036],[122.55,-16.936],[122.537,-16.923]]]},"properties":{"NAME":"Jabirrjabirr","SUBJECTO":"Jabirrjabirr","BORDERPRECISION":3}},
{"type":"Feature","geometry":{"type":"Polygon","coordinates":[[[118.466,-28.396],[119.394,-28.741],[119.436,-28.763],[119.757,-28.994],[119.872,-28.854],[122.317,-28.697],[121.694,-27.856],[121.306,-27.528],[119.323,-27.284],[118.728,-28.1],[118.532,-28.304],[118.466,-28.396]]]},"properties":{"NAME":"Kuwarra","SUBJECTO":"Kuwarra","BORDERPRECISION":3}},
{"type":"Feature","geometry":{"type":"Polygon","coordinates":[[[113.672,-23.766],[114.482,-23.97],[114.521,-23.916],[114.706,-23.327],[114.707,-23.287],[114.796,-22.827],[114.793,-22.822],[113.783,-22.839],[113.743,-23.248],[113.672,-23.766]]]},"properties":{"NAME":"Payungu","SUBJECTO":"Payungu","BORDERPRECISION":3}},
{"type":"Feature","geometry":{"type":"Polygon","coordinates":[[[136.302,-18.733],[135.781,-19.953],[136.208,-20.735],[136.292,-20.756],[136.677,-20.852],[136.749,-20.864],[137.241,-20.951],[138.905,-20.365],[138.903,-20.361],[138.538,-19.87],[137.538,-19.612],[137.801,-18.441],[137.347,-18.415],[136.302,-18.733]]]},"properties":{"NAME":"Wakaya","SUBJECTO":"Wakaya","BORDERPRECISION":3}},
{"type":"Feature","geometry":{"type":"Polygon","coordinates":[[[143.303,-34.461],[143.307,-34.464],[143.388,-34.654],[143.388,-34.669],[144.011,-34.854],[143.998,-34.829],[143.992,-34.82],[144.178,-34.148],[143.477,-33.687],[142.897,-33.966],[142.848,-33.996],[142.828,-34.009],[143.303,-34.461]]]},"properties":{"NAME":"Madi Madi","SUBJECTO":"Madi Madi","BORDERPRECISION":3}},
{"type":"Feature","geometry":{"type":"Polygon","coordinates":[[[145.625,-28.99],[145.606,-28.973],[145.452,-28.967],[144.988,-30.165],[144.996,-30.276],[145.511,-30.228],[145.568,-30.185],[145.796,-29.673],[145.754,-29.331],[145.709,-29.171],[145.671,-29.059],[145.625,-28.99]]]},"properties":{"NAME":"Gunu","SUBJECTO":"Gunu","BORDERPRECISION":3}},
{"type":"Feature","geometry":{"type":"Polygon","coordinates":[[[113.667,-23.78],[113.373,-24.264],[113.612,-24.808],[114.137,-24.672],[115.215,-24.961],[115.258,-24.487],[114.521,-23.977],[114.482,-23.97],[113.672,-23.766],[113.667,-23.78]]]},"properties":{"NAME":"Maya","SUBJECTO":"Maya","BORDERPRECISION":3}},
{"type":"Feature","geometry":{"type":"Polygon","coordinates":[[[153.057,-27.102],[152.972,-25.874],[152.693,-26.017],[152.722,-25.411],[152.399,-25.046],[151.795,-25.151],[151.792,-25.164],[152.067,-26.229],[152.919,-27.043],[153.057,-27.102]]]},"properties":{"NAME":"Dyungungoo (Gubbi Gubbi)","SUBJECTO":"Dyungungoo (Gubbi Gubbi)","BORDERPRECISION":3}},
{"type":"Feature","geometry":{"type":"Polygon","coordinates":[[[133.638,-13.411],[133.572,-13.327],[133.232,-13.301],[133.078,-13.293],[132.667,-13.168],[132.505,-13.147],[132.438,-13.131],[132.29,-13.088],[132.2,-13.223],[132.078,-13.75],[132.071,-13.759],[131.992,-13.966],[131.896,-14.569],[132.038,-14.609],[133.162,-14.902],[133.204,-14.872],[133.469,-14.309],[133.637,-13.685],[133.638,-13.411]]]},"properties":{"NAME":"Jawoyn","SUBJECTO":"Jawoyn","BORDERPRECISION":3}},
{"type":"Feature","geometry":{"type":"Polygon","coordinates":[[[139.331,-17.926],[139.359,-17.923],[139.335,-17.875],[138.379,-17.927],[138.11,-18.52],[138.103,-18.533],[139.168,-19.119],[139.331,-17.926]]]},"properties":{"NAME":"Nguburinji","SUBJECTO":"Nguburinji","BORDERPRECISION":3}},
{"type":"Feature","geometry":{"type":"Polygon","coordinates":[[[134.537,-17.954],[134.347,-17.944],[133.432,-18.247],[133.428,-18.261],[133.484,-19.124],[132.394,-19.327],[132.316,-19.343],[132.962,-20.735],[132.996,-20.777],[134.033,-20.849],[135.066,-20.118],[135.781,-19.953],[136.302,-18.733],[135.264,-18.031],[134.537,-17.954]]]},"properties":{"NAME":"Warumungu","SUBJECTO":"Warumungu","BORDERPRECISION":3}},
{"type":"Feature","geometry":{"type":"Polygon","coordinates":[[[131.041,-25.466],[133.007,-26.458],[133.872,-26.078],[133.242,-25.443],[132.869,-24.547],[132.034,-23.665],[132.304,-23.013],[132.196,-22.979],[131.294,-22.975],[130.913,-24.387],[130.576,-24.793],[131.041,-25.466]]]},"properties":{"NAME":"Luritja","SUBJECTO":"Luritja","BORDERPRECISION":3}},
{"type":"Feature","geometry":{"type":"Polygon","coordinates":[[[143.241,-36.909],[143.226,-36.918],[143.322,-37.086],[143.307,-37.213],[144.251,-37.431],[144.474,-37.152],[144.583,-36.575],[144.617,-36.527],[144.031,-36.129],[143.911,-36.11],[142.984,-36.361],[142.907,-36.489],[142.846,-36.58],[143.241,-36.909]]]},"properties":{"NAME":"Dja Dja Wurrung","SUBJECTO":"Dja Dja Wurrung","BORDERPRECISION":3}},
{"type":"Feature","geometry":{"type":"Polygon","coordinates":[[[132.996,-20.777],[132.973,-20.777],[132.924,-21.926],[134.016,-22.354],[136.25,-20.775],[136.208,-20.735],[135.781,-19.953],[135.066,-20.118],[134.033,-20.849],[132.996,-20.777]]]},"properties":{"NAME":"Kaytej","SUBJECTO":"Kaytej","BORDERPRECISION":3}},
{"type":"Feature","geometry":{"type":"Polygon","coordinates":[[[117.741,-35.22],[119.008,-34.615],[118.884,-34.282],[118.73,-34.254],[116.521,-34.33],[116.547,-34.865],[116.446,-35.027],[117.741,-35.22]]]},"properties":{"NAME":"Minang","SUBJECTO":"Minang","BORDERPRECISION":3}},
{"type":"Feature","geometry":{"type":"Polygon","coordinates":[[[113.896,-25.59],[114.095,-26.539],[113.06,-26.116],[113.734,-26.801],[114.677,-26.438],[114.727,-25.752],[113.955,-25.634],[113.896,-25.59]]]},"properties":{"NAME":"Malkana","SUBJECTO":"Malkana","BORDERPRECISION":3}},
{"type":"Feature","geometry":{"type":"Polygon","coordinates":[[[141.711,-15.227],[141.65,-15.323],[141.703,-15.333],[141.729,-15.212],[141.709,-15.218],[141.711,-15.227]]]},"properties":{"NAME":"Yir Yoront","SUBJECTO":"Yir Yoront","BORDERPRECISION":3}},
{"type":"Feature","geometry":{"type":"Polygon","coordinates":[[[122.228,-18.144],[122.224,-18.183],[122.225,-18.19],[122.887,-18.462],[122.908,-18.463],[123.051,-18.065],[122.817,-17.666],[122.708,-17.756],[122.326,-18.061],[122.228,-18.144]]]},"properties":{"NAME":"Yawuru","SUBJECTO":"Yawuru","BORDERPRECISION":3}},
{"type":"Feature","geometry":{"type":"Polygon","coordinates":[[[138.932,-26.151],[138.847,-25.986],[138.828,-25.97],[138.135,-26.4],[138.936,-26.195],[138.932,-26.151]]]},"properties":{"NAME":"Karangura","SUBJECTO":"Karangura","BORDERPRECISION":3}},
{"type":"Feature","geometry":{"type":"Polygon","coordinates":[[[117.559,-33.775],[117.425,-33.639],[117.21,-33.479],[116.678,-33.248],[116.269,-33.063],[116.049,-33.001],[115.986,-32.984],[115.969,-32.981],[115.715,-33.018],[115.65,-33.349],[115.717,-33.403],[115.767,-33.492],[115.817,-33.606],[115.868,-33.67],[115.99,-33.715],[116.194,-33.927],[116.202,-33.936],[116.433,-34.307],[117.672,-34.022],[117.665,-33.947],[117.559,-33.775]]]},"properties":{"NAME":"Kaniyang","SUBJECTO":"Kaniyang","BORDERPRECISION":3}},
{"type":"Feature","geometry":{"type":"Polygon","coordinates":[[[139.164,-34.733],[139.1,-35.077],[139.41,-35.194],[139.823,-34.669],[141.415,-34.816],[141.703,-34.609],[141.945,-34.194],[142.033,-34.022],[140.973,-33.443],[140.317,-33.294],[139.088,-33.666],[139.13,-34.534],[139.164,-34.733]]]},"properties":{"NAME":"Meru","SUBJECTO":"Meru","BORDERPRECISION":3}},
{"type":"Feature","geometry":{"type":"Polygon","coordinates":[[[146.924,-20.548],[145.588,-20.516],[145.591,-21.688],[145.615,-21.685],[146.547,-21.599],[146.921,-20.552],[146.924,-20.548]]]},"properties":{"NAME":"Yilba","SUBJECTO":"Yilba","BORDERPRECISION":3}},
{"type":"Feature","geometry":{"type":"Polygon","coordinates":[[[129.512,-15.977],[129.283,-16.293],[129.267,-16.319],[129.254,-16.626],[130.249,-17.152],[130.291,-17.122],[130.96,-16.422],[130.866,-16.103],[130.759,-16.067],[130.446,-15.692],[130.392,-15.492],[130.155,-15.487],[129.512,-15.977]]]},"properties":{"NAME":"Ngarinman","SUBJECTO":"Ngarinman","BORDERPRECISION":3}},
{"type":"Feature","geometry":{"type":"Polygon","coordinates":[[[140.36,-26.23],[139.977,-27.233],[139.988,-27.489],[141.07,-27.6],[141.172,-27.559],[141.478,-27.404],[141.931,-26.938],[141.093,-26.26],[140.502,-25.95],[140.36,-26.23]]]},"properties":{"NAME":"Yawarawarka","SUBJECTO":"Yawarawarka","BORDERPRECISION":3}},
{"type":"Feature","geometry":{"type":"Polygon","coordinates":[[[122.708,-17.756],[122.182,-17.772],[122.182,-17.918],[122.213,-18.049],[122.326,-18.061],[122.708,-17.756]]]},"properties":{"NAME":"Jukun","SUBJECTO":"Jukun","BORDERPRECISION":3}},
{"type":"Feature","geometry":{"type":"Polygon","coordinates":[[[134.409,-12.121],[134.392,-12.119],[134.396,-12.131],[134.466,-12.134],[134.605,-12.108],[134.596,-12.057],[134.409,-12.121]]]},"properties":{"NAME":"Nakara","SUBJECTO":"Nakara","BORDERPRECISION":3}},
{"type":"Feature","geometry":{"type":"Polygon","coordinates":[[[134.874,-14.61],[134.844,-14.647],[134.908,-15.165],[135.439,-15.768],[135.788,-15.528],[135.794,-15.513],[135.945,-15.359],[135.63,-14.532],[135.52,-14.446],[135.037,-14.444],[134.874,-14.61]]]},"properties":{"NAME":"Mara","SUBJECTO":"Mara","BORDERPRECISION":3}},
{"type":"Feature","geometry":{"type":"Polygon","coordinates":[[[130.086,-13.592],[130.061,-13.606],[130.2,-13.888],[130.228,-13.882],[130.267,-13.634],[130.191,-13.498],[130.086,-13.592]]]},"properties":{"NAME":"Maranunggu","SUBJECTO":"Maranunggu","BORDERPRECISION":3}},
{"type":"Feature","geometry":{"type":"Polygon","coordinates":[[[145.042,-24.865],[145.055,-24.799],[144.47,-24.747],[143.755,-25.284],[143.677,-25.472],[143.563,-26.654],[145.109,-26.482],[145.522,-26.368],[144.606,-25.911],[145.042,-24.865]]]},"properties":{"NAME":"Dharawala","SUBJECTO":"Dharawala","BORDERPRECISION":3}},
{"type":"Feature","geometry":{"type":"Polygon","coordinates":[[[116.433,-23.976],[116.367,-24.562],[116.374,-24.595],[116.988,-24.062],[117.594,-24.031],[117.72,-23.99],[117.148,-23.618],[115.776,-22.921],[115.802,-23.754],[115.81,-23.842],[115.835,-23.846],[116.433,-23.976]]]},"properties":{"NAME":"Thiin","SUBJECTO":"Thiin","BORDERPRECISION":3}},
{"type":"Feature","geometry":{"type":"Polygon","coordinates":[[[130.155,-15.487],[129.758,-15.273],[128.782,-15.083],[128.14,-15.564],[128.117,-15.583],[127.938,-15.871],[129.167,-16.235],[129.283,-16.293],[129.512,-15.977],[130.155,-15.487]]]},"properties":{"NAME":"Doolboong/Miriwoong","SUBJECTO":"Doolboong/Miriwoong","BORDERPRECISION":3}},
{"type":"Feature","geometry":{"type":"Polygon","coordinates":[[[129.034,-18.01],[129.144,-18.917],[128.77,-19.249],[128.758,-19.261],[129.869,-19.942],[130.496,-20.551],[130.253,-21.114],[130.737,-21.32],[130.671,-22.075],[131.294,-22.975],[132.196,-22.979],[132.067,-22.004],[132.924,-21.926],[132.973,-20.777],[132.962,-20.735],[132.316,-19.343],[132.274,-19.276],[130.974,-18.123],[129.265,-18.323],[129.034,-18.01]]]},"properties":{"NAME":"Warlpiri","SUBJECTO":"Warlpiri","BORDERPRECISION":3}},
{"type":"Feature","geometry":{"type":"Polygon","coordinates":[[[145.055,-24.799],[145.207,-24.178],[144.75,-23.841],[143.438,-23.82],[143.056,-24.47],[143.755,-25.284],[144.47,-24.747],[145.055,-24.799]]]},"properties":{"NAME":"Kuungkari","SUBJECTO":"Kuungkari","BORDERPRECISION":3}},
{"type":"Feature","geometry":{"type":"Polygon","coordinates":[[[141.945,-34.194],[142.922,-34.634],[143.307,-34.464],[143.303,-34.461],[142.828,-34.009],[142.786,-33.936],[142.581,-33.738],[142.445,-33.712],[142.033,-34.022],[141.945,-34.194]]]},"properties":{"NAME":"Kureinji","SUBJECTO":"Kureinji","BORDERPRECISION":3}},
{"type":"Feature","geometry":{"type":"Polygon","coordinates":[[[143.307,-34.464],[142.922,-34.634],[142.965,-34.693],[142.965,-34.756],[142.964,-34.841],[143.025,-34.855],[143.038,-34.848],[143.383,-34.669],[143.388,-34.654],[143.307,-34.464]]]},"properties":{"NAME":"Dadi Dadi","SUBJECTO":"Dadi Dadi","BORDERPRECISION":3}},
{"type":"Feature","geometry":{"type":"Polygon","coordinates":[[[138.271,-34.579],[138.494,-35.395],[138.577,-35.343],[138.774,-34.657],[138.332,-33.308],[138.17,-33.324],[137.998,-33.458],[138.054,-34.164],[138.271,-34.579]]]},"properties":{"NAME":"Kaurna Pangkarra","SUBJECTO":"Kaurna Pangkarra","BORDERPRECISION":3}},
{"type":"Feature","geometry":{"type":"Polygon","coordinates":[[[124.882,-18.48],[124.815,-18.58],[125.112,-19.875],[124.955,-20.196],[126.345,-20.341],[126.826,-19.182],[126.829,-19.157],[126.304,-18.948],[126.287,-18.944],[125.499,-18.422],[125.485,-18.421],[124.882,-18.48]]]},"properties":{"NAME":"Walmatjarri","SUBJECTO":"Walmatjarri","BORDERPRECISION":3}},
{"type":"Feature","geometry":{"type":"Polygon","coordinates":[[[152.919,-27.043],[152.067,-26.229],[151.792,-25.164],[151.789,-25.15],[151.627,-25.023],[151.567,-25.021],[150.873,-25.661],[152.218,-27.219],[152.714,-27.331],[152.805,-27.281],[152.83,-27.217],[152.919,-27.043]]]},"properties":{"NAME":"Waka Waka","SUBJECTO":"Waka Waka","BORDERPRECISION":3}},
{"type":"Feature","geometry":{"type":"Polygon","coordinates":[[[141.706,-15.209],[141.709,-15.218],[141.729,-15.212],[141.729,-15.211],[141.898,-14.93],[141.907,-14.918],[141.999,-14.498],[141.524,-14.493],[141.494,-14.575],[141.554,-14.887],[141.706,-15.209]]]},"properties":{"NAME":"Thaayorre","SUBJECTO":"Thaayorre","BORDERPRECISION":3}},
{"type":"Feature","geometry":{"type":"Polygon","coordinates":[[[119.917,-32.18],[118.216,-30.862],[118.186,-30.901],[117.526,-31.957],[117.612,-32.402],[117.743,-32.633],[118.109,-33.056],[118.412,-33.129],[118.491,-33.136],[119.948,-33.153],[120.035,-33.148],[120.193,-33.086],[120.395,-32.761],[119.917,-32.18]]]},"properties":{"NAME":"Nyaki-nyaki","SUBJECTO":"Nyaki-nyaki","BORDERPRECISION":3}},
{"type":"Feature","geometry":{"type":"Polygon","coordinates":[[[145.594,-36.202],[145.788,-36.093],[145.798,-35.988],[145.135,-35.302],[144.846,-36.142],[145.594,-36.202]]]},"properties":{"NAME":"Yorta Yorta","SUBJECTO":"Yorta Yorta","BORDERPRECISION":3}},
{"type":"Feature","geometry":{"type":"Polygon","coordinates":[[[149.59,-35.38],[149.442,-35.368],[148.14,-35.147],[147.81,-36.085],[148.037,-37.179],[148.386,-37.368],[149.501,-37.038],[149.59,-35.38]]]},"properties":{"NAME":"Ngarigo","SUBJECTO":"Ngarigo","BORDERPRECISION":3}},
{"type":"Feature","geometry":{"type":"Polygon","coordinates":[[[145.954,-28.063],[145.606,-28.973],[145.625,-28.99],[145.671,-29.059],[145.709,-29.171],[145.754,-29.331],[145.796,-29.673],[146.837,-29.859],[147.439,-29.042],[146.721,-28.772],[145.96,-28.038],[145.954,-28.063]]]},"properties":{"NAME":"Muruwari","SUBJECTO":"Muruwari","BORDERPRECISION":3}},
{"type":"Feature","geometry":{"type":"Polygon","coordinates":[[[116.821,-20.784],[116.812,-20.785],[117.07,-21.025],[117.094,-21.039],[117.962,-21.317],[117.975,-21.314],[117.794,-20.638],[116.821,-20.784]]]},"properties":{"NAME":"Ngarluma","SUBJECTO":"Ngarluma","BORDERPRECISION":3}},
{"type":"Feature","geometry":{"type":"Polygon","coordinates":[[[142.91,-19.456],[142.903,-19.465],[142.482,-20.123],[142.927,-20.584],[143.088,-20.539],[144.103,-20.45],[144.162,-19.648],[144.057,-19.613],[143.97,-19.586],[142.91,-19.456]]]},"properties":{"NAME":"Mbara","SUBJECTO":"Mbara","BORDERPRECISION":3}},
{"type":"Feature","geometry":{"type":"Polygon","coordinates":[[[151.392,-29.81],[151.389,-29.813],[152.132,-30.482],[152.951,-30.666],[153.329,-29.314],[152.07,-29.457],[151.788,-29.447],[151.392,-29.81]]]},"properties":{"NAME":"Gumbainggir","SUBJECTO":"Gumbainggir","BORDERPRECISION":3}},
{"type":"Feature","geometry":{"type":"Polygon","coordinates":[[[142.615,-13.074],[142.858,-13.074],[142.98,-12.99],[142.939,-12.622],[142.638,-12.496],[142.6,-13.052],[142.615,-13.074]]]},"properties":{"NAME":"Yinwum","SUBJECTO":"Yinwum","BORDERPRECISION":3}},
{"type":"Feature","geometry":{"type":"Polygon","coordinates":[[[130.179,-14.037],[130.046,-14.092],[130.106,-14.128],[130.301,-13.911],[130.24,-13.887],[130.225,-13.898],[130.19,-14.027],[130.179,-14.037]]]},"properties":{"NAME":"Marramaninjsji","SUBJECTO":"Marramaninjsji","BORDERPRECISION":3}},
{"type":"Feature","geometry":{"type":"Polygon","coordinates":[[[148.609,-21.66],[147.778,-21.585],[147.731,-21.821],[147.713,-22.482],[147.899,-22.729],[148.575,-22.328],[148.609,-21.66]]]},"properties":{"NAME":"Barna","SUBJECTO":"Barna","BORDERPRECISION":3}},
{"type":"Feature","geometry":{"type":"Polygon","coordinates":[[[143.406,-13.344],[143.421,-13.395],[143.457,-13.395],[143.378,-12.843],[143.157,-12.956],[143.406,-13.344]]]},"properties":{"NAME":"Uutaalnganu","SUBJECTO":"Uutaalnganu","BORDERPRECISION":3}},
{"type":"Feature","geometry":{"type":"Polygon","coordinates":[[[141.01,-36.897],[141.013,-36.896],[142.938,-36.352],[142.984,-36.361],[143.911,-36.11],[143.973,-36.038],[143.715,-35.81],[143.684,-35.797],[143.342,-35.308],[143.044,-34.861],[143.025,-34.855],[142.964,-34.841],[141.703,-34.609],[141.415,-34.816],[140.999,-36.314],[140.988,-36.749],[140.989,-36.763],[141.008,-36.889],[141.01,-36.897]]]},"properties":{"NAME":"Wergaia","SUBJECTO":"Wergaia","BORDERPRECISION":3}},
{"type":"Feature","geometry":{"type":"Polygon","coordinates":[[[125.939,-18.048],[125.957,-18.039],[126.274,-17.718],[125.794,-17.417],[125.337,-17.65],[125.685,-18.09],[125.939,-18.048]]]},"properties":{"NAME":"Punuba","SUBJECTO":"Punuba","BORDERPRECISION":3}},
{"type":"Feature","geometry":{"type":"Polygon","coordinates":[[[132.274,-19.276],[132.394,-19.327],[133.484,-19.124],[133.428,-18.261],[133.419,-18.251],[133.279,-17.744],[133.019,-17.729],[131.509,-17.97],[131.506,-17.972],[130.974,-18.123],[132.274,-19.276]]]},"properties":{"NAME":"Warlmanpa","SUBJECTO":"Warlmanpa","BORDERPRECISION":3}},
{"type":"Feature","geometry":{"type":"Polygon","coordinates":[[[148.375,-26.601],[148.36,-26.516],[148.332,-26.069],[148.136,-26.743],[146.505,-26.959],[146.382,-27.146],[146.864,-27.138],[146.983,-27.176],[147.537,-27.696],[148.541,-27.81],[148.489,-27.695],[148.445,-27.615],[148.549,-27.473],[148.375,-26.601]]]},"properties":{"NAME":"Gunggari","SUBJECTO":"Gunggari","BORDERPRECISION":3}},
{"type":"Feature","geometry":{"type":"Polygon","coordinates":[[[151.666,-31.039],[152.132,-30.482],[151.389,-29.813],[150.996,-29.841],[151.315,-31.109],[151.614,-31.061],[151.666,-31.039]]]},"properties":{"NAME":"Nganyaywana","SUBJECTO":"Nganyaywana","BORDERPRECISION":3}},
{"type":"Feature","geometry":{"type":"Polygon","coordinates":[[[125.792,-17.414],[125.794,-17.417],[126.274,-17.718],[127.496,-17.204],[127.458,-16.041],[127.464,-16.004],[126.958,-16.088],[126.53,-16.899],[125.666,-17.083],[125.792,-17.414]]]},"properties":{"NAME":"Worla","SUBJECTO":"Worla","BORDERPRECISION":3}},
{"type":"Feature","geometry":{"type":"Polygon","coordinates":[[[140.087,-20.18],[140.022,-20.114],[138.903,-20.361],[138.905,-20.365],[139.077,-20.915],[139.09,-20.968],[139.263,-21.516],[140.372,-21.776],[140.766,-21.719],[140.4,-20.799],[140.088,-20.186],[140.087,-20.18]]]},"properties":{"NAME":"Kalkadoon","SUBJECTO":"Kalkadoon","BORDERPRECISION":3}},
{"type":"Feature","geometry":{"type":"Polygon","coordinates":[[[121.306,-27.528],[120.826,-26.431],[118.913,-25.81],[118.039,-27.165],[118.029,-27.187],[118.728,-28.1],[119.323,-27.284],[121.306,-27.528]]]},"properties":{"NAME":"Tjupany","SUBJECTO":"Tjupany","BORDERPRECISION":3}},
{"type":"Feature","geometry":{"type":"Polygon","coordinates":[[[143.08,-20.605],[143.088,-20.539],[142.927,-20.584],[142.665,-20.658],[142.61,-20.658],[141.823,-20.592],[141.282,-20.057],[140.4,-20.799],[140.766,-21.719],[140.949,-21.938],[141.658,-21.708],[142.537,-21.882],[143.324,-21.682],[143.08,-20.605]]]},"properties":{"NAME":"Wunumara","SUBJECTO":"Wunumara","BORDERPRECISION":3}},
{"type":"Feature","geometry":{"type":"Polygon","coordinates":[[[131.041,-25.466],[130.781,-26.077],[130.704,-27.464],[130.704,-27.483],[132.124,-28.401],[133.464,-28.392],[133.007,-26.458],[131.041,-25.466]]]},"properties":{"NAME":"Yankuntjatjara","SUBJECTO":"Yankuntjatjara","BORDERPRECISION":3}},
{"type":"Feature","geometry":{"type":"Polygon","coordinates":[[[129.841,-28.37],[130.584,-27.529],[130.543,-27.516],[129.716,-27.499],[128.892,-26.618],[128.855,-26.005],[128.21,-25.998],[127.338,-26.53],[127.072,-26.584],[127.014,-26.611],[127.369,-28.52],[127.446,-28.59],[129.841,-28.37]]]},"properties":{"NAME":"Nakako","SUBJECTO":"Nakako","BORDERPRECISION":3}},
{"type":"Feature","geometry":{"type":"Polygon","coordinates":[[[147.81,-36.085],[147.205,-36.102],[147.191,-37.009],[148.037,-37.179],[147.81,-36.085]]]},"properties":{"NAME":"Jaitmatang","SUBJECTO":"Jaitmatang","BORDERPRECISION":3}},
{"type":"Feature","geometry":{"type":"Polygon","coordinates":[[[124.368,-27.519],[126.65,-28.883],[127.369,-28.52],[127.014,-26.611],[126.949,-26.581],[125.486,-25.909],[124.882,-26.136],[124.357,-27.464],[124.368,-27.519]]]},"properties":{"NAME":"Mandjindja","SUBJECTO":"Mandjindja","BORDERPRECISION":3}},
{"type":"Feature","geometry":{"type":"Polygon","coordinates":[[[127.446,-28.59],[128.342,-29.497],[128.453,-30.114],[131.353,-30.222],[129.99,-29.468],[129.841,-28.37],[127.446,-28.59]]]},"properties":{"NAME":"Ngalea","SUBJECTO":"Ngalea","BORDERPRECISION":3}},
{"type":"Feature","geometry":{"type":"Polygon","coordinates":[[[144.251,-37.431],[144.614,-37.938],[146.307,-38.384],[146.173,-37.488],[144.474,-37.152],[144.251,-37.431]]]},"properties":{"NAME":"Wurundjeri","SUBJECTO":"Wurundjeri","BORDERPRECISION":3}},
{"type":"Feature","geometry":{"type":"Polygon","coordinates":[[[117.814,-20.619],[117.794,-20.638],[117.975,-21.314],[117.982,-21.332],[118.616,-21.627],[118.642,-21.6],[118.621,-20.375],[117.814,-20.619]]]},"properties":{"NAME":"Kariyarra","SUBJECTO":"Kariyarra","BORDERPRECISION":3}},
{"type":"Feature","geometry":{"type":"Polygon","coordinates":[[[144.168,-38.488],[144.211,-38.438],[144.001,-38.398],[143.601,-38.568],[143.569,-38.569],[143.464,-38.539],[143.443,-38.535],[143.148,-38.747],[144.168,-38.488]]]},"properties":{"NAME":"Gadubanud","SUBJECTO":"Gadubanud","BORDERPRECISION":3}},
{"type":"Feature","geometry":{"type":"Polygon","coordinates":[[[144.583,-36.575],[145.594,-36.202],[144.846,-36.142],[144.617,-36.527],[144.583,-36.575]]]},"properties":{"NAME":"Ngurraiillam","SUBJECTO":"Ngurraiillam","BORDERPRECISION":3}},
{"type":"Feature","geometry":{"type":"Polygon","coordinates":[[[122.891,-17.036],[123.061,-16.94],[122.927,-16.734],[122.76,-16.741],[122.653,-16.736],[122.543,-16.917],[122.55,-16.936],[122.891,-17.036]]]},"properties":{"NAME":"Nyul Nyul","SUBJECTO":"Nyul Nyul","BORDERPRECISION":3}},
{"type":"Feature","geometry":{"type":"Polygon","coordinates":[[[146.091,-36.488],[145.788,-36.093],[145.594,-36.202],[144.583,-36.575],[144.474,-37.152],[146.173,-37.488],[146.953,-37.064],[146.953,-37.055],[146.091,-36.488]]]},"properties":{"NAME":"Taungurung","SUBJECTO":"Taungurung","BORDERPRECISION":3}},
{"type":"Feature","geometry":{"type":"Polygon","coordinates":[[[133.007,-26.458],[133.464,-28.392],[134.532,-28.935],[135.212,-27.177],[133.872,-26.078],[133.007,-26.458]]]},"properties":{"NAME":"Antakarinja","SUBJECTO":"Antakarinja","BORDERPRECISION":3}},
{"type":"Feature","geometry":{"type":"Polygon","coordinates":[[[130.96,-16.422],[131.391,-16.7],[131.697,-16.497],[131.782,-16.432],[132.137,-15.939],[131.401,-15.791],[130.889,-16.086],[130.866,-16.103],[130.96,-16.422]]]},"properties":{"NAME":"Karangpurru","SUBJECTO":"Karangpurru","BORDERPRECISION":3}},
{"type":"Feature","geometry":{"type":"Polygon","coordinates":[[[116.268,-21.392],[115.315,-22.401],[115.31,-22.405],[115.939,-22.47],[116,-22.453],[116.861,-22.771],[116.982,-22.874],[117.449,-22.77],[117.823,-22.086],[117.807,-22.056],[116.878,-21.411],[116.841,-21.404],[116.518,-21.341],[116.45,-21.326],[116.268,-21.392]]]},"properties":{"NAME":"Kurrama","SUBJECTO":"Kurrama","BORDERPRECISION":3}},
{"type":"Feature","geometry":{"type":"Polygon","coordinates":[[[140.602,-25.487],[140.502,-25.95],[141.093,-26.26],[141.383,-25.562],[142.424,-24.212],[140.577,-23.928],[140.521,-24.445],[140.602,-25.487]]]},"properties":{"NAME":"Karuwali","SUBJECTO":"Karuwali","BORDERPRECISION":3}},
{"type":"Feature","geometry":{"type":"Polygon","coordinates":[[[141.729,-15.211],[141.729,-15.212],[141.703,-15.333],[141.659,-15.872],[141.779,-16.813],[142.937,-17.252],[143.508,-16.609],[143.58,-16.011],[143.701,-14.967],[143.405,-14.828],[143.398,-14.828],[141.947,-14.918],[141.898,-14.93],[141.729,-15.211]]]},"properties":{"NAME":"Kunjen","SUBJECTO":"Kunjen","BORDERPRECISION":3}},
{"type":"Feature","geometry":{"type":"Polygon","coordinates":[[[148.575,-22.328],[147.899,-22.729],[147.998,-22.87],[148.543,-23.522],[149.208,-23.207],[148.874,-22.362],[148.575,-22.328]]]},"properties":{"NAME":"Gabalbara","SUBJECTO":"Gabalbara","BORDERPRECISION":3}},
{"type":"Feature","geometry":{"type":"Polygon","coordinates":[[[137.998,-33.458],[136.985,-35.396],[137.72,-35.214],[137.92,-34.632],[138.054,-34.164],[137.998,-33.458]]]},"properties":{"NAME":"Narangga","SUBJECTO":"Narangga","BORDERPRECISION":3}},
{"type":"Feature","geometry":{"type":"Polygon","coordinates":[[[121.694,-27.856],[122.498,-27.294],[122.956,-26.561],[122.778,-26.03],[122.624,-26.007],[120.826,-26.431],[121.306,-27.528],[121.694,-27.856]]]},"properties":{"NAME":"Nana","SUBJECTO":"Nana","BORDERPRECISION":3}},
{"type":"Feature","geometry":{"type":"Polygon","coordinates":[[[152.218,-27.219],[152.428,-27.754],[152.741,-27.748],[153.12,-27.625],[153.026,-27.47],[152.881,-27.499],[152.714,-27.331],[152.218,-27.219]]]},"properties":{"NAME":"Yuggera","SUBJECTO":"Yuggera","BORDERPRECISION":3}},
{"type":"Feature","geometry":{"type":"MultiPolygon","coordinates":[[[[142.891,-33.944],[142.897,-33.966],[143.477,-33.687],[144.272,-32.956],[144.23,-32.862],[144.23,-32.861],[144.707,-31.56],[144.069,-31.614],[142.965,-32.649],[142.679,-33.202],[142.891,-33.944]]],[[[142.843,-33.992],[142.786,-33.936],[142.828,-34.009],[142.848,-33.996],[142.843,-33.992]]]]},"properties":{"NAME":"Barindji","SUBJECTO":"Barindji","BORDERPRECISION":3}},
{"type":"Feature","geometry":{"type":"Polygon","coordinates":[[[134.143,-12.084],[134.044,-12.061],[134.039,-12.263],[134.121,-12.259],[134.228,-12.096],[134.143,-12.084]]]},"properties":{"NAME":"Gunibidji","SUBJECTO":"Gunibidji","BORDERPRECISION":3}},
{"type":"Feature","geometry":{"type":"Polygon","coordinates":[[[133.204,-14.872],[133.697,-15.064],[133.825,-14.935],[133.859,-14.893],[134.067,-14.741],[133.469,-14.309],[133.204,-14.872]]]},"properties":{"NAME":"Mangarayi","SUBJECTO":"Mangarayi","BORDERPRECISION":3}},
{"type":"Feature","geometry":{"type":"Polygon","coordinates":[[[153.164,-27.697],[153.152,-27.677],[152.619,-27.946],[151.689,-28.315],[152.021,-28.985],[152.07,-29.457],[153.329,-29.314],[153.493,-28.841],[153.164,-27.697]]]},"properties":{"NAME":"Bundjalung","SUBJECTO":"Bundjalung","BORDERPRECISION":3}},
{"type":"Feature","geometry":{"type":"Polygon","coordinates":[[[114.972,-30.342],[115.433,-31.391],[116.031,-31.417],[116.261,-31.433],[116.827,-30.052],[116.764,-30],[116.641,-30.009],[116.153,-30.221],[114.97,-30.325],[114.972,-30.342]]]},"properties":{"NAME":"Yuat","SUBJECTO":"Yuat","BORDERPRECISION":3}},
{"type":"Feature","geometry":{"type":"Polygon","coordinates":[[[149.442,-35.368],[149.619,-35.231],[148.4,-34.381],[148.14,-35.147],[149.442,-35.368]]]},"properties":{"NAME":"Ngunawal","SUBJECTO":"Ngunawal","BORDERPRECISION":3}},
{"type":"Feature","geometry":{"type":"Polygon","coordinates":[[[140.4,-20.799],[141.282,-20.057],[141.122,-19.4],[141.108,-19.396],[140.088,-20.186],[140.4,-20.799]]]},"properties":{"NAME":"Mayi-Thakurti","SUBJECTO":"Mayi-Thakurti","BORDERPRECISION":3}},
{"type":"Feature","geometry":{"type":"Polygon","coordinates":[[[141.927,-11.996],[141.92,-12.007],[141.915,-12.109],[141.93,-12.178],[141.988,-12.183],[142.162,-12.087],[142.15,-12.002],[141.939,-11.976],[141.927,-11.996]]]},"properties":{"NAME":"Teppathiggi","SUBJECTO":"Teppathiggi","BORDERPRECISION":3}},
{"type":"Feature","geometry":{"type":"Polygon","coordinates":[[[135.434,-15.837],[135.398,-16.33],[135.46,-16.366],[136.033,-16.857],[136.583,-17.156],[136.638,-16.091],[135.811,-15.524],[135.788,-15.528],[135.439,-15.768],[135.434,-15.837]]]},"properties":{"NAME":"Binbinga","SUBJECTO":"Binbinga","BORDERPRECISION":3}},
{"type":"Feature","geometry":{"type":"Polygon","coordinates":[[[136.698,-18.069],[136.731,-18.07],[136.745,-17.263],[136.583,-17.156],[136.033,-16.857],[135.583,-17.561],[135.697,-17.67],[136.698,-18.069]]]},"properties":{"NAME":"Gunindiri","SUBJECTO":"Gunindiri","BORDERPRECISION":3}},
{"type":"Feature","geometry":{"type":"Polygon","coordinates":[[[145.519,-20.518],[144.103,-20.45],[143.088,-20.539],[143.08,-20.605],[143.324,-21.682],[143.219,-22.397],[143.839,-22.009],[144.893,-21.969],[145.885,-22.388],[145.596,-21.706],[145.591,-21.688],[145.588,-20.516],[145.519,-20.518]]]},"properties":{"NAME":"Yirandali","SUBJECTO":"Yirandali","BORDERPRECISION":3}},
{"type":"Feature","geometry":{"type":"Polygon","coordinates":[[[145.396,-18.122],[145.684,-18.475],[146.083,-18.512],[145.984,-18.006],[145.398,-18.118],[145.396,-18.122]]]},"properties":{"NAME":"Wargamaygan","SUBJECTO":"Wargamaygan","BORDERPRECISION":3}},
{"type":"Feature","geometry":{"type":"Polygon","coordinates":[[[142.375,-31.41],[142.367,-31.389],[143.264,-30.867],[143.364,-29.745],[142.138,-29.631],[142.064,-29.65],[141.724,-30.676],[141.042,-31.349],[142.326,-31.429],[142.376,-31.411],[142.375,-31.41]]]},"properties":{"NAME":"Bandjigali","SUBJECTO":"Bandjigali","BORDERPRECISION":3}},
{"type":"Feature","geometry":{"type":"Polygon","coordinates":[[[148.755,-24.257],[149.023,-24.379],[149.678,-24.212],[149.941,-24.929],[149.943,-24.929],[149.991,-24.925],[150.002,-24.925],[150.614,-24.789],[150.747,-24.143],[150.568,-23.703],[149.208,-23.207],[148.543,-23.522],[148.726,-24.228],[148.755,-24.257]]]},"properties":{"NAME":"Gangulu","SUBJECTO":"Gangulu","BORDERPRECISION":3}},
{"type":"Feature","geometry":{"type":"Polygon","coordinates":[[[116.031,-31.417],[115.493,-31.546],[115.758,-32.494],[116.14,-32.388],[116.163,-32.378],[116.599,-32.145],[116.261,-31.433],[116.031,-31.417]]]},"properties":{"NAME":"Wajuk","SUBJECTO":"Wajuk","BORDERPRECISION":3}},
{"type":"Feature","geometry":{"type":"Polygon","coordinates":[[[140.801,-17.728],[140.827,-18.175],[141.108,-19.396],[141.122,-19.4],[142.853,-19.431],[142.936,-18.809],[141.383,-18.156],[141.262,-17.53],[141.173,-17.487],[141.162,-17.493],[140.839,-17.699],[140.801,-17.728]]]},"properties":{"NAME":"Mayi-Kulan","SUBJECTO":"Mayi-Kulan","BORDERPRECISION":3}},
{"type":"Feature","geometry":{"type":"Polygon","coordinates":[[[134.397,-17.873],[134.441,-17.804],[134.448,-17.777],[134.488,-17.201],[134.485,-17.196],[133.512,-16.241],[133.492,-16.234],[133.393,-16.422],[133.287,-17.7],[133.279,-17.744],[133.419,-18.251],[133.432,-18.247],[134.347,-17.944],[134.397,-17.873]]]},"properties":{"NAME":"Jingili","SUBJECTO":"Jingili","BORDERPRECISION":3}},
{"type":"Feature","geometry":{"type":"Polygon","coordinates":[[[145.222,-15.664],[145.199,-15.399],[144.804,-15.914],[143.87,-16.144],[143.884,-16.489],[144.76,-17.433],[145.282,-17.362],[145.31,-17.359],[145.336,-17.262],[145.394,-16.549],[145.222,-15.664]]]},"properties":{"NAME":"Kuku-yalanji","SUBJECTO":"Kuku-yalanji","BORDERPRECISION":3}},
{"type":"Feature","geometry":{"type":"Polygon","coordinates":[[[142.176,-12.085],[142.638,-12.496],[142.939,-12.622],[142.849,-12.284],[142.71,-12.004],[142.15,-12.002],[142.162,-12.087],[142.176,-12.085]]]},"properties":{"NAME":"Mpalitjanh","SUBJECTO":"Mpalitjanh","BORDERPRECISION":3}},
{"type":"Feature","geometry":{"type":"Polygon","coordinates":[[[116.448,-21.293],[116.251,-20.924],[114.685,-21.953],[115.291,-22.401],[115.304,-22.401],[115.315,-22.401],[116.268,-21.392],[116.45,-21.326],[116.448,-21.293]]]},"properties":{"NAME":"Nhuwala","SUBJECTO":"Nhuwala","BORDERPRECISION":3}},
{"type":"Feature","geometry":{"type":"Polygon","coordinates":[[[149.42,-26.19],[149.494,-26.178],[150.043,-25.69],[150.002,-24.925],[149.991,-24.925],[149.943,-24.944],[149.941,-24.944],[149.03,-25.178],[148.92,-26.089],[149.42,-26.19]]]},"properties":{"NAME":"Yiman","SUBJECTO":"Yiman","BORDERPRECISION":3}},
{"type":"Feature","geometry":{"type":"Polygon","coordinates":[[[126.303,-18.94],[126.304,-18.948],[126.829,-19.157],[126.849,-19.167],[127.78,-19.419],[127.796,-19.418],[128.749,-19.25],[128.77,-19.249],[129.144,-18.917],[129.034,-18.01],[129.265,-18.323],[129.054,-17.834],[128.328,-17.552],[128.294,-17.562],[127.546,-18.261],[126.811,-18.48],[126.773,-18.556],[126.303,-18.94]]]},"properties":{"NAME":"Jaru","SUBJECTO":"Jaru","BORDERPRECISION":3}},
{"type":"Feature","geometry":{"type":"MultiPolygon","coordinates":[[[[130.103,-14.129],[130.106,-14.128],[130.046,-14.092],[129.889,-14.097],[130.02,-14.413],[130.103,-14.129]]],[[[129.997,-14.434],[130.032,-14.437],[130.02,-14.414],[129.997,-14.434]]]]},"properties":{"NAME":"Ngan’gikurunggurr","SUBJECTO":"Ngan’gikurunggurr","BORDERPRECISION":3}},
{"type":"Feature","geometry":{"type":"Polygon","coordinates":[[[143.477,-33.687],[144.178,-34.148],[144.655,-34.073],[145.063,-33.56],[144.314,-32.96],[144.272,-32.956],[143.477,-33.687]]]},"properties":{"NAME":"Yitha Yitha","SUBJECTO":"Yitha Yitha","BORDERPRECISION":3}},
{"type":"Feature","geometry":{"type":"MultiPolygon","coordinates":[[[[142.597,-13.066],[142.596,-13.066],[142.593,-13.075],[142.61,-13.074],[142.597,-13.066]]],[[[142.129,-12.816],[142.044,-12.897],[142.042,-12.902],[141.99,-13.057],[141.986,-13.092],[141.975,-13.197],[141.978,-13.204],[142.349,-13.098],[142.139,-12.812],[142.129,-12.816]]]]},"properties":{"NAME":"Mbeiwum","SUBJECTO":"Mbeiwum","BORDERPRECISION":3}},
{"type":"Feature","geometry":{"type":"Polygon","coordinates":[[[132.215,-12.796],[132.218,-12.771],[132.216,-12.341],[131.635,-12.39],[131.659,-12.93],[132.215,-12.796]]]},"properties":{"NAME":"Limilngan","SUBJECTO":"Limilngan","BORDERPRECISION":3}},
{"type":"Feature","geometry":{"type":"Polygon","coordinates":[[[118.216,-30.862],[119.917,-32.18],[121.215,-31.114],[121.201,-31.1],[121.034,-30.932],[120.004,-29.325],[119.436,-28.763],[119.394,-28.741],[118.372,-28.384],[117.182,-28.844],[116.84,-29.007],[116.328,-29.249],[116.764,-30],[116.827,-30.052],[117.978,-30.693],[118.079,-30.741],[118.216,-30.862]]]},"properties":{"NAME":"Kalaamaya","SUBJECTO":"Kalaamaya","BORDERPRECISION":3}},
{"type":"Feature","geometry":{"type":"Polygon","coordinates":[[[116.542,-23.018],[115.927,-22.631],[115.904,-22.624],[115.732,-22.844],[115.727,-22.853],[115.776,-22.921],[117.148,-23.618],[117.188,-23.332],[116.587,-23.043],[116.542,-23.018]]]},"properties":{"NAME":"Jiwarli","SUBJECTO":"Jiwarli","BORDERPRECISION":3}},
{"type":"Feature","geometry":{"type":"Polygon","coordinates":[[[125.108,-15.205],[125.096,-15.259],[125.745,-15.732],[126.002,-14.741],[126.002,-14.687],[125.968,-14.48],[125.156,-14.805],[125.108,-15.205]]]},"properties":{"NAME":"Wunambul","SUBJECTO":"Wunambul","BORDERPRECISION":3}},
{"type":"Feature","geometry":{"type":"Polygon","coordinates":[[[139.263,-21.516],[139.263,-22.083],[140.293,-22.16],[140.372,-21.776],[139.263,-21.516]]]},"properties":{"NAME":"Yalarrnga","SUBJECTO":"Yalarrnga","BORDERPRECISION":3}},
{"type":"Feature","geometry":{"type":"Polygon","coordinates":[[[133.019,-17.729],[133.287,-17.7],[133.393,-16.422],[132.391,-16.19],[131.782,-16.432],[131.697,-16.497],[130.985,-17.875],[131.486,-17.965],[131.509,-17.97],[133.019,-17.729]]]},"properties":{"NAME":"Mudburra","SUBJECTO":"Mudburra","BORDERPRECISION":3}},
{"type":"Feature","geometry":{"type":"Polygon","coordinates":[[[135.777,-35.107],[136.646,-34.115],[136.792,-33.949],[135.494,-32.867],[135.462,-32.836],[134.934,-32.376],[134.111,-33.025],[134.237,-33.269],[134.421,-33.291],[135.153,-34.05],[135.595,-35.111],[135.777,-35.107]]]},"properties":{"NAME":"Nawu","SUBJECTO":"Nawu","BORDERPRECISION":3}},
{"type":"Feature","geometry":{"type":"Polygon","coordinates":[[[134.681,-13.939],[134.793,-13.904],[135.269,-13.654],[135.344,-13.559],[135.055,-13.112],[134.331,-13.419],[134.681,-13.939]]]},"properties":{"NAME":"Ngalkbun","SUBJECTO":"Ngalkbun","BORDERPRECISION":3}},
{"type":"Feature","geometry":{"type":"Polygon","coordinates":[[[140.521,-24.445],[139.597,-24.647],[139.37,-25.221],[140.602,-25.487],[140.521,-24.445]]]},"properties":{"NAME":"Mithaka","SUBJECTO":"Mithaka","BORDERPRECISION":3}},
{"type":"Feature","geometry":{"type":"Polygon","coordinates":[[[149.023,-24.379],[149.027,-25.177],[149.03,-25.178],[149.941,-24.944],[149.941,-24.929],[149.678,-24.212],[149.023,-24.379]]]},"properties":{"NAME":"Wadjigu","SUBJECTO":"Wadjigu","BORDERPRECISION":3}},
{"type":"Feature","geometry":{"type":"Polygon","coordinates":[[[138.332,-33.308],[138.163,-32.271],[137.764,-32.99],[137.826,-33.024],[138.17,-33.324],[138.332,-33.308]]]},"properties":{"NAME":"Nukunu","SUBJECTO":"Nukunu","BORDERPRECISION":3}},
{"type":"Feature","geometry":{"type":"Polygon","coordinates":[[[143.364,-29.745],[143.264,-30.867],[143.414,-31.382],[143.428,-31.397],[143.531,-31.513],[144.069,-31.614],[144.707,-31.56],[145.118,-30.78],[144.987,-30.274],[144.988,-30.165],[145.452,-28.967],[144.572,-28.766],[143.686,-28.738],[143.374,-28.771],[143.369,-28.772],[143.364,-29.745]]]},"properties":{"NAME":"Barundji","SUBJECTO":"Barundji","BORDERPRECISION":3}},
{"type":"Feature","geometry":{"type":"Polygon","coordinates":[[[152.972,-25.874],[152.722,-25.411],[152.693,-26.017],[152.972,-25.874]]]},"properties":{"NAME":"Badtjala","SUBJECTO":"Badtjala","BORDERPRECISION":3}},
{"type":"Feature","geometry":{"type":"Polygon","coordinates":[[[118.57,-24.337],[118.573,-24.39],[119.713,-24.933],[119.883,-24.427],[119.627,-23.529],[118.845,-23.54],[118.57,-24.337]]]},"properties":{"NAME":"Ngalawangka","SUBJECTO":"Ngalawangka","BORDERPRECISION":3}},
{"type":"Feature","geometry":{"type":"Polygon","coordinates":[[[141.093,-26.26],[141.931,-26.938],[142.712,-26.51],[143.677,-25.472],[143.755,-25.284],[143.056,-24.47],[142.424,-24.212],[141.383,-25.562],[141.093,-26.26]]]},"properties":{"NAME":"Birria","SUBJECTO":"Birria","BORDERPRECISION":3}},
{"type":"Feature","geometry":{"type":"Polygon","coordinates":[[[122.844,-18.537],[122.751,-19.015],[122.764,-19.033],[123.146,-19.135],[123.805,-20.035],[123.838,-20.53],[124.955,-20.196],[125.112,-19.875],[124.815,-18.58],[124.375,-18.216],[124.362,-18.211],[123.876,-18.802],[123.26,-18.441],[123.216,-18.44],[122.914,-18.466],[122.896,-18.484],[122.844,-18.537]]]},"properties":{"NAME":"Mangala","SUBJECTO":"Mangala","BORDERPRECISION":3}},
{"type":"Feature","geometry":{"type":"Polygon","coordinates":[[[132.891,-12.769],[132.872,-12.729],[132.696,-12.686],[132.67,-12.764],[132.682,-12.78],[132.715,-12.806],[132.723,-12.81],[132.84,-12.83],[132.856,-12.811],[132.884,-12.777],[132.891,-12.769]]]},"properties":{"NAME":"Bukurnidja","SUBJECTO":"Bukurnidja","BORDERPRECISION":3}},
{"type":"Feature","geometry":{"type":"Polygon","coordinates":[[[121.239,-31.1],[123.194,-30.938],[123.559,-30.902],[123.409,-30.107],[122.631,-28.696],[122.317,-28.697],[119.872,-28.854],[119.757,-28.994],[120.652,-29.86],[121.034,-30.932],[121.201,-31.1],[121.239,-31.1]]]},"properties":{"NAME":"Wangkathaa","SUBJECTO":"Wangkathaa","BORDERPRECISION":3}},
{"type":"Feature","geometry":{"type":"Polygon","coordinates":[[[137.764,-32.99],[138.163,-32.271],[138.774,-32.063],[138.562,-31.693],[138.535,-31.682],[138.461,-31.647],[137.612,-31.229],[137.602,-31.218],[137.6,-31.206],[137.076,-31.625],[136.049,-31.811],[134.934,-32.376],[135.462,-32.836],[135.494,-32.867],[136.792,-33.949],[137.764,-32.99]]]},"properties":{"NAME":"Banggarla","SUBJECTO":"Banggarla","BORDERPRECISION":3}},
{"type":"Feature","geometry":{"type":"Polygon","coordinates":[[[140.889,-22.431],[140.515,-23.282],[140.577,-23.928],[142.424,-24.212],[143.056,-24.47],[143.438,-23.82],[143.069,-23.115],[143.189,-22.523],[142.097,-22.817],[140.979,-22.31],[140.928,-22.378],[140.889,-22.431]]]},"properties":{"NAME":"Maiawali","SUBJECTO":"Maiawali","BORDERPRECISION":3}},
{"type":"Feature","geometry":{"type":"Polygon","coordinates":[[[136.731,-18.07],[136.731,-18.077],[137.347,-18.415],[137.801,-18.441],[138.057,-18.519],[138.11,-18.52],[138.379,-17.927],[138.077,-17.566],[136.745,-17.263],[136.731,-18.07]]]},"properties":{"NAME":"Waanyi","SUBJECTO":"Waanyi","BORDERPRECISION":3}},
{"type":"Feature","geometry":{"type":"Polygon","coordinates":[[[142.071,-28.381],[140.971,-28.867],[140.817,-29.607],[140.173,-30.091],[142.064,-29.65],[142.138,-29.631],[142.118,-28.42],[142.071,-28.381]]]},"properties":{"NAME":"Wadigali","SUBJECTO":"Wadigali","BORDERPRECISION":3}},
{"type":"Feature","geometry":{"type":"Polygon","coordinates":[[[151.574,-33.215],[151.596,-33.192],[151.427,-33.162],[151.201,-33.385],[151.022,-33.741],[151.31,-33.774],[151.574,-33.215]]]},"properties":{"NAME":"Guringai","SUBJECTO":"Guringai","BORDERPRECISION":3}},
{"type":"Feature","geometry":{"type":"Polygon","coordinates":[[[115.803,-23.866],[115.81,-23.842],[115.802,-23.754],[114.74,-23.338],[114.706,-23.327],[114.521,-23.916],[114.521,-23.977],[115.258,-24.487],[115.215,-24.961],[115.377,-24.995],[115.803,-23.866]]]},"properties":{"NAME":"Tharrgari","SUBJECTO":"Tharrgari","BORDERPRECISION":3}},
{"type":"Feature","geometry":{"type":"Polygon","coordinates":[[[144.76,-17.433],[144.805,-17.55],[145.202,-17.567],[145.216,-17.561],[145.29,-17.422],[145.282,-17.362],[144.76,-17.433]]]},"properties":{"NAME":"Mbabaram","SUBJECTO":"Mbabaram","BORDERPRECISION":3}},
{"type":"Feature","geometry":{"type":"Polygon","coordinates":[[[125.702,-15.783],[125.745,-15.732],[125.096,-15.259],[124.425,-15.658],[124.56,-16.343],[124.792,-16.344],[125.002,-15.792],[125.702,-15.783]]]},"properties":{"NAME":"Worora","SUBJECTO":"Worora","BORDERPRECISION":3}},
{"type":"Feature","geometry":{"type":"Polygon","coordinates":[[[150.614,-24.789],[150.75,-25.648],[150.873,-25.661],[151.567,-25.021],[151.627,-25.023],[151.789,-25.15],[151.795,-25.151],[152.399,-25.046],[151.73,-24.157],[151.174,-23.92],[150.747,-24.143],[150.614,-24.789]]]},"properties":{"NAME":"Gureng Gureng","SUBJECTO":"Gureng Gureng","BORDERPRECISION":3}},
{"type":"Feature","geometry":{"type":"Polygon","coordinates":[[[137.955,-21.739],[139.082,-20.959],[139.077,-20.915],[138.905,-20.365],[137.241,-20.951],[136.749,-20.864],[136.717,-20.892],[137.014,-21.646],[137.955,-21.739]]]},"properties":{"NAME":"Bularnu","SUBJECTO":"Bularnu","BORDERPRECISION":3}},
{"type":"Feature","geometry":{"type":"Polygon","coordinates":[[[125.496,-18.41],[125.685,-18.09],[125.337,-17.65],[124.459,-17.409],[123.635,-17.21],[123.534,-17.389],[123.051,-18.065],[122.908,-18.463],[122.914,-18.466],[123.216,-18.44],[123.26,-18.441],[123.876,-18.802],[124.362,-18.211],[124.375,-18.216],[124.815,-18.58],[124.882,-18.48],[125.485,-18.421],[125.496,-18.41]]]},"properties":{"NAME":"Nyikina","SUBJECTO":"Nyikina","BORDERPRECISION":3}},
{"type":"Feature","geometry":{"type":"Polygon","coordinates":[[[143.322,-37.086],[142.973,-37.063],[142.632,-37.055],[141.937,-37.709],[142.71,-38.001],[142.98,-37.715],[143.307,-37.213],[143.322,-37.086]]]},"properties":{"NAME":"Djabwurung","SUBJECTO":"Djabwurung","BORDERPRECISION":3}},
{"type":"Feature","geometry":{"type":"Polygon","coordinates":[[[123.988,-16.81],[123.566,-16.415],[123.82,-16.884],[123.986,-16.815],[123.988,-16.81]]]},"properties":{"NAME":"Unggarangi","SUBJECTO":"Unggarangi","BORDERPRECISION":3}},
{"type":"Feature","geometry":{"type":"Polygon","coordinates":[[[122.891,-17.036],[122.803,-17.317],[122.817,-17.666],[123.051,-18.065],[123.534,-17.389],[123.498,-17.319],[123.061,-16.94],[122.891,-17.036]]]},"properties":{"NAME":"Nimanburu","SUBJECTO":"Nimanburu","BORDERPRECISION":3}},
{"type":"Feature","geometry":{"type":"Polygon","coordinates":[[[136.638,-16.091],[136.583,-17.156],[136.745,-17.263],[138.077,-17.566],[138.318,-16.864],[138.236,-16.824],[137.686,-16.415],[136.638,-16.091]]]},"properties":{"NAME":"Garawa","SUBJECTO":"Garawa","BORDERPRECISION":3}},
{"type":"Feature","geometry":{"type":"Polygon","coordinates":[[[142.367,-31.389],[142.384,-31.41],[143.41,-31.382],[143.414,-31.382],[143.264,-30.867],[142.367,-31.389]]]},"properties":{"NAME":"Wandjiwalgu","SUBJECTO":"Wandjiwalgu","BORDERPRECISION":3}},
{"type":"Feature","geometry":{"type":"Polygon","coordinates":[[[138.903,-20.361],[140.022,-20.114],[139.989,-20.078],[139.168,-19.119],[138.103,-18.533],[138.057,-18.519],[137.801,-18.441],[137.538,-19.612],[138.538,-19.87],[138.903,-20.361]]]},"properties":{"NAME":"Wakabunga","SUBJECTO":"Wakabunga","BORDERPRECISION":3}},
{"type":"Feature","geometry":{"type":"Polygon","coordinates":[[[130.671,-27.46],[130.64,-27.485],[130.584,-27.529],[129.841,-28.37],[129.99,-29.468],[131.353,-30.222],[131.373,-30.228],[133.231,-30.496],[134.945,-31.081],[136.049,-31.811],[137.076,-31.625],[137.6,-31.206],[137.472,-30.373],[136.729,-29.796],[135.385,-29.593],[134.532,-28.935],[133.464,-28.392],[132.124,-28.401],[130.704,-27.483],[130.686,-27.47],[130.671,-27.46]]]},"properties":{"NAME":"Kokatha","SUBJECTO":"Kokatha","BORDERPRECISION":3}},
{"type":"Feature","geometry":{"type":"Polygon","coordinates":[[[142.04,-12.899],[141.833,-12.849],[141.588,-13.149],[141.622,-13.35],[141.972,-13.224],[141.975,-13.197],[141.986,-13.092],[141.99,-13.057],[142.042,-12.902],[142.04,-12.899]]]},"properties":{"NAME":"Winda Winda","SUBJECTO":"Winda Winda","BORDERPRECISION":3}},
{"type":"Feature","geometry":{"type":"Polygon","coordinates":[[[143.723,-27.893],[143.739,-27.902],[144.176,-27.983],[144.862,-28.078],[145.281,-27.49],[145.109,-26.482],[143.563,-26.654],[143.723,-27.893]]]},"properties":{"NAME":"Margany","SUBJECTO":"Margany","BORDERPRECISION":3}},
{"type":"Feature","geometry":{"type":"Polygon","coordinates":[[[134.022,-12.056],[133.762,-11.997],[134,-12.266],[134.039,-12.263],[134.044,-12.061],[134.022,-12.056]]]},"properties":{"NAME":"Gunbalang","SUBJECTO":"Gunbalang","BORDERPRECISION":3}},
{"type":"Feature","geometry":{"type":"Polygon","coordinates":[[[118.728,-28.1],[118.029,-27.187],[118.013,-27.182],[115.818,-28.569],[116.312,-29.254],[116.328,-29.249],[116.84,-29.007],[117.182,-28.844],[118.372,-28.384],[118.532,-28.304],[118.728,-28.1]]]},"properties":{"NAME":"Badimaya","SUBJECTO":"Badimaya","BORDERPRECISION":3}},
{"type":"Feature","geometry":{"type":"Polygon","coordinates":[[[130.984,-12.983],[130.978,-12.981],[130.403,-12.861],[130.218,-13.462],[130.293,-13.426],[130.305,-13.417],[130.364,-13.388],[130.385,-13.385],[130.396,-13.384],[131.397,-13.5],[131.517,-13.407],[131.556,-13.277],[130.984,-12.983]]]},"properties":{"NAME":"Kungarakany","SUBJECTO":"Kungarakany","BORDERPRECISION":3}},
{"type":"Feature","geometry":{"type":"Polygon","coordinates":[[[133.469,-14.309],[134.067,-14.741],[134.908,-15.165],[134.844,-14.647],[133.637,-13.685],[133.469,-14.309]]]},"properties":{"NAME":"Ngalakan","SUBJECTO":"Ngalakan","BORDERPRECISION":3}},
{"type":"Feature","geometry":{"type":"Polygon","coordinates":[[[124.222,-31.034],[124.431,-32.944],[126.013,-32.271],[127.314,-32.267],[128.903,-31.709],[131.082,-31.49],[131.026,-30.768],[128.687,-30.336],[127.13,-30.368],[126.359,-30.384],[124.42,-30.955],[124.222,-31.034]]]},"properties":{"NAME":"Mirning","SUBJECTO":"Mirning","BORDERPRECISION":3}},
{"type":"Feature","geometry":{"type":"Polygon","coordinates":[[[152.308,-32.696],[152.58,-32.144],[151.788,-32.049],[151.602,-32.516],[151.579,-32.774],[151.926,-32.845],[152.308,-32.696]]]},"properties":{"NAME":"Worimi","SUBJECTO":"Worimi","BORDERPRECISION":3}},
{"type":"Feature","geometry":{"type":"Polygon","coordinates":[[[143.508,-16.609],[143.884,-16.489],[143.87,-16.144],[143.58,-16.011],[143.508,-16.609]]]},"properties":{"NAME":"Kokomini","SUBJECTO":"Kokomini","BORDERPRECISION":3}},
{"type":"Feature","geometry":{"type":"Polygon","coordinates":[[[136.729,-29.796],[137.19,-29.656],[136.901,-27.837],[136.139,-27.24],[135.212,-27.177],[134.532,-28.935],[135.385,-29.593],[136.729,-29.796]]]},"properties":{"NAME":"Arabana","SUBJECTO":"Arabana","BORDERPRECISION":3}},
{"type":"Feature","geometry":{"type":"Polygon","coordinates":[[[135.63,-14.532],[135.655,-14.511],[135.739,-14.419],[135.829,-13.729],[135.344,-13.559],[135.269,-13.654],[135.52,-14.446],[135.63,-14.532]]]},"properties":{"NAME":"Nunggubuyu","SUBJECTO":"Nunggubuyu","BORDERPRECISION":3}},
{"type":"Feature","geometry":{"type":"Polygon","coordinates":[[[130.446,-15.692],[131.386,-15.659],[131.073,-15.325],[130.392,-15.492],[130.446,-15.692]]]},"properties":{"NAME":"Nungali","SUBJECTO":"Nungali","BORDERPRECISION":3}},
{"type":"Feature","geometry":{"type":"Polygon","coordinates":[[[147.713,-22.482],[147.26,-22.511],[147.159,-23.327],[147.168,-23.332],[147.998,-22.87],[147.899,-22.729],[147.713,-22.482]]]},"properties":{"NAME":"Wangan","SUBJECTO":"Wangan","BORDERPRECISION":3}},
{"type":"Feature","geometry":{"type":"Polygon","coordinates":[[[148.445,-27.615],[148.489,-27.695],[148.541,-27.81],[149.414,-27.79],[149.418,-27.332],[149.42,-26.323],[148.705,-26.068],[148.332,-26.05],[148.332,-26.069],[148.36,-26.516],[148.549,-27.473],[148.445,-27.615]]]},"properties":{"NAME":"Mandandanji","SUBJECTO":"Mandandanji","BORDERPRECISION":3}},
{"type":"Feature","geometry":{"type":"Polygon","coordinates":[[[140.999,-36.314],[140.126,-36.332],[140.718,-36.894],[140.988,-36.749],[140.999,-36.314]]]},"properties":{"NAME":"Bindjali","SUBJECTO":"Bindjali","BORDERPRECISION":3}},
{"type":"Feature","geometry":{"type":"Polygon","coordinates":[[[139.989,-20.078],[140.042,-18.409],[139.712,-17.963],[139.669,-17.952],[139.359,-17.923],[139.331,-17.926],[139.168,-19.119],[139.989,-20.078]]]},"properties":{"NAME":"Mayi-Kutuna","SUBJECTO":"Mayi-Kutuna","BORDERPRECISION":3}},
{"type":"Feature","geometry":{"type":"Polygon","coordinates":[[[117.094,-21.039],[117.074,-21.04],[116.882,-21.386],[116.878,-21.411],[117.807,-22.056],[117.843,-22.073],[118.924,-22.336],[118.93,-22.33],[119.028,-22.015],[119.028,-22.009],[118.645,-21.637],[118.616,-21.627],[117.982,-21.332],[117.962,-21.317],[117.094,-21.039]]]},"properties":{"NAME":"Yindjibarndi","SUBJECTO":"Yindjibarndi","BORDERPRECISION":3}},
{"type":"Feature","geometry":{"type":"Polygon","coordinates":[[[122.887,-18.462],[122.225,-18.19],[122.221,-18.191],[121.546,-18.771],[121.544,-18.786],[122.736,-19.025],[122.751,-19.015],[122.844,-18.537],[122.896,-18.484],[122.887,-18.462]]]},"properties":{"NAME":"Karajarri","SUBJECTO":"Karajarri","BORDERPRECISION":3}},
{"type":"Feature","geometry":{"type":"Polygon","coordinates":[[[150.226,-22.48],[150.125,-22.424],[149.584,-22.852],[149.299,-22.372],[148.874,-22.362],[149.208,-23.207],[150.568,-23.703],[150.8,-23.558],[150.754,-22.812],[150.226,-22.48]]]},"properties":{"NAME":"Darumbal","SUBJECTO":"Darumbal","BORDERPRECISION":3}},
{"type":"Feature","geometry":{"type":"MultiPolygon","coordinates":[[[[144.614,-37.938],[144.606,-38.028],[144.731,-38.077],[145.934,-38.881],[146.635,-38.877],[146.628,-38.761],[146.307,-38.384],[144.614,-37.938]]],[[[144.577,-38.499],[144.612,-38.371],[144.586,-38.381],[144.577,-38.499]]]]},"properties":{"NAME":"Boonwurrung","SUBJECTO":"Boonwurrung","BORDERPRECISION":3}},
{"type":"Feature","geometry":{"type":"Polygon","coordinates":[[[140.372,-21.776],[140.293,-22.16],[140.928,-22.378],[140.979,-22.31],[140.949,-21.938],[140.766,-21.719],[140.372,-21.776]]]},"properties":{"NAME":"Yanda","SUBJECTO":"Yanda","BORDERPRECISION":3}},
{"type":"Feature","geometry":{"type":"Polygon","coordinates":[[[144.487,-18.331],[144.481,-18.502],[144.219,-19.547],[144.162,-19.648],[144.103,-20.45],[145.519,-20.518],[145.588,-20.516],[146.924,-20.548],[146.93,-20.55],[147.137,-20.568],[147.223,-19.911],[147.209,-19.86],[146.791,-19.387],[146.709,-19.364],[146.674,-19.355],[146.601,-19.336],[146.568,-19.327],[145.684,-18.475],[145.396,-18.122],[145.398,-18.118],[145.211,-17.579],[145.202,-17.567],[144.805,-17.55],[144.487,-18.331]]]},"properties":{"NAME":"Gugu-Badhun","SUBJECTO":"Gugu-Badhun","BORDERPRECISION":3}},
{"type":"Feature","geometry":{"type":"Polygon","coordinates":[[[120.53,-32.959],[120.193,-33.086],[120.035,-33.148],[119.948,-33.153],[118.491,-33.136],[118.688,-33.538],[119.074,-33.986],[119.508,-34.336],[119.771,-34.12],[121.74,-33.963],[123.186,-34.04],[123.46,-33.994],[123.955,-33.479],[122.828,-33.055],[122.301,-33.4],[120.53,-32.959]]]},"properties":{"NAME":"Wudjari","SUBJECTO":"Wudjari","BORDERPRECISION":3}},
{"type":"Feature","geometry":{"type":"Polygon","coordinates":[[[130.291,-17.122],[130.282,-17.179],[130.94,-17.394],[131.391,-16.7],[130.96,-16.422],[130.291,-17.122]]]},"properties":{"NAME":"Bilinara","SUBJECTO":"Bilinara","BORDERPRECISION":3}},
{"type":"Feature","geometry":{"type":"MultiPolygon","coordinates":[[[[130.385,-13.385],[130.402,-13.392],[130.396,-13.384],[130.385,-13.385]]],[[[130.305,-13.417],[130.304,-13.43],[130.334,-13.448],[130.364,-13.388],[130.305,-13.417]]]]},"properties":{"NAME":"Tjerratj","SUBJECTO":"Tjerratj","BORDERPRECISION":3}},
{"type":"Feature","geometry":{"type":"Polygon","coordinates":[[[152.982,-31.297],[152.984,-31.268],[151.653,-31.062],[151.614,-31.061],[151.315,-31.109],[151.348,-31.636],[151.788,-32.049],[152.58,-32.144],[152.982,-31.297]]]},"properties":{"NAME":"Biripi","SUBJECTO":"Biripi","BORDERPRECISION":3}},
{"type":"Feature","geometry":{"type":"Polygon","coordinates":[[[142.118,-28.42],[142.138,-29.631],[143.364,-29.745],[143.369,-28.772],[143.017,-28.736],[142.319,-28.527],[142.118,-28.42]]]},"properties":{"NAME":"Karenggapa","SUBJECTO":"Karenggapa","BORDERPRECISION":3}},
{"type":"Feature","geometry":{"type":"Polygon","coordinates":[[[149.03,-25.178],[149.027,-25.177],[148.856,-25.204],[148.943,-25.895],[148.332,-26.05],[148.705,-26.068],[148.92,-26.089],[149.03,-25.178]]]},"properties":{"NAME":"Gungabula","SUBJECTO":"Gungabula","BORDERPRECISION":3}},
{"type":"Feature","geometry":{"type":"Polygon","coordinates":[[[142.872,-13.093],[142.953,-14.185],[143.344,-14.083],[143.396,-13.812],[143.421,-13.395],[143.406,-13.344],[143.157,-12.956],[142.98,-12.99],[142.858,-13.074],[142.872,-13.093]]]},"properties":{"NAME":"Kaantju","SUBJECTO":"Kaantju","BORDERPRECISION":3}},
{"type":"Feature","geometry":{"type":"Polygon","coordinates":[[[144.307,-32.953],[144.314,-32.96],[145.063,-33.56],[144.655,-34.073],[144.784,-34.673],[144.798,-34.693],[144.855,-34.776],[145.135,-35.302],[145.798,-35.988],[147.205,-36.102],[147.81,-36.085],[148.14,-35.147],[148.4,-34.381],[149.04,-34.263],[149.678,-34.089],[150.008,-33.187],[150.096,-32.816],[149.959,-32.443],[149.724,-32.103],[149.042,-31.785],[147.25,-31.682],[146.008,-32.027],[144.23,-32.861],[144.23,-32.862],[144.307,-32.953]]]},"properties":{"NAME":"Wiradjuri","SUBJECTO":"Wiradjuri","BORDERPRECISION":3}},
{"type":"Feature","geometry":{"type":"Polygon","coordinates":[[[146.674,-19.355],[146.709,-19.364],[146.791,-19.387],[146.796,-19.355],[146.63,-19.26],[146.601,-19.336],[146.674,-19.355]]]},"properties":{"NAME":"Wulgurukaba","SUBJECTO":"Wulgurukaba","BORDERPRECISION":3}},
{"type":"Feature","geometry":{"type":"Polygon","coordinates":[[[138.936,-26.195],[138.135,-26.4],[138.402,-27.375],[139.977,-27.233],[140.36,-26.23],[138.994,-26.195],[138.936,-26.195]]]},"properties":{"NAME":"Ngamini","SUBJECTO":"Ngamini","BORDERPRECISION":3}},
{"type":"Feature","geometry":{"type":"Polygon","coordinates":[[[143.148,-38.747],[143.443,-38.535],[143.442,-38.529],[143.395,-38.487],[143.08,-37.811],[142.98,-37.715],[142.71,-38.001],[142.664,-38.053],[142.661,-38.063],[142.547,-38.399],[143.148,-38.747]]]},"properties":{"NAME":"Giraiwurung","SUBJECTO":"Giraiwurung","BORDERPRECISION":3}},
{"type":"Feature","geometry":{"type":"Polygon","coordinates":[[[142.98,-12.99],[143.157,-12.956],[143.378,-12.843],[143.112,-12.246],[143.103,-12.24],[142.849,-12.284],[142.939,-12.622],[142.98,-12.99]]]},"properties":{"NAME":"Kuuku-ya’u","SUBJECTO":"Kuuku-ya’u","BORDERPRECISION":3}},
{"type":"Feature","geometry":{"type":"Polygon","coordinates":[[[121.333,-21.994],[121.195,-22.017],[121.104,-22.199],[121.002,-23.304],[121.19,-23.765],[122.95,-25.402],[124.266,-24.257],[125.469,-24.57],[125.528,-24.599],[126.156,-24.227],[127.966,-24.059],[127.046,-23.302],[126.198,-21.962],[126.157,-21.932],[125.841,-21.811],[124.091,-22.35],[124.08,-21.943],[123.289,-21.371],[123.274,-21.372],[122.542,-22.411],[121.333,-21.994]]]},"properties":{"NAME":"Mardu","SUBJECTO":"Mardu","BORDERPRECISION":3}},
{"type":"Feature","geometry":{"type":"Polygon","coordinates":[[[118.884,-34.282],[119.354,-34.546],[119.46,-34.401],[119.074,-33.986],[118.688,-33.538],[118.371,-33.151],[118.088,-33.28],[117.633,-33.496],[117.488,-33.587],[117.665,-33.947],[117.672,-34.022],[118.73,-34.254],[118.884,-34.282]]]},"properties":{"NAME":"Goreng","SUBJECTO":"Goreng","BORDERPRECISION":3}},
{"type":"Feature","geometry":{"type":"Polygon","coordinates":[[[134,-12.266],[133.762,-11.997],[133.448,-11.903],[133.142,-11.857],[133.056,-11.902],[133.026,-12.03],[133.374,-12.833],[133.403,-12.847],[133.44,-12.881],[133.49,-12.904],[133.521,-12.913],[133.592,-12.969],[133.622,-12.92],[134,-12.266]]]},"properties":{"NAME":"Gunwinggu","SUBJECTO":"Gunwinggu","BORDERPRECISION":3}},
{"type":"Feature","geometry":{"type":"Polygon","coordinates":[[[115.82,-25.204],[115.752,-25.177],[115.377,-24.995],[115.215,-24.961],[114.137,-24.672],[113.612,-24.808],[113.955,-25.634],[114.727,-25.752],[115.842,-25.227],[115.82,-25.204]]]},"properties":{"NAME":"Yinggarda","SUBJECTO":"Yinggarda","BORDERPRECISION":3}},
{"type":"Feature","geometry":{"type":"Polygon","coordinates":[[[145.869,-17.195],[145.718,-16.978],[145.548,-17.242],[145.961,-17.429],[145.869,-17.195]]]},"properties":{"NAME":"Yidinjdji","SUBJECTO":"Yidinjdji","BORDERPRECISION":3}},
{"type":"Feature","geometry":{"type":"Polygon","coordinates":[[[133.192,-22.911],[132.304,-23.013],[132.034,-23.665],[132.869,-24.547],[133.242,-25.443],[133.872,-26.078],[135.212,-27.177],[136.139,-27.24],[136.271,-25.059],[136.12,-23.126],[133.983,-22.977],[133.192,-22.911]]]},"properties":{"NAME":"Arrernte","SUBJECTO":"Arrernte","BORDERPRECISION":3}},
{"type":"Feature","geometry":{"type":"MultiPolygon","coordinates":[[[[142.644,-11.093],[142.267,-10.99],[142.646,-11.098],[142.644,-11.093]]],[[[142.686,-11.183],[142.689,-11.767],[142.792,-11.738],[142.686,-11.183]]]]},"properties":{"NAME":"Yadhaigana","SUBJECTO":"Yadhaigana","BORDERPRECISION":3}},
{"type":"Feature","geometry":{"type":"Polygon","coordinates":[[[139.13,-34.534],[138.774,-34.657],[138.577,-35.343],[139.1,-35.077],[139.164,-34.733],[139.13,-34.534]]]},"properties":{"NAME":"Peramangk","SUBJECTO":"Peramangk","BORDERPRECISION":3}},
{"type":"Feature","geometry":{"type":"Polygon","coordinates":[[[138.578,-22.113],[138.296,-22.381],[138.362,-23.669],[138.373,-24.707],[138.828,-25.97],[138.847,-25.986],[139.37,-25.221],[139.597,-24.647],[138.735,-23.388],[139.222,-22.161],[138.737,-22.121],[138.578,-22.113]]]},"properties":{"NAME":"Wangkamana","SUBJECTO":"Wangkamana","BORDERPRECISION":3}},
{"type":"Feature","geometry":{"type":"Polygon","coordinates":[[[132.218,-12.771],[132.43,-12.741],[132.4,-12.328],[132.216,-12.341],[132.218,-12.771]]]},"properties":{"NAME":"Konbudj","SUBJECTO":"Konbudj","BORDERPRECISION":3}},
{"type":"Feature","geometry":{"type":"Polygon","coordinates":[[[147.129,-23.347],[147.215,-23.99],[147.985,-24.027],[148.559,-24.419],[148.726,-24.228],[148.543,-23.522],[147.998,-22.87],[147.168,-23.332],[147.16,-23.336],[147.129,-23.347]]]},"properties":{"NAME":"Gayiri","SUBJECTO":"Gayiri","BORDERPRECISION":3}},
{"type":"Feature","geometry":{"type":"Polygon","coordinates":[[[137.19,-29.656],[138.461,-29.571],[138.691,-28.478],[138.182,-27.7],[138.154,-27.656],[136.901,-27.837],[137.19,-29.656]]]},"properties":{"NAME":"Dhirari","SUBJECTO":"Dhirari","BORDERPRECISION":3}},
{"type":"Feature","geometry":{"type":"Polygon","coordinates":[[[127.072,-26.584],[127.338,-26.53],[125.837,-25.681],[125.515,-24.611],[125.469,-24.57],[124.266,-24.257],[122.95,-25.402],[122.777,-26.007],[122.778,-26.03],[122.956,-26.561],[124.357,-27.464],[124.882,-26.136],[125.486,-25.909],[126.949,-26.581],[127.072,-26.584]]]},"properties":{"NAME":"Ngaanyatjarra","SUBJECTO":"Ngaanyatjarra","BORDERPRECISION":3}},
{"type":"Feature","geometry":{"type":"Polygon","coordinates":[[[148.706,-20.845],[148.695,-20.829],[148.635,-20.862],[149.072,-21.591],[149.136,-21.595],[149.279,-21.541],[148.706,-20.845]]]},"properties":{"NAME":"Yuwi","SUBJECTO":"Yuwi","BORDERPRECISION":3}},
{"type":"Feature","geometry":{"type":"Polygon","coordinates":[[[125.666,-17.083],[126.53,-16.899],[126.958,-16.088],[127.464,-16.004],[127.508,-16.004],[127.938,-15.871],[128.117,-15.583],[128.119,-15.558],[128.051,-15.448],[128.048,-15.445],[127.661,-15.241],[127.65,-15.231],[127.244,-14.438],[126.748,-14.381],[126.026,-14.683],[126.002,-14.741],[125.745,-15.732],[125.702,-15.783],[125.002,-15.792],[124.792,-16.344],[124.817,-16.511],[124.833,-16.527],[125.666,-17.083]]]},"properties":{"NAME":"Ngarinyin","SUBJECTO":"Ngarinyin","BORDERPRECISION":3}},
{"type":"Feature","geometry":{"type":"Polygon","coordinates":[[[152.805,-27.281],[152.881,-27.499],[153.026,-27.47],[152.981,-27.278],[152.83,-27.217],[152.805,-27.281]]]},"properties":{"NAME":"Turrbal","SUBJECTO":"Turrbal","BORDERPRECISION":3}},
{"type":"Feature","geometry":{"type":"Polygon","coordinates":[[[126.274,-17.718],[125.957,-18.039],[125.949,-18.048],[126.775,-18.48],[126.811,-18.48],[127.546,-18.261],[128.294,-17.562],[128.328,-17.552],[129.054,-17.834],[128.804,-16.699],[129.254,-16.626],[129.267,-16.319],[129.167,-16.235],[127.938,-15.871],[127.508,-16.004],[127.458,-16.041],[127.496,-17.204],[126.274,-17.718]]]},"properties":{"NAME":"Kija","SUBJECTO":"Kija","BORDERPRECISION":3}},
{"type":"Feature","geometry":{"type":"Polygon","coordinates":[[[131.992,-13.966],[131.517,-13.407],[131.397,-13.5],[131.337,-13.644],[130.87,-13.801],[130.342,-14.511],[130.351,-14.716],[130.988,-14.82],[131.896,-14.569],[131.992,-13.966]]]},"properties":{"NAME":"Wagiman","SUBJECTO":"Wagiman","BORDERPRECISION":3}},
{"type":"Feature","geometry":{"type":"Polygon","coordinates":[[[141.915,-12.109],[141.863,-12.1],[141.825,-12.163],[141.93,-12.178],[141.915,-12.109]]]},"properties":{"NAME":"Yupangathi","SUBJECTO":"Yupangathi","BORDERPRECISION":3}},
{"type":"Feature","geometry":{"type":"Polygon","coordinates":[[[132.715,-12.806],[132.682,-12.78],[132.662,-12.769],[132.468,-12.776],[132.342,-12.983],[132.717,-12.811],[132.715,-12.806]]]},"properties":{"NAME":"Ngombur","SUBJECTO":"Ngombur","BORDERPRECISION":3}},
{"type":"Feature","geometry":{"type":"Polygon","coordinates":[[[136.907,-22.576],[137.014,-21.646],[136.717,-20.892],[136.677,-20.852],[136.292,-20.756],[136.25,-20.775],[134.016,-22.354],[133.959,-22.888],[133.983,-22.977],[136.12,-23.126],[136.907,-22.576]]]},"properties":{"NAME":"Alyawarre","SUBJECTO":"Alyawarre","BORDERPRECISION":3}},
{"type":"Feature","geometry":{"type":"Polygon","coordinates":[[[145.336,-17.262],[145.548,-17.242],[145.718,-16.978],[145.394,-16.549],[145.336,-17.262]]]},"properties":{"NAME":"Djabuganjdji","SUBJECTO":"Djabuganjdji","BORDERPRECISION":3}},
{"type":"Feature","geometry":{"type":"Polygon","coordinates":[[[149.959,-32.443],[150.853,-32.259],[151.602,-32.516],[151.788,-32.049],[151.348,-31.636],[149.724,-32.103],[149.959,-32.443]]]},"properties":{"NAME":"Geawegal","SUBJECTO":"Geawegal","BORDERPRECISION":3}},
{"type":"Feature","geometry":{"type":"Polygon","coordinates":[[[134.646,-17.692],[134.686,-17.686],[135.453,-17.644],[135.583,-17.561],[136.033,-16.857],[135.46,-16.366],[135.396,-16.362],[134.672,-17.095],[134.488,-17.201],[134.448,-17.777],[134.57,-17.725],[134.646,-17.692]]]},"properties":{"NAME":"Ngandji","SUBJECTO":"Ngandji","BORDERPRECISION":3}},
{"type":"Feature","geometry":{"type":"MultiPolygon","coordinates":[[[[144.707,-31.56],[144.23,-32.861],[146.008,-32.027],[147.25,-31.682],[146.986,-30.572],[146.214,-29.95],[145.595,-30.168],[145.511,-30.228],[144.996,-30.276],[144.987,-30.274],[145.118,-30.78],[144.707,-31.56]]],[[[144.272,-32.956],[144.314,-32.96],[144.307,-32.953],[144.23,-32.862],[144.272,-32.956]]]]},"properties":{"NAME":"Wongaibon","SUBJECTO":"Wongaibon","BORDERPRECISION":3}},
{"type":"Feature","geometry":{"type":"Polygon","coordinates":[[[145.96,-28.038],[146.721,-28.772],[147.439,-29.042],[147.746,-28.99],[147.809,-28.959],[148.388,-28.292],[147.537,-27.696],[146.983,-27.176],[146.864,-27.138],[146.382,-27.146],[145.81,-27.579],[145.951,-28.023],[145.96,-28.038]]]},"properties":{"NAME":"Kooma","SUBJECTO":"Kooma","BORDERPRECISION":3}},
{"type":"Feature","geometry":{"type":"Polygon","coordinates":[[[141.816,-12.602],[141.831,-12.617],[142.046,-12.538],[141.988,-12.183],[141.93,-12.178],[141.825,-12.163],[141.816,-12.602]]]},"properties":{"NAME":"Anguthimri","SUBJECTO":"Anguthimri","BORDERPRECISION":3}},
{"type":"Feature","geometry":{"type":"Polygon","coordinates":[[[145.452,-28.967],[145.606,-28.973],[145.954,-28.063],[145.951,-28.023],[145.81,-27.579],[145.281,-27.49],[144.862,-28.078],[144.572,-28.766],[145.452,-28.967]]]},"properties":{"NAME":"Kunja","SUBJECTO":"Kunja","BORDERPRECISION":3}},
{"type":"Feature","geometry":{"type":"Polygon","coordinates":[[[133.142,-11.857],[133.174,-11.728],[132.626,-11.75],[133.056,-11.902],[133.142,-11.857]]]},"properties":{"NAME":"Iwaidja","SUBJECTO":"Iwaidja","BORDERPRECISION":3}},
{"type":"Feature","geometry":{"type":"Polygon","coordinates":[[[138.774,-32.063],[140.061,-32.073],[140.151,-31.977],[139.878,-30.808],[140.093,-30.123],[139.628,-29.5],[139.485,-29.545],[138.51,-30.581],[138.562,-31.693],[138.774,-32.063]]]},"properties":{"NAME":"Andyamathanha","SUBJECTO":"Andyamathanha","BORDERPRECISION":3}},
{"type":"Feature","geometry":{"type":"Polygon","coordinates":[[[132.438,-13.131],[132.505,-13.147],[132.667,-13.168],[132.834,-12.932],[132.836,-12.907],[132.849,-12.843],[132.84,-12.83],[132.723,-12.81],[132.717,-12.811],[132.342,-12.983],[132.29,-13.088],[132.438,-13.131]]]},"properties":{"NAME":"Mbukarla","SUBJECTO":"Mbukarla","BORDERPRECISION":3}},
{"type":"Feature","geometry":{"type":"Polygon","coordinates":[[[115.835,-23.846],[115.803,-23.866],[115.377,-24.995],[115.752,-25.177],[115.82,-25.204],[115.854,-25.199],[116.337,-24.617],[116.367,-24.562],[116.433,-23.976],[115.835,-23.846]]]},"properties":{"NAME":"Warriyangga","SUBJECTO":"Warriyangga","BORDERPRECISION":3}},
{"type":"Feature","geometry":{"type":"Polygon","coordinates":[[[143.97,-19.586],[143.487,-18.532],[143.032,-18.733],[142.936,-18.809],[142.853,-19.431],[142.903,-19.465],[142.91,-19.456],[143.97,-19.586]]]},"properties":{"NAME":"Yanga","SUBJECTO":"Yanga","BORDERPRECISION":3}},
{"type":"Feature","geometry":{"type":"Polygon","coordinates":[[[148.695,-20.829],[148.175,-20.167],[148.635,-20.862],[148.695,-20.829]]]},"properties":{"NAME":"Giya","SUBJECTO":"Giya","BORDERPRECISION":3}},
{"type":"Feature","geometry":{"type":"Polygon","coordinates":[[[132.67,-12.764],[132.696,-12.686],[132.725,-12.201],[132.4,-12.328],[132.43,-12.741],[132.468,-12.776],[132.662,-12.769],[132.67,-12.764]]]},"properties":{"NAME":"Gagudju","SUBJECTO":"Gagudju","BORDERPRECISION":3}},
{"type":"Feature","geometry":{"type":"Polygon","coordinates":[[[139.1,-35.077],[138.577,-35.343],[138.494,-35.395],[138.226,-35.732],[138.941,-35.703],[139.368,-35.614],[139.84,-37.042],[140.041,-37.053],[140.718,-36.894],[140.126,-36.332],[139.41,-35.194],[139.1,-35.077]]]},"properties":{"NAME":"Ngarrindjeri","SUBJECTO":"Ngarrindjeri","BORDERPRECISION":3}},
{"type":"Feature","geometry":{"type":"Polygon","coordinates":[[[122.927,-16.734],[122.761,-16.597],[122.76,-16.741],[122.927,-16.734]]]},"properties":{"NAME":"Bardi","SUBJECTO":"Bardi","BORDERPRECISION":3}},
{"type":"Feature","geometry":{"type":"Polygon","coordinates":[[[133.448,-11.903],[133.174,-11.728],[133.142,-11.857],[133.448,-11.903]]]},"properties":{"NAME":"Maung","SUBJECTO":"Maung","BORDERPRECISION":3}},
{"type":"Feature","geometry":{"type":"Polygon","coordinates":[[[118.689,-20.34],[118.621,-20.375],[118.642,-21.6],[118.645,-21.637],[119.028,-22.009],[119.033,-22.011],[121.104,-22.199],[121.195,-22.017],[120.905,-20.982],[119.944,-20.118],[118.828,-20.14],[118.689,-20.34]]]},"properties":{"NAME":"Nyamal","SUBJECTO":"Nyamal","BORDERPRECISION":3}},
{"type":"Feature","geometry":{"type":"Polygon","coordinates":[[[138.932,-26.151],[138.994,-26.195],[140.36,-26.23],[140.502,-25.95],[140.602,-25.487],[139.37,-25.221],[138.847,-25.986],[138.932,-26.151]]]},"properties":{"NAME":"Yarluyandi","SUBJECTO":"Yarluyandi","BORDERPRECISION":3}},
{"type":"Feature","geometry":{"type":"Polygon","coordinates":[[[147.263,-19.911],[147.739,-19.947],[147.467,-19.651],[147.263,-19.911]]]},"properties":{"NAME":"Yuru","SUBJECTO":"Yuru","BORDERPRECISION":3}},
{"type":"Feature","geometry":{"type":"Polygon","coordinates":[[[129.992,-14.434],[129.997,-14.434],[130.02,-14.414],[130.02,-14.413],[129.889,-14.097],[129.763,-14.007],[129.596,-14.168],[129.992,-14.434]]]},"properties":{"NAME":"Marringarr","SUBJECTO":"Marringarr","BORDERPRECISION":3}},
{"type":"Feature","geometry":{"type":"MultiPolygon","coordinates":[[[[150.002,-24.925],[150.043,-25.69],[150.75,-25.648],[150.614,-24.789],[150.002,-24.925]]],[[[149.943,-24.929],[149.943,-24.944],[149.991,-24.925],[149.943,-24.929]]]]},"properties":{"NAME":"Wuli-wuli","SUBJECTO":"Wuli-wuli","BORDERPRECISION":3}},
{"type":"Feature","geometry":{"type":"MultiPolygon","coordinates":[[[[143.992,-34.82],[143.998,-34.829],[143.993,-34.82],[143.992,-34.82]]],[[[143.038,-34.848],[143.044,-34.861],[143.342,-35.308],[144.048,-34.921],[144.011,-34.854],[143.388,-34.669],[143.383,-34.669],[143.038,-34.848]]]]},"properties":{"NAME":"Wadi Wadi","SUBJECTO":"Wadi Wadi","BORDERPRECISION":3}},
{"type":"Feature","geometry":{"type":"Polygon","coordinates":[[[116.547,-34.865],[116.202,-33.936],[116.194,-33.927],[115.99,-33.715],[115.868,-33.67],[115.756,-33.831],[115.741,-33.859],[115.349,-34.116],[115.148,-34.382],[115.648,-34.597],[116.005,-34.935],[116.446,-35.027],[116.547,-34.865]]]},"properties":{"NAME":"Bibbulman","SUBJECTO":"Bibbulman","BORDERPRECISION":3}},
{"type":"Feature","geometry":{"type":"Polygon","coordinates":[[[147.731,-21.821],[146.795,-21.874],[146.778,-22.33],[147.26,-22.511],[147.713,-22.482],[147.731,-21.821]]]},"properties":{"NAME":"Yambina","SUBJECTO":"Yambina","BORDERPRECISION":3}},
{"type":"Feature","geometry":{"type":"Polygon","coordinates":[[[126.002,-14.687],[126.026,-14.683],[126.748,-14.381],[126.617,-14.203],[125.968,-14.48],[126.002,-14.687]]]},"properties":{"NAME":"Gamberre","SUBJECTO":"Gamberre","BORDERPRECISION":3}},
{"type":"Feature","geometry":{"type":"Polygon","coordinates":[[[125.515,-24.611],[125.837,-25.681],[127.338,-26.53],[128.21,-25.998],[128.855,-26.005],[129.089,-25.165],[128.886,-24.43],[128.866,-24.395],[127.966,-24.059],[126.156,-24.227],[125.528,-24.599],[125.515,-24.611]]]},"properties":{"NAME":"Ngatatjara","SUBJECTO":"Ngatatjara","BORDERPRECISION":3}},
{"type":"Feature","geometry":{"type":"Polygon","coordinates":[[[121.002,-23.304],[119.641,-23.399],[119.627,-23.529],[119.883,-24.427],[119.713,-24.933],[119.3,-25.345],[119.128,-25.426],[118.913,-25.81],[120.826,-26.431],[122.624,-26.007],[122.777,-26.007],[122.95,-25.402],[121.19,-23.765],[121.002,-23.304]]]},"properties":{"NAME":"Wawula","SUBJECTO":"Wawula","BORDERPRECISION":3}},
{"type":"Feature","geometry":{"type":"Polygon","coordinates":[[[123.289,-21.356],[123.838,-20.53],[123.805,-20.035],[123.146,-19.135],[122.764,-19.033],[122.736,-19.025],[121.544,-18.786],[121.54,-18.785],[120.872,-19.677],[119.926,-20.081],[119.944,-20.118],[120.905,-20.982],[121.195,-22.017],[121.333,-21.994],[122.542,-22.411],[123.274,-21.372],[123.289,-21.356]]]},"properties":{"NAME":"Nyangumarda","SUBJECTO":"Nyangumarda","BORDERPRECISION":3}},
{"type":"Feature","geometry":{"type":"Polygon","coordinates":[[[138.493,-22.043],[138.737,-22.121],[139.222,-22.161],[139.263,-22.083],[139.263,-21.516],[139.09,-20.968],[139.082,-20.959],[137.955,-21.739],[138.493,-22.043]]]},"properties":{"NAME":"Warluwarra","SUBJECTO":"Warluwarra","BORDERPRECISION":3}},
{"type":"Feature","geometry":{"type":"Polygon","coordinates":[[[139.989,-20.078],[140.022,-20.114],[140.087,-20.18],[140.088,-20.186],[141.108,-19.396],[140.827,-18.175],[140.042,-18.409],[139.989,-20.078]]]},"properties":{"NAME":"Mayi-Yapi","SUBJECTO":"Mayi-Yapi","BORDERPRECISION":3}},
{"type":"Feature","geometry":{"type":"Polygon","coordinates":[[[147.263,-19.911],[147.223,-19.911],[147.137,-20.568],[147.778,-21.585],[148.609,-21.66],[149.072,-21.591],[148.635,-20.862],[148.175,-20.167],[147.739,-19.947],[147.263,-19.911]]]},"properties":{"NAME":"Biri","SUBJECTO":"Biri","BORDERPRECISION":3}},
{"type":"Feature","geometry":{"type":"Polygon","coordinates":[[[150.282,-28.459],[149.634,-28.797],[147.783,-28.985],[147.746,-28.99],[147.439,-29.042],[146.837,-29.859],[146.851,-29.941],[148.038,-30.036],[149.181,-31.257],[149.042,-31.785],[149.724,-32.103],[151.348,-31.636],[151.315,-31.109],[150.996,-29.841],[150.932,-28.727],[150.282,-28.459]]]},"properties":{"NAME":"Kamilaroi","SUBJECTO":"Kamilaroi","BORDERPRECISION":3}},
{"type":"Feature","geometry":{"type":"Polygon","coordinates":[[[142.937,-17.252],[143.13,-17.42],[143.487,-18.532],[143.97,-19.586],[144.057,-19.613],[144.219,-19.547],[144.481,-18.502],[144.487,-18.331],[144.805,-17.55],[144.76,-17.433],[143.884,-16.489],[143.508,-16.609],[142.937,-17.252]]]},"properties":{"NAME":"Agwarmin","SUBJECTO":"Agwarmin","BORDERPRECISION":3}},
{"type":"Feature","geometry":{"type":"Polygon","coordinates":[[[149.501,-37.038],[149.952,-37.075],[149.975,-37.049],[150.48,-35.469],[150.801,-35.151],[150.818,-35.108],[150.816,-35.106],[150.33,-34.935],[149.619,-35.231],[149.442,-35.368],[149.59,-35.38],[149.501,-37.038]]]},"properties":{"NAME":"Yuin","SUBJECTO":"Yuin","BORDERPRECISION":3}},
{"type":"Feature","geometry":{"type":"Polygon","coordinates":[[[146.547,-21.599],[146.795,-21.874],[147.731,-21.821],[147.778,-21.585],[147.137,-20.568],[146.93,-20.55],[146.921,-20.552],[146.547,-21.599]]]},"properties":{"NAME":"Yangga","SUBJECTO":"Yangga","BORDERPRECISION":3}},
{"type":"Feature","geometry":{"type":"Polygon","coordinates":[[[149.634,-27.274],[149.418,-27.332],[149.414,-27.79],[148.388,-28.292],[147.809,-28.959],[147.783,-28.985],[149.634,-28.797],[150.282,-28.459],[150.932,-28.727],[150.968,-27.528],[150.557,-27.206],[149.634,-27.274]]]},"properties":{"NAME":"Bigambul","SUBJECTO":"Bigambul","BORDERPRECISION":3}},
{"type":"Feature","geometry":{"type":"Polygon","coordinates":[[[133.859,-14.893],[133.825,-14.935],[133.697,-15.064],[133.496,-16.226],[133.512,-16.241],[134.485,-17.196],[134.672,-17.095],[135.396,-16.362],[135.398,-16.33],[135.434,-15.837],[135.439,-15.768],[134.908,-15.165],[134.067,-14.741],[133.859,-14.893]]]},"properties":{"NAME":"Alawa","SUBJECTO":"Alawa","BORDERPRECISION":3}},
{"type":"Feature","geometry":{"type":"Polygon","coordinates":[[[142.664,-38.053],[142.71,-38.001],[141.937,-37.709],[141.42,-37.631],[141.227,-37.776],[141.265,-38.043],[141.238,-38.059],[141.194,-38.053],[141.089,-38.017],[140.994,-37.989],[140.972,-37.994],[140.959,-38.002],[140.957,-38.004],[140.952,-38.068],[141.356,-38.423],[142.547,-38.399],[142.661,-38.063],[142.664,-38.053]]]},"properties":{"NAME":"Gunditjmara","SUBJECTO":"Gunditjmara","BORDERPRECISION":3}},
{"type":"Feature","geometry":{"type":"Polygon","coordinates":[[[145.798,-35.988],[145.788,-36.093],[146.091,-36.488],[146.953,-37.055],[146.986,-37.055],[147.191,-37.009],[147.205,-36.102],[145.798,-35.988]]]},"properties":{"NAME":"Waveroo","SUBJECTO":"Waveroo","BORDERPRECISION":3}},
{"type":"Feature","geometry":{"type":"Polygon","coordinates":[[[144.761,-34.683],[144.096,-34.822],[144.048,-34.921],[143.342,-35.308],[143.684,-35.797],[143.731,-35.796],[144.385,-35.306],[144.541,-35.163],[144.855,-34.776],[144.798,-34.693],[144.761,-34.683]]]},"properties":{"NAME":"Wemba Wemba","SUBJECTO":"Wemba Wemba","BORDERPRECISION":3}},
{"type":"Feature","geometry":{"type":"Polygon","coordinates":[[[133.162,-14.902],[132.303,-15.025],[132.319,-15.893],[132.391,-16.19],[133.393,-16.422],[133.492,-16.234],[133.496,-16.226],[133.697,-15.064],[133.204,-14.872],[133.162,-14.902]]]},"properties":{"NAME":"Yangman","SUBJECTO":"Yangman","BORDERPRECISION":3}},
{"type":"Feature","geometry":{"type":"Polygon","coordinates":[[[152.428,-27.754],[152.218,-27.219],[150.873,-25.661],[150.75,-25.648],[150.043,-25.69],[149.494,-26.178],[149.42,-26.323],[149.418,-27.332],[149.634,-27.274],[150.557,-27.206],[150.968,-27.528],[151.35,-27.839],[152.428,-27.754]]]},"properties":{"NAME":"Barunggam","SUBJECTO":"Barunggam","BORDERPRECISION":3}},
{"type":"Feature","geometry":{"type":"Polygon","coordinates":[[[134.246,-32.8],[134.111,-33.025],[134.934,-32.376],[136.049,-31.811],[134.945,-31.081],[133.231,-30.496],[131.373,-30.228],[131.026,-30.768],[131.082,-31.49],[131.356,-31.671],[131.993,-32.066],[133.718,-32.298],[134.246,-32.8]]]},"properties":{"NAME":"Wirangu","SUBJECTO":"Wirangu","BORDERPRECISION":3}},
{"type":"Feature","geometry":{"type":"Polygon","coordinates":[[[150.747,-24.143],[151.174,-23.92],[150.8,-23.558],[150.568,-23.703],[150.747,-24.143]]]},"properties":{"NAME":"Bayali","SUBJECTO":"Bayali","BORDERPRECISION":3}},
{"type":"Feature","geometry":{"type":"Polygon","coordinates":[[[142.61,-20.658],[142.665,-20.658],[142.927,-20.584],[142.482,-20.123],[142.903,-19.465],[142.853,-19.431],[141.122,-19.4],[141.282,-20.057],[141.823,-20.592],[142.61,-20.658]]]},"properties":{"NAME":"Ngawun","SUBJECTO":"Ngawun","BORDERPRECISION":3}},
{"type":"Feature","geometry":{"type":"Polygon","coordinates":[[[127.65,-15.231],[127.665,-15.227],[127.989,-14.857],[127.342,-14.091],[127.244,-14.438],[127.65,-15.231]]]},"properties":{"NAME":"Kwini","SUBJECTO":"Kwini","BORDERPRECISION":3}},
{"type":"Feature","geometry":{"type":"Polygon","coordinates":[[[149.299,-22.372],[149.136,-21.595],[149.072,-21.591],[148.609,-21.66],[148.575,-22.328],[148.874,-22.362],[149.299,-22.372]]]},"properties":{"NAME":"Baradha","SUBJECTO":"Baradha","BORDERPRECISION":3}},
{"type":"Feature","geometry":{"type":"Polygon","coordinates":[[[144.572,-28.766],[144.862,-28.078],[144.176,-27.983],[143.686,-28.738],[144.572,-28.766]]]},"properties":{"NAME":"Budjari","SUBJECTO":"Budjari","BORDERPRECISION":3}},
{"type":"Feature","geometry":{"type":"Polygon","coordinates":[[[139.628,-29.5],[139.62,-28.912],[139.988,-27.489],[139.977,-27.233],[138.402,-27.375],[138.213,-27.599],[138.182,-27.7],[138.691,-28.478],[138.461,-29.571],[139.485,-29.545],[139.628,-29.5]]]},"properties":{"NAME":"Dieri","SUBJECTO":"Dieri","BORDERPRECISION":3}},
{"type":"Feature","geometry":{"type":"Polygon","coordinates":[[[141.53,-14.476],[141.524,-14.493],[141.999,-14.498],[142.953,-14.185],[142.872,-13.093],[142.858,-13.074],[142.615,-13.074],[142.61,-13.074],[142.593,-13.075],[142.349,-13.098],[141.978,-13.204],[141.972,-13.224],[141.622,-13.35],[141.564,-13.386],[141.53,-14.476]]]},"properties":{"NAME":"Wik","SUBJECTO":"Wik","BORDERPRECISION":3}},
{"type":"Feature","geometry":{"type":"Polygon","coordinates":[[[144.199,-14.464],[144.231,-14.803],[145.031,-15.042],[145.117,-14.977],[144.199,-14.464]]]},"properties":{"NAME":"Mutumui","SUBJECTO":"Mutumui","BORDERPRECISION":3}},
{"type":"Feature","geometry":{"type":"Polygon","coordinates":[[[141.92,-12.007],[141.863,-12.1],[141.915,-12.109],[141.92,-12.007]]]},"properties":{"NAME":"Tjungundji","SUBJECTO":"Tjungundji","BORDERPRECISION":3}},
{"type":"Feature","geometry":{"type":"Polygon","coordinates":[[[142.846,-36.58],[142.907,-36.489],[142.938,-36.352],[141.013,-36.896],[141.42,-37.631],[141.937,-37.709],[142.632,-37.055],[142.973,-37.063],[143.322,-37.086],[143.226,-36.918],[142.846,-36.58]]]},"properties":{"NAME":"Jardwadjali","SUBJECTO":"Jardwadjali","BORDERPRECISION":3}},
{"type":"Feature","geometry":{"type":"Polygon","coordinates":[[[141.988,-12.183],[142.046,-12.538],[142.129,-12.785],[142.139,-12.812],[142.349,-13.098],[142.593,-13.075],[142.596,-13.066],[142.6,-13.052],[142.638,-12.496],[142.176,-12.085],[142.162,-12.087],[141.988,-12.183]]]},"properties":{"NAME":"Luthigh","SUBJECTO":"Luthigh","BORDERPRECISION":3}},
{"type":"Feature","geometry":{"type":"Polygon","coordinates":[[[145.12,-14.978],[145.117,-14.977],[145.031,-15.042],[144.804,-15.914],[145.199,-15.399],[145.12,-14.978]]]},"properties":{"NAME":"Guugu-Yimidhirr","SUBJECTO":"Guugu-Yimidhirr","BORDERPRECISION":3}},
{"type":"Feature","geometry":{"type":"Polygon","coordinates":[[[142.936,-18.809],[143.032,-18.733],[142.587,-18.037],[141.262,-17.53],[141.383,-18.156],[142.936,-18.809]]]},"properties":{"NAME":"Walangama","SUBJECTO":"Walangama","BORDERPRECISION":3}},
{"type":"Feature","geometry":{"type":"Polygon","coordinates":[[[142.646,-11.098],[142.267,-10.99],[141.939,-11.976],[142.15,-12.002],[142.71,-12.004],[142.689,-11.767],[142.686,-11.183],[142.646,-11.098]]]},"properties":{"NAME":"Anggamudi","SUBJECTO":"Anggamudi","BORDERPRECISION":3}},
{"type":"Feature","geometry":{"type":"Polygon","coordinates":[[[130.978,-12.981],[131.205,-12.911],[131.063,-12.261],[130.403,-12.861],[130.978,-12.981]]]},"properties":{"NAME":"Larrakia","SUBJECTO":"Larrakia","BORDERPRECISION":3}},
{"type":"Feature","geometry":{"type":"Polygon","coordinates":[[[139.222,-22.161],[138.735,-23.388],[139.597,-24.647],[140.521,-24.445],[140.577,-23.928],[140.515,-23.282],[140.889,-22.431],[140.928,-22.378],[140.293,-22.16],[139.263,-22.083],[139.222,-22.161]]]},"properties":{"NAME":"Pitta-Pitta","SUBJECTO":"Pitta-Pitta","BORDERPRECISION":3}},
{"type":"Feature","geometry":{"type":"Polygon","coordinates":[[[151.392,-29.81],[151.788,-29.447],[152.021,-28.985],[151.689,-28.315],[151.35,-27.839],[150.968,-27.528],[150.932,-28.727],[150.996,-29.841],[151.389,-29.813],[151.392,-29.81]]]},"properties":{"NAME":"Ngarabal","SUBJECTO":"Ngarabal","BORDERPRECISION":3}},
{"type":"Feature","geometry":{"type":"Polygon","coordinates":[[[114.97,-30.325],[116.153,-30.221],[116.641,-30.009],[116.312,-29.254],[115.818,-28.569],[115.315,-28.53],[115.298,-28.538],[114.597,-28.719],[114.544,-28.78],[114.9,-30.129],[114.97,-30.325]]]},"properties":{"NAME":"Amangu","SUBJECTO":"Amangu","BORDERPRECISION":3}},
{"type":"Feature","geometry":{"type":"Polygon","coordinates":[[[143.395,-38.487],[143.657,-38.074],[143.08,-37.811],[143.395,-38.487]]]},"properties":{"NAME":"Djargurdwurung","SUBJECTO":"Djargurdwurung","BORDERPRECISION":3}},
{"type":"Feature","geometry":{"type":"Polygon","coordinates":[[[135.794,-15.513],[135.811,-15.524],[136.638,-16.091],[137.686,-16.415],[138.236,-16.824],[137.76,-16.399],[137.074,-16.031],[136.687,-16.026],[135.945,-15.359],[135.794,-15.513]]]},"properties":{"NAME":"Yanyuwa","SUBJECTO":"Yanyuwa","BORDERPRECISION":3}},
{"type":"Feature","geometry":{"type":"Polygon","coordinates":[[[134.392,-12.119],[134.228,-12.096],[134.121,-12.259],[134.403,-12.156],[134.396,-12.131],[134.392,-12.119]]]},"properties":{"NAME":"Gungurugoni","SUBJECTO":"Gungurugoni","BORDERPRECISION":3}},
{"type":"Feature","geometry":{"type":"Polygon","coordinates":[[[142.033,-34.022],[142.445,-33.712],[142.581,-33.738],[142.786,-33.936],[142.843,-33.992],[142.848,-33.996],[142.897,-33.966],[142.891,-33.944],[142.679,-33.202],[142.965,-32.649],[144.069,-31.614],[143.531,-31.513],[140.973,-33.443],[142.033,-34.022]]]},"properties":{"NAME":"Barkindji","SUBJECTO":"Barkindji","BORDERPRECISION":3}},
{"type":"Feature","geometry":{"type":"Polygon","coordinates":[[[143.395,-38.487],[143.442,-38.529],[143.464,-38.539],[143.569,-38.569],[143.601,-38.568],[144.001,-38.398],[143.657,-38.074],[143.395,-38.487]]]},"properties":{"NAME":"Gulidjan","SUBJECTO":"Gulidjan","BORDERPRECISION":3}},
{"type":"Feature","geometry":{"type":"Polygon","coordinates":[[[138.332,-33.308],[138.774,-34.657],[139.13,-34.534],[139.088,-33.666],[138.933,-33.193],[139.921,-32.769],[140.061,-32.073],[138.774,-32.063],[138.163,-32.271],[138.332,-33.308]]]},"properties":{"NAME":"Ngadjuri","SUBJECTO":"Ngadjuri","BORDERPRECISION":3}},
{"type":"Feature","geometry":{"type":"Polygon","coordinates":[[[122.828,-33.055],[123.955,-33.479],[124.001,-33.423],[124.235,-33.012],[124.431,-32.944],[124.222,-31.034],[123.383,-30.992],[122.828,-33.055]]]},"properties":{"NAME":"Ngatjumay","SUBJECTO":"Ngatjumay","BORDERPRECISION":3}},
{"type":"Feature","geometry":{"type":"Polygon","coordinates":[[[130.759,-16.067],[130.889,-16.086],[131.401,-15.791],[131.386,-15.659],[130.446,-15.692],[130.759,-16.067]]]},"properties":{"NAME":"Ngaliwuru","SUBJECTO":"Ngaliwuru","BORDERPRECISION":3}},
{"type":"Feature","geometry":{"type":"Polygon","coordinates":[[[115.912,-22.602],[115.985,-22.468],[115.939,-22.47],[115.31,-22.405],[115.304,-22.401],[115.291,-22.401],[114.639,-21.982],[114.309,-22.564],[113.617,-22.661],[113.783,-22.839],[114.793,-22.822],[114.808,-22.825],[115.715,-22.848],[115.732,-22.844],[115.904,-22.624],[115.912,-22.602]]]},"properties":{"NAME":"Thalanyji","SUBJECTO":"Thalanyji","BORDERPRECISION":3}},
{"type":"Feature","geometry":{"type":"Polygon","coordinates":[[[131.635,-12.39],[131.063,-12.261],[131.205,-12.911],[131.659,-12.93],[131.635,-12.39]]]},"properties":{"NAME":"Woolna","SUBJECTO":"Woolna","BORDERPRECISION":3}},
{"type":"Feature","geometry":{"type":"Polygon","coordinates":[[[134.331,-13.419],[135.055,-13.112],[134.687,-12.44],[134.684,-12.439],[133.956,-13.026],[134.331,-13.419]]]},"properties":{"NAME":"Rembarnga","SUBJECTO":"Rembarnga","BORDERPRECISION":3}},
{"type":"Feature","geometry":{"type":"Polygon","coordinates":[[[130.043,-14.445],[130.032,-14.437],[129.997,-14.434],[129.992,-14.434],[129.596,-14.168],[129.794,-14.754],[130.351,-14.716],[130.342,-14.511],[130.043,-14.445]]]},"properties":{"NAME":"Murrinh-patha","SUBJECTO":"Murrinh-patha","BORDERPRECISION":3}},
{"type":"Feature","geometry":{"type":"Polygon","coordinates":[[[130.576,-24.793],[129.074,-24.446],[128.886,-24.43],[129.089,-25.165],[128.855,-26.005],[128.892,-26.618],[129.716,-27.499],[130.543,-27.516],[130.64,-27.485],[130.671,-27.46],[130.686,-27.47],[130.704,-27.464],[130.781,-26.077],[131.041,-25.466],[130.576,-24.793]]]},"properties":{"NAME":"Pitjantjatjara","SUBJECTO":"Pitjantjatjara","BORDERPRECISION":3}},
{"type":"Feature","geometry":{"type":"Polygon","coordinates":[[[141.478,-27.404],[141.172,-27.559],[141.07,-27.6],[139.988,-27.489],[139.62,-28.912],[140.971,-28.867],[142.071,-28.381],[141.478,-27.404]]]},"properties":{"NAME":"Yandruwandha","SUBJECTO":"Yandruwandha","BORDERPRECISION":3}},
{"type":"Feature","geometry":{"type":"Polygon","coordinates":[[[153.152,-27.677],[153.12,-27.625],[152.741,-27.748],[152.619,-27.946],[153.152,-27.677]]]},"properties":{"NAME":"Yugambeh","SUBJECTO":"Yugambeh","BORDERPRECISION":3}},
{"type":"Feature","geometry":{"type":"Polygon","coordinates":[[[143.701,-14.967],[144.231,-14.803],[144.199,-14.464],[143.673,-14.287],[143.435,-14.319],[143.405,-14.826],[143.405,-14.828],[143.701,-14.967]]]},"properties":{"NAME":"Lamalama","SUBJECTO":"Lamalama","BORDERPRECISION":3}},
{"type":"Feature","geometry":{"type":"Polygon","coordinates":[[[115.767,-33.492],[115.717,-33.403],[115.65,-33.349],[115.022,-34.262],[115.148,-34.382],[115.349,-34.116],[115.741,-33.859],[115.756,-33.831],[115.817,-33.606],[115.767,-33.492]]]},"properties":{"NAME":"Wardandi","SUBJECTO":"Wardandi","BORDERPRECISION":3}},
{"type":"Feature","geometry":{"type":"Polygon","coordinates":[[[132.751,-12.169],[132.736,-12.19],[132.845,-12.221],[133.026,-12.03],[133.056,-11.902],[132.626,-11.75],[132.751,-12.169]]]},"properties":{"NAME":"Amarak","SUBJECTO":"Amarak","BORDERPRECISION":3}},
{"type":"Feature","geometry":{"type":"Polygon","coordinates":[[[123.576,-16.391],[123.566,-16.415],[123.988,-16.81],[123.99,-16.815],[124.448,-16.84],[124.396,-16.517],[123.576,-16.391]]]},"properties":{"NAME":"Umida","SUBJECTO":"Umida","BORDERPRECISION":3}},
{"type":"Feature","geometry":{"type":"Polygon","coordinates":[[[132.696,-12.686],[132.872,-12.729],[132.845,-12.221],[132.736,-12.19],[132.725,-12.201],[132.696,-12.686]]]},"properties":{"NAME":"Kundjey’mi","SUBJECTO":"Kundjey’mi","BORDERPRECISION":3}},
{"type":"Feature","geometry":{"type":"Polygon","coordinates":[[[148.037,-37.179],[147.191,-37.009],[146.986,-37.055],[146.953,-37.064],[146.173,-37.488],[146.307,-38.384],[146.628,-38.761],[146.914,-38.717],[146.934,-38.708],[147.744,-38.052],[149.311,-37.814],[148.386,-37.368],[148.037,-37.179]]]},"properties":{"NAME":"Kurnai","SUBJECTO":"Kurnai","BORDERPRECISION":3}},
{"type":"Feature","geometry":{"type":"Polygon","coordinates":[[[118.93,-22.33],[118.934,-22.34],[119.641,-23.399],[121.002,-23.304],[121.104,-22.199],[119.033,-22.011],[119.028,-22.015],[118.93,-22.33]]]},"properties":{"NAME":"Palyku","SUBJECTO":"Palyku","BORDERPRECISION":3}},
{"type":"Feature","geometry":{"type":"Polygon","coordinates":[[[115.842,-25.227],[114.727,-25.752],[114.677,-26.438],[114.906,-27.951],[115.273,-28.509],[115.315,-28.53],[115.818,-28.569],[118.013,-27.182],[118.039,-27.165],[118.913,-25.81],[119.128,-25.426],[119.3,-25.345],[119.713,-24.933],[118.573,-24.39],[117.594,-24.031],[116.988,-24.062],[116.374,-24.595],[116.337,-24.617],[115.854,-25.199],[115.842,-25.227]]]},"properties":{"NAME":"Watjarri","SUBJECTO":"Watjarri","BORDERPRECISION":3}},
{"type":"Feature","geometry":{"type":"Polygon","coordinates":[[[140.151,-31.977],[141.042,-31.349],[141.724,-30.676],[142.064,-29.65],[140.173,-30.091],[140.093,-30.123],[139.878,-30.808],[140.151,-31.977]]]},"properties":{"NAME":"Malyangaba","SUBJECTO":"Malyangaba","BORDERPRECISION":3}},
{"type":"Feature","geometry":{"type":"Polygon","coordinates":[[[143.58,-16.011],[143.87,-16.144],[144.804,-15.914],[145.031,-15.042],[144.231,-14.803],[143.701,-14.967],[143.58,-16.011]]]},"properties":{"NAME":"Kokowarra","SUBJECTO":"Kokowarra","BORDERPRECISION":3}},
{"type":"Feature","geometry":{"type":"Polygon","coordinates":[[[140.971,-28.867],[139.62,-28.912],[139.628,-29.5],[140.093,-30.123],[140.173,-30.091],[140.817,-29.607],[140.971,-28.867]]]},"properties":{"NAME":"Pirlatapa","SUBJECTO":"Pirlatapa","BORDERPRECISION":3}},
{"type":"Feature","geometry":{"type":"Polygon","coordinates":[[[127.738,-19.456],[127.739,-20.603],[127.874,-20.729],[129.144,-21.064],[129.587,-20.949],[129.667,-20.954],[130.253,-21.114],[130.496,-20.551],[129.869,-19.942],[128.758,-19.261],[128.749,-19.25],[127.796,-19.418],[127.781,-19.428],[127.738,-19.456]]]},"properties":{"NAME":"Ngarti","SUBJECTO":"Ngarti","BORDERPRECISION":3}},
{"type":"Feature","geometry":{"type":"Polygon","coordinates":[[[151.201,-33.385],[150.008,-33.187],[149.678,-34.089],[149.04,-34.263],[150.568,-34.166],[150.685,-34.157],[150.752,-34.157],[150.925,-33.936],[151.022,-33.741],[151.201,-33.385]]]},"properties":{"NAME":"Dharug","SUBJECTO":"Dharug","BORDERPRECISION":3}},
{"type":"Feature","geometry":{"type":"Polygon","coordinates":[[[143.307,-37.213],[142.98,-37.715],[143.08,-37.811],[143.657,-38.074],[144.001,-38.398],[144.211,-38.438],[144.586,-38.381],[144.612,-38.371],[144.696,-38.089],[144.606,-38.028],[144.614,-37.938],[144.251,-37.431],[143.307,-37.213]]]},"properties":{"NAME":"Wathaurong","SUBJECTO":"Wathaurong","BORDERPRECISION":3}},
{"type":"Feature","geometry":{"type":"Polygon","coordinates":[[[124.459,-17.409],[124.448,-16.84],[123.99,-16.815],[123.986,-16.815],[123.82,-16.884],[123.596,-17.157],[123.635,-17.21],[124.459,-17.409]]]},"properties":{"NAME":"Warwa","SUBJECTO":"Warwa","BORDERPRECISION":3}},
{"type":"Feature","geometry":{"type":"Polygon","coordinates":[[[141.779,-16.813],[141.288,-16.52],[140.879,-17.42],[140.881,-17.42],[141.142,-17.482],[141.173,-17.487],[141.262,-17.53],[142.587,-18.037],[143.13,-17.42],[142.937,-17.252],[141.779,-16.813]]]},"properties":{"NAME":"Kurtjar","SUBJECTO":"Kurtjar","BORDERPRECISION":3}},
{"type":"Feature","geometry":{"type":"Polygon","coordinates":[[[147.209,-19.86],[147.467,-19.65],[146.796,-19.355],[146.791,-19.387],[147.209,-19.86]]]},"properties":{"NAME":"Thul Garrie Waja (Bindal)","SUBJECTO":"Thul Garrie Waja (Bindal)","BORDERPRECISION":3}},
{"type":"Feature","geometry":{"type":"Polygon","coordinates":[[[134.605,-12.108],[134.466,-12.134],[134.403,-12.156],[134.121,-12.259],[134.039,-12.263],[134,-12.266],[133.622,-12.92],[133.956,-13.026],[134.684,-12.439],[134.687,-12.435],[134.7,-12.121],[134.605,-12.108]]]},"properties":{"NAME":"Dangbon","SUBJECTO":"Dangbon","BORDERPRECISION":3}},
{"type":"Feature","geometry":{"type":"Polygon","coordinates":[[[131.896,-14.569],[130.988,-14.82],[131.073,-15.325],[131.386,-15.659],[131.401,-15.791],[132.137,-15.939],[132.319,-15.893],[132.303,-15.025],[132.038,-14.609],[131.896,-14.569]]]},"properties":{"NAME":"Wardaman","SUBJECTO":"Wardaman","BORDERPRECISION":3}},
{"type":"Feature","geometry":{"type":"Polygon","coordinates":[[[140.839,-17.699],[140.751,-17.599],[139.719,-17.706],[139.701,-17.942],[139.712,-17.963],[140.042,-18.409],[140.827,-18.175],[140.801,-17.728],[140.839,-17.699]]]},"properties":{"NAME":"Kukatj","SUBJECTO":"Kukatj","BORDERPRECISION":3}},
{"type":"Feature","geometry":{"type":"Polygon","coordinates":[[[115.986,-32.984],[116.049,-33.001],[116.269,-33.063],[116.678,-33.248],[117.21,-33.479],[117.425,-33.639],[117.488,-33.587],[117.633,-33.496],[118.088,-33.28],[118.371,-33.151],[118.412,-33.129],[118.109,-33.056],[117.743,-32.633],[117.612,-32.402],[117.53,-32.376],[116.599,-32.145],[116.163,-32.378],[116.138,-32.399],[116.08,-32.601],[115.986,-32.984]]]},"properties":{"NAME":"Wiilman","SUBJECTO":"Wiilman","BORDERPRECISION":3}},
{"type":"Feature","geometry":{"type":"Polygon","coordinates":[[[134.687,-12.44],[135.055,-13.112],[135.344,-13.559],[135.829,-13.729],[136.469,-13.223],[136.664,-12.625],[134.735,-12.062],[134.729,-12.068],[134.7,-12.121],[134.687,-12.435],[134.687,-12.44]]]},"properties":{"NAME":"Yolngu","SUBJECTO":"Yolngu","BORDERPRECISION":3}},
{"type":"Feature","geometry":{"type":"Polygon","coordinates":[[[143.208,-22.428],[143.207,-22.431],[143.189,-22.523],[143.069,-23.115],[143.438,-23.82],[144.75,-23.841],[145.207,-24.178],[145.459,-23.655],[146.648,-23.946],[146.063,-22.463],[145.885,-22.388],[144.893,-21.969],[143.839,-22.009],[143.219,-22.397],[143.208,-22.428]]]},"properties":{"NAME":"Iningai","SUBJECTO":"Iningai","BORDERPRECISION":3}},
{"type":"Feature","geometry":{"type":"Polygon","coordinates":[[[132.071,-13.759],[132.078,-13.75],[132.2,-13.223],[131.556,-13.277],[131.517,-13.407],[131.992,-13.966],[132.071,-13.759]]]},"properties":{"NAME":"Warray","SUBJECTO":"Warray","BORDERPRECISION":3}},
{"type":"Feature","geometry":{"type":"Polygon","coordinates":[[[142.849,-12.284],[143.103,-12.24],[143.117,-12.236],[142.792,-11.738],[142.689,-11.767],[142.71,-12.004],[142.849,-12.284]]]},"properties":{"NAME":"Wuthathi","SUBJECTO":"Wuthathi","BORDERPRECISION":3}},
{"type":"Feature","geometry":{"type":"Polygon","coordinates":[[[126.453,-20.372],[125.841,-21.811],[126.157,-21.932],[126.207,-21.905],[127.024,-21.043],[127.707,-20.68],[127.739,-20.603],[127.738,-19.456],[127.781,-19.428],[127.78,-19.419],[126.849,-19.167],[126.826,-19.182],[126.345,-20.341],[126.453,-20.372]]]},"properties":{"NAME":"Kukatja","SUBJECTO":"Kukatja","BORDERPRECISION":3}},
{"type":"Feature","geometry":{"type":"Polygon","coordinates":[[[139.335,-17.875],[139.359,-17.923],[139.669,-17.952],[139.701,-17.942],[139.719,-17.706],[139.51,-17.59],[139.335,-17.875]]]},"properties":{"NAME":"Mingin","SUBJECTO":"Mingin","BORDERPRECISION":3}},
{"type":"Feature","geometry":{"type":"MultiPolygon","coordinates":[[[[142.376,-31.411],[142.384,-31.41],[142.367,-31.389],[142.375,-31.41],[142.376,-31.411]]],[[[141.042,-31.349],[140.151,-31.977],[140.061,-32.073],[139.921,-32.769],[141.844,-32.055],[142.326,-31.429],[141.042,-31.349]]]]},"properties":{"NAME":"Wiljali","SUBJECTO":"Wiljali","BORDERPRECISION":3}},
{"type":"Feature","geometry":{"type":"Polygon","coordinates":[[[116.609,-23.004],[116.587,-23.043],[117.188,-23.332],[116.982,-22.874],[116.861,-22.771],[116.609,-23.004]]]},"properties":{"NAME":"Jurruru","SUBJECTO":"Jurruru","BORDERPRECISION":3}},
{"type":"Feature","geometry":{"type":"Polygon","coordinates":[[[141.703,-34.609],[142.964,-34.841],[142.965,-34.756],[142.965,-34.693],[142.922,-34.634],[141.945,-34.194],[141.703,-34.609]]]},"properties":{"NAME":"Latje Latje","SUBJECTO":"Latje Latje","BORDERPRECISION":3}},
{"type":"Feature","geometry":{"type":"Polygon","coordinates":[[[150.33,-34.935],[150.752,-34.157],[150.685,-34.157],[150.568,-34.166],[149.04,-34.263],[148.4,-34.381],[149.619,-35.231],[150.33,-34.935]]]},"properties":{"NAME":"Gundungurra","SUBJECTO":"Gundungurra","BORDERPRECISION":3}},
{"type":"Feature","geometry":{"type":"Polygon","coordinates":[[[148.386,-37.368],[149.311,-37.814],[149.849,-37.643],[149.976,-37.08],[149.952,-37.075],[149.501,-37.038],[148.386,-37.368]]]},"properties":{"NAME":"Bidwell","SUBJECTO":"Bidwell","BORDERPRECISION":3}},
{"type":"Feature","geometry":{"type":"Polygon","coordinates":[[[138.213,-27.599],[138.402,-27.375],[138.135,-26.4],[138.828,-25.97],[138.373,-24.707],[136.271,-25.059],[136.139,-27.24],[136.901,-27.837],[138.154,-27.656],[138.213,-27.599]]]},"properties":{"NAME":"Wangkangurru","SUBJECTO":"Wangkangurru","BORDERPRECISION":3}},
{"type":"Feature","geometry":{"type":"Polygon","coordinates":[[[114.707,-23.287],[114.74,-23.338],[115.802,-23.754],[115.776,-22.921],[115.727,-22.853],[115.715,-22.848],[114.808,-22.825],[114.796,-22.827],[114.707,-23.287]]]},"properties":{"NAME":"Purduna","SUBJECTO":"Purduna","BORDERPRECISION":3}},
{"type":"Feature","geometry":{"type":"Polygon","coordinates":[[[145.398,-18.118],[145.984,-18.006],[145.961,-17.429],[145.548,-17.242],[145.336,-17.262],[145.31,-17.359],[145.29,-17.422],[145.216,-17.561],[145.211,-17.579],[145.398,-18.118]]]},"properties":{"NAME":"Djirbalngan","SUBJECTO":"Djirbalngan","BORDERPRECISION":3}},
{"type":"Feature","geometry":{"type":"Polygon","coordinates":[[[141.703,-15.333],[141.65,-15.323],[141.4,-15.864],[141.659,-15.872],[141.703,-15.333]]]},"properties":{"NAME":"Koko-bera","SUBJECTO":"Koko-bera","BORDERPRECISION":3}},
{"type":"Feature","geometry":{"type":"Polygon","coordinates":[[[147.26,-22.511],[146.778,-22.33],[146.063,-22.463],[146.648,-23.946],[147.215,-23.99],[147.129,-23.347],[147.16,-23.336],[147.159,-23.327],[147.26,-22.511]]]},"properties":{"NAME":"Yagalingu","SUBJECTO":"Yagalingu","BORDERPRECISION":3}},
{"type":"Feature","geometry":{"type":"Polygon","coordinates":[[[139.41,-35.194],[140.126,-36.332],[140.999,-36.314],[141.415,-34.816],[139.823,-34.669],[139.41,-35.194]]]},"properties":{"NAME":"Ngargad","SUBJECTO":"Ngargad","BORDERPRECISION":3}},
{"type":"Feature","geometry":{"type":"Polygon","coordinates":[[[150.125,-22.424],[149.557,-22.433],[149.279,-21.541],[149.136,-21.595],[149.299,-22.372],[149.584,-22.852],[150.125,-22.424]]]},"properties":{"NAME":"Guwinmal","SUBJECTO":"Guwinmal","BORDERPRECISION":3}},
{"type":"Feature","geometry":{"type":"Polygon","coordinates":[[[151.26,-34.01],[151.263,-33.991],[150.925,-33.936],[150.752,-34.157],[150.33,-34.935],[150.816,-35.106],[150.819,-35.105],[150.854,-34.92],[150.853,-34.879],[150.957,-34.561],[151.249,-34.058],[151.26,-34.01]]]},"properties":{"NAME":"Tharawal","SUBJECTO":"Tharawal","BORDERPRECISION":3}},
{"type":"Feature","geometry":{"type":"Polygon","coordinates":[[[126.207,-21.905],[126.198,-21.962],[127.046,-23.302],[127.966,-24.059],[128.866,-24.395],[129.074,-24.446],[130.576,-24.793],[130.913,-24.387],[131.294,-22.975],[130.671,-22.075],[130.737,-21.32],[130.253,-21.114],[129.667,-20.954],[129.587,-20.949],[129.144,-21.064],[127.874,-20.729],[127.707,-20.68],[127.024,-21.043],[126.207,-21.905]]]},"properties":{"NAME":"Pintupi","SUBJECTO":"Pintupi","BORDERPRECISION":3}},
{"type":"Feature","geometry":{"type":"Polygon","coordinates":[[[127.244,-14.438],[127.342,-14.091],[126.617,-14.203],[126.748,-14.381],[127.244,-14.438]]]},"properties":{"NAME":"Miwa","SUBJECTO":"Miwa","BORDERPRECISION":3}},
{"type":"Feature","geometry":{"type":"Polygon","coordinates":[[[117.823,-22.086],[117.449,-22.77],[118.56,-23.527],[118.845,-23.54],[119.627,-23.529],[119.641,-23.399],[118.934,-22.34],[118.924,-22.336],[117.843,-22.073],[117.823,-22.086]]]},"properties":{"NAME":"Banjima","SUBJECTO":"Banjima","BORDERPRECISION":3}},
{"type":"Feature","geometry":{"type":"Polygon","coordinates":[[[130.267,-13.634],[130.334,-13.448],[130.304,-13.43],[130.293,-13.426],[130.218,-13.462],[130.191,-13.498],[130.267,-13.634]]]},"properties":{"NAME":"Kuwema","SUBJECTO":"Kuwema","BORDERPRECISION":3}},
{"type":"Feature","geometry":{"type":"Polygon","coordinates":[[[130.249,-17.152],[129.254,-16.626],[128.804,-16.699],[129.054,-17.834],[129.265,-18.323],[130.974,-18.123],[131.506,-17.972],[131.486,-17.965],[130.985,-17.875],[130.94,-17.394],[130.282,-17.179],[130.249,-17.152]]]},"properties":{"NAME":"Gurindji","SUBJECTO":"Gurindji","BORDERPRECISION":3}},
{"type":"Feature","geometry":{"type":"Polygon","coordinates":[[[141.907,-14.918],[141.947,-14.918],[143.398,-14.828],[143.405,-14.826],[143.435,-14.319],[143.354,-14.103],[143.344,-14.083],[142.953,-14.185],[141.999,-14.498],[141.907,-14.918]]]},"properties":{"NAME":"Bakanh","SUBJECTO":"Bakanh","BORDERPRECISION":3}},
{"type":"Feature","geometry":{"type":"Polygon","coordinates":[[[143.032,-18.733],[143.487,-18.532],[143.13,-17.42],[142.587,-18.037],[143.032,-18.733]]]},"properties":{"NAME":"Takalak","SUBJECTO":"Takalak","BORDERPRECISION":3}},
{"type":"Feature","geometry":{"type":"Polygon","coordinates":[[[132.304,-23.013],[133.192,-22.911],[133.959,-22.888],[134.016,-22.354],[132.924,-21.926],[132.067,-22.004],[132.196,-22.979],[132.304,-23.013]]]},"properties":{"NAME":"Anmatyerre","SUBJECTO":"Anmatyerre","BORDERPRECISION":3}},
{"type":"Feature","geometry":{"type":"Polygon","coordinates":[[[130.2,-13.888],[130.061,-13.606],[129.763,-14.007],[129.889,-14.097],[130.046,-14.092],[130.179,-14.037],[130.19,-14.027],[130.225,-13.898],[130.2,-13.888]]]},"properties":{"NAME":"Marrithiyel","SUBJECTO":"Marrithiyel","BORDERPRECISION":3}},
{"type":"Feature","geometry":{"type":"Polygon","coordinates":[[[130.402,-13.392],[130.385,-13.385],[130.364,-13.388],[130.334,-13.448],[130.267,-13.634],[130.228,-13.882],[130.24,-13.887],[130.301,-13.911],[130.87,-13.801],[131.337,-13.644],[130.402,-13.392]]]},"properties":{"NAME":"Malak malak","SUBJECTO":"Malak malak","BORDERPRECISION":3}},
{"type":"Feature","geometry":{"type":"Polygon","coordinates":[[[146.505,-26.959],[148.136,-26.743],[148.332,-26.069],[148.332,-26.05],[148.943,-25.895],[148.856,-25.204],[148.559,-24.419],[147.985,-24.027],[147.215,-23.99],[146.648,-23.946],[145.459,-23.655],[145.207,-24.178],[145.055,-24.799],[145.042,-24.865],[144.606,-25.911],[145.522,-26.368],[145.596,-27.12],[146.505,-26.959]]]},"properties":{"NAME":"Bidjara","SUBJECTO":"Bidjara","BORDERPRECISION":3}},
{"type":"Feature","geometry":{"type":"Polygon","coordinates":[[[134.608,-12.058],[134.596,-12.057],[134.605,-12.108],[134.7,-12.121],[134.729,-12.068],[134.733,-12.062],[134.608,-12.058]]]},"properties":{"NAME":"Burarra","SUBJECTO":"Burarra","BORDERPRECISION":3}},
{"type":"Feature","geometry":{"type":"MultiPolygon","coordinates":[[[[125.337,-17.65],[125.794,-17.417],[125.792,-17.414],[125.666,-17.083],[124.833,-16.527],[124.396,-16.517],[124.448,-16.84],[124.459,-17.409],[125.337,-17.65]]],[[[124.612,-16.378],[124.817,-16.511],[124.792,-16.344],[124.56,-16.343],[124.612,-16.378]]]]},"properties":{"NAME":"Unggumi","SUBJECTO":"Unggumi","BORDERPRECISION":3}},
{"type":"Feature","geometry":{"type":"Polygon","coordinates":[[[122.317,-28.697],[122.631,-28.696],[124.368,-27.519],[124.357,-27.464],[122.956,-26.561],[122.498,-27.294],[121.694,-27.856],[122.317,-28.697]]]},"properties":{"NAME":"Tjalkanti","SUBJECTO":"Tjalkanti","BORDERPRECISION":3}},
{"type":"Feature","geometry":{"type":"Polygon","coordinates":[[[122.803,-17.317],[122.161,-17.319],[122.101,-17.382],[122.182,-17.772],[122.708,-17.756],[122.817,-17.666],[122.803,-17.317]]]},"properties":{"NAME":"Ngumbarl","SUBJECTO":"Ngumbarl","BORDERPRECISION":3}},
{"type":"Feature","geometry":{"type":"Polygon","coordinates":[[[114.677,-26.438],[113.734,-26.801],[114.338,-28.485],[114.452,-28.649],[114.597,-28.719],[115.298,-28.538],[115.273,-28.509],[114.906,-27.951],[114.677,-26.438]]]},"properties":{"NAME":"Nhanta","SUBJECTO":"Nhanta","BORDERPRECISION":3}},
{"type":"Feature","geometry":{"type":"Polygon","coordinates":[[[151.201,-33.385],[151.427,-33.162],[151.448,-32.894],[150.096,-32.816],[150.008,-33.187],[151.201,-33.385]]]},"properties":{"NAME":"Darkinung","SUBJECTO":"Darkinung","BORDERPRECISION":3}},
{"type":"Feature","geometry":{"type":"Polygon","coordinates":[[[142.319,-28.527],[143.017,-28.736],[143.374,-28.771],[143.686,-28.738],[144.176,-27.983],[143.739,-27.902],[143.703,-27.902],[142.319,-28.527]]]},"properties":{"NAME":"Kullilla","SUBJECTO":"Kullilla","BORDERPRECISION":3}},
{"type":"Feature","geometry":{"type":"Polygon","coordinates":[[[139.84,-37.042],[140.004,-37.625],[140.127,-37.716],[140.326,-37.865],[140.952,-38.068],[140.957,-38.004],[140.959,-38.002],[140.972,-37.994],[140.994,-37.989],[141.089,-38.017],[141.194,-38.053],[141.238,-38.059],[141.265,-38.043],[141.227,-37.776],[140.041,-37.053],[139.84,-37.042]]]},"properties":{"NAME":"Buandig","SUBJECTO":"Buandig","BORDERPRECISION":3}},
{"type":"Feature","geometry":{"type":"Polygon","coordinates":[[[141.659,-15.872],[141.4,-15.864],[141.288,-16.52],[141.779,-16.813],[141.659,-15.872]]]},"properties":{"NAME":"Koknar","SUBJECTO":"Koknar","BORDERPRECISION":3}},
{"type":"Feature","geometry":{"type":"Polygon","coordinates":[[[119.944,-20.118],[119.926,-20.081],[118.828,-20.14],[119.944,-20.118]]]},"properties":{"NAME":"Ngarla","SUBJECTO":"Ngarla","BORDERPRECISION":3}},
{"type":"Feature","geometry":{"type":"Polygon","coordinates":[[[129.693,-15.09],[129.672,-15.154],[129.758,-15.273],[130.155,-15.487],[130.392,-15.492],[131.073,-15.325],[130.988,-14.82],[130.351,-14.716],[129.794,-14.754],[129.693,-15.09]]]},"properties":{"NAME":"Jaminjung","SUBJECTO":"Jaminjung","BORDERPRECISION":3}},
{"type":"Feature","geometry":{"type":"Polygon","coordinates":[[[118.186,-30.901],[118.079,-30.741],[117.978,-30.693],[116.848,-30.072],[116.431,-31.471],[116.731,-32.124],[117.53,-32.376],[117.612,-32.402],[117.526,-31.957],[118.186,-30.901]]]},"properties":{"NAME":"Ballardong","SUBJECTO":"Ballardong","BORDERPRECISION":3}},
{"type":"Feature","geometry":{"type":"Polygon","coordinates":[[[143.673,-14.287],[143.577,-14.043],[143.354,-14.103],[143.435,-14.319],[143.673,-14.287]]]},"properties":{"NAME":"Umbindhamu","SUBJECTO":"Umbindhamu","BORDERPRECISION":3}},
{"type":"Feature","geometry":{"type":"Polygon","coordinates":[[[135.52,-14.446],[135.269,-13.654],[134.793,-13.904],[135.037,-14.444],[135.52,-14.446]]]},"properties":{"NAME":"Ngandi","SUBJECTO":"Ngandi","BORDERPRECISION":3}},
{"type":"Feature","geometry":{"type":"Polygon","coordinates":[[[143.501,-13.785],[143.498,-13.773],[143.396,-13.812],[143.344,-14.083],[143.354,-14.103],[143.577,-14.043],[143.501,-13.785]]]},"properties":{"NAME":"Kuuku-yani","SUBJECTO":"Kuuku-yani","BORDERPRECISION":3}},
{"type":"Feature","geometry":{"type":"Polygon","coordinates":[[[146.106,-18.549],[146.083,-18.512],[145.684,-18.475],[146.568,-19.327],[146.354,-19.101],[146.282,-19.013],[146.157,-18.702],[146.106,-18.549]]]},"properties":{"NAME":"Nyawaygi","SUBJECTO":"Nyawaygi","BORDERPRECISION":3}},
{"type":"Feature","geometry":{"type":"Polygon","coordinates":[[[145.615,-21.685],[145.596,-21.706],[145.885,-22.388],[146.063,-22.463],[146.778,-22.33],[146.795,-21.874],[146.547,-21.599],[145.615,-21.685]]]},"properties":{"NAME":"Miyan","SUBJECTO":"Miyan","BORDERPRECISION":3}},
{"type":"Feature","geometry":{"type":"Polygon","coordinates":[[[123.289,-21.356],[123.289,-21.371],[124.08,-21.943],[124.091,-22.35],[125.841,-21.811],[126.453,-20.372],[126.345,-20.341],[124.955,-20.196],[123.838,-20.53],[123.289,-21.356]]]},"properties":{"NAME":"Yulparitja","SUBJECTO":"Yulparitja","BORDERPRECISION":3}},
{"type":"Feature","geometry":{"type":"Polygon","coordinates":[[[148.726,-24.228],[148.559,-24.419],[148.856,-25.204],[149.027,-25.177],[149.023,-24.379],[148.755,-24.257],[148.726,-24.228]]]},"properties":{"NAME":"Garingbal","SUBJECTO":"Garingbal","BORDERPRECISION":3}},
{"type":"Feature","geometry":{"type":"Polygon","coordinates":[[[144.617,-36.527],[144.846,-36.142],[145.135,-35.302],[144.855,-34.776],[144.541,-35.163],[144.385,-35.306],[143.731,-35.796],[143.715,-35.81],[143.973,-36.038],[144.031,-36.129],[144.617,-36.527]]]},"properties":{"NAME":"Baraba Baraba","SUBJECTO":"Baraba Baraba","BORDERPRECISION":3}},
{"type":"Feature","geometry":{"type":"Polygon","coordinates":[[[141.162,-17.493],[141.142,-17.482],[140.881,-17.42],[140.879,-17.42],[140.751,-17.599],[140.839,-17.699],[141.162,-17.493]]]},"properties":{"NAME":"Kuthant","SUBJECTO":"Kuthant","BORDERPRECISION":3}},
{"type":"Feature","geometry":{"type":"Polygon","coordinates":[[[149.959,-32.443],[150.096,-32.816],[151.448,-32.894],[151.579,-32.774],[151.602,-32.516],[150.853,-32.259],[149.959,-32.443]]]},"properties":{"NAME":"Wonnarua","SUBJECTO":"Wonnarua","BORDERPRECISION":3}},
{"type":"Feature","geometry":{"type":"Polygon","coordinates":[[[133.078,-13.293],[133.232,-13.301],[133.572,-13.327],[133.592,-12.969],[133.521,-12.913],[133.49,-12.904],[133.44,-12.881],[133.403,-12.847],[133.374,-12.833],[132.884,-12.777],[132.856,-12.811],[132.849,-12.843],[132.836,-12.907],[132.834,-12.932],[132.667,-13.168],[133.078,-13.293]]]},"properties":{"NAME":"Wuningangk","SUBJECTO":"Wuningangk","BORDERPRECISION":3}},
{"type":"Feature","geometry":{"type":"Polygon","coordinates":[[[142.384,-31.41],[142.376,-31.411],[142.326,-31.429],[141.844,-32.055],[139.921,-32.769],[138.933,-33.193],[139.088,-33.666],[140.317,-33.294],[140.973,-33.443],[143.531,-31.513],[143.428,-31.397],[143.41,-31.382],[142.384,-31.41]]]},"properties":{"NAME":"Danggali","SUBJECTO":"Danggali","BORDERPRECISION":3}},
{"type":"Feature","geometry":{"type":"Polygon","coordinates":[[[146.851,-29.941],[146.837,-29.859],[145.796,-29.673],[145.568,-30.185],[145.595,-30.168],[146.214,-29.95],[146.851,-29.941]]]},"properties":{"NAME":"Barranbinya","SUBJECTO":"Barranbinya","BORDERPRECISION":3}},
{"type":"Feature","geometry":{"type":"Polygon","coordinates":[[[130.032,-14.437],[130.043,-14.445],[130.342,-14.511],[130.87,-13.801],[130.301,-13.911],[130.106,-14.128],[130.103,-14.129],[130.02,-14.413],[130.02,-14.414],[130.032,-14.437]]]},"properties":{"NAME":"Ngan’giwumirri","SUBJECTO":"Ngan’giwumirri","BORDERPRECISION":3}},
{"type":"Feature","geometry":{"type":"Polygon","coordinates":[[[151.596,-33.192],[151.767,-33.004],[151.926,-32.845],[151.579,-32.774],[151.448,-32.894],[151.427,-33.162],[151.596,-33.192]]]},"properties":{"NAME":"Awabakal","SUBJECTO":"Awabakal","BORDERPRECISION":3}},
{"type":"Feature","geometry":{"type":"Polygon","coordinates":[[[115.969,-32.981],[116.08,-32.601],[116.138,-32.399],[116.14,-32.388],[115.758,-32.494],[115.715,-33.018],[115.969,-32.981]]]},"properties":{"NAME":"Pinjarup","SUBJECTO":"Pinjarup","BORDERPRECISION":3}},
{"type":"Feature","geometry":{"type":"Polygon","coordinates":[[[140.949,-21.938],[140.979,-22.31],[142.097,-22.817],[143.189,-22.523],[143.207,-22.431],[143.208,-22.428],[143.219,-22.397],[143.324,-21.682],[142.537,-21.882],[141.658,-21.708],[140.949,-21.938]]]},"properties":{"NAME":"Guwa","SUBJECTO":"Guwa","BORDERPRECISION":3}},
{"type":"Feature","geometry":{"type":"Polygon","coordinates":[[[128.453,-30.114],[128.342,-29.497],[127.446,-28.59],[127.369,-28.52],[126.65,-28.883],[124.368,-27.519],[122.631,-28.696],[123.409,-30.107],[123.559,-30.902],[124.42,-30.955],[126.359,-30.384],[127.13,-30.368],[128.453,-30.114]]]},"properties":{"NAME":"Nyanganyatjara","SUBJECTO":"Nyanganyatjara","BORDERPRECISION":3}},
{"type":"Feature","geometry":{"type":"MultiPolygon","coordinates":[[[[123.383,-30.992],[124.222,-31.034],[124.42,-30.955],[123.559,-30.902],[123.194,-30.938],[123.383,-30.992]]],[[[120.395,-32.761],[120.193,-33.086],[120.53,-32.959],[120.395,-32.761]]],[[[142.129,-12.816],[142.139,-12.812],[142.129,-12.785],[142.129,-12.816]]],[[[142.04,-12.899],[142.042,-12.902],[142.044,-12.897],[142.04,-12.899]]],[[[117.72,-23.99],[117.594,-24.031],[118.573,-24.39],[118.57,-24.337],[118.845,-23.54],[118.56,-23.527],[118.504,-23.629],[117.72,-23.99]]],[[[136.907,-22.576],[136.12,-23.126],[136.271,-25.059],[138.373,-24.707],[138.362,-23.669],[138.329,-23.675],[137.186,-23.342],[136.907,-22.576]]],[[[122.55,-16.936],[122.543,-16.917],[122.537,-16.923],[122.55,-16.936]]],[[[118.532,-28.304],[118.372,-28.384],[119.394,-28.741],[118.466,-28.396],[118.532,-28.304]]],[[[119.436,-28.763],[120.004,-29.325],[121.034,-30.932],[120.652,-29.86],[119.757,-28.994],[119.436,-28.763]]],[[[113.783,-22.839],[113.617,-22.661],[113.743,-23.248],[113.783,-22.839]]],[[[113.373,-24.264],[113.896,-25.59],[113.955,-25.634],[113.612,-24.808],[113.373,-24.264]]],[[[152.919,-27.043],[152.83,-27.217],[152.981,-27.278],[153.057,-27.102],[152.919,-27.043]]],[[[133.637,-13.685],[134.844,-14.647],[134.874,-14.61],[135.037,-14.444],[134.793,-13.904],[134.681,-13.939],[134.331,-13.419],[133.956,-13.026],[133.622,-12.92],[133.592,-12.969],[133.572,-13.327],[133.638,-13.411],[133.637,-13.685]]],[[[132.038,-14.609],[132.303,-15.025],[133.162,-14.902],[132.038,-14.609]]],[[[132.29,-13.088],[132.342,-12.983],[132.468,-12.776],[132.43,-12.741],[132.218,-12.771],[132.215,-12.796],[131.659,-12.93],[131.205,-12.911],[130.978,-12.981],[130.984,-12.983],[131.556,-13.277],[132.2,-13.223],[132.29,-13.088]]],[[[142.846,-36.58],[143.226,-36.918],[143.241,-36.909],[142.846,-36.58]]],[[[142.984,-36.361],[142.938,-36.352],[142.907,-36.489],[142.984,-36.361]]],[[[116.446,-35.027],[116.005,-34.935],[115.648,-34.597],[115.148,-34.382],[115.022,-34.262],[115.047,-34.422],[115.616,-34.631],[115.967,-34.936],[116.561,-35.189],[117.741,-35.22],[116.446,-35.027]]],[[[118.73,-34.254],[117.672,-34.022],[116.433,-34.307],[116.202,-33.936],[116.547,-34.865],[116.521,-34.33],[118.73,-34.254]]],[[[119.008,-34.615],[119.354,-34.546],[118.884,-34.282],[119.008,-34.615]]],[[[113.06,-26.116],[114.022,-27.626],[114.338,-28.485],[113.734,-26.801],[113.06,-26.116]]],[[[122.326,-18.061],[122.213,-18.049],[122.228,-18.144],[122.326,-18.061]]],[[[122.224,-18.183],[122.221,-18.191],[122.225,-18.19],[122.224,-18.183]]],[[[117.665,-33.947],[117.488,-33.587],[117.425,-33.639],[117.559,-33.775],[117.665,-33.947]]],[[[122.182,-17.772],[122.101,-17.382],[122.182,-17.918],[122.182,-17.772]]],[[[145.109,-26.482],[145.281,-27.49],[145.81,-27.579],[146.382,-27.146],[146.505,-26.959],[145.596,-27.12],[145.522,-26.368],[145.109,-26.482]]],[[[138.054,-34.164],[137.92,-34.632],[138.271,-34.579],[138.054,-34.164]]],[[[152.714,-27.331],[152.881,-27.499],[152.805,-27.281],[152.714,-27.331]]],[[[141.898,-14.93],[141.947,-14.918],[141.907,-14.918],[141.898,-14.93]]],[[[118.412,-33.129],[118.371,-33.151],[118.688,-33.538],[118.491,-33.136],[118.412,-33.129]]],[[[118.216,-30.862],[118.079,-30.741],[118.186,-30.901],[118.216,-30.862]]],[[[142.6,-13.052],[142.596,-13.066],[142.597,-13.066],[142.61,-13.074],[142.615,-13.074],[142.6,-13.052]]],[[[141.008,-36.889],[140.989,-36.763],[140.988,-36.749],[140.718,-36.894],[140.041,-37.053],[141.227,-37.776],[141.42,-37.631],[141.013,-36.896],[141.01,-36.897],[141.008,-36.889]]],[[[148.549,-27.473],[148.36,-26.516],[148.375,-26.601],[148.549,-27.473]]],[[[147.537,-27.696],[148.388,-28.292],[149.414,-27.79],[148.541,-27.81],[147.537,-27.696]]],[[[128.453,-30.114],[127.13,-30.368],[128.687,-30.336],[131.026,-30.768],[131.373,-30.228],[131.353,-30.222],[128.453,-30.114]]],[[[143.148,-38.747],[142.547,-38.399],[141.356,-38.423],[140.952,-38.068],[140.326,-37.865],[141.547,-38.533],[141.904,-38.43],[143.365,-38.97],[144.577,-38.499],[144.586,-38.381],[144.211,-38.438],[144.168,-38.488],[143.148,-38.747]]],[[[122.76,-16.741],[122.761,-16.597],[122.653,-16.736],[122.76,-16.741]]],[[[131.782,-16.432],[132.391,-16.19],[132.319,-15.893],[132.137,-15.939],[131.782,-16.432]]],[[[131.391,-16.7],[130.94,-17.394],[130.985,-17.875],[131.697,-16.497],[131.391,-16.7]]],[[[115.315,-22.401],[115.304,-22.401],[115.31,-22.405],[115.315,-22.401]]],[[[143.405,-14.828],[143.405,-14.826],[143.398,-14.828],[143.405,-14.828]]],[[[152.428,-27.754],[151.35,-27.839],[151.689,-28.315],[152.619,-27.946],[152.741,-27.748],[152.428,-27.754]]],[[[114.97,-30.325],[114.9,-30.129],[115.058,-30.804],[115.493,-31.546],[116.031,-31.417],[115.433,-31.391],[114.972,-30.342],[114.97,-30.325]]],[[[116.764,-30],[116.328,-29.249],[116.312,-29.254],[116.641,-30.009],[116.764,-30]]],[[[116.261,-31.433],[116.599,-32.145],[117.53,-32.376],[116.731,-32.124],[116.431,-31.471],[116.848,-30.072],[117.978,-30.693],[116.827,-30.052],[116.261,-31.433]]],[[[141.173,-17.487],[141.142,-17.482],[141.162,-17.493],[141.173,-17.487]]],[[[114.685,-21.953],[114.639,-21.982],[115.291,-22.401],[114.685,-21.953]]],[[[148.92,-26.089],[148.705,-26.068],[149.42,-26.323],[149.494,-26.178],[149.42,-26.19],[148.92,-26.089]]],[[[141.975,-13.197],[141.972,-13.224],[141.978,-13.204],[141.975,-13.197]]],[[[136.646,-34.115],[137.826,-33.024],[137.764,-32.99],[136.792,-33.949],[136.646,-34.115]]],[[[132.884,-12.777],[133.374,-12.833],[133.026,-12.03],[132.845,-12.221],[132.872,-12.729],[132.891,-12.769],[132.884,-12.777]]],[[[132.84,-12.83],[132.849,-12.843],[132.856,-12.811],[132.84,-12.83]]],[[[123.635,-17.21],[123.596,-17.157],[123.498,-17.319],[123.534,-17.389],[123.635,-17.21]]],[[[123.986,-16.815],[123.99,-16.815],[123.988,-16.81],[123.986,-16.815]]],[[[141.588,-13.149],[141.564,-13.386],[141.622,-13.35],[141.588,-13.149]]],[[[130.396,-13.384],[130.402,-13.392],[131.337,-13.644],[131.397,-13.5],[130.396,-13.384]]],[[[130.293,-13.426],[130.304,-13.43],[130.305,-13.417],[130.293,-13.426]]],[[[124.431,-32.944],[124.235,-33.012],[124.001,-33.423],[124.248,-33.144],[124.847,-32.952],[126.059,-32.434],[127.265,-32.381],[129.185,-31.798],[131.356,-31.671],[131.082,-31.49],[128.903,-31.709],[127.314,-32.267],[126.013,-32.271],[124.431,-32.944]]],[[[151.926,-32.845],[151.767,-33.004],[152.308,-32.696],[151.926,-32.845]]],[[[139.712,-17.963],[139.701,-17.942],[139.669,-17.952],[139.712,-17.963]]],[[[121.546,-18.771],[121.54,-18.785],[121.544,-18.786],[121.546,-18.771]]],[[[144.606,-38.028],[144.696,-38.089],[144.731,-38.077],[144.606,-38.028]]],[[[146.635,-38.877],[146.914,-38.717],[146.628,-38.761],[146.635,-38.877]]],[[[146.601,-19.336],[146.63,-19.26],[146.354,-19.101],[146.568,-19.327],[146.601,-19.336]]],[[[147.223,-19.911],[147.263,-19.911],[147.467,-19.651],[147.467,-19.65],[147.209,-19.86],[147.223,-19.911]]],[[[119.074,-33.986],[119.46,-34.401],[119.508,-34.336],[119.074,-33.986]]],[[[143.112,-12.246],[143.117,-12.236],[143.103,-12.24],[143.112,-12.246]]],[[[149.952,-37.075],[149.976,-37.08],[149.975,-37.049],[149.952,-37.075]]],[[[150.818,-35.108],[150.819,-35.105],[150.816,-35.106],[150.818,-35.108]]],[[[114.597,-28.719],[114.452,-28.649],[114.544,-28.78],[114.597,-28.719]]],[[[146.934,-38.708],[148.037,-38.098],[149.504,-37.929],[149.849,-37.643],[149.311,-37.814],[147.744,-38.052],[146.934,-38.708]]],[[[134.735,-12.062],[134.733,-12.062],[134.729,-12.068],[134.735,-12.062]]]]},"properties":{"NAME":"Australian aboriginal hunter-gatherers","SUBJECTO":"Australian aboriginal hunter-gatherers","BORDERPRECISION":1}},
{"type":"Feature","geometry":{"type":"Polygon","coordinates":[[[-4.153,53.226],[-4.277,53.398],[-4.567,53.273],[-4.351,53.124],[-4.153,53.226]]]},"properties":{"NAME":null,"SUBJECTO":null,"BORDERPRECISION":3}},
{"type":"Feature","geometry":{"type":"Polygon","coordinates":[[[-5.104,55.439],[-5.155,55.673],[-5.4,55.601],[-5.104,55.439]]]},"properties":{"NAME":null,"SUBJECTO":null,"BORDERPRECISION":3}},
{"type":"Feature","geometry":{"type":"Polygon","coordinates":[[[-6.122,55.879],[-6.327,55.589],[-6.025,55.681],[-6.122,55.879]]]},"properties":{"NAME":null,"SUBJECTO":null,"BORDERPRECISION":3}},
{"type":"Feature","geometry":{"type":"Polygon","coordinates":[[[-5.947,55.83],[-5.746,56.064],[-5.968,56.024],[-6.079,55.906],[-5.947,55.83]]]},"properties":{"NAME":null,"SUBJECTO":null,"BORDERPRECISION":3}},
{"type":"Feature","geometry":{"type":"Polygon","coordinates":[[[-7.467,56.941],[-7.376,56.979],[-7.446,57.056],[-7.554,56.966],[-7.467,56.941]]]},"properties":{"NAME":null,"SUBJECTO":null,"BORDERPRECISION":3}},
{"type":"Feature","geometry":{"type":"Polygon","coordinates":[[[-7.223,57.337],[-7.425,57.382],[-7.381,57.109],[-7.23,57.095],[-7.223,57.337]]]},"properties":{"NAME":null,"SUBJECTO":null,"BORDERPRECISION":3}},
{"type":"Feature","geometry":{"type":"Polygon","coordinates":[[[-7.269,57.399],[-7.205,57.461],[-7.351,57.489],[-7.388,57.424],[-7.269,57.399]]]},"properties":{"NAME":null,"SUBJECTO":null,"BORDERPRECISION":3}},
{"type":"Feature","geometry":{"type":"Polygon","coordinates":[[[-7.189,57.687],[-7.477,57.562],[-7.154,57.509],[-7.189,57.687]]]},"properties":{"NAME":null,"SUBJECTO":null,"BORDERPRECISION":3}},
{"type":"Feature","geometry":{"type":"Polygon","coordinates":[[[-7.006,57.881],[-6.994,57.919],[-7.074,57.896],[-7.006,57.881]]]},"properties":{"NAME":null,"SUBJECTO":null,"BORDERPRECISION":3}},
{"type":"Feature","geometry":{"type":"Polygon","coordinates":[[[-6.802,58.203],[-6.794,58.218],[-6.854,58.25],[-6.873,58.206],[-6.802,58.203]]]},"properties":{"NAME":null,"SUBJECTO":null,"BORDERPRECISION":3}},
{"type":"Feature","geometry":{"type":"Polygon","coordinates":[[[-6.204,58.356],[-7.032,58.238],[-6.474,57.94],[-6.204,58.356]]]},"properties":{"NAME":null,"SUBJECTO":null,"BORDERPRECISION":3}},
{"type":"Feature","geometry":{"type":"Polygon","coordinates":[[[-2.918,58.732],[-2.877,58.82],[-3.037,58.818],[-2.918,58.732]]]},"properties":{"NAME":null,"SUBJECTO":null,"BORDERPRECISION":3}},
{"type":"Feature","geometry":{"type":"Polygon","coordinates":[[[-3.231,58.776],[-3.136,58.804],[-3.336,58.927],[-3.431,58.871],[-3.231,58.776]]]},"properties":{"NAME":null,"SUBJECTO":null,"BORDERPRECISION":3}},
{"type":"Feature","geometry":{"type":"Polygon","coordinates":[[[-2.793,58.951],[-3.077,59.122],[-3.195,58.911],[-2.793,58.951]]]},"properties":{"NAME":null,"SUBJECTO":null,"BORDERPRECISION":3}},
{"type":"Feature","geometry":{"type":"Polygon","coordinates":[[[-2.681,59.196],[-2.621,59.236],[-2.496,59.245],[-2.414,59.314],[-2.593,59.291],[-2.681,59.196]]]},"properties":{"NAME":null,"SUBJECTO":null,"BORDERPRECISION":3}},
{"type":"Feature","geometry":{"type":"Polygon","coordinates":[[[-2.89,59.295],[-3.049,59.329],[-3.003,59.264],[-2.972,59.287],[-2.89,59.295]]]},"properties":{"NAME":null,"SUBJECTO":null,"BORDERPRECISION":3}},
{"type":"Feature","geometry":{"type":"Polygon","coordinates":[[[-1.296,60.491],[-1.32,60.356],[-1.655,60.226],[-1.126,60.152],[-1.041,60.447],[-1.296,60.491]]]},"properties":{"NAME":null,"SUBJECTO":null,"BORDERPRECISION":3}},
{"type":"Feature","geometry":{"type":"Polygon","coordinates":[[[-1.029,60.496],[-0.991,60.72],[-1.177,60.637],[-1.029,60.496]]]},"properties":{"NAME":null,"SUBJECTO":null,"BORDERPRECISION":3}},
{"type":"Feature","geometry":{"type":"Polygon","coordinates":[[[-0.82,60.689],[-0.768,60.829],[-0.939,60.794],[-0.966,60.688],[-0.82,60.689]]]},"properties":{"NAME":null,"SUBJECTO":null,"BORDERPRECISION":3}},
{"type":"Feature","geometry":{"type":"Polygon","coordinates":[[[-6.707,61.937],[-6.719,62.029],[-7.192,62.308],[-7.232,62.172],[-6.707,61.937]]]},"properties":{"NAME":null,"SUBJECTO":null,"BORDERPRECISION":3}},
{"type":"Feature","geometry":{"type":"Polygon","coordinates":[[[-4.778,54.056],[-4.394,54.186],[-4.527,54.367],[-4.778,54.056]]]},"properties":{"NAME":null,"SUBJECTO":null,"BORDERPRECISION":3}},
{"type":"Feature","geometry":{"type":"Polygon","coordinates":[[[129.716,28.451],[129.158,28.235],[129.369,28.116],[129.716,28.451]]]},"properties":{"NAME":null,"SUBJECTO":null,"BORDERPRECISION":3}},
{"type":"Feature","geometry":{"type":"Polygon","coordinates":[[[129.963,29.957],[129.942,30],[129.924,29.984],[129.963,29.957]]]},"properties":{"NAME":null,"SUBJECTO":null,"BORDERPRECISION":3}},
{"type":"Feature","geometry":{"type":"Polygon","coordinates":[[[129.896,29.874],[129.877,29.831],[129.923,29.825],[129.896,29.874]]]},"properties":{"NAME":null,"SUBJECTO":null,"BORDERPRECISION":3}},
{"type":"Feature","geometry":{"type":"Polygon","coordinates":[[[130.906,30.355],[131.074,30.689],[130.945,30.683],[130.906,30.355]]]},"properties":{"NAME":null,"SUBJECTO":null,"BORDERPRECISION":3}},
{"type":"Feature","geometry":{"type":"Polygon","coordinates":[[[130.559,30.236],[130.672,30.373],[130.511,30.459],[130.387,30.397],[130.559,30.236]]]},"properties":{"NAME":null,"SUBJECTO":null,"BORDERPRECISION":3}},
{"type":"Feature","geometry":{"type":"Polygon","coordinates":[[[120.907,24.845],[120.728,24.627],[120.674,24.551],[120.116,23.631],[120.049,23.061],[120.696,21.971],[121.453,23.327],[121.999,25.011],[121.481,25.272],[120.907,24.845]]]},"properties":{"NAME":null,"SUBJECTO":null,"BORDERPRECISION":3}},
{"type":"Feature","geometry":{"type":"Polygon","coordinates":[[[128.901,32.643],[128.649,32.778],[128.61,32.612],[128.901,32.643]]]},"properties":{"NAME":null,"SUBJECTO":null,"BORDERPRECISION":3}},
{"type":"Feature","geometry":{"type":"Polygon","coordinates":[[[128.978,35.089],[129.439,35.476],[129.342,37.257],[128.27,38.42],[129.25,37.009],[128.978,35.089]]]},"properties":{"NAME":null,"SUBJECTO":null,"BORDERPRECISION":3}},
{"type":"Feature","geometry":{"type":"Polygon","coordinates":[[[123.871,24.252],[123.922,24.371],[123.767,24.414],[123.679,24.316],[123.871,24.252]]]},"properties":{"NAME":null,"SUBJECTO":null,"BORDERPRECISION":3}},
{"type":"Feature","geometry":{"type":"Polygon","coordinates":[[[125.356,24.777],[125.262,24.879],[125.252,24.738],[125.356,24.777]]]},"properties":{"NAME":null,"SUBJECTO":null,"BORDERPRECISION":3}},
{"type":"Feature","geometry":{"type":"Polygon","coordinates":[[[124.262,24.457],[124.078,24.42],[124.122,24.345],[124.23,24.338],[124.262,24.457]]]},"properties":{"NAME":null,"SUBJECTO":null,"BORDERPRECISION":3}},
{"type":"Feature","geometry":{"type":"Polygon","coordinates":[[[128.253,26.639],[128.247,26.84],[127.959,26.544],[128.253,26.639]]]},"properties":{"NAME":null,"SUBJECTO":null,"BORDERPRECISION":3}},
{"type":"Feature","geometry":{"type":"Polygon","coordinates":[[[126.762,26.387],[126.702,26.349],[126.781,26.298],[126.81,26.347],[126.762,26.387]]]},"properties":{"NAME":null,"SUBJECTO":null,"BORDERPRECISION":3}},
{"type":"Feature","geometry":{"type":"Polygon","coordinates":[[[128.951,27.676],[129.03,27.774],[128.899,27.898],[128.897,27.726],[128.951,27.676]]]},"properties":{"NAME":null,"SUBJECTO":null,"BORDERPRECISION":3}},
{"type":"Feature","geometry":{"type":"Polygon","coordinates":[[[128.609,27.359],[128.696,27.449],[128.524,27.414],[128.609,27.359]]]},"properties":{"NAME":null,"SUBJECTO":null,"BORDERPRECISION":3}},
{"type":"Feature","geometry":{"type":"Polygon","coordinates":[[[129.992,28.282],[130.032,28.353],[129.943,28.322],[129.992,28.282]]]},"properties":{"NAME":null,"SUBJECTO":null,"BORDERPRECISION":3}},
{"type":"Feature","geometry":{"type":"Polygon","coordinates":[[[129.336,28.075],[129.34,28.111],[129.224,28.184],[129.219,28.098],[129.336,28.075]]]},"properties":{"NAME":null,"SUBJECTO":null,"BORDERPRECISION":3}},
{"type":"Feature","geometry":{"type":"Polygon","coordinates":[[[129.733,29.61],[129.753,29.648],[129.71,29.652],[129.733,29.61]]]},"properties":{"NAME":null,"SUBJECTO":null,"BORDERPRECISION":3}},
{"type":"Feature","geometry":{"type":"Polygon","coordinates":[[[60.374,69.956],[59.004,70.473],[58.671,70.01],[60.374,69.956]]]},"properties":{"NAME":null,"SUBJECTO":null,"BORDERPRECISION":3}},
{"type":"Feature","geometry":{"type":"Polygon","coordinates":[[[50.119,69.041],[49.244,69.506],[48.289,69.254],[48.795,68.723],[50.119,69.041]]]},"properties":{"NAME":null,"SUBJECTO":null,"BORDERPRECISION":3}},
{"type":"Feature","geometry":{"type":"MultiPolygon","coordinates":[[[[10.142,54.337],[9.421,54.976],[10.835,55.294],[9.312,56.481],[8.183,56.431],[8.884,54.229],[10.142,54.337]]],[[[19.562,79.768],[23.821,79.147],[27.197,79.944],[24.783,80.38],[20.524,80.322],[19.562,79.768]]],[[[31.054,69.64],[30.799,70.308],[28.308,70.949],[24.571,70.741],[23.204,69.943],[20.158,69.748],[17.407,68.772],[13.169,66.458],[12.112,65.13],[9.832,63.684],[7.989,62.94],[7.088,62.91],[5.149,61.741],[5.096,60.264],[5.806,59.949],[5.615,58.455],[6.959,57.972],[8.154,58.09],[10.549,59.379],[11.179,59.07],[12.423,60.039],[11.933,62.554],[12.577,63.782],[13.718,64.553],[16.206,67.307],[18.179,68.469],[20.166,68.958],[22.46,68.694],[25.625,68.807],[26.507,69.812],[27.909,69.888],[29.924,69.355],[31.054,69.64]]],[[[13.283,79.487],[11.76,78.88],[16.617,78.467],[13.905,78],[15.099,77.115],[17.267,76.813],[19.116,78.455],[20.908,78.809],[17.834,79.809],[13.283,79.487]]]]},"properties":{"NAME":"Denmark-Norway","SUBJECTO":"Denmark-Norway","BORDERPRECISION":3}},
{"type":"Feature","geometry":{"type":"MultiPolygon","coordinates":[[[[40.633,46.688],[42.257,46.813],[43.381,46.188],[43.88,44.814],[44.755,44.439],[46.873,44.68],[47.556,45.453],[49.535,46.542],[51.369,47.09],[51.387,48.105],[51.901,49.391],[51.13,50.42],[51.387,51.063],[55.245,51.706],[57.152,51.229],[58.331,50.934],[60.82,50.859],[63.038,51.176],[64.457,53.581],[64.687,54.272],[72.992,55.307],[74.921,54.149],[78.65,50.806],[81.479,50.291],[84.267,49.205],[83.116,48.283],[85.605,48.234],[90,51.569],[91.965,51.569],[92.591,52.4],[93.567,52.349],[95.187,53.796],[95.866,53.796],[97.319,52.826],[97.61,52.148],[101.011,51.672],[101.772,51.425],[102.639,50.456],[103.681,50.166],[106.323,50.417],[107.549,49.827],[109.424,49.296],[112.524,49.462],[114.098,50.274],[115.734,49.864],[116.566,50.006],[117.491,49.586],[119.291,50.125],[119.182,50.702],[120.746,52.007],[120.702,53.185],[121.291,55.092],[121.957,55.906],[123.51,56.424],[124.916,56.202],[129.207,56.868],[130.39,56.054],[130.908,55.24],[130.538,53.908],[131.13,53.908],[132.018,52.429],[134.681,52.947],[136.161,53.021],[137.239,53.457],[136.351,53.701],[136.492,54.455],[134.985,54.854],[137.229,55.983],[140.587,58.239],[142.846,59.273],[145.404,59.326],[148.416,59.097],[149.045,59.587],[151.14,59.44],[152.504,58.769],[153.924,58.922],[154.316,59.983],[155.734,60.555],[157.098,61.633],[158.841,61.784],[160.645,60.718],[164.138,62.533],[163.793,61.128],[163.329,60.695],[159.649,58.954],[158.326,58.027],[156.777,57.58],[156.558,56.947],[155.628,56.268],[155.465,54.92],[156.038,52.781],[156.696,50.958],[157.898,51.666],[158.461,52.826],[159.897,53.241],[159.931,54.086],[162.008,54.738],[161.503,55.287],[162.318,56.24],[162.512,57.033],[161.804,58.102],[162.907,58.891],[163.389,59.814],[164.585,59.665],[165.78,60.354],[169.154,60.435],[170.337,60.277],[173.481,61.601],[177.291,62.487],[178.738,62.299],[179.288,62.815],[178.344,63.458],[178.147,64.157],[180,64.953],[180,65.052],[180,65.311],[180,65.382],[180,65.963],[180,66.963],[180,67.963],[180,68.92],[175.611,69.779],[170.452,70.019],[170.833,68.922],[169.389,68.717],[167.32,69.659],[166.309,69.378],[164.054,69.66],[161.961,69.528],[159.444,69.765],[158.409,70.814],[156.043,70.987],[152.134,70.664],[150.694,71.347],[146.915,72.202],[141.294,72.787],[137.63,71.075],[135.511,71.512],[134.241,71.262],[132.284,71.661],[130.779,70.678],[126.216,72.382],[128.525,72.952],[125.717,73.398],[120.579,72.835],[118.46,73.519],[108.34,73.691],[113.625,75.273],[113.533,76.094],[111.427,76.568],[108.244,76.646],[103.393,77.558],[101.166,77.006],[99.467,75.967],[90,75.602],[86.958,74.782],[87.691,73.9],[80.464,73.314],[81.671,71.574],[79.223,72.271],[76.333,71.72],[73.217,71.458],[74.25,70.573],[73.915,69.154],[77.406,68.936],[78.536,67.612],[76.955,67.653],[77.04,68.464],[74.505,68.593],[74.742,67.686],[72.209,66.173],[70.84,66.551],[72.838,67.646],[73.394,68.382],[72.526,69.069],[72.68,70.824],[71.798,71.432],[72.714,72.77],[69.343,72.834],[68.316,71.635],[66.818,71.105],[67.422,70.223],[66.584,68.886],[62.281,69.705],[60.369,69.468],[57.024,68.449],[53.889,68.787],[48.081,67.562],[47.571,66.816],[46.402,66.719],[44.871,67.312],[46.634,67.701],[45.863,68.383],[43.822,68.327],[43.704,67.266],[44.384,66.612],[43.876,66.011],[42.211,66.41],[39.951,65.581],[40.462,64.75],[39.193,64.511],[36.884,65.068],[37.411,63.749],[35.082,64.288],[34.293,65.396],[35.772,66.259],[39.19,66.039],[41.255,66.937],[40.826,67.66],[38.668,68.146],[37.246,68.793],[33.628,69.215],[31.331,69.663],[30.733,68.574],[30.603,66.665],[30.993,65.754],[30.603,65.147],[30.559,63.108],[31.123,62.804],[31.194,61.634],[32.944,60.643],[31.298,59.936],[31.318,59.594],[28.173,58.986],[29.518,58.075],[31.167,56.73],[32.078,56.774],[31.514,55.559],[32.208,54.431],[32.468,53.086],[31.383,53.26],[31.383,52.001],[30.342,51.394],[30.516,49.962],[33.553,48.878],[32.381,48.487],[31.167,48.618],[31.08,47.793],[31.991,47.403],[33.388,47.313],[37.385,48.811],[37.885,49.186],[39.259,48.437],[40.508,47.437],[40.633,46.688]]],[[[54.664,73.472],[56.96,73.357],[60.887,75.247],[66.548,75.98],[65.926,76.507],[59.018,75.799],[56.995,75.273],[54.018,73.734],[54.664,73.472]]],[[[55.181,73.266],[53.502,73.137],[53.089,72.473],[51.482,71.845],[54.308,71.206],[55.721,71.642],[55.181,73.266]]]]},"properties":{"NAME":"Tsardom of Muscovy","SUBJECTO":"Tsardom of Muscovy","BORDERPRECISION":3}},
{"type":"Feature","geometry":{"type":"MultiPolygon","coordinates":[[[[8.66,53.027],[8.641,53.013],[9.752,53.503],[9.125,53.79],[8.502,53.449],[8.558,53.158],[8.744,53.085],[8.66,53.027]]],[[[14.537,53.538],[12.943,54.347],[12.463,54.255],[13.773,53.475],[14.537,53.538]]],[[[29.518,58.075],[28.173,58.986],[31.318,59.594],[31.298,59.936],[29.857,61.188],[31.194,61.634],[31.123,62.804],[30.559,63.108],[30.603,65.147],[30.993,65.754],[30.603,66.665],[30.733,68.574],[31.331,69.663],[31.054,69.64],[29.924,69.355],[27.909,69.888],[26.507,69.812],[25.625,68.807],[22.46,68.694],[20.166,68.958],[18.179,68.469],[16.206,67.307],[13.718,64.553],[12.577,63.782],[11.933,62.554],[12.423,60.039],[11.179,59.07],[11.221,58.308],[12.289,56.88],[12.414,56.243],[13.302,55.301],[14.286,55.515],[14.653,56.121],[15.771,56.033],[16.659,57.443],[16.744,58.312],[17.94,58.908],[19.037,59.863],[17.146,60.953],[17.065,61.538],[18.487,62.981],[20.701,63.818],[20.921,64.714],[22.646,65.935],[25.252,65.417],[24.47,64.636],[21.034,62.477],[21.561,61.485],[21.56,60.512],[23.665,59.836],[25.581,60.262],[28.435,60.337],[29.076,59.908],[27.702,59.298],[25.721,59.46],[23.416,59.119],[24.346,57.16],[23.625,56.877],[24.027,56.542],[28.091,56.748],[29.518,58.075]],[[29.802,62.362],[28.788,61.204],[27.816,61.728],[29.802,62.362]]]]},"properties":{"NAME":"Sweden","SUBJECTO":"Sweden","BORDERPRECISION":3}},
{"type":"Feature","geometry":{"type":"Polygon","coordinates":[[[52.98,45.776],[57.728,44.635],[60.954,45.245],[60.611,45.434],[57.152,51.229],[55.245,51.706],[51.387,51.063],[51.13,50.42],[51.901,49.391],[51.387,48.105],[51.369,47.09],[53.185,46.865],[52.98,45.776]]]},"properties":{"NAME":"Nogai Horde","SUBJECTO":"Nogai Horde","BORDERPRECISION":1}},
{"type":"Feature","geometry":{"type":"Polygon","coordinates":[[[57.152,51.229],[60.611,45.434],[60.954,45.245],[68.782,40.944],[69.816,41.211],[80.94,44.078],[85.535,47.181],[85.605,48.234],[83.116,48.283],[84.267,49.205],[81.479,50.291],[78.65,50.806],[74.921,54.149],[72.992,55.307],[64.687,54.272],[64.457,53.581],[63.038,51.176],[60.82,50.859],[58.331,50.934],[57.152,51.229]]]},"properties":{"NAME":"Quazaq Khanate","SUBJECTO":"Quazaq Khanate","BORDERPRECISION":1}},
{"type":"Feature","geometry":{"type":"Polygon","coordinates":[[[62.114,39.22],[62.662,39.22],[64.405,37.64],[66.336,36.307],[69.232,37.368],[70.095,37.907],[69.816,41.211],[68.782,40.944],[60.954,45.245],[57.728,44.635],[52.98,45.776],[52.61,45.4],[51.513,45.373],[50.874,44.626],[51.171,43.718],[52.52,42.073],[53.985,42.106],[54.818,40.88],[53.257,40.765],[52.845,40.18],[53.516,39.778],[54.071,38.897],[53.88,38.025],[54.067,36.942],[57.314,36.829],[61.229,39.831],[62.114,39.22]]]},"properties":{"NAME":"Khiva Khanate","SUBJECTO":"Khiva Khanate","BORDERPRECISION":1}},
{"type":"Feature","geometry":{"type":"Polygon","coordinates":[[[88.162,27.741],[88.232,26.757],[88.868,26.908],[89.834,26.685],[91.064,26.753],[92.17,26.987],[91.301,27.997],[89.672,28.197],[88.162,27.741]]]},"properties":{"NAME":"Bhutan","SUBJECTO":"Bhutan","BORDERPRECISION":3}},
{"type":"Feature","geometry":{"type":"Polygon","coordinates":[[[100.001,20.459],[98.993,19.862],[98.016,19.749],[97.789,19.398],[97.788,17.575],[98.787,16.394],[99.905,16.666],[100.927,17.515],[101.229,18.91],[100.5,19.439],[100.431,20.226],[100.001,20.459]]]},"properties":{"NAME":"Lan Na","SUBJECTO":"Lan Na","BORDERPRECISION":3}},
{"type":"Feature","geometry":{"type":"Polygon","coordinates":[[[178.176,-18.242],[178.171,-17.342],[177.51,-17.509],[177.333,-18.119],[178.176,-18.242]]]},"properties":{"NAME":"Tuʻi Tonga Empire","SUBJECTO":"Tuʻi Tonga Empire","BORDERPRECISION":3}},
{"type":"Feature","geometry":{"type":"Polygon","coordinates":[[[-109.241,-27.133],[-109.366,-27.063],[-109.428,-27.202],[-109.241,-27.133]]]},"properties":{"NAME":"Polynesians","SUBJECTO":"Polynesians","BORDERPRECISION":3}},
{"type":"Feature","geometry":{"type":"Polygon","coordinates":[[[114.029,22.508],[114.329,22.272],[114.309,22.554],[114.029,22.508]]]},"properties":{"NAME":"Hong Kong","SUBJECTO":"Hong Kong","BORDERPRECISION":3}}
]}