{"type":"FeatureCollection", "features": [
{"type":"Feature","geometry":{"type":"Polygon","coordinates":[[[5.824,49.507],[6.433,49.445],[6.109,50.117],[5.824,49.507]]]},"properties":{"NAME":"Luxembourg","SUBJECTO":"Luxembourg","BORDERPRECISION":3}},
{"type":"Feature","geometry":{"type":"MultiPolygon","coordinates":[[[[33.925,34.953],[33.78,35.208],[32.819,35.282],[32.301,35.016],[32.603,34.615],[33.925,34.953]]],[[[18.514,42.362],[19.607,41.762],[19.369,40.26],[20.029,39.814],[21.172,38.348],[21.228,37.905],[22.39,36.524],[22.887,37.047],[22.639,37.492],[23.556,38.352],[22.72,39.287],[22.467,40.118],[22.602,40.397],[23.596,40.192],[23.886,40.733],[25.046,40.952],[25.993,40.852],[26.614,40.398],[27.474,40.963],[28.828,40.915],[29.012,41.255],[28.104,41.593],[27.502,42.516],[28.035,43.392],[28.446,43.476],[28.686,44.488],[29.711,45.258],[29.63,45.75],[30.433,46.176],[29.427,46.816],[28.908,47.818],[27.706,48.44],[26.163,48.941],[26.36,48.125],[26.123,47.855],[26.191,46.809],[24.942,45.965],[24.065,46.1],[22.478,45.729],[22.133,44.511],[21.344,44.883],[20.789,44.742],[20.188,45.26],[19.012,45.459],[19.122,44.926],[18.258,45.122],[15.828,45.203],[15.757,44.786],[17.548,42.92],[17.646,42.865],[18.514,42.362]]],[[[50.968,24.436],[50.607,24.68],[50.382,25.461],[49.937,25.956],[50.122,26.738],[48.855,27.523],[47.911,29.89],[48.554,29.995],[47.689,30.882],[47.793,31.797],[46.508,32.812],[45.506,33.797],[45.671,34.617],[46.184,35.058],[46.211,35.784],[45.388,35.926],[44.795,37.132],[44.205,37.867],[44.082,39.295],[44.448,39.96],[43.812,40.014],[43.847,40.75],[42.878,41.546],[42.25,41.369],[41.484,41.437],[40.361,40.963],[39.37,41.064],[38.651,40.922],[37.253,41.028],[36.383,41.238],[35.958,41.686],[33.556,41.983],[32.419,41.749],[30.745,41.04],[29.161,41.216],[29.525,40.688],[27.764,40.287],[26.765,40.377],[26.128,39.879],[26.139,39.44],[26.708,39.182],[27.14,37.889],[27.16,37.36],[27.999,36.909],[29.002,36.695],[29.298,36.173],[30.473,36.188],[30.594,36.762],[31.371,36.712],[32.335,36.128],[33.171,35.971],[33.753,36.147],[34.485,36.627],[35.709,36.212],[35.856,35.835],[35.873,34.422],[34.843,32.671],[34.501,31.621],[34.146,31.209],[34.936,29.418],[34.886,28.357],[35.436,27.73],[37.218,25.167],[37.201,24.658],[37.557,24.271],[38.329,23.835],[39.102,22.4],[39.167,21.219],[39.764,20.407],[40.82,19.685],[41.923,20.767],[41.812,21.713],[41.07,22.263],[40.648,24.153],[38.814,24.841],[37.364,27.957],[36.593,29.787],[36.525,31.162],[37.212,33.566],[38.036,34.597],[39.342,34.597],[40.029,34.391],[44.083,30.337],[44.839,29.993],[45.87,29.856],[46.905,29.438],[46.509,28.97],[47.439,28.829],[48.469,26.695],[49.395,26.078],[49.704,24.41],[50.569,23.854],[50.968,24.436]]]]},"properties":{"NAME":"Ottoman Empire","SUBJECTO":"Ottoman Empire","BORDERPRECISION":3}},
{"type":"Feature","geometry":{"type":"Polygon","coordinates":[[[91.608,27.641],[91.152,28.032],[90,28.053],[89.366,27.876],[88.803,27.181],[88.868,26.908],[89.834,26.685],[91.162,26.75],[91.909,26.805],[91.999,27.193],[91.608,27.641]]]},"properties":{"NAME":"Bhutan","SUBJECTO":"Bhutan","BORDERPRECISION":3}},
{"type":"Feature","geometry":{"type":"MultiPolygon","coordinates":[[[[-66.906,17.936],[-65.967,18.027],[-65.952,18.472],[-67.055,18.546],[-66.906,17.936]]],[[[-71.677,18.003],[-70.621,18.507],[-68.373,18.575],[-68.657,18.873],[-70.882,19.93],[-71.777,19.771],[-71.72,18.895],[-71.895,18.614],[-71.677,18.003]]],[[[-82.177,22.366],[-80.776,22.102],[-79.735,21.672],[-78.728,21.617],[-78.45,20.969],[-77.291,20.704],[-77.177,20.355],[-77.461,19.871],[-76.398,20.02],[-75.519,19.907],[-74.345,20.323],[-75.604,21.013],[-77.34,21.512],[-78.171,22.12],[-79.33,22.404],[-79.76,22.759],[-81.431,23.137],[-82.959,23.025],[-83.69,22.814],[-84.435,22.323],[-83.39,22.223],[-82.853,22.638],[-82.177,22.366]]]]},"properties":{"NAME":"Spain","SUBJECTO":"Spain","BORDERPRECISION":3}},
{"type":"Feature","geometry":{"type":"Polygon","coordinates":[[[-71.777,19.771],[-72.94,19.945],[-72.676,19.392],[-72.746,18.509],[-74.303,18.696],[-73.857,18.112],[-73.474,18.316],[-71.978,18.262],[-71.677,18.003],[-71.895,18.614],[-71.72,18.895],[-71.777,19.771]]]},"properties":{"NAME":"Haiti","SUBJECTO":"Haiti","BORDERPRECISION":3}},
{"type":"Feature","geometry":{"type":"MultiPolygon","coordinates":[[[[-88.32,18.494],[-89.154,17.831],[-89.251,15.897],[-88.941,15.905],[-88.445,16.441],[-88.242,17.014],[-88.3,17.635],[-88.112,18.194],[-88.32,18.494]]],[[[-83.296,14.615],[-83.858,14.185],[-84.095,12.528],[-83.9,11.888],[-83.688,12.962],[-83.662,13.705],[-83.296,14.615]]],[[[-77.291,17.806],[-76.426,18.119],[-77.769,18.51],[-78.052,18.218],[-77.291,17.806]]]]},"properties":{"NAME":"United Kingdom","SUBJECTO":"United Kingdom","BORDERPRECISION":3}},
{"type":"Feature","geometry":{"type":"MultiPolygon","coordinates":[[[[120.364,14.531],[120.511,14.112],[121.009,13.656],[121.625,13.898],[122.492,13.43],[123.398,13.527],[122.397,14.307],[122.107,13.918],[121.729,14.108],[121.242,15.308],[121.439,15.918],[122.064,16.332],[122.396,17.114],[122.07,17.438],[122.028,18.009],[121.036,18.528],[120.564,18.432],[120.393,18.044],[120.303,16.417],[119.762,16.359],[119.772,15.47],[119.972,14.905],[120.364,14.531]]],[[[121.094,12.201],[121.304,13.129],[121.039,13.408],[120.547,13.153],[120.734,12.55],[121.094,12.201]]],[[[125.323,11.124],[125.246,12.293],[124.952,12.527],[124.33,12.208],[124.875,11.834],[124.854,11.491],[125.323,11.124]]],[[[121.873,10.468],[122.897,11.15],[121.994,11.758],[121.873,10.468]]],[[[118.865,10.024],[119.564,10.502],[119.345,11.003],[118.865,10.024]]],[[[122.942,9.048],[122.962,9.594],[123.312,10.738],[122.92,10.852],[122.701,10.032],[122.396,9.478],[122.942,9.048]]],[[[126.045,6.608],[126.322,7.149],[126.272,8.426],[125.934,9.175],[125.461,9.053],[124.671,8.429],[124.372,8.561],[123.663,8.014],[123.486,8.496],[122.796,8.272],[122.094,7.775],[123.023,7.478],[123.465,7.791],[124.074,7.258],[123.864,6.851],[124.224,6.09],[125.073,5.723],[125.533,5.94],[125.28,6.594],[125.615,7.236],[126.045,6.608]]]]},"properties":{"NAME":"Philippines","SUBJECTO":"Philippines","BORDERPRECISION":3}},
{"type":"Feature","geometry":{"type":"Polygon","coordinates":[[[80.563,5.932],[81.203,6.079],[81.6,6.449],[81.866,7.085],[81.326,8.259],[80.662,9.299],[80.178,9.445],[79.675,8.805],[79.832,8.103],[79.854,7.061],[80.222,6.058],[80.563,5.932]]]},"properties":{"NAME":"Ceylon","SUBJECTO":"Ceylon","BORDERPRECISION":3}},
{"type":"Feature","geometry":{"type":"Polygon","coordinates":[[[44.672,-16.236],[43.972,-17.553],[44.251,-19.103],[44.585,-19.528],[44.47,-20.17],[43.816,-21.316],[43.501,-21.494],[43.376,-22.632],[43.827,-23.413],[43.671,-24.227],[44.037,-24.989],[44.425,-25.312],[45.576,-25.621],[46.239,-25.264],[46.855,-25.218],[47.258,-24.766],[48.087,-22.044],[48.652,-20.339],[49.342,-18.228],[49.425,-17.198],[50.503,-15.314],[50.15,-14.419],[49.817,-12.831],[49.176,-12.266],[48.751,-13.418],[48.224,-13.794],[46.925,-15.36],[46.142,-15.826],[44.672,-16.236]],[[48.022,-17.999],[48.91,-17.999],[48.496,-18.887],[48.318,-20.071],[47.371,-21.018],[46.661,-23.267],[45.773,-22.734],[44.945,-22.379],[46.128,-20.663],[46.654,-17.733],[47.482,-16.904],[48.022,-17.999]]]},"properties":{"NAME":null,"SUBJECTO":null,"BORDERPRECISION":3}},
{"type":"Feature","geometry":{"type":"MultiPolygon","coordinates":[[[[175.308,-37.321],[174.857,-36.694],[174.609,-35.789],[174.217,-35.337],[172.96,-34.864],[173.166,-35.421],[174.22,-36.557],[174.765,-37.297],[174.945,-37.928],[174.655,-38.983],[173.805,-39.42],[175.354,-40.3],[174.895,-41.296],[175.365,-41.662],[176.011,-41.255],[177.157,-39.854],[177.024,-39.445],[177.867,-39.207],[178.408,-38.771],[178.569,-37.921],[178.241,-37.832],[177.528,-38.204],[176.129,-37.798],[175.838,-37.026],[175.308,-37.321]]],[[[172.063,-43.923],[172.441,-43.509],[173.841,-42.488],[174.234,-42.011],[174.058,-41.291],[173.264,-41.544],[173.019,-41.075],[172.437,-40.753],[172.148,-41.578],[171.458,-41.993],[171.024,-42.887],[169.987,-43.36],[169.649,-43.741],[168.416,-44.221],[167.137,-45.2],[167.281,-45.563],[166.523,-46.233],[168.154,-46.452],[169.399,-46.71],[170.612,-45.946],[171.378,-44.338],[172.063,-43.923]]]]},"properties":{"NAME":"Maori","SUBJECTO":"Maori","BORDERPRECISION":3}},
{"type":"Feature","geometry":{"type":"MultiPolygon","coordinates":[[[[-6.343,53.94],[-5.662,54.322],[-6.018,55.093],[-7.427,55.294],[-8.345,55.095],[-8.59,54.203],[-9.892,54.326],[-9.81,53.632],[-9.158,53.221],[-9.891,52.194],[-9.819,51.435],[-8.565,51.615],[-7.751,52.033],[-6.406,52.214],[-6.043,52.893],[-6.343,53.94]]],[[[0.081,53.386],[-0.871,54.547],[-1.389,54.68],[-1.719,55.454],[-2.742,55.957],[-2.667,56.471],[-1.945,57.402],[-2.15,57.572],[-4.148,57.555],[-4.15,57.835],[-3.166,58.275],[-4.51,58.403],[-5.346,58.093],[-5.763,57.62],[-5.547,56.652],[-5.633,55.94],[-4.638,55.428],[-5.111,54.794],[-3.577,54.924],[-3.569,54.415],[-2.865,54.028],[-2.914,53.267],[-4.318,53.091],[-4.124,52.373],[-5.061,52.006],[-4.159,51.677],[-4.605,50.779],[-4.541,50.358],[-3.715,50.219],[-3.521,50.617],[-1.103,50.817],[0.192,50.731],[1.335,51.121],[0.686,51.56],[1.692,52.311],[1.376,52.809],[0.742,52.901],[0.081,53.386]]]]},"properties":{"NAME":"United Kingdom of Great Britain and Ireland","SUBJECTO":"United Kingdom of Great Britain and Ireland","BORDERPRECISION":3}},
{"type":"Feature","geometry":{"type":"Polygon","coordinates":[[[-8.806,41.889],[-6.709,41.96],[-6.139,41.526],[-6.797,41.093],[-6.878,39.702],[-7.431,39.521],[-6.933,38.961],[-7.394,38.295],[-7.243,37.811],[-7.492,37.208],[-6.632,37.022],[-6.204,36.282],[-5.661,36.008],[-5.217,36.41],[-4.447,36.722],[-2.239,36.728],[-1.817,37.292],[-0.918,37.57],[-0.435,38.43],[0.173,38.738],[-0.395,39.434],[-0.161,39.886],[0.879,41.022],[2.081,41.298],[3.129,41.857],[3.087,42.369],[2.363,42.293],[0.744,42.772],[-0.612,42.731],[-1.915,43.305],[-3.007,43.55],[-3.417,43.376],[-4.802,43.469],[-5.98,43.705],[-7.151,43.555],[-7.636,43.721],[-9.271,43.049],[-8.644,42.42],[-8.806,41.889]]]},"properties":{"NAME":"Spain","SUBJECTO":"Spain","BORDERPRECISION":3}},
{"type":"Feature","geometry":{"type":"Polygon","coordinates":[[[-8.806,41.889],[-8.694,40.992],[-9.118,39.644],[-9.549,38.775],[-8.854,38.5],[-8.842,37.525],[-8.667,37.121],[-7.836,37.032],[-7.492,37.208],[-7.243,37.811],[-7.394,38.295],[-6.933,38.961],[-7.431,39.521],[-6.878,39.702],[-6.797,41.093],[-6.139,41.526],[-6.709,41.96],[-8.806,41.889]]]},"properties":{"NAME":"Portugal","SUBJECTO":"Portugal","BORDERPRECISION":3}},
{"type":"Feature","geometry":{"type":"Polygon","coordinates":[[[61.221,35.582],[60.787,34.385],[60.419,34.078],[60.853,33.484],[60.54,32.993],[60.794,31.579],[61.694,31.267],[61.779,30.905],[60.82,29.833],[62.369,29.385],[64.089,29.395],[66.091,29.736],[66.467,30.843],[66.921,31.207],[67.57,31.186],[68.243,31.767],[69.053,31.626],[69.508,32.949],[70.289,33.283],[70.03,33.999],[70.792,33.927],[71.154,34.138],[71.097,34.62],[71.659,35.125],[71.325,36.052],[72.373,36.718],[73.786,36.727],[74.521,37.005],[74.733,37.209],[74.137,37.37],[73.047,37.328],[71.848,36.716],[71.303,37.17],[71.444,37.834],[70.719,38.365],[70.022,37.457],[69.308,37.084],[68.707,37.182],[67.856,36.853],[67.515,37.214],[66.677,37.241],[65.725,37.49],[64.826,37.148],[64.541,36.338],[63.117,35.789],[62.678,35.265],[61.221,35.582]]]},"properties":{"NAME":"Afghanistan","SUBJECTO":"Afghanistan","BORDERPRECISION":3}},
{"type":"Feature","geometry":{"type":"MultiPolygon","coordinates":[[[[100.159,6.34],[100.38,5.021],[100.664,3.904],[101.264,3.225],[101.336,2.781],[101.893,2.337],[103.428,1.381],[104.176,1.389],[103.308,3.026],[103.342,4.805],[102.325,6.099],[102.074,6.154],[101.763,5.586],[100.617,6.422],[100.159,6.34]]],[[[114.074,4.455],[113.188,3.615],[112.759,3.009],[111.372,2.599],[110.818,1.244],[109.518,1.821],[109.648,1.464],[110.549,0.726],[110.966,0.913],[111.562,0.764],[112.4,1.43],[113.677,1.145],[114.659,1.596],[115.076,2.399],[115.042,2.736],[115.53,3.171],[115.707,4.157],[117.138,4.153],[117.559,3.981],[118.391,4.374],[118.108,4.939],[118.683,4.915],[119.043,5.17],[118.377,5.639],[117.762,5.58],[117.37,5.789],[117.507,6.393],[116.596,6.899],[116.338,6.358],[115.787,5.74],[115.292,5.454],[115.361,4.876],[114.962,4.877],[115.161,4.309],[114.434,3.998],[114.074,4.455]]]]},"properties":{"NAME":"Malaya","SUBJECTO":"Malaya","BORDERPRECISION":3}},
{"type":"Feature","geometry":{"type":"Polygon","coordinates":[[[146.713,-43.722],[147.391,-43.082],[147.815,-42.965],[148.319,-41.806],[148.27,-41.093],[146.382,-41.308],[144.776,-40.843],[144.936,-41.71],[145.53,-42.345],[145.279,-42.668],[145.723,-43.24],[146.713,-43.722]]]},"properties":{"NAME":null,"SUBJECTO":null,"BORDERPRECISION":3}},
{"type":"Feature","geometry":{"type":"Polygon","coordinates":[[[81.021,30.247],[80.413,29.785],[80.098,28.952],[80.906,28.493],[81.362,28.186],[82.812,27.538],[83.874,27.382],[84.648,27.375],[84.666,27.07],[85.371,26.757],[85.634,26.883],[86.777,26.467],[88.092,26.445],[88.232,26.757],[88.039,27.129],[88.197,27.876],[87.214,27.843],[86.604,28.133],[86.142,27.955],[85.729,28.342],[85.144,28.342],[83.698,29.183],[83.402,29.54],[82.201,30.09],[81.656,30.455],[81.021,30.247]]]},"properties":{"NAME":"Nepal","SUBJECTO":"Nepal","BORDERPRECISION":3}},
{"type":"Feature","geometry":{"type":"Polygon","coordinates":[[[-61.114,10.822],[-61.809,10.725],[-61.536,10.036],[-61.207,10.118],[-61.114,10.822]]]},"properties":{"NAME":"Trinidad","SUBJECTO":"Trinidad","BORDERPRECISION":3}},
{"type":"Feature","geometry":{"type":"Polygon","coordinates":[[[114.962,4.877],[114.074,4.455],[114.434,3.998],[115.161,4.309],[114.962,4.877]]]},"properties":{"NAME":"Brunei","SUBJECTO":"Brunei","BORDERPRECISION":3}},
{"type":"Feature","geometry":{"type":"MultiPolygon","coordinates":[[[[-76.133,44.327],[-74.782,45.012],[-71.535,44.959],[-71.293,45.323],[-70.589,45.295],[-70.077,45.947],[-69.565,46.946],[-69.049,47.464],[-67.996,47.294],[-67.699,47.041],[-67.559,45.772],[-67.187,45.252],[-66.502,45.186],[-64.905,45.463],[-65.749,44.741],[-66.189,44.141],[-65.713,43.56],[-64.835,43.884],[-64.088,44.513],[-63.559,44.513],[-61.032,45.379],[-61.94,45.922],[-62.39,45.722],[-63.843,45.988],[-64.535,46.272],[-64.892,46.912],[-65.213,48.121],[-64.398,48.456],[-64.32,48.947],[-64.952,49.207],[-66.03,49.166],[-68.341,48.546],[-70.599,47.433],[-69.507,48.459],[-68.307,49.227],[-67.318,49.425],[-66.855,50.089],[-66.373,50.314],[-61.64,50.277],[-60.138,50.412],[-59.132,50.836],[-58.524,51.379],[-56.964,51.488],[-55.659,52.187],[-56.11,52.605],[-55.881,53.352],[-57.561,54.131],[-58.077,54.083],[-59.181,53.519],[-60.137,53.684],[-57.515,54.466],[-59.694,55.154],[-60.575,55.071],[-60.468,55.659],[-61.928,56.273],[-61.476,57.104],[-62.186,57.437],[-62.887,58.656],[-64.671,60.181],[-65.555,59.576],[-65.861,58.795],[-66.821,58.388],[-67.772,58.249],[-68.569,58.783],[-69.214,58.748],[-70.028,60.883],[-71.673,61.266],[-71.724,61.547],[-73.395,62.355],[-75.695,62.216],[-77.362,62.517],[-77.985,61.859],[-77.462,61.473],[-78.176,60.742],[-77.507,60.415],[-77.215,59.748],[-77.662,59.574],[-78.337,58.551],[-76.772,57.663],[-76.439,56.81],[-76.569,56.272],[-77.234,55.607],[-78.589,54.922],[-79.545,54.692],[-79.035,53.742],[-78.491,52.256],[-78.797,51.771],[-79.594,51.266],[-80.361,51.304],[-80.877,51.906],[-81.747,52.17],[-81.734,52.549],[-82.341,52.981],[-82.202,54.969],[-83.576,55.223],[-84.468,55.167],[-85.892,55.61],[-87.467,55.912],[-87.914,56.332],[-90,57.178],[-92.483,56.977],[-92.523,57.687],[-93.074,58.551],[-94.684,58.878],[-94.753,59.95],[-94.376,60.795],[-93.423,61.858],[-91.417,62.853],[-90,62.946],[-90,63.609],[-88.377,64.057],[-87.435,64.569],[-87.157,65.06],[-88.171,65.13],[-90,65.768],[-89.509,65.929],[-87.787,65.349],[-85.987,66.163],[-83.139,66.373],[-81.499,67.069],[-81.295,67.499],[-82.178,67.995],[-82.687,68.697],[-81.37,68.722],[-81.48,69.189],[-84.314,69.826],[-85.381,69.695],[-85.4,68.76],[-86.488,67.378],[-87.325,67.169],[-88.324,67.813],[-87.79,68.478],[-88.905,69.228],[-90,69.489],[-92.671,69.742],[-91.658,70.286],[-93.099,70.969],[-93.271,71.559],[-95.411,71.859],[-96.7,70.838],[-96.127,69.941],[-94.037,69.55],[-92.956,69.084],[-96.26,67.315],[-96.208,68.074],[-99.368,67.792],[-101.913,67.705],[-103.583,68.12],[-105.636,68.355],[-107.662,67.963],[-108.095,67.36],[-110.532,67.92],[-112.503,67.693],[-115.562,67.896],[-114.109,68.347],[-115.285,68.892],[-117.832,69.008],[-120.222,69.418],[-122.326,69.884],[-123.803,69.434],[-125.974,69.43],[-127.352,70.38],[-129.013,69.72],[-131.673,69.276],[-132.789,68.709],[-133.72,68.918],[-132.303,69.487],[-135.439,69.526],[-136.203,68.876],[-137.729,69.016],[-140.335,69.623],[-141.059,69.595],[-140.974,66.026],[-140.927,63.786],[-140.895,60.389],[-139.005,60.258],[-138.621,59.778],[-137.223,58.882],[-135.855,59.646],[-134.791,59.214],[-133.503,58.424],[-131.725,56.605],[-130.287,56.107],[-130.003,55.289],[-130.299,54.548],[-130.004,53.938],[-128.889,53.418],[-127.556,52.168],[-127.675,51.245],[-127.247,50.968],[-126.425,51.089],[-126.164,50.752],[-124.939,50.596],[-124.795,50.035],[-123.847,49.663],[-122.9,49.067],[-121.052,49.051],[-117.215,49.058],[-115.165,49.056],[-110.67,49.054],[-108.461,49.059],[-104.262,49.056],[-100.46,49.043],[-96.335,49.039],[-94.82,49.051],[-93.713,48.574],[-92.839,48.515],[-91.682,48.039],[-90,48.249],[-89.622,47.968],[-89.236,48.359],[-88.095,49.005],[-86.384,48.725],[-85.797,47.966],[-85.027,47.94],[-84.442,46.817],[-84.744,46.468],[-83.821,46.15],[-83.614,46.266],[-80.807,45.955],[-80.099,45.396],[-79.918,44.967],[-80.224,44.505],[-81.095,44.799],[-81.719,44.139],[-81.808,43.318],[-82.298,43.029],[-83.056,42.027],[-82.484,41.96],[-81.439,42.587],[-79.05,42.852],[-79.14,43.222],[-79.153,43.772],[-76.876,44.112],[-76.133,44.327]]],[[[-98.878,68.885],[-96.794,68.529],[-95.515,68.809],[-96.182,69.297],[-97.742,69.832],[-98.878,68.885]]],[[[-101.406,72.295],[-100.319,72.14],[-98.939,71.392],[-96.85,71.88],[-96.689,72.817],[-98.394,73.131],[-96.937,73.788],[-99.668,73.919],[-100.914,73.708],[-99.955,73.263],[-101.406,72.295]]],[[[-95.493,73.614],[-95.058,72.283],[-92.001,72.841],[-90,73.591],[-90,74],[-95.069,74.064],[-95.493,73.614]]],[[[-125.645,49.056],[-124.493,48.6],[-123.593,48.635],[-123.861,49.158],[-124.718,49.491],[-125.719,50.409],[-127.848,50.861],[-128.343,50.668],[-127.385,50.05],[-126.961,50.057],[-125.645,49.056]]],[[[-111.726,72.331],[-112.839,72.953],[-114.473,72.625],[-114.647,73.355],[-117.22,72.857],[-118.986,72.034],[-117.314,71.475],[-118.499,71.053],[-117.761,70.722],[-113.764,70.737],[-111.731,70.256],[-115.147,70.273],[-117.568,69.992],[-115.907,69.351],[-113.925,69.249],[-113.152,68.596],[-110.448,68.653],[-107.536,69.057],[-106.854,69.451],[-104.188,68.898],[-101.808,69.136],[-102.198,69.482],[-101.055,70.031],[-103.864,70.701],[-104.595,71.048],[-104.467,71.655],[-105.313,72.65],[-106.523,73.195],[-108.182,73.383],[-108.986,72.73],[-111.726,72.331]]],[[[-125.189,71.928],[-124.072,71.735],[-123.468,71.199],[-120.843,71.53],[-120.454,72.299],[-118.585,72.974],[-115.654,73.633],[-117.336,74.167],[-119.557,74.163],[-121.239,74.58],[-124.909,74.444],[-124.065,73.865],[-125.341,72.969],[-125.189,71.928]]],[[[-114.372,76.47],[-116.296,76.238],[-115.186,75.154],[-112.811,75.416],[-111.367,75.104],[-114.217,74.845],[-112.203,74.5],[-109.07,75.133],[-107.48,75.012],[-105.773,75.23],[-105.917,76.022],[-108.163,76.009],[-109.144,75.714],[-111.386,75.66],[-114.372,76.47]]],[[[-122.636,76.276],[-120.1,75.978],[-118.736,76.938],[-119.696,77.313],[-122.636,76.276]]],[[[-103.512,78.273],[-101.168,78.269],[-99.892,78.658],[-102.569,79.016],[-104.966,78.534],[-103.512,78.273]]],[[[-60.627,47.133],[-61.381,46.331],[-61.025,45.67],[-60.507,45.664],[-59.807,46.081],[-60.584,46.385],[-60.26,46.938],[-60.627,47.133]]],[[[-57.814,49.202],[-58.392,49.037],[-58.652,48.376],[-59.319,47.963],[-59.157,47.67],[-58.091,47.763],[-56.804,47.616],[-56.079,47.865],[-53.896,47.557],[-54.125,47.113],[-53.07,46.731],[-52.729,47.455],[-53.411,48.295],[-54.13,48.836],[-53.509,49.282],[-54.158,49.477],[-55.107,49.279],[-56.662,50.056],[-55.557,51.326],[-56.152,51.47],[-57.356,50.595],[-58.128,49.496],[-57.814,49.202]]],[[[-87.053,63.752],[-85.601,63.748],[-84.655,63.314],[-83.517,64.052],[-82.198,63.69],[-82.11,64.644],[-83.085,64.865],[-85.558,65.864],[-86.243,64.542],[-86.061,64.141],[-87.053,63.752]]],[[[-76.794,68.147],[-77.065,67.329],[-75.77,67.302],[-75.12,68.113],[-76.794,68.147]]],[[[-71.258,63.567],[-71.319,63.061],[-69.559,62.709],[-69.155,62.42],[-65.94,61.79],[-66.332,62.319],[-68.476,63.337],[-68.486,63.737],[-66.496,63.077],[-64.735,63.067],[-64.474,63.744],[-66.193,64.889],[-67.614,65.912],[-67.76,66.373],[-66.913,66.595],[-65.034,65.953],[-64.844,65.378],[-62.845,65.614],[-61.211,66.635],[-62.096,67.017],[-63.933,67.413],[-68.665,68.716],[-66.668,69.186],[-68.043,69.773],[-69.463,69.96],[-68.469,70.56],[-70.293,70.618],[-71.253,71.351],[-72.535,71.629],[-73.275,71.161],[-75.322,72.548],[-77.119,72.711],[-81.027,72.05],[-80.489,73.037],[-81.532,73.688],[-85.254,73.777],[-88.099,73.636],[-89.639,72.782],[-89.997,71.541],[-87.949,71.351],[-87.948,70.385],[-86.373,70.465],[-85.984,70.113],[-82.269,69.86],[-80.713,70.153],[-78.713,70.011],[-79.101,70.655],[-75.552,69.222],[-75.199,68.862],[-73.185,68.296],[-72.305,67.264],[-73.036,66.642],[-74.28,66.06],[-73.42,65.529],[-75.789,65.197],[-77.358,65.376],[-78.127,64.651],[-76.526,64.23],[-74.559,64.78],[-73.164,64.574],[-72.388,63.858],[-71.258,63.567]]],[[[-89.802,75.918],[-90,76.591],[-92.247,76.622],[-92.366,75.421],[-89.698,74.615],[-88.144,74.569],[-80.349,74.616],[-79.495,75.28],[-81.703,75.875],[-83.559,75.905],[-86.618,75.432],[-89.802,75.918]]],[[[-88.64,82.074],[-91.219,81.837],[-89.193,81.096],[-85.192,81.324],[-84.793,80.782],[-80.088,81.022],[-77.521,80.75],[-83.618,80.207],[-86.322,80.114],[-83.911,79.257],[-85.807,78.906],[-87.099,77.281],[-89.247,76.977],[-87.273,76.504],[-82.424,76.471],[-80.814,76.238],[-78.212,76.547],[-78.855,77.374],[-78.367,78.033],[-76.143,78.072],[-74.963,79.122],[-76.254,79.325],[-71.454,79.846],[-66.482,81.303],[-67.585,81.961],[-63.921,82.011],[-62.427,82.634],[-67.696,82.873],[-70.584,83.176],[-76.382,83.152],[-81.523,82.689],[-88.64,82.074]]],[[[-100.619,75.789],[-99.944,75.084],[-98.002,75.162],[-97.817,76.476],[-100.067,76.675],[-101.885,76.333],[-100.619,75.789]]],[[[-88.373,80.226],[-91.016,80.75],[-92.025,81.259],[-95.06,81.031],[-94.25,80.674],[-96.433,79.933],[-92.702,78.434],[-90,78.263],[-87.787,78.725],[-86.997,79.445],[-88.373,80.226]]]]},"properties":{"NAME":"Canada","SUBJECTO":"Canada","BORDERPRECISION":3}},
{"type":"Feature","geometry":{"type":"MultiPolygon","coordinates":[[[[-73.112,-72.749],[-70.021,-72.672],[-68.63,-72.054],[-68.398,-71.127],[-70.33,-68.963],[-71.412,-68.886],[-72.394,-69.261],[-71.798,-69.736],[-72.107,-71.05],[-75.275,-71.668],[-74.348,-72.209],[-71.952,-72.209],[-73.112,-72.749]]],[[[-102.551,-72.131],[-101.16,-72.363],[-97.142,-72.672],[-95.906,-72.363],[-97.22,-71.822],[-101.16,-71.822],[-102.551,-72.131]]],[[[-55.185,-80.94],[-50.162,-80.786],[-44.831,-80.322],[-43.904,-79.781],[-44.213,-78.39],[-45.758,-78.081],[-48.849,-78.081],[-50.858,-78.699],[-51.708,-79.781],[-53.871,-79.936],[-55.185,-80.94]]],[[[-164.058,-79.356],[-160.426,-79.974],[-158.804,-79.665],[-160.735,-79.047],[-162.59,-78.815],[-164.058,-79.356]]],[[[169.769,-83.418],[162.015,-81.66],[160.577,-81.534],[159.315,-80.027],[160.686,-79.114],[163.643,-78.661],[166.753,-78.599],[163.529,-77.74],[162.384,-76.214],[162.823,-75.622],[162.346,-75.107],[163.433,-74.744],[165.189,-74.668],[164.616,-74.172],[168.975,-73.239],[170.729,-71.904],[167.635,-70.865],[162.485,-70.306],[160.599,-70.221],[159.846,-69.829],[157.307,-69.156],[156.148,-69.311],[154.435,-68.95],[151.093,-68.886],[150.893,-68.538],[148.73,-68.306],[148.093,-67.937],[146.875,-67.997],[145.322,-67.575],[145.586,-67.223],[141.157,-66.722],[134.205,-66.18],[130.272,-66.253],[129.422,-66.52],[129.01,-67.03],[126.8,-66.884],[126.412,-66.374],[125.125,-66.787],[122.458,-66.645],[118.286,-67.07],[115.679,-66.414],[114.436,-66.493],[113.959,-65.988],[113.015,-65.763],[110.607,-66.059],[110.568,-66.395],[109.404,-66.71],[107.622,-66.452],[102.631,-65.926],[100.875,-66.079],[99.654,-66.549],[97.114,-66.684],[95.723,-66.529],[90,-66.607],[87.765,-66.749],[87.223,-66.993],[85.523,-66.916],[81.814,-67.302],[78.26,-68.384],[76.869,-69.311],[75.401,-69.466],[72.542,-70.238],[71.924,-70.547],[70.301,-72.015],[69.528,-72.402],[68.215,-72.402],[67.365,-71.706],[68.138,-71.088],[67.513,-70.464],[68.951,-69.889],[69.773,-68.636],[69.374,-67.843],[66.979,-67.843],[63.579,-67.534],[62.806,-67.611],[56.627,-66.942],[55.142,-65.963],[52.452,-65.988],[50.006,-66.588],[48.967,-66.973],[48.848,-67.434],[47.305,-67.775],[44.797,-67.745],[44.184,-68.036],[42.561,-68.113],[41.943,-68.422],[39.647,-68.934],[39.459,-69.701],[38.332,-70.029],[37.299,-69.654],[36.078,-69.591],[33.541,-68.542],[32.748,-69.35],[30.662,-69.736],[23.707,-70.586],[22.548,-70.586],[19.535,-70.161],[17.603,-70.084],[12.658,-70.315],[11.962,-70.702],[10.34,-70.702],[9.413,-70.084],[8.485,-70.084],[0.681,-71.32],[-4.882,-71.281],[-5.732,-70.895],[-7.2,-70.895],[-7.741,-71.668],[-8.823,-71.822],[-9.364,-71.127],[-11.141,-71.59],[-11.828,-72.323],[-14.271,-72.844],[-14.584,-73.178],[-16.396,-73.445],[-17.091,-73.909],[-14.451,-74.065],[-17.168,-74.758],[-18.405,-75.686],[-20.645,-75.918],[-23.582,-75.918],[-30.227,-76.845],[-33.163,-77.386],[-36.408,-78.622],[-36.408,-79.163],[-32.854,-79.317],[-29.568,-79.224],[-28.372,-80.09],[-28.913,-80.476],[-32.931,-80.863],[-38.031,-80.94],[-43.826,-81.79],[-52.249,-82.022],[-55.185,-82.331],[-57.58,-83.026],[-60.207,-82.331],[-67.934,-81.481],[-74.889,-80.708],[-76.643,-80.215],[-76.589,-79.395],[-77.98,-79.086],[-80.22,-79.317],[-82.925,-79.163],[-84.104,-78.649],[-79.139,-78.931],[-78.289,-78.313],[-80.761,-78.236],[-80.687,-77.566],[-74.502,-78.081],[-73.568,-77.481],[-75.816,-77.463],[-78.598,-76.613],[-77.825,-75.995],[-75.932,-76.484],[-70.562,-76.69],[-69.248,-76.381],[-64.457,-75.686],[-63.221,-74.836],[-61.367,-73.909],[-60.826,-72.749],[-61.676,-70.818],[-63.839,-68.654],[-65.153,-68.5],[-65.694,-67.881],[-65.385,-67.341],[-63.839,-66.491],[-62.757,-66.645],[-62.371,-65.795],[-61.135,-64.868],[-59.821,-64.327],[-58.894,-64.327],[-57.271,-63.709],[-58.121,-63.4],[-59.126,-63.863],[-60.207,-63.941],[-61.289,-64.482],[-62.912,-64.713],[-64.225,-65.254],[-65.075,-65.95],[-66.853,-66.8],[-67.703,-66.877],[-67.857,-67.572],[-67.316,-67.804],[-67.084,-68.654],[-67.471,-69.195],[-68.784,-69.813],[-67.084,-71.822],[-67.625,-72.749],[-71.489,-73.368],[-75.584,-73.754],[-78.52,-73.715],[-79.757,-73.174],[-80.993,-73.252],[-81.766,-74.024],[-85.938,-73.484],[-88.565,-73.252],[-90,-73.329],[-93.974,-73.174],[-96.524,-73.329],[-99.788,-72.998],[-101.88,-74.099],[-100.559,-74.466],[-100.045,-75.31],[-105.642,-75.068],[-106.801,-75.377],[-109.196,-75.145],[-110.557,-75.303],[-113.238,-74.321],[-118.778,-74.604],[-120.169,-74.527],[-123.569,-74.836],[-127.123,-74.681],[-128.978,-74.913],[-133.536,-74.797],[-134.773,-74.643],[-140.568,-75.261],[-144.509,-75.724],[-146.672,-76.111],[-146.146,-77.457],[-147.986,-77.347],[-149.995,-77.733],[-154.167,-77.115],[-158.031,-77.27],[-158.185,-77.811],[-156.022,-78.352],[-154.554,-79.124],[-151.772,-79.201],[-148.604,-79.665],[-145.668,-80.515],[-148.836,-81.365],[-154.477,-81.056],[-154.554,-82.138],[-152.081,-82.601],[-153.31,-83.942],[-152.004,-84.379],[-138.817,-85.013],[-148.759,-85.074],[-156.563,-85.46],[-160.504,-85.383],[-167.226,-84.765],[-173.871,-84.456],[-178.43,-84.456],[-180,-84.322],[-180,-85.322],[-180,-86.322],[-180,-87.322],[-180,-88.322],[-180,-89.322],[-180,-90],[-179.204,-90],[-178.204,-90],[-177.204,-90],[-176.204,-90],[-175.204,-90],[-174.204,-90],[-173.204,-90],[-172.204,-90],[-171.204,-90],[-170.204,-90],[-169.204,-90],[-168.204,-90],[-167.204,-90],[-166.204,-90],[-165.204,-90],[-164.204,-90],[-163.204,-90],[-162.204,-90],[-161.204,-90],[-160.204,-90],[-159.204,-90],[-158.204,-90],[-157.204,-90],[-156.204,-90],[-155.204,-90],[-154.204,-90],[-153.204,-90],[-152.204,-90],[-151.204,-90],[-150.204,-90],[-149.204,-90],[-148.204,-90],[-147.204,-90],[-146.204,-90],[-145.204,-90],[-144.204,-90],[-143.204,-90],[-142.204,-90],[-141.204,-90],[-140.204,-90],[-139.204,-90],[-138.204,-90],[-137.204,-90],[-136.204,-90],[-135.204,-90],[-134.204,-90],[-133.204,-90],[-132.204,-90],[-131.204,-90],[-130.204,-90],[-129.204,-90],[-128.204,-90],[-127.204,-90],[-126.204,-90],[-125.204,-90],[-124.204,-90],[-123.204,-90],[-122.204,-90],[-121.204,-90],[-120.204,-90],[-119.204,-90],[-118.204,-90],[-117.204,-90],[-116.204,-90],[-115.204,-90],[-114.204,-90],[-113.204,-90],[-112.204,-90],[-111.204,-90],[-110.204,-90],[-109.204,-90],[-108.204,-90],[-107.204,-90],[-106.204,-90],[-105.204,-90],[-104.204,-90],[-103.204,-90],[-102.204,-90],[-101.204,-90],[-100.204,-90],[-99.204,-90],[-98.204,-90],[-97.204,-90],[-96.204,-90],[-95.204,-90],[-94.204,-90],[-93.204,-90],[-92.204,-90],[-91.204,-90],[-90,-90],[-89.204,-90],[-88.204,-90],[-87.204,-90],[-86.204,-90],[-85.204,-90],[-84.204,-90],[-83.204,-90],[-82.204,-90],[-81.204,-90],[-80.204,-90],[-79.204,-90],[-78.204,-90],[-77.204,-90],[-76.204,-90],[-75.204,-90],[-74.204,-90],[-73.204,-90],[-72.204,-90],[-71.204,-90],[-70.204,-90],[-69.204,-90],[-68.204,-90],[-67.204,-90],[-66.204,-90],[-65.204,-90],[-64.204,-90],[-63.204,-90],[-62.204,-90],[-61.204,-90],[-60.204,-90],[-59.204,-90],[-58.204,-90],[-57.204,-90],[-56.204,-90],[-55.204,-90],[-54.204,-90],[-53.204,-90],[-52.204,-90],[-51.204,-90],[-50.204,-90],[-49.204,-90],[-48.204,-90],[-47.204,-90],[-46.204,-90],[-45.204,-90],[-44.204,-90],[-43.204,-90],[-42.204,-90],[-41.204,-90],[-40.204,-90],[-39.204,-90],[-38.204,-90],[-37.204,-90],[-36.204,-90],[-35.204,-90],[-34.204,-90],[-33.204,-90],[-32.204,-90],[-31.204,-90],[-30.204,-90],[-29.204,-90],[-28.204,-90],[-27.204,-90],[-26.204,-90],[-25.204,-90],[-24.204,-90],[-23.204,-90],[-22.204,-90],[-21.204,-90],[-20.204,-90],[-19.204,-90],[-18.204,-90],[-17.204,-90],[-16.204,-90],[-15.204,-90],[-14.204,-90],[-13.204,-90],[-12.204,-90],[-11.204,-90],[-10.204,-90],[-9.204,-90],[-8.204,-90],[-7.204,-90],[-6.204,-90],[-5.204,-90],[-4.204,-90],[-3.204,-90],[-2.204,-90],[-1.204,-90],[-0.204,-90],[0.778,-90],[1.778,-90],[2.778,-90],[3.778,-90],[4.778,-90],[5.778,-90],[6.778,-90],[7.778,-90],[8.778,-90],[9.778,-90],[10.778,-90],[11.778,-90],[12.778,-90],[13.778,-90],[14.778,-90],[15.778,-90],[16.778,-90],[17.778,-90],[18.778,-90],[19.778,-90],[20.778,-90],[21.778,-90],[22.778,-90],[23.778,-90],[24.778,-90],[25.778,-90],[26.778,-90],[27.778,-90],[28.778,-90],[29.778,-90],[30.778,-90],[31.778,-90],[32.778,-90],[33.778,-90],[34.778,-90],[35.778,-90],[36.778,-90],[37.778,-90],[38.778,-90],[39.778,-90],[40.778,-90],[41.778,-90],[42.778,-90],[43.778,-90],[44.778,-90],[45.778,-90],[46.778,-90],[47.778,-90],[48.778,-90],[49.778,-90],[50.778,-90],[51.778,-90],[52.778,-90],[53.778,-90],[54.778,-90],[55.778,-90],[56.778,-90],[57.778,-90],[58.778,-90],[59.778,-90],[60.778,-90],[61.778,-90],[62.778,-90],[63.778,-90],[64.778,-90],[65.778,-90],[66.778,-90],[67.778,-90],[68.778,-90],[69.778,-90],[70.778,-90],[71.778,-90],[72.778,-90],[73.778,-90],[74.778,-90],[75.778,-90],[76.778,-90],[77.778,-90],[78.778,-90],[79.778,-90],[80.778,-90],[81.778,-90],[82.778,-90],[83.778,-90],[84.778,-90],[85.778,-90],[86.778,-90],[87.778,-90],[88.778,-90],[89.778,-90],[89.796,-90],[90,-90],[91.778,-90],[92.778,-90],[93.778,-90],[94.778,-90],[95.778,-90],[96.778,-90],[97.778,-90],[98.778,-90],[99.778,-90],[100.778,-90],[101.778,-90],[102.778,-90],[103.778,-90],[104.778,-90],[105.778,-90],[106.778,-90],[107.778,-90],[108.778,-90],[109.778,-90],[110.778,-90],[111.778,-90],[112.778,-90],[113.778,-90],[114.778,-90],[115.778,-90],[116.778,-90],[117.778,-90],[118.778,-90],[119.778,-90],[120.778,-90],[121.778,-90],[122.778,-90],[123.778,-90],[124.778,-90],[125.778,-90],[126.778,-90],[127.778,-90],[128.778,-90],[129.778,-90],[130.778,-90],[131.778,-90],[132.778,-90],[133.778,-90],[134.778,-90],[135.778,-90],[136.778,-90],[137.778,-90],[138.778,-90],[139.778,-90],[140.778,-90],[141.778,-90],[142.778,-90],[143.778,-90],[144.778,-90],[145.778,-90],[146.778,-90],[147.778,-90],[148.778,-90],[149.778,-90],[150.778,-90],[151.778,-90],[152.778,-90],[153.778,-90],[154.778,-90],[155.778,-90],[156.778,-90],[157.778,-90],[158.778,-90],[159.778,-90],[160.778,-90],[161.778,-90],[162.778,-90],[163.778,-90],[164.778,-90],[165.778,-90],[166.778,-90],[167.778,-90],[168.778,-90],[169.778,-90],[170.778,-90],[171.778,-90],[172.778,-90],[173.778,-90],[174.778,-90],[175.778,-90],[176.778,-90],[177.778,-90],[178.778,-90],[180,-90],[180,-89.319],[180,-88.319],[180,-87.319],[180,-86.319],[180,-85.319],[180,-84.34],[169.769,-83.418]]]]},"properties":{"NAME":null,"SUBJECTO":null,"BORDERPRECISION":3}},
{"type":"Feature","geometry":{"type":"MultiPolygon","coordinates":[[[[5.824,49.507],[4.22,50.242],[2.875,50.682],[2.522,51.091],[1.589,50.822],[1.275,50.004],[0.189,49.681],[0.033,49.334],[-1.892,49.526],[-1.591,48.638],[-2.791,48.59],[-3.091,48.872],[-4.35,48.391],[-3.955,47.904],[-2.005,47.043],[-2.13,46.851],[-1.075,46.015],[-1.561,43.524],[-1.915,43.305],[-0.612,42.731],[0.744,42.772],[2.363,42.293],[3.087,42.369],[3.068,42.945],[4.078,43.487],[5.829,43.021],[6.523,43.151],[7.397,43.764],[6.923,43.815],[6.943,44.869],[5.935,45.322],[5.941,46.176],[6.058,46.616],[6.866,47.31],[7.507,47.604],[7.729,48.616],[8.158,48.978],[6.954,49.202],[6.433,49.445],[5.824,49.507]]],[[[9.432,42.794],[8.609,42.487],[8.727,41.561],[9.173,41.35],[9.453,42.048],[9.432,42.794]]]]},"properties":{"NAME":"France","SUBJECTO":"France","BORDERPRECISION":3}},
{"type":"Feature","geometry":{"type":"MultiPolygon","coordinates":[[[[14.076,42.634],[13.415,42.364],[13.979,41.335],[13.761,41.207],[15.666,40.092],[16.083,39.012],[15.627,38.004],[16.053,37.931],[17.095,38.915],[17.149,39.422],[16.532,39.698],[17.084,40.525],[17.85,40.243],[18.034,40.597],[15.991,41.406],[16.013,41.904],[14.922,41.972],[14.076,42.634]]],[[[14.942,36.739],[15.387,38.206],[13.81,37.966],[13.322,38.221],[12.454,37.766],[14.942,36.739]]]]},"properties":{"NAME":"Kingdom of the Two Sicilies","SUBJECTO":"Kingdom of the Two Sicilies","BORDERPRECISION":3}},
{"type":"Feature","geometry":{"type":"Polygon","coordinates":[[[8.158,48.978],[8.31,49.553],[7.645,49.98],[6.999,49.657],[6.954,49.202],[8.158,48.978]]]},"properties":{"NAME":"Palatinate","SUBJECTO":"Palatinate","BORDERPRECISION":3}},
{"type":"Feature","geometry":{"type":"Polygon","coordinates":[[[8.594,47.889],[8.682,47.97],[8.512,48.112],[8.594,47.889]]]},"properties":{"NAME":"Hohenzollern","SUBJECTO":"Hohenzollern","BORDERPRECISION":3}},
{"type":"Feature","geometry":{"type":"Polygon","coordinates":[[[7.507,47.604],[8.635,47.779],[8.594,47.889],[8.512,48.112],[8.368,48.487],[9.638,49.294],[9.075,49.377],[8.31,49.553],[8.158,48.978],[7.729,48.616],[7.507,47.604]]]},"properties":{"NAME":"Baden","SUBJECTO":"Baden","BORDERPRECISION":3}},
{"type":"Feature","geometry":{"type":"Polygon","coordinates":[[[15.009,51.056],[14.715,51.411],[12.627,51.611],[12.065,51.023],[11.842,50.327],[12.252,50.216],[13.233,50.664],[15.009,51.056]]]},"properties":{"NAME":"Saxony","SUBJECTO":"Saxony","BORDERPRECISION":3}},
{"type":"Feature","geometry":{"type":"Polygon","coordinates":[[[9.91,50.502],[10.132,50.329],[10.233,50.493],[9.91,50.502]]]},"properties":{"NAME":"Prussia","SUBJECTO":"Prussia","BORDERPRECISION":3}},
{"type":"Feature","geometry":{"type":"Polygon","coordinates":[[[11.258,50.699],[11.343,50.506],[11.448,50.497],[11.427,50.655],[11.258,50.699]]]},"properties":{"NAME":"Prussia","SUBJECTO":"Prussia","BORDERPRECISION":3}},
{"type":"Feature","geometry":{"type":"MultiPolygon","coordinates":[[[[10.894,53.884],[10.723,53.611],[10.913,53.432],[10.96,53.898],[10.894,53.884]]],[[[12.836,52.942],[13.725,53.281],[13.256,53.572],[12.836,52.942]]]]},"properties":{"NAME":"Mecklenburg-Strelitz","SUBJECTO":"Mecklenburg-Strelitz","BORDERPRECISION":3}},
{"type":"Feature","geometry":{"type":"Polygon","coordinates":[[[8.31,49.553],[9.075,49.377],[8.824,50.229],[8.415,50.077],[7.737,50.141],[7.645,49.98],[8.31,49.553]]]},"properties":{"NAME":"Grand Duchy of Hesse","SUBJECTO":"Grand Duchy of Hesse","BORDERPRECISION":3}},
{"type":"Feature","geometry":{"type":"Polygon","coordinates":[[[8.415,50.077],[8.364,50.146],[8.402,50.272],[8.366,50.639],[8.169,50.797],[7.737,50.141],[8.415,50.077]]]},"properties":{"NAME":"Nassau","SUBJECTO":"Nassau","BORDERPRECISION":3}},
{"type":"Feature","geometry":{"type":"Polygon","coordinates":[[[8.402,50.272],[8.412,50.61],[8.366,50.639],[8.402,50.272]]]},"properties":{"NAME":"Wetzlar","SUBJECTO":"Wetzlar","BORDERPRECISION":3}},
{"type":"Feature","geometry":{"type":"Polygon","coordinates":[[[8.535,51.079],[8.715,50.949],[8.864,51.257],[8.535,51.079]]]},"properties":{"NAME":"Waldeck","SUBJECTO":"Waldeck","BORDERPRECISION":3}},
{"type":"Feature","geometry":{"type":"Polygon","coordinates":[[[8.833,52.16],[9.173,51.625],[9.192,51.801],[8.833,52.16]]]},"properties":{"NAME":"Lippe-Detmold","SUBJECTO":"Lippe-Detmold","BORDERPRECISION":3}},
{"type":"Feature","geometry":{"type":"Polygon","coordinates":[[[9.173,51.625],[9.161,51.544],[9.351,51.598],[10.151,51.637],[10.211,51.663],[9.192,51.801],[9.173,51.625]]]},"properties":{"NAME":"Brunswick","SUBJECTO":"Brunswick","BORDERPRECISION":3}},
{"type":"Feature","geometry":{"type":"Polygon","coordinates":[[[10.162,51.472],[10.47,51.489],[10.55,51.575],[10.18,51.596],[10.162,51.472]]]},"properties":{"NAME":"Brunswick","SUBJECTO":"Brunswick","BORDERPRECISION":3}},
{"type":"Feature","geometry":{"type":"Polygon","coordinates":[[[10.47,51.489],[10.765,51.444],[10.973,51.584],[10.55,51.575],[10.47,51.489]]]},"properties":{"NAME":"Anhalt","SUBJECTO":"Anhalt","BORDERPRECISION":3}},
{"type":"Feature","geometry":{"type":"Polygon","coordinates":[[[10.913,53.432],[11.081,52.971],[11.817,53.216],[12.836,52.942],[13.256,53.572],[12.463,54.255],[10.96,53.898],[10.913,53.432]]]},"properties":{"NAME":"Mecklenburg-Schwerin","SUBJECTO":"Mecklenburg-Schwerin","BORDERPRECISION":3}},
{"type":"Feature","geometry":{"type":"Polygon","coordinates":[[[12.065,51.023],[11.303,51.216],[9.929,51.105],[9.694,50.505],[10.118,50.065],[10.868,49.961],[11.842,50.327],[12.065,51.023]],[[9.91,50.502],[10.233,50.493],[10.132,50.329],[9.91,50.502]],[[11.258,50.699],[11.427,50.655],[11.448,50.497],[11.343,50.506],[11.258,50.699]]]},"properties":{"NAME":"Thuringia","SUBJECTO":"Thuringia","BORDERPRECISION":3}},
{"type":"Feature","geometry":{"type":"Polygon","coordinates":[[[10.894,53.884],[10.884,53.882],[10.662,53.685],[10.723,53.611],[10.894,53.884]]]},"properties":{"NAME":"Lübeck","SUBJECTO":"Lübeck","BORDERPRECISION":3}},
{"type":"Feature","geometry":{"type":"Polygon","coordinates":[[[10.884,53.882],[10.771,53.931],[10.577,53.885],[10.662,53.685],[10.884,53.882]]]},"properties":{"NAME":"Oldenburg","SUBJECTO":"Oldenburg","BORDERPRECISION":3}},
{"type":"Feature","geometry":{"type":"Polygon","coordinates":[[[9.351,51.598],[9.649,51.308],[10.162,51.472],[10.18,51.596],[10.151,51.637],[9.351,51.598]]]},"properties":{"NAME":"Hanover","SUBJECTO":"Hanover","BORDERPRECISION":3}},
{"type":"Feature","geometry":{"type":"Polygon","coordinates":[[[8.364,50.146],[8.86,50.278],[8.412,50.61],[8.402,50.272],[8.364,50.146]]]},"properties":{"NAME":"Grand Duchy of Hesse","SUBJECTO":"Grand Duchy of Hesse","BORDERPRECISION":3}},
{"type":"Feature","geometry":{"type":"Polygon","coordinates":[[[8.824,50.229],[9.694,50.505],[9.929,51.105],[9.649,51.308],[9.351,51.598],[9.161,51.544],[8.864,51.257],[8.715,50.949],[8.535,51.079],[8.169,50.797],[8.366,50.639],[8.412,50.61],[8.86,50.278],[8.364,50.146],[8.415,50.077],[8.824,50.229]]]},"properties":{"NAME":"Electoral Hesse","SUBJECTO":"Electoral Hesse","BORDERPRECISION":3}},
{"type":"Feature","geometry":{"type":"Polygon","coordinates":[[[7.875,53.634],[7.689,52.63],[8.32,52.392],[8.66,53.027],[8.558,53.158],[8.502,53.449],[7.875,53.634]]]},"properties":{"NAME":"Oldenburg","SUBJECTO":"Oldenburg","BORDERPRECISION":3}},
{"type":"Feature","geometry":{"type":"Polygon","coordinates":[[[8.66,53.027],[8.744,53.085],[8.558,53.158],[8.66,53.027]]]},"properties":{"NAME":"Bremen","SUBJECTO":"Bremen","BORDERPRECISION":3}},
{"type":"Feature","geometry":{"type":"Polygon","coordinates":[[[8.516,53.761],[8.562,53.745],[8.586,53.793],[8.516,53.761]]]},"properties":{"NAME":"Cuxhaven","SUBJECTO":"Cuxhaven","BORDERPRECISION":3}},
{"type":"Feature","geometry":{"type":"Polygon","coordinates":[[[8.884,54.229],[10.142,54.337],[9.496,54.938],[8.616,54.887],[8.884,54.229]]]},"properties":{"NAME":"Schleswig","SUBJECTO":"Schleswig","BORDERPRECISION":3}},
{"type":"Feature","geometry":{"type":"Polygon","coordinates":[[[10.723,53.611],[10.662,53.685],[10.577,53.885],[9.943,53.6],[10.023,53.455],[9.752,53.503],[9.125,53.79],[8.586,53.793],[8.562,53.745],[8.516,53.761],[8.502,53.449],[8.558,53.158],[8.744,53.085],[8.66,53.027],[8.32,52.392],[7.689,52.63],[7.875,53.634],[7.16,53.164],[7.068,52.273],[7.904,52.037],[8.787,52.365],[8.85,52.195],[8.833,52.16],[9.192,51.801],[10.211,51.663],[10.511,51.882],[10.528,52.737],[11.081,52.971],[10.913,53.432],[10.723,53.611]]]},"properties":{"NAME":"Hanover","SUBJECTO":"Hanover","BORDERPRECISION":3}},
{"type":"Feature","geometry":{"type":"Polygon","coordinates":[[[10.771,53.931],[10.142,54.337],[8.884,54.229],[9.125,53.79],[9.752,53.503],[9.943,53.6],[10.577,53.885],[10.771,53.931]]]},"properties":{"NAME":"Holstein","SUBJECTO":"Holstein","BORDERPRECISION":3}},
{"type":"Feature","geometry":{"type":"Polygon","coordinates":[[[9.943,53.6],[9.752,53.503],[10.023,53.455],[9.943,53.6]]]},"properties":{"NAME":"Hamburg","SUBJECTO":"Hamburg","BORDERPRECISION":3}},
{"type":"Feature","geometry":{"type":"Polygon","coordinates":[[[11.059,51.557],[11.803,51.565],[12.161,51.84],[11.934,52.093],[11.059,51.557]]]},"properties":{"NAME":"Anhalt","SUBJECTO":"Anhalt","BORDERPRECISION":3}},
{"type":"Feature","geometry":{"type":"Polygon","coordinates":[[[8.787,52.365],[8.77,52.242],[8.85,52.195],[8.787,52.365]]]},"properties":{"NAME":"Schaumburg-Lippe","SUBJECTO":"Schaumburg-Lippe","BORDERPRECISION":3}},
{"type":"Feature","geometry":{"type":"Polygon","coordinates":[[[6.433,49.445],[6.954,49.202],[6.999,49.657],[7.645,49.98],[7.737,50.141],[8.169,50.797],[8.535,51.079],[8.864,51.257],[9.161,51.544],[9.173,51.625],[8.833,52.16],[8.85,52.195],[8.77,52.242],[8.787,52.365],[7.904,52.037],[7.068,52.273],[6.825,51.956],[5.979,51.804],[6.222,51.389],[6.01,50.759],[6.109,50.117],[6.433,49.445]]]},"properties":{"NAME":"Prussia","SUBJECTO":"Prussia","BORDERPRECISION":3}},
{"type":"Feature","geometry":{"type":"Polygon","coordinates":[[[-1.081,32.454],[0.873,31.986],[6.269,31.873],[8.021,33.02],[7.581,34.041],[8.218,34.585],[8.272,36.323],[8.637,36.885],[7.913,36.775],[7.307,37.061],[6.923,36.818],[6.047,36.842],[5.144,36.668],[3.741,36.837],[3.324,36.651],[1.058,36.462],[0.199,36.033],[-1.147,35.629],[-1.495,35.234],[-2.193,35.054],[-1.738,34.605],[-1.681,33.258],[-1.081,32.454]]]},"properties":{"NAME":"Algiers","SUBJECTO":"Algiers","BORDERPRECISION":3}},
{"type":"Feature","geometry":{"type":"Polygon","coordinates":[[[8.021,33.02],[10.413,33.631],[10.019,34.081],[10.839,34.801],[11.125,35.241],[10.509,36.214],[10.133,37.105],[9.416,37.275],[8.637,36.885],[8.272,36.323],[8.218,34.585],[7.581,34.041],[8.021,33.02]]]},"properties":{"NAME":"Tunis","SUBJECTO":"Tunis","BORDERPRECISION":3}},
{"type":"Feature","geometry":{"type":"Polygon","coordinates":[[[34.464,9.747],[36.53,9.731],[38.938,9.72],[39.456,10.367],[39.068,12.697],[39.003,14.427],[38.255,14.392],[37.72,14.802],[36.812,14.249],[36.477,14.266],[36.23,13.249],[35.879,13.103],[35.098,11.793],[34.755,10.813],[34.426,10.728],[34.464,9.747]]]},"properties":{"NAME":"Ethiopia","SUBJECTO":"Ethiopia","BORDERPRECISION":3}},
{"type":"Feature","geometry":{"type":"Polygon","coordinates":[[[23.161,-9.951],[24.314,-9.997],[24.914,-9.721],[25.421,-8.522],[25.329,-7.922],[25.052,-7.692],[23.899,-7.738],[23.53,-7.922],[23.161,-8.568],[23.161,-9.951]]]},"properties":{"NAME":"Lunda","SUBJECTO":"Lunda","BORDERPRECISION":3}},
{"type":"Feature","geometry":{"type":"Polygon","coordinates":[[[18.901,-9.943],[19.359,-10.9],[20.063,-10.418],[19.841,-9.714],[19.359,-9.603],[18.901,-9.943]]]},"properties":{"NAME":"Imbangala","SUBJECTO":"Imbangala","BORDERPRECISION":3}},
{"type":"Feature","geometry":{"type":"Polygon","coordinates":[[[16.843,14.328],[16.71,14.68],[15.148,14.396],[14.533,13.781],[12.734,14.491],[11.598,14.065],[12.497,12.219],[15.811,11.982],[16.843,14.328]]]},"properties":{"NAME":"Bornu-Kanem","SUBJECTO":"Bornu-Kanem","BORDERPRECISION":3}},
{"type":"Feature","geometry":{"type":"Polygon","coordinates":[[[11.598,14.065],[7.16,16.039],[2.5,15.447],[1.464,13.672],[2.722,9.604],[4.719,7.681],[8.861,8.199],[12.189,7.311],[13.299,7.755],[13.669,8.273],[13.003,9.826],[12.497,12.219],[11.598,14.065]]]},"properties":{"NAME":"Fulani Empire","SUBJECTO":"Fulani Empire","BORDERPRECISION":3}},
{"type":"Feature","geometry":{"type":"Polygon","coordinates":[[[-13.164,8.851],[-13.212,8.347],[-12.274,7.631],[-12.264,7.351],[-11.465,6.844],[-11.046,7.309],[-11.464,8.633],[-13.031,9.002],[-13.164,8.851]]]},"properties":{"NAME":"Sierra Leone","SUBJECTO":"Sierra Leone","BORDERPRECISION":3}},
{"type":"Feature","geometry":{"type":"Polygon","coordinates":[[[34.146,31.209],[33.558,30.968],[32.077,31.014],[31.717,31.388],[30.996,31.469],[30.099,31.232],[29.249,30.754],[27.763,31.183],[26.143,31.491],[25.258,31.438],[26.005,30.708],[29.426,22.664],[31.645,21.277],[32.662,21],[35.251,21.369],[36.8,21.915],[36.29,22.572],[35.746,22.914],[35.19,24.4],[33.929,26.564],[33.354,27.91],[32.649,28.766],[32.318,29.54],[32.648,29.852],[33.331,28.551],[34.058,27.79],[34.322,27.829],[34.549,28.732],[34.936,29.418],[34.146,31.209]]]},"properties":{"NAME":"Egypt","SUBJECTO":"Egypt","BORDERPRECISION":3}},
{"type":"Feature","geometry":{"type":"Polygon","coordinates":[[[12.117,32.879],[12.413,32.464],[14.725,30.245],[15.649,30.523],[18.885,30.221],[17.422,30.996],[15.843,31.285],[15.01,32.363],[14.157,32.679],[12.117,32.879]]]},"properties":{"NAME":"Tripolitania","SUBJECTO":"Tripolitania","BORDERPRECISION":3}},
{"type":"Feature","geometry":{"type":"Polygon","coordinates":[[[19.319,30.255],[20.365,30.338],[21.197,31.077],[22.122,31.077],[23.742,32.064],[23.153,32.139],[22.543,32.722],[21.673,32.816],[20.366,32.298],[19.942,31.611],[20.117,30.957],[19.319,30.255]]]},"properties":{"NAME":"Cyrenaica","SUBJECTO":"Cyrenaica","BORDERPRECISION":3}},
{"type":"Feature","geometry":{"type":"Polygon","coordinates":[[[41.812,21.713],[41.799,23.113],[42.417,25.09],[43.899,25.954],[46.987,25.584],[49.704,24.41],[49.395,26.078],[48.469,26.695],[47.439,28.829],[46.509,28.97],[46.905,29.438],[45.87,29.856],[44.839,29.993],[44.083,30.337],[40.029,34.391],[39.342,34.597],[38.036,34.597],[37.212,33.566],[36.525,31.162],[36.593,29.787],[37.364,27.957],[38.814,24.841],[40.648,24.153],[41.07,22.263],[41.812,21.713]]]},"properties":{"NAME":null,"SUBJECTO":null,"BORDERPRECISION":3}},
{"type":"Feature","geometry":{"type":"Polygon","coordinates":[[[56.282,25.462],[56.113,25.218],[56.113,24.304],[56.381,23.821],[57.617,22.155],[57.617,21.511],[57.241,20.812],[57.348,20.114],[57.839,19.035],[57.806,20.172],[58.512,20.421],[58.861,21.114],[59.837,22.279],[59.254,22.729],[58.628,23.458],[58.081,23.502],[57.146,23.982],[56.405,24.82],[56.282,25.462]]]},"properties":{"NAME":"Oman","SUBJECTO":"Oman","BORDERPRECISION":3}},
{"type":"Feature","geometry":{"type":"Polygon","coordinates":[[[49.704,24.41],[46.987,25.584],[43.899,25.954],[42.417,25.09],[41.799,23.113],[41.812,21.713],[41.923,20.767],[43.595,20.06],[45.368,18.61],[51.761,19.953],[53.051,20.382],[53.373,20.758],[53.266,21.833],[53.051,22.155],[51.654,22.585],[50.955,23.283],[50.569,23.854],[49.704,24.41]]]},"properties":{"NAME":"Nejd","SUBJECTO":"Nejd","BORDERPRECISION":3}},
{"type":"Feature","geometry":{"type":"Polygon","coordinates":[[[46.878,13.474],[46.711,13.936],[46.335,14.097],[45.261,13.828],[44.509,14.097],[43.488,16.622],[42.764,16.645],[42.796,15.47],[43.384,13.565],[43.303,13.241],[43.841,12.664],[44.964,12.825],[45.826,13.405],[46.878,13.474]]]},"properties":{"NAME":"Yemen","SUBJECTO":"Yemen","BORDERPRECISION":3}},
{"type":"Feature","geometry":{"type":"Polygon","coordinates":[[[50.569,23.854],[50.955,23.283],[51.654,22.585],[53.051,22.155],[53.266,21.833],[53.373,20.758],[53.051,20.382],[51.761,19.953],[45.368,18.61],[43.595,20.06],[41.923,20.767],[40.82,19.685],[41.629,18.047],[42.009,17.737],[42.764,16.645],[43.488,16.622],[44.509,14.097],[45.261,13.828],[46.335,14.097],[46.711,13.936],[46.878,13.474],[48.036,14.045],[48.96,14.219],[49.334,14.633],[51.313,15.247],[52.135,15.687],[52.238,16.1],[52.894,16.61],[54.084,17.019],[54.911,16.97],[55.195,17.149],[55.561,17.937],[56.258,17.977],[56.739,18.689],[57.839,19.035],[57.348,20.114],[57.241,20.812],[57.617,21.511],[57.617,22.155],[56.381,23.821],[56.113,24.304],[56.113,25.218],[56.282,25.462],[56.015,25.772],[55.457,25.42],[54.347,24.154],[53.687,23.987],[52.383,24.108],[51.586,24.003],[51.288,24.411],[51.559,24.816],[51.587,25.609],[51.069,25.945],[50.847,25.265],[50.968,24.436],[50.569,23.854]]]},"properties":{"NAME":null,"SUBJECTO":null,"BORDERPRECISION":3}},
{"type":"Feature","geometry":{"type":"Polygon","coordinates":[[[48.554,29.995],[48.946,30.388],[49.321,30.103],[50.132,30.066],[50.705,29.401],[51.35,28.036],[52.41,27.581],[52.891,27.052],[54.065,26.701],[54.646,26.391],[55.425,26.963],[55.9,27.105],[56.79,26.974],[57.255,25.793],[57.9,25.541],[58.744,25.536],[59.031,25.308],[60.48,25.298],[61.344,25.027],[63.404,25.165],[64.059,25.401],[64.425,25.173],[66.621,25.317],[66.702,24.752],[67.771,25.808],[67.61,26.668],[67.663,27.85],[68.362,28.28],[69.275,28.387],[69.32,28.935],[69.045,29.43],[69.053,31.626],[68.243,31.767],[67.57,31.186],[66.921,31.207],[66.467,30.843],[66.091,29.736],[64.089,29.395],[62.369,29.385],[60.82,29.833],[61.779,30.905],[61.694,31.267],[60.794,31.579],[60.54,32.993],[60.853,33.484],[60.419,34.078],[60.787,34.385],[61.221,35.582],[61.014,36.637],[60.346,36.607],[59.24,37.448],[58.095,37.728],[57.225,38.188],[56.517,38.261],[55.356,38.038],[54.467,37.396],[54.015,37.348],[53.8,36.679],[51.796,36.432],[50.561,36.686],[50.039,37.225],[48.837,37.511],[48.825,38.31],[49.339,39.283],[49.807,40.581],[48.5,41.929],[47.565,43.008],[47.493,43.583],[47.249,42.785],[48.224,41.471],[47.35,41.442],[46.042,42.049],[44.978,42.772],[43.957,42.591],[42.878,41.546],[43.847,40.75],[43.812,40.014],[44.448,39.96],[44.082,39.295],[44.205,37.867],[44.795,37.132],[45.388,35.926],[46.211,35.784],[46.184,35.058],[45.671,34.617],[45.506,33.797],[46.508,32.812],[47.793,31.797],[47.689,30.882],[48.554,29.995]]]},"properties":{"NAME":"Persia","SUBJECTO":"Persia","BORDERPRECISION":3}},
{"type":"Feature","geometry":{"type":"Polygon","coordinates":[[[103.621,14.411],[102.936,14.15],[102.36,13.508],[102.752,12.398],[102.612,12.096],[103.04,10.898],[103.67,10.766],[104.387,10.314],[105.494,10.888],[106.09,11.006],[105.843,11.583],[107.385,12.354],[107.515,13.422],[107.31,13.878],[107.387,14.557],[106.841,14.316],[106.511,14.541],[106.046,14.387],[105.862,13.972],[105.127,14.221],[103.621,14.411]]]},"properties":{"NAME":"Cambodia","SUBJECTO":"Cambodia","BORDERPRECISION":3}},
{"type":"Feature","geometry":{"type":"Polygon","coordinates":[[[104.387,10.314],[104.979,9.981],[104.742,8.494],[105.503,9.029],[106.482,9.552],[106.704,10.448],[106.09,11.006],[105.494,10.888],[104.387,10.314]]]},"properties":{"NAME":"Cochin China","SUBJECTO":"Cochin China","BORDERPRECISION":3}},
{"type":"Feature","geometry":{"type":"Polygon","coordinates":[[[106.09,11.006],[106.704,10.448],[107.412,10.367],[108.164,10.966],[108.696,11.145],[109.073,11.635],[109.068,12.487],[109.307,12.906],[109.071,14.17],[108.786,15.091],[108.499,15.363],[108.236,16.08],[107.809,16.283],[106.433,17.55],[106.364,18.007],[105.533,18.844],[105.843,19.702],[106.381,20.11],[106.807,20.905],[107.876,21.462],[107.098,21.649],[106.507,22.325],[106.588,22.929],[105.941,22.931],[105.313,23.296],[104.478,22.783],[103.397,22.707],[102.985,22.47],[102.57,22.69],[101.968,22.534],[102.691,21.668],[102.993,20.94],[103.607,20.683],[104.129,20.94],[104.716,20.2],[103.899,19.313],[104.812,18.722],[105.413,18.084],[106.638,16.484],[107.108,16.17],[107.1,15.668],[107.463,14.997],[107.387,14.557],[107.31,13.878],[107.515,13.422],[107.385,12.354],[105.843,11.583],[106.09,11.006]]]},"properties":{"NAME":"Annam","SUBJECTO":"Annam","BORDERPRECISION":3}},
{"type":"Feature","geometry":{"type":"Polygon","coordinates":[[[47.391,11.159],[46.721,8.427],[45.357,6.853],[45.252,5.804],[45.941,3.502],[46.225,2.552],[47.556,3.993],[48.472,5.201],[48.95,5.99],[49.046,6.416],[50.211,8.351],[50.779,9.368],[50.887,10.277],[51.13,10.71],[51.181,11.777],[50.697,11.948],[50.081,11.476],[49.304,11.246],[48.534,11.333],[47.996,11.116],[47.391,11.159]]]},"properties":{"NAME":"Somalia","SUBJECTO":"Somalia","BORDERPRECISION":3}},
{"type":"Feature","geometry":{"type":"Polygon","coordinates":[[[45.941,3.502],[43.888,2.026],[41.055,-0.597],[38.746,-3.955],[38.222,-6.158],[38.904,-10.775],[40.524,-10.55],[39.658,-9.796],[39.392,-8.735],[39.478,-7.998],[39.27,-7.801],[39.566,-7.044],[38.922,-6.34],[38.934,-5.635],[39.267,-4.776],[40.234,-3.192],[40.271,-2.817],[40.75,-2.593],[42.44,-0.512],[43.724,0.8],[44.567,1.463],[45.541,1.967],[46.225,2.552],[45.941,3.502]]]},"properties":{"NAME":"Zanzibar","SUBJECTO":"Zanzibar","BORDERPRECISION":3}},
{"type":"Feature","geometry":{"type":"Polygon","coordinates":[[[38.904,-10.775],[39.533,-12.244],[39.743,-13.713],[39.638,-15.287],[39.219,-15.707],[37.645,-16.021],[36.386,-16.966],[35.546,-16.966],[34.287,-15.916],[33.343,-15.707],[33.972,-16.651],[34.812,-17.595],[34.917,-18.33],[34.182,-18.54],[33.972,-18.959],[34.077,-20.009],[34.497,-23.261],[35.297,-23.825],[35.531,-22.458],[35.261,-22.274],[34.699,-20.572],[34.726,-19.86],[35.915,-19.032],[37.275,-17.713],[39.471,-16.717],[40.386,-15.736],[40.849,-14.579],[40.599,-14.401],[40.603,-13.531],[40.366,-12.991],[40.527,-12.584],[40.311,-11.345],[40.524,-10.55],[38.904,-10.775]]]},"properties":{"NAME":"Portuguese East Africa","SUBJECTO":"Portuguese East Africa","BORDERPRECISION":3}},
{"type":"Feature","geometry":{"type":"Polygon","coordinates":[[[77.492,41.056],[78.111,41.073],[78.871,41.679],[80.109,42],[80.211,42.808],[80.772,43.382],[80.433,44.075],[80.237,45.123],[81.69,45.357],[82.425,45.167],[82.44,45.735],[83.252,47.295],[84.336,47.054],[85.478,47.093],[85.749,47.445],[85.609,48.1],[85.954,48.486],[86.762,48.653],[86.783,48.992],[89.796,49.816],[90,50.307],[92.16,50.755],[93.323,50.621],[94.21,51.32],[93.567,52.349],[91.124,52.477],[84.437,50.548],[81.479,50.291],[78.65,50.806],[77.058,52.233],[75.463,51.663],[71.884,51.742],[66.531,50.637],[72.952,45.034],[76.737,43.364],[73.777,42.975],[74.893,42.69],[76.979,41.72],[77.492,41.056]],[[78.823,46.795],[78.89,46.37],[78.161,46.319],[76.238,46.555],[74.888,46.377],[74.278,46.004],[73.646,46.15],[74.625,46.752],[75.826,46.818],[77.266,46.611],[78.476,46.625],[78.823,46.795]]]},"properties":{"NAME":"central Asian khanates","SUBJECTO":"central Asian khanates","BORDERPRECISION":3}},
{"type":"Feature","geometry":{"type":"Polygon","coordinates":[[[91.608,27.641],[92.546,27.92],[93.051,28.418],[94.572,29.201],[95.309,29.002],[95.929,29.38],[96.455,28.881],[96.255,28.385],[97.34,28.182],[98.009,28.091],[98.216,27.546],[98.637,27.479],[98.734,26.343],[98.382,25.63],[97.524,24.8],[97.695,23.88],[98.137,24.099],[98.769,24.09],[98.985,23.151],[99.484,23.021],[99.156,22.308],[99.755,22.127],[100.321,21.464],[100.945,21.55],[101.238,21.26],[101.753,21.472],[101.535,22.138],[101.968,22.534],[102.57,22.69],[102.985,22.47],[103.397,22.707],[104.478,22.783],[105.313,23.296],[105.941,22.931],[106.588,22.929],[106.507,22.325],[107.098,21.649],[107.876,21.462],[109.117,21.399],[109.608,21.057],[109.928,20.245],[110.434,20.436],[110.077,20.867],[111.086,21.479],[112.75,21.756],[113.717,22.482],[114.537,22.675],[116.341,22.913],[116.404,23.199],[117.406,23.69],[118.813,24.849],[119.47,25.772],[119.429,26.591],[119.857,26.706],[120.352,27.177],[121.009,28.277],[121.359,28.386],[121.77,29.834],[121.391,29.922],[121.035,30.595],[121.569,30.71],[121.606,31.828],[120.661,32.543],[119.974,34.135],[119.021,34.692],[119.06,35.041],[119.689,35.545],[120.139,36.195],[120.855,36.584],[121.847,36.86],[121.434,37.337],[120.658,37.736],[119.599,37.117],[118.955,37.077],[118.875,37.949],[117.589,38.284],[117.44,38.603],[117.753,39.203],[118.275,39],[118.978,39.224],[119.385,39.843],[120.273,40.152],[121.011,40.851],[121.754,40.737],[122.108,40.354],[121.239,39.554],[122.027,39.256],[123.039,39.672],[124.134,39.843],[124.491,40.28],[125.879,40.945],[126.474,41.652],[127.423,41.356],[128.098,41.449],[127.984,42.108],[128.756,42.061],[130.226,42.651],[131.14,43.227],[130.991,44.817],[131.74,45.259],[132.778,44.988],[133.385,45.649],[134.165,47.335],[134.717,47.694],[134.112,48.249],[132.269,47.778],[130.925,47.732],[130.476,48.9],[127.712,49.699],[126.676,51.445],[126.186,52.518],[125.509,53.157],[124.643,53.112],[123.353,53.51],[121.188,53.32],[120.564,52.614],[120.746,52.007],[120.129,51.733],[119.182,50.702],[119.291,50.125],[117.491,49.586],[116.566,50.006],[115.734,49.864],[114.856,50.226],[114.098,50.274],[112.524,49.462],[110.2,49.241],[109.424,49.296],[107.549,49.827],[106.323,50.417],[105.155,50.443],[103.681,50.166],[102.639,50.456],[102.117,51.361],[101.011,51.672],[98.918,52.037],[97.61,52.148],[97.319,52.826],[95.866,53.796],[95.187,53.796],[93.567,52.349],[94.21,51.32],[93.323,50.621],[92.16,50.755],[90,50.307],[89.796,49.816],[86.783,48.992],[86.762,48.653],[85.954,48.486],[85.609,48.1],[85.749,47.445],[85.478,47.093],[84.336,47.054],[83.252,47.295],[82.44,45.735],[82.425,45.167],[81.69,45.357],[80.237,45.123],[80.433,44.075],[80.772,43.382],[80.211,42.808],[80.109,42],[78.871,41.679],[78.111,41.073],[77.492,41.056],[77.02,41.112],[76.482,40.437],[75.856,40.312],[75.43,40.61],[73.827,39.784],[73.858,38.542],[74.58,38.59],[75.01,37.466],[74.733,37.209],[74.521,37.005],[75.628,36.769],[75.89,36.023],[76.815,35.56],[77.846,35.243],[78.144,34.547],[78.509,34.498],[78.625,33.504],[79.447,33.2],[79.565,32.702],[78.782,32.002],[79.109,31.459],[81.021,30.247],[81.656,30.455],[82.201,30.09],[83.402,29.54],[83.698,29.183],[85.144,28.342],[85.729,28.342],[86.142,27.955],[86.604,28.133],[87.214,27.843],[88.197,27.876],[88.731,27.866],[88.803,27.181],[89.366,27.876],[90,28.053],[91.152,28.032],[91.608,27.641]]]},"properties":{"NAME":"Manchu Empire","SUBJECTO":"Manchu Empire","BORDERPRECISION":3}},
{"type":"Feature","geometry":{"type":"Polygon","coordinates":[[[-2.193,35.054],[-4.593,35.151],[-5.929,35.728],[-6.511,34.454],[-7.004,33.875],[-8.314,33.338],[-9.219,32.58],[-9.318,31.964],[-9.813,31.289],[-9.663,29.955],[-10.339,29.146],[-8.593,28.641],[-8.284,28.783],[-4.95,28.857],[-1.714,28.394],[-1.344,29.042],[-1.714,30.059],[-1.081,32.454],[-1.681,33.258],[-1.738,34.605],[-2.193,35.054]]]},"properties":{"NAME":"Morocco","SUBJECTO":"Morocco","BORDERPRECISION":3}},
{"type":"Feature","geometry":{"type":"MultiPolygon","coordinates":[[[[-50.476,-1.679],[-49.347,-1.645],[-48.886,-1.421],[-48.402,-0.391],[-50.501,-0.262],[-50.611,-1.438],[-50.476,-1.679]]],[[[-58.575,6.984],[-58.617,7.499],[-59.834,8.44],[-60.957,8.587],[-61.29,8.771],[-60.793,9.388],[-61.531,9.851],[-62.385,10.014],[-62.925,10.369],[-62.703,10.757],[-64.068,10.627],[-64.884,10.136],[-65.376,10.154],[-66.478,10.679],[-67.98,10.542],[-68.302,10.726],[-68.695,11.38],[-69.748,11.533],[-71.098,11.12],[-71.496,10.646],[-71.089,9.919],[-71.044,9.392],[-71.605,9.092],[-72.114,9.904],[-71.688,10.769],[-71.988,11.608],[-71.189,11.912],[-71.698,12.428],[-72.38,11.81],[-73.362,11.325],[-74.219,11.368],[-75.45,10.628],[-75.703,9.426],[-76.158,9.311],[-76.764,8.693],[-76.858,7.93],[-77.678,8.961],[-78.266,9.386],[-79.5,9.638],[-80.124,9.224],[-80.962,8.865],[-82.23,9.047],[-82.56,9.583],[-82.907,9.519],[-82.807,8.57],[-82.957,8.047],[-82.384,8.321],[-81.664,8.165],[-81.562,7.824],[-80.814,7.27],[-80.406,7.299],[-80.051,7.732],[-80.403,8.059],[-79.717,8.883],[-79.068,9.034],[-78.184,8.413],[-78.265,7.886],[-77.897,7.172],[-77.4,6.67],[-77.5,5.514],[-77.267,4.739],[-77.445,4.179],[-77.106,3.792],[-77.802,2.577],[-78.468,2.467],[-78.492,1.921],[-79.062,1.678],[-78.984,1.297],[-80.086,0.818],[-80.109,0.049],[-80.339,-0.663],[-80.966,-1.033],[-80.754,-1.452],[-80.741,-2.119],[-80.357,-2.728],[-79.762,-2.797],[-80.229,-3.471],[-80.259,-4.414],[-79.692,-4.461],[-79.286,-5.012],[-77.405,-4.333],[-77.339,-4.795],[-75.691,-5.058],[-75.493,-4.663],[-74.985,-4.782],[-74.605,-4.36],[-73.888,-4.571],[-73.592,-4.444],[-73.255,-3.6],[-72.875,-3.389],[-71.736,-3.642],[-71.061,-3.938],[-70.207,-3.808],[-69.901,-4.379],[-69.363,-4.135],[-69.231,-3.476],[-67.978,-3.41],[-67.253,-2.553],[-66.66,-2.817],[-67.055,0.941],[-66.655,0.987],[-66.126,0.64],[-65.599,0.987],[-65.356,0.562],[-64.732,1.189],[-64.19,1.396],[-63.876,1.881],[-63.327,2.062],[-60.516,2.19],[-59.625,1.734],[-58.853,1.154],[-57.9,1.594],[-57.879,2.849],[-58.582,5],[-58.575,6.984]],[[-77.254,-2.759],[-77.9,-3.113],[-78.392,-2.913],[-78.562,-2.129],[-77.854,-1.667],[-77.254,-2.098],[-77.254,-2.759]]]]},"properties":{"NAME":"Vice-Royalty of New Granada","SUBJECTO":"Spain","BORDERPRECISION":3}},
{"type":"Feature","geometry":{"type":"Polygon","coordinates":[[[-57.9,1.594],[-57.134,1.902],[-55.794,1.725],[-56.069,2.181],[-54.861,2.481],[-54.388,2.261],[-53.977,3.357],[-54.366,4.69],[-53.837,5.689],[-54.57,5.964],[-55.81,5.999],[-55.911,5.776],[-56.746,6.003],[-57.065,5.837],[-57.414,6.351],[-58.006,6.789],[-58.575,6.984],[-58.582,5],[-57.879,2.849],[-57.9,1.594]]]},"properties":{"NAME":"Guiana","SUBJECTO":"Netherlands","BORDERPRECISION":3}},
{"type":"Feature","geometry":{"type":"Polygon","coordinates":[[[-69.901,-4.379],[-70.549,-4.267],[-71.434,-4.52],[-72.769,-5.145],[-73.192,-6.081],[-73.062,-6.519],[-73.779,-7.045],[-73.842,-7.579],[-72.916,-9.041],[-66.474,-9.915],[-65.309,-9.816],[-65.273,-11.366],[-64.261,-12.472],[-63.605,-12.512],[-62.654,-13.034],[-62.079,-13.101],[-61.627,-13.625],[-61.111,-13.591],[-60.363,-13.904],[-60.213,-15.853],[-60.032,-16.329],[-58.333,-16.37],[-58.402,-17.133],[-57.877,-17.479],[-57.596,-18.043],[-57.777,-19.168],[-58.138,-19.812],[-55.134,-24.057],[-54.554,-23.857],[-54.219,-24.121],[-54.597,-25.204],[-54.58,-25.743],[-53.942,-25.663],[-53.616,-26.271],[-53.731,-27.218],[-54.755,-27.694],[-55.646,-28.455],[-57.105,-29.886],[-56.415,-30.453],[-55.874,-31.174],[-55.441,-30.975],[-55.082,-31.411],[-53.894,-32.046],[-53.236,-32.937],[-53.567,-33.403],[-53.406,-33.879],[-52.351,-32.675],[-52.042,-31.557],[-51.445,-31.015],[-51.232,-30.265],[-50.582,-30.416],[-49.546,-29.157],[-48.937,-28.698],[-48.564,-27.681],[-48.603,-26.677],[-48.775,-26.385],[-48.516,-25.876],[-48.725,-25.426],[-48.125,-25.291],[-47.886,-24.985],[-46.206,-23.883],[-45.459,-23.856],[-44.561,-22.99],[-42.967,-23.031],[-41.958,-22.921],[-41.929,-22.546],[-40.984,-22.086],[-40.933,-21.279],[-40.14,-19.975],[-39.691,-19.409],[-39.801,-18.748],[-39.666,-18.227],[-39.142,-17.775],[-39.208,-17.146],[-38.948,-16.002],[-39.126,-14.325],[-38.799,-12.627],[-38.266,-12.887],[-37.637,-11.951],[-37.187,-10.845],[-36.829,-10.736],[-35.599,-9.628],[-35.114,-8.661],[-34.891,-7.612],[-35.039,-6.653],[-35.464,-5.268],[-37.181,-4.954],[-38.786,-3.604],[-39.722,-3.009],[-40.231,-2.851],[-41.103,-2.974],[-42.316,-2.818],[-43.334,-2.432],[-44.222,-2.777],[-44.796,-1.736],[-45.371,-1.757],[-45.643,-1.363],[-46.928,-0.928],[-47.237,-0.68],[-48.043,-0.816],[-48.39,-1.414],[-49.221,-2.108],[-49.622,-1.925],[-50.643,-1.882],[-50.977,-1.114],[-52.022,-1.568],[-51.529,-0.429],[-50.647,0.272],[-49.884,1.214],[-49.969,1.728],[-50.409,1.823],[-50.688,2.216],[-51.209,4.071],[-51.71,4.228],[-52.098,4.692],[-53.027,5.427],[-53.837,5.689],[-54.366,4.69],[-53.977,3.357],[-54.388,2.261],[-54.861,2.481],[-56.069,2.181],[-55.794,1.725],[-57.134,1.902],[-57.9,1.594],[-58.853,1.154],[-59.625,1.734],[-60.516,2.19],[-63.327,2.062],[-63.876,1.881],[-64.19,1.396],[-64.732,1.189],[-65.356,0.562],[-65.599,0.987],[-66.126,0.64],[-66.655,0.987],[-67.055,0.941],[-66.66,-2.817],[-67.253,-2.553],[-67.978,-3.41],[-69.231,-3.476],[-69.363,-4.135],[-69.901,-4.379]]]},"properties":{"NAME":"Viceroyalty of Brazil","SUBJECTO":"Portugal","BORDERPRECISION":3}},
{"type":"Feature","geometry":{"type":"Polygon","coordinates":[[[-58.138,-19.812],[-62.61,-22.157],[-61.24,-23.616],[-60.641,-23.987],[-59.811,-24.217],[-59.077,-24.715],[-57.71,-25.336],[-58.277,-26.381],[-58.072,-27.193],[-56.779,-27.395],[-56.163,-27.245],[-55.732,-27.452],[-54.817,-26.558],[-54.58,-25.743],[-54.597,-25.204],[-54.219,-24.121],[-54.554,-23.857],[-55.134,-24.057],[-58.138,-19.812]]]},"properties":{"NAME":"Paraguay","SUBJECTO":"Paraguay","BORDERPRECISION":3}},
{"type":"Feature","geometry":{"type":"Polygon","coordinates":[[[-80.229,-3.471],[-81.304,-4.332],[-81.418,-4.675],[-80.876,-5.589],[-80.612,-6.37],[-80.066,-6.756],[-79.06,-8.216],[-77.759,-10.659],[-77.707,-11.256],[-77.336,-11.509],[-76.238,-13.502],[-76.242,-14.106],[-75.231,-15.222],[-74.05,-16.045],[-73.283,-16.367],[-71.612,-17.221],[-71.365,-17.697],[-70.584,-18.083],[-70.209,-19.067],[-70.111,-21.748],[-70.292,-22.987],[-70.573,-23.166],[-70.398,-25.249],[-70.683,-25.77],[-70.655,-26.259],[-70.935,-27.727],[-71.142,-27.995],[-71.43,-29.1],[-71.234,-29.519],[-71.695,-30.854],[-71.416,-32.753],[-71.75,-33.191],[-71.616,-33.706],[-72.167,-34.958],[-72.629,-35.646],[-73.144,-37.156],[-73.673,-37.501],[-73.435,-37.902],[-73.441,-38.628],[-73.194,-39.565],[-73.759,-40.243],[-73.905,-40.839],[-73.594,-41.697],[-72.587,-41.618],[-71.805,-41.574],[-71.86,-40.748],[-71.363,-39.029],[-70.844,-38.727],[-71.153,-37.811],[-71.095,-36.805],[-70.391,-36.165],[-70.48,-35.358],[-69.849,-34.256],[-69.84,-33.761],[-70.505,-31.689],[-70.26,-30.716],[-69.852,-30.359],[-69.951,-29.356],[-69.581,-28.529],[-68.823,-27.267],[-68.254,-26.978],[-68.544,-26.535],[-68.348,-26.198],[-68.562,-25.437],[-68.393,-24.604],[-67.258,-24.083],[-66.972,-23.141],[-67.189,-22.984],[-66.146,-21.923],[-65.638,-22.168],[-64.756,-22.163],[-64.249,-22.878],[-63.784,-22.074],[-62.61,-22.157],[-58.138,-19.812],[-57.777,-19.168],[-57.596,-18.043],[-57.877,-17.479],[-58.402,-17.133],[-58.333,-16.37],[-60.032,-16.329],[-60.213,-15.853],[-60.363,-13.904],[-61.111,-13.591],[-61.627,-13.625],[-62.079,-13.101],[-62.654,-13.034],[-63.605,-12.512],[-64.261,-12.472],[-65.273,-11.366],[-65.309,-9.816],[-66.474,-9.915],[-72.916,-9.041],[-73.842,-7.579],[-73.779,-7.045],[-73.062,-6.519],[-73.192,-6.081],[-72.769,-5.145],[-71.434,-4.52],[-70.549,-4.267],[-69.901,-4.379],[-70.207,-3.808],[-71.061,-3.938],[-71.736,-3.642],[-72.875,-3.389],[-73.255,-3.6],[-73.592,-4.444],[-73.888,-4.571],[-74.605,-4.36],[-74.985,-4.782],[-75.493,-4.663],[-75.691,-5.058],[-77.339,-4.795],[-77.405,-4.333],[-79.286,-5.012],[-79.692,-4.461],[-80.259,-4.414],[-80.229,-3.471]]]},"properties":{"NAME":"Vice-Royalty of Peru","SUBJECTO":"Spain","BORDERPRECISION":3}},
{"type":"Feature","geometry":{"type":"Polygon","coordinates":[[[-54.58,-25.743],[-54.817,-26.558],[-55.732,-27.452],[-56.163,-27.245],[-56.779,-27.395],[-58.072,-27.193],[-58.277,-26.381],[-57.71,-25.336],[-59.077,-24.715],[-59.811,-24.217],[-60.641,-23.987],[-61.24,-23.616],[-62.61,-22.157],[-63.784,-22.074],[-64.249,-22.878],[-64.756,-22.163],[-65.638,-22.168],[-66.146,-21.923],[-67.189,-22.984],[-66.972,-23.141],[-67.258,-24.083],[-68.393,-24.604],[-68.562,-25.437],[-68.348,-26.198],[-68.544,-26.535],[-68.254,-26.978],[-68.823,-27.267],[-69.581,-28.529],[-69.951,-29.356],[-69.852,-30.359],[-70.26,-30.716],[-70.505,-31.689],[-69.84,-33.761],[-69.849,-34.256],[-70.48,-35.358],[-70.391,-36.165],[-71.095,-36.805],[-71.153,-37.811],[-70.844,-38.727],[-71.363,-39.029],[-71.86,-40.748],[-71.805,-41.574],[-70.75,-41.003],[-69.951,-40.971],[-69.773,-40.438],[-69.3,-40.379],[-68.827,-39.728],[-66.282,-40.261],[-64.98,-40.083],[-64.921,-40.557],[-64.211,-40.557],[-62.731,-41.05],[-62.289,-40.675],[-62.466,-40.368],[-62.068,-39.556],[-62.351,-39.333],[-62.31,-38.88],[-61.361,-39.031],[-59.515,-38.875],[-57.809,-38.386],[-56.698,-36.944],[-56.8,-36.543],[-57.294,-36.27],[-57.372,-36.149],[-57.226,-35.436],[-58.523,-34.587],[-57.348,-34.508],[-56.338,-34.995],[-55.383,-34.816],[-54.622,-34.922],[-54.074,-34.648],[-53.406,-33.879],[-53.567,-33.403],[-53.236,-32.937],[-53.894,-32.046],[-55.082,-31.411],[-55.441,-30.975],[-55.874,-31.174],[-56.415,-30.453],[-57.105,-29.886],[-55.646,-28.455],[-54.755,-27.694],[-53.731,-27.218],[-53.616,-26.271],[-53.942,-25.663],[-54.58,-25.743]]]},"properties":{"NAME":"United Provinces of La Plata","SUBJECTO":"Spain","BORDERPRECISION":3}},
{"type":"Feature","geometry":{"type":"MultiPolygon","coordinates":[[[[-65.781,-47.712],[-65.839,-47.868],[-66.078,-48.142],[-67.578,-49.059],[-67.833,-49.968],[-69.041,-50.562],[-69.115,-51.352],[-69.077,-51.499],[-69.041,-50.562],[-67.833,-49.968],[-67.578,-49.059],[-66.078,-48.142],[-65.839,-47.868],[-65.781,-47.712],[-65.713,-47.354],[-65.781,-47.712]]],[[[-65.627,-44.723],[-65.27,-44.258],[-65.307,-43.601],[-64.309,-43.027],[-65.307,-43.601],[-65.27,-44.258],[-65.627,-44.723]]]]},"properties":{"NAME":null,"SUBJECTO":null,"BORDERPRECISION":3}},
{"type":"Feature","geometry":{"type":"MultiPolygon","coordinates":[[[[-70.498,-54.923],[-70.721,-54.937],[-70.498,-54.923],[-69.861,-54.774],[-69.672,-54.774],[-69.214,-54.934],[-67.153,-54.91],[-66.622,-55.07],[-65.259,-54.719],[-66.622,-55.07],[-67.153,-54.91],[-69.672,-54.774],[-69.861,-54.774],[-70.498,-54.923]]],[[[-72.212,-52.572],[-72.559,-52.573],[-71.678,-52.644],[-72.212,-52.572]]],[[[-74.297,-47.761],[-74.538,-47.787],[-73.36,-47.974],[-74.297,-47.761]]],[[[-73.138,-45.344],[-73.335,-45.28],[-73.047,-45.376],[-73.138,-45.344]]]]},"properties":{"NAME":null,"SUBJECTO":null,"BORDERPRECISION":3}},
{"type":"Feature","geometry":{"type":"Polygon","coordinates":[[[92.51,22.11],[92.598,21.387],[92.124,20.996],[92.403,20.614],[93.334,20.025],[94.054,19.061],[94.42,18.141],[94.465,17.643],[95.164,17.643],[95.362,18.038],[94.702,20.016],[93.318,21.73],[92.51,22.11]]]},"properties":{"NAME":"Arakan","SUBJECTO":"Arakan","BORDERPRECISION":3}},
{"type":"Feature","geometry":{"type":"Polygon","coordinates":[[[10.856,45.051],[10.66,45.807],[10.396,46.887],[9.885,46.403],[9.009,46.041],[8.637,46.117],[8.45,45.519],[9.131,45.121],[10.393,45.026],[10.856,45.051]]]},"properties":{"NAME":"Lombardy","SUBJECTO":"Austrian Empire","BORDERPRECISION":3}},
{"type":"Feature","geometry":{"type":"Polygon","coordinates":[[[10.856,45.051],[11.17,45.067],[12.053,45.021],[12.378,44.732],[12.28,45.402],[13.8,45.566],[13.535,45.801],[13.569,46.51],[11.74,46.752],[11.908,46.414],[10.66,45.807],[10.856,45.051]]]},"properties":{"NAME":"Venetia","SUBJECTO":"Austrian Empire","BORDERPRECISION":3}},
{"type":"Feature","geometry":{"type":"Polygon","coordinates":[[[9.131,45.121],[9.572,44.437],[9.978,44.407],[10.056,44.38],[10.127,44.357],[10.393,45.026],[9.131,45.121]]]},"properties":{"NAME":"Parma","SUBJECTO":"Austrian Empire","BORDERPRECISION":3}},
{"type":"Feature","geometry":{"type":"Polygon","coordinates":[[[7.397,43.764],[8.672,44.417],[9.825,44.153],[9.878,44.29],[9.572,44.437],[9.131,45.121],[8.45,45.519],[8.637,46.117],[6.955,45.939],[6.807,46.394],[6.384,46.342],[5.941,46.176],[5.935,45.322],[6.943,44.869],[6.923,43.815],[7.397,43.764]]]},"properties":{"NAME":"Kingdom of Sardinia","SUBJECTO":"Kingdom of Sardinia","BORDERPRECISION":3}},
{"type":"Feature","geometry":{"type":"Polygon","coordinates":[[[14.076,42.634],[13.601,43.535],[12.697,43.935],[12.378,44.732],[12.053,45.021],[11.17,45.067],[11.202,44.143],[11.854,44.357],[12.302,43.278],[11.96,42.007],[12.977,41.371],[13.761,41.207],[13.979,41.335],[13.415,42.364],[14.076,42.634]],[[12.404,43.956],[12.504,43.99],[12.488,43.897],[12.404,43.956]]]},"properties":{"NAME":"Papal States","SUBJECTO":"Papal States","BORDERPRECISION":3}},
{"type":"Feature","geometry":{"type":"Polygon","coordinates":[[[9.572,44.437],[9.878,44.29],[9.978,44.407],[9.572,44.437]]]},"properties":{"NAME":"Pontremoli","SUBJECTO":"Pontremoli","BORDERPRECISION":3}},
{"type":"Feature","geometry":{"type":"Polygon","coordinates":[[[10.056,44.38],[10.037,44.292],[10.141,44.219],[10.172,44.312],[10.127,44.357],[10.056,44.38]]]},"properties":{"NAME":"Fivizzano","SUBJECTO":"Fivizzano","BORDERPRECISION":3}},
{"type":"Feature","geometry":{"type":"Polygon","coordinates":[[[10.338,43.596],[10.692,44.091],[10.41,43.937],[10.261,43.745],[10.338,43.596]]]},"properties":{"NAME":"Lucca","SUBJECTO":"Lucca","BORDERPRECISION":3}},
{"type":"Feature","geometry":{"type":"Polygon","coordinates":[[[11.202,44.143],[10.692,44.091],[10.338,43.596],[10.743,42.851],[11.96,42.007],[12.302,43.278],[11.854,44.357],[11.202,44.143]]]},"properties":{"NAME":"Tuscany","SUBJECTO":"Tuscany","BORDERPRECISION":3}},
{"type":"Feature","geometry":{"type":"Polygon","coordinates":[[[10.393,45.026],[10.127,44.357],[10.172,44.312],[10.141,44.219],[10.037,44.292],[10.056,44.38],[9.978,44.407],[9.878,44.29],[9.825,44.153],[10.155,43.881],[10.41,43.937],[10.692,44.091],[11.202,44.143],[11.17,45.067],[10.856,45.051],[10.393,45.026]]]},"properties":{"NAME":"Modena","SUBJECTO":"Austrian Empire","BORDERPRECISION":3}},
{"type":"Feature","geometry":{"type":"Polygon","coordinates":[[[10.41,43.937],[10.155,43.881],[10.261,43.745],[10.41,43.937]]]},"properties":{"NAME":"Massa","SUBJECTO":"Massa","BORDERPRECISION":3}},
{"type":"Feature","geometry":{"type":"Polygon","coordinates":[[[9.638,49.294],[9.722,48.355],[9.464,47.649],[9.665,47.556],[11.17,47.424],[12.7,47.69],[12.694,48.129],[13.947,48.655],[13.745,48.94],[12.536,49.563],[12.252,50.216],[11.842,50.327],[10.868,49.961],[10.118,50.065],[9.694,50.505],[8.824,50.229],[9.075,49.377],[9.638,49.294]]]},"properties":{"NAME":"Bavaria","SUBJECTO":"Bavaria","BORDERPRECISION":3}},
{"type":"Feature","geometry":{"type":"Polygon","coordinates":[[[8.594,47.889],[8.635,47.779],[8.983,47.68],[9.118,47.679],[9.216,47.671],[9.464,47.649],[9.722,48.355],[9.638,49.294],[8.368,48.487],[8.512,48.112],[8.682,47.97],[8.594,47.889]]]},"properties":{"NAME":"Württemberg","SUBJECTO":"Württemberg","BORDERPRECISION":3}},
{"type":"Feature","geometry":{"type":"Polygon","coordinates":[[[91.162,26.75],[90,26.36],[90,25.966],[91.434,26.098],[91.566,24.346],[91.478,24.084],[92.047,23.69],[93.429,24.078],[94.185,23.936],[94.701,24.949],[94.635,25.374],[95.058,25.884],[95.182,26.558],[96.297,27.243],[97.064,27.133],[97.014,27.584],[97.34,28.182],[96.255,28.385],[96.455,28.881],[95.929,29.38],[95.309,29.002],[94.572,29.201],[93.051,28.418],[92.546,27.92],[91.608,27.641],[91.999,27.193],[91.909,26.805],[91.162,26.75]]]},"properties":{"NAME":"Assam","SUBJECTO":"Assam","BORDERPRECISION":3}},
{"type":"Feature","geometry":{"type":"Polygon","coordinates":[[[97.34,28.182],[97.014,27.584],[97.064,27.133],[96.297,27.243],[95.182,26.558],[95.058,25.884],[94.635,25.374],[94.701,24.949],[94.185,23.936],[93.429,24.078],[92.047,23.69],[92.529,22.595],[92.51,22.11],[93.318,21.73],[94.702,20.016],[95.362,18.038],[95.164,17.643],[94.465,17.643],[94.144,16.006],[94.819,16.21],[95.33,15.678],[95.714,16.155],[96.469,16.513],[96.882,17.346],[97.573,16.445],[97.823,14.616],[98.486,13.112],[98.738,11.435],[98.398,10.564],[98.593,10.12],[99.581,11.889],[99.098,12.972],[99.003,13.886],[98.487,14.372],[98.137,15.19],[98.58,15.472],[98.476,16.005],[98.824,16.318],[98.393,17.084],[97.788,17.575],[97.706,18.051],[97.275,18.504],[97.372,20.78],[97.773,21.366],[98.196,21.608],[97.695,23.88],[97.524,24.8],[98.382,25.63],[98.734,26.343],[98.637,27.479],[98.216,27.546],[98.009,28.091],[97.34,28.182]]]},"properties":{"NAME":"Burma","SUBJECTO":"Burma","BORDERPRECISION":3}},
{"type":"Feature","geometry":{"type":"Polygon","coordinates":[[[88.803,27.181],[88.731,27.866],[88.197,27.876],[88.039,27.129],[88.232,26.757],[88.868,26.908],[88.803,27.181]]]},"properties":{"NAME":"Sikkim (Indian princely state)","SUBJECTO":"Sikkim (Indian princely state)","BORDERPRECISION":3}},
{"type":"Feature","geometry":{"type":"Polygon","coordinates":[[[80.906,28.493],[80.796,27.889],[80.181,27.205],[80.523,26.11],[81.959,25.289],[82.712,25.221],[83.327,25.905],[83.874,27.382],[82.812,27.538],[81.362,28.186],[80.906,28.493]]]},"properties":{"NAME":"Oudh","SUBJECTO":"Oudh","BORDERPRECISION":3}},
{"type":"Feature","geometry":{"type":"Polygon","coordinates":[[[75.24,14.155],[75.001,14.049],[75.561,12.508],[76.478,11.736],[76.92,11.045],[77.166,11.446],[77.836,11.908],[78.606,12.248],[78.787,12.769],[78.391,13.04],[77.632,13.199],[76.795,13.187],[76.399,14.025],[75.815,13.919],[75.24,14.155]]]},"properties":{"NAME":"Mysore (Indian princely state)","SUBJECTO":"Mysore (Indian princely state)","BORDERPRECISION":3}},
{"type":"Feature","geometry":{"type":"Polygon","coordinates":[[[76.294,9.985],[76.704,8.706],[77.341,8.053],[77.848,8.233],[77.446,8.44],[77.319,10.067],[76.739,10.208],[76.294,9.985]]]},"properties":{"NAME":"Travancore","SUBJECTO":"Travancore","BORDERPRECISION":3}},
{"type":"Feature","geometry":{"type":"Polygon","coordinates":[[[88.868,26.908],[88.232,26.757],[88.092,26.445],[86.777,26.467],[85.634,26.883],[85.371,26.757],[84.666,27.07],[84.648,27.375],[83.874,27.382],[83.327,25.905],[82.712,25.221],[81.959,25.289],[80.523,26.11],[80.181,27.205],[80.796,27.889],[80.906,28.493],[80.098,28.952],[79.621,28.927],[79.276,28.323],[78.887,28.539],[79.06,29.748],[78.326,29.834],[78.024,30.266],[76.944,29.704],[76.858,28.97],[77.074,28.452],[76.815,27.805],[77.808,27.589],[78.369,26.768],[78.974,26.466],[78.887,25.862],[79.276,25.43],[80.269,25.516],[81.089,24.869],[82.212,24.739],[82.341,24.178],[83.464,23.789],[83.55,23.185],[84.155,23.055],[84.586,22.667],[84.759,22.149],[86.314,21.242],[85.234,21.026],[85.364,20.206],[84.673,20.292],[84.716,19.903],[84.155,19.515],[84.068,20.076],[83.55,19.947],[83.378,20.335],[81.996,20.249],[81.702,19.472],[81.91,18.09],[81.426,18.504],[81.046,18.401],[80.645,17.406],[80.263,17.511],[80.369,16.577],[79.941,16.743],[78.766,15.948],[76.936,15.43],[76.417,14.809],[75.968,14.809],[75.24,14.155],[75.815,13.919],[76.399,14.025],[76.795,13.187],[77.632,13.199],[78.391,13.04],[78.787,12.769],[78.606,12.248],[77.836,11.908],[77.166,11.446],[76.92,11.045],[76.478,11.736],[75.561,12.508],[75.001,14.049],[74.6,14.676],[74.421,14.375],[74.734,13.683],[75.211,12.102],[75.652,11.423],[76.294,9.985],[76.739,10.208],[77.319,10.067],[77.446,8.44],[77.848,8.233],[78.314,8.996],[78.927,9.493],[79.222,10.192],[79.826,10.359],[79.711,11.445],[80.224,12.831],[80.089,15.175],[80.3,15.646],[81.088,15.827],[81.369,16.347],[81.789,16.329],[82.235,16.647],[82.354,17.086],[83.381,17.711],[84.263,18.456],[85.113,19.442],[86.119,19.807],[86.632,20.204],[86.926,20.691],[86.796,21.136],[87.641,21.563],[88.723,21.54],[90,21.93],[90,22.561],[91.081,22.561],[91.41,22.721],[91.846,21.909],[92.124,20.996],[92.598,21.387],[92.51,22.11],[92.529,22.595],[92.047,23.69],[91.478,24.084],[91.566,24.346],[91.434,26.098],[90,25.966],[90,26.36],[91.162,26.75],[89.834,26.685],[88.868,26.908]]]},"properties":{"NAME":"British East India Company","SUBJECTO":"British East India Company","BORDERPRECISION":3}},
{"type":"Feature","geometry":{"type":"Polygon","coordinates":[[[74.6,14.676],[74.153,14.85],[74.421,14.375],[74.6,14.676]]]},"properties":{"NAME":"Goa","SUBJECTO":"Goa","BORDERPRECISION":3}},
{"type":"Feature","geometry":{"type":"Polygon","coordinates":[[[32,-1.28],[33.507,0.104],[33.414,1.029],[33.192,1.75],[32.748,2.194],[31.38,2.139],[30.64,1.214],[30.64,0.566],[30.295,-0.759],[31.337,-0.996],[32,-1.28]]]},"properties":{"NAME":"Buganda","SUBJECTO":"Buganda","BORDERPRECISION":3}},
{"type":"Feature","geometry":{"type":"Polygon","coordinates":[[[31.38,2.139],[31.472,3.156],[29.727,3.739],[28.449,3.502],[27.739,2.129],[27.691,0.756],[27.928,-0.807],[29.68,-0.901],[30.295,-0.759],[30.64,0.566],[30.64,1.214],[31.38,2.139]]]},"properties":{"NAME":"Bunyoro","SUBJECTO":"Bunyoro","BORDERPRECISION":3}},
{"type":"Feature","geometry":{"type":"Polygon","coordinates":[[[30.295,-0.759],[29.68,-0.901],[27.928,-0.807],[26.981,-1.801],[27.028,-2.227],[27.881,-2.748],[29.774,-2.464],[31.905,-2.464],[32,-1.28],[31.337,-0.996],[30.295,-0.759]]]},"properties":{"NAME":"Nkore","SUBJECTO":"Nkore","BORDERPRECISION":3}},
{"type":"Feature","geometry":{"type":"Polygon","coordinates":[[[27.881,-2.748],[27.454,-2.937],[26.934,-3.553],[26.65,-4.547],[26.886,-5.92],[27.975,-5.825],[30.579,-6.015],[31.574,-5.825],[32.236,-5.352],[32.521,-4.121],[32.236,-3.079],[31.905,-2.464],[29.774,-2.464],[27.881,-2.748]]]},"properties":{"NAME":"Rwanda","SUBJECTO":"Rwanda","BORDERPRECISION":3}},
{"type":"Feature","geometry":{"type":"Polygon","coordinates":[[[26.886,-5.92],[26.981,-6.63],[26.744,-8.382],[27.312,-8.761],[31.005,-8.761],[32.236,-8.619],[32.663,-7.909],[32.663,-6.962],[32.236,-5.352],[31.574,-5.825],[30.579,-6.015],[27.975,-5.825],[26.886,-5.92]]]},"properties":{"NAME":"Burundi","SUBJECTO":"Burundi","BORDERPRECISION":3}},
{"type":"Feature","geometry":{"type":"Polygon","coordinates":[[[34.287,-15.916],[35.172,-15.579],[35.077,-14.206],[34.556,-13.211],[34.414,-12.217],[34.462,-11.602],[33.515,-11.223],[33.136,-11.318],[32.947,-12.785],[32.272,-13.886],[31.147,-14.3],[30.852,-15.07],[31.029,-15.721],[32.513,-15.62],[33.343,-15.707],[34.287,-15.916]]]},"properties":{"NAME":"Kazembe","SUBJECTO":"Kazembe","BORDERPRECISION":3}},
{"type":"Feature","geometry":{"type":"Polygon","coordinates":[[[29.55,-15.366],[29.194,-14.596],[28.78,-14.182],[26.65,-14.123],[24.578,-13.235],[23.868,-13.235],[23.217,-14.064],[23.394,-16.431],[22.803,-17.792],[23.572,-18.443],[25.762,-18.384],[27.833,-18.68],[29.194,-17.2],[29.55,-16.135],[29.55,-15.366]]]},"properties":{"NAME":"Lozi","SUBJECTO":"Lozi","BORDERPRECISION":3}},
{"type":"Feature","geometry":{"type":"Polygon","coordinates":[[[12.301,-14.56],[14.443,-12.64],[14.678,-11.759],[14.267,-8.939],[14.325,-8.234],[14.09,-7.706],[13.562,-7.529],[13.023,-7.605],[13.477,-8.416],[13.146,-9.065],[13.204,-9.637],[13.639,-10.303],[13.816,-10.976],[13.649,-12.197],[13.051,-12.751],[12.585,-13.464],[12.301,-14.56]]]},"properties":{"NAME":"Angola","SUBJECTO":"Angola","BORDERPRECISION":3}},
{"type":"Feature","geometry":{"type":"Polygon","coordinates":[[[14.09,-7.706],[14.399,-7.198],[14.99,-7.198],[15.05,-6.015],[14.576,-4.772],[14.103,-4.949],[13.274,-5.778],[12.372,-6.258],[12.796,-6.861],[13.023,-7.605],[13.562,-7.529],[14.09,-7.706]]]},"properties":{"NAME":"Congo","SUBJECTO":"Congo","BORDERPRECISION":3}},
{"type":"Feature","geometry":{"type":"Polygon","coordinates":[[[22.589,-34.135],[22.092,-33.357],[20.494,-33.121],[20.199,-31.996],[19.962,-31.878],[18.336,-32.339],[18.232,-32.898],[17.868,-32.994],[18.459,-33.832],[18.487,-34.398],[19.181,-34.422],[19.884,-34.992],[20.256,-34.623],[21.669,-34.506],[22.589,-34.135]]]},"properties":{"NAME":"Cape Colony","SUBJECTO":"Cape Colony","BORDERPRECISION":3}},
{"type":"Feature","geometry":{"type":"Polygon","coordinates":[[[22.589,-34.135],[23.499,-34.07],[24.43,-34.335],[25.619,-33.919],[25.632,-32.384],[24.519,-32.529],[23.099,-32.055],[22.033,-31.168],[21.441,-30.99],[20.08,-31.227],[19.015,-31.108],[17.432,-30.57],[18.179,-31.805],[18.336,-32.339],[19.962,-31.878],[20.199,-31.996],[20.494,-33.121],[22.092,-33.357],[22.589,-34.135]]]},"properties":{"NAME":"Dutch East Indies","SUBJECTO":"Netherlands","BORDERPRECISION":3}},
{"type":"Feature","geometry":{"type":"Polygon","coordinates":[[[25.619,-33.919],[26.659,-33.847],[27.656,-33.254],[29.086,-32.127],[28.425,-31.168],[27.892,-31.108],[27.005,-31.878],[25.632,-32.384],[25.619,-33.919]]]},"properties":{"NAME":"Xhosa","SUBJECTO":"Xhosa","BORDERPRECISION":3}},
{"type":"Feature","geometry":{"type":"Polygon","coordinates":[[[30.295,-30.92],[31.563,-29.21],[32.235,-28.744],[32.345,-28.026],[32.767,-27.517],[32.887,-26.715],[32.094,-26.255],[28.721,-28.445],[28.425,-28.919],[28.603,-29.274],[30.295,-30.92]]]},"properties":{"NAME":"Zulu","SUBJECTO":"Zulu","BORDERPRECISION":3}},
{"type":"Feature","geometry":{"type":"Polygon","coordinates":[[[32.887,-26.715],[32.5,-26.068],[32.945,-25.54],[32.627,-25.368],[32.094,-25.604],[32.094,-26.255],[32.887,-26.715]]]},"properties":{"NAME":"Delagoa Bay","SUBJECTO":"Delagoa Bay","BORDERPRECISION":3}},
{"type":"Feature","geometry":{"type":"Polygon","coordinates":[[[48.022,-17.999],[47.482,-16.904],[46.654,-17.733],[46.128,-20.663],[44.945,-22.379],[45.773,-22.734],[46.661,-23.267],[47.371,-21.018],[48.318,-20.071],[48.496,-18.887],[48.91,-17.999],[48.022,-17.999]]]},"properties":{"NAME":"Expansionist Kingdom of Merina","SUBJECTO":"Expansionist Kingdom of Merina","BORDERPRECISION":3}},
{"type":"Feature","geometry":{"type":"Polygon","coordinates":[[[-0.517,6.15],[-0.59,7.523],[-0.38,8.083],[-0.146,8.707],[-0.737,9.003],[-2.217,8.781],[-3.441,9],[-4.288,9.151],[-4.88,8.781],[-4.954,8.041],[-4.51,6.192],[-4.575,5.249],[-3.942,5.266],[-2.75,5.096],[-2.779,5.429],[-0.517,6.15]]]},"properties":{"NAME":"Asante","SUBJECTO":"Asante","BORDERPRECISION":3}},
{"type":"Feature","geometry":{"type":"Polygon","coordinates":[[[-0.517,6.15],[1.58,6.828],[1.761,6.253],[2.617,6.341],[2.148,8.115],[0.372,8.337],[-0.38,8.083],[-0.59,7.523],[-0.517,6.15]]]},"properties":{"NAME":"Oyo","SUBJECTO":"Oyo","BORDERPRECISION":3}},
{"type":"Feature","geometry":{"type":"Polygon","coordinates":[[[-2.75,5.096],[-2.031,4.698],[0.09,5.656],[0.939,5.759],[1.176,6.084],[1.761,6.253],[1.58,6.828],[-0.517,6.15],[-2.779,5.429],[-2.75,5.096]]]},"properties":{"NAME":"Fante","SUBJECTO":"Fante","BORDERPRECISION":3}},
{"type":"Feature","geometry":{"type":"Polygon","coordinates":[[[-0.737,9.003],[-0.294,11.666],[-0.146,12.85],[-0.664,15.217],[-1.181,15.735],[-2.735,15.883],[-3.327,15.513],[-3.993,13.664],[-3.993,11.444],[-3.441,9],[-2.217,8.781],[-0.737,9.003]]]},"properties":{"NAME":"Mossi States","SUBJECTO":"Mossi States","BORDERPRECISION":3}},
{"type":"Feature","geometry":{"type":"Polygon","coordinates":[[[7.176,4.527],[6.734,5.008],[6.734,5.526],[7.178,6.266],[6.364,6.932],[5.625,6.636],[5.383,5.61],[5.333,5.248],[5.607,4.632],[6.089,4.328],[6.844,4.292],[7.176,4.527]]]},"properties":{"NAME":"Sotho","SUBJECTO":"Sotho","BORDERPRECISION":3}},
{"type":"Feature","geometry":{"type":"Polygon","coordinates":[[[-4.584,17.067],[-5.546,17.215],[-7.322,16.179],[-11.39,16.105],[-12.574,15.217],[-12.278,11.666],[-11.464,11.222],[-8.727,11.222],[-5.25,10.187],[-4.732,10.853],[-4.954,11.518],[-4.215,15.883],[-4.584,17.067]]]},"properties":{"NAME":"Kaarta","SUBJECTO":"Kaarta","BORDERPRECISION":3}},
{"type":"Feature","geometry":{"type":"Polygon","coordinates":[[[-16.87,14.364],[-16.051,15.069],[-15.755,16.253],[-16.45,16.118],[-17.221,14.725],[-16.87,14.364]]]},"properties":{"NAME":"Senegal","SUBJECTO":"Senegal","BORDERPRECISION":3}},
{"type":"Feature","geometry":{"type":"Polygon","coordinates":[[[-1.081,32.454],[-1.714,30.059],[-1.344,29.042],[-1.714,28.394],[-4.95,28.857],[-8.284,28.783],[-8.593,28.641],[-10.339,29.146],[-11.576,28.229],[-12.866,27.857],[-13.629,26.591],[-14.367,26.119],[-14.66,25.636],[-14.82,24.733],[-15.714,23.873],[-16.353,22.493],[-16.806,21.99],[-17.052,21.004],[-16.347,20.523],[-16.191,19.03],[-15.983,18.178],[-16.45,16.118],[-15.755,16.253],[-16.051,15.069],[-16.87,14.364],[-16.494,13.475],[-16.767,13.36],[-16.772,12.597],[-16.567,12.31],[-15.459,12.48],[-15.158,11.876],[-15.341,11.221],[-14.575,10.784],[-14.591,10.467],[-13.68,9.916],[-13.164,8.851],[-13.031,9.002],[-11.464,8.633],[-11.046,7.309],[-11.465,6.844],[-9.937,5.863],[-9.248,5.172],[-7.529,4.337],[-5.575,5.129],[-4.575,5.249],[-4.51,6.192],[-4.954,8.041],[-4.88,8.781],[-4.288,9.151],[-3.441,9],[-3.993,11.444],[-3.993,13.664],[-3.327,15.513],[-2.735,15.883],[-1.181,15.735],[-0.664,15.217],[-0.146,12.85],[-0.294,11.666],[-0.737,9.003],[-0.146,8.707],[-0.38,8.083],[0.372,8.337],[2.148,8.115],[2.617,6.341],[3.46,6.381],[3.949,6.579],[4.634,6.212],[5.383,5.61],[5.625,6.636],[6.364,6.932],[7.178,6.266],[6.734,5.526],[6.734,5.008],[7.176,4.527],[8.14,4.466],[8.328,4.841],[8.875,4.62],[9.032,4.138],[9.651,4.018],[9.586,3.675],[9.923,2.824],[9.851,1.877],[9.473,0.116],[9.203,-0.634],[8.815,-0.896],[9.656,-2.419],[11.773,-4.537],[12.263,-5.47],[12.372,-6.258],[13.274,-5.778],[14.103,-4.949],[14.576,-4.772],[15.05,-6.015],[14.99,-7.198],[14.399,-7.198],[14.09,-7.706],[14.325,-8.234],[14.267,-8.939],[14.678,-11.759],[14.443,-12.64],[12.301,-14.56],[12.06,-15.594],[11.782,-15.868],[11.775,-17.596],[12.08,-18.491],[12.929,-19.742],[13.804,-21.443],[14.415,-22.268],[14.396,-23.075],[14.668,-24.421],[14.909,-25.018],[14.843,-25.622],[15.454,-27.616],[16.788,-29.139],[17.432,-30.57],[19.015,-31.108],[20.08,-31.227],[21.441,-30.99],[22.033,-31.168],[23.099,-32.055],[24.519,-32.529],[25.632,-32.384],[27.005,-31.878],[27.892,-31.108],[28.425,-31.168],[29.086,-32.127],[30.295,-30.92],[28.603,-29.274],[28.425,-28.919],[28.721,-28.445],[32.094,-26.255],[32.094,-25.604],[32.627,-25.368],[32.945,-25.54],[33.347,-25.304],[34.884,-24.722],[35.43,-24.225],[35.297,-23.825],[34.497,-23.261],[34.077,-20.009],[33.972,-18.959],[34.182,-18.54],[34.917,-18.33],[34.812,-17.595],[33.972,-16.651],[33.343,-15.707],[32.513,-15.62],[31.029,-15.721],[30.852,-15.07],[31.147,-14.3],[32.272,-13.886],[32.947,-12.785],[33.136,-11.318],[33.515,-11.223],[34.462,-11.602],[34.414,-12.217],[34.556,-13.211],[35.077,-14.206],[35.172,-15.579],[34.287,-15.916],[35.546,-16.966],[36.386,-16.966],[37.645,-16.021],[39.219,-15.707],[39.638,-15.287],[39.743,-13.713],[39.533,-12.244],[38.904,-10.775],[38.222,-6.158],[38.746,-3.955],[41.055,-0.597],[43.888,2.026],[45.941,3.502],[45.252,5.804],[45.357,6.853],[46.721,8.427],[47.391,11.159],[46.677,10.7],[45.909,10.832],[45.013,10.449],[44.281,10.396],[43.368,11.456],[42.81,11.778],[43.475,12.098],[43.33,12.434],[42.636,13.093],[42.079,13.861],[41.761,13.886],[40.739,14.919],[40.39,14.906],[40.037,15.388],[39.518,15.463],[38.686,18.003],[37.398,18.915],[37.255,19.652],[37.128,21.227],[36.8,21.915],[35.251,21.369],[32.662,21],[31.645,21.277],[29.426,22.664],[26.005,30.708],[25.258,31.438],[24.816,31.907],[23.742,32.064],[22.122,31.077],[21.197,31.077],[20.365,30.338],[19.319,30.255],[18.885,30.221],[15.649,30.523],[14.725,30.245],[12.413,32.464],[12.117,32.879],[10.413,33.631],[8.021,33.02],[6.269,31.873],[0.873,31.986],[-1.081,32.454]],[[34.464,9.747],[34.426,10.728],[34.755,10.813],[35.098,11.793],[35.879,13.103],[36.23,13.249],[36.477,14.266],[36.812,14.249],[37.72,14.802],[38.255,14.392],[39.003,14.427],[39.068,12.697],[39.456,10.367],[38.938,9.72],[36.53,9.731],[34.464,9.747]],[[23.161,-9.951],[23.161,-8.568],[23.53,-7.922],[23.899,-7.738],[25.052,-7.692],[25.329,-7.922],[25.421,-8.522],[24.914,-9.721],[24.314,-9.997],[23.161,-9.951]],[[18.901,-9.943],[19.359,-9.603],[19.841,-9.714],[20.063,-10.418],[19.359,-10.9],[18.901,-9.943]],[[16.843,14.328],[15.811,11.982],[12.497,12.219],[13.003,9.826],[13.669,8.273],[13.299,7.755],[12.189,7.311],[8.861,8.199],[4.719,7.681],[2.722,9.604],[1.464,13.672],[2.5,15.447],[7.16,16.039],[11.598,14.065],[12.734,14.491],[14.533,13.781],[15.148,14.396],[16.71,14.68],[16.843,14.328]],[[32,-1.28],[31.905,-2.464],[32.236,-3.079],[32.521,-4.121],[32.236,-5.352],[32.663,-6.962],[32.663,-7.909],[32.236,-8.619],[31.005,-8.761],[27.312,-8.761],[26.744,-8.382],[26.981,-6.63],[26.886,-5.92],[26.65,-4.547],[26.934,-3.553],[27.454,-2.937],[27.881,-2.748],[27.028,-2.227],[26.981,-1.801],[27.928,-0.807],[27.691,0.756],[27.739,2.129],[28.449,3.502],[29.727,3.739],[31.472,3.156],[31.38,2.139],[32.748,2.194],[33.192,1.75],[33.414,1.029],[33.507,0.104],[32,-1.28]],[[29.55,-15.366],[29.55,-16.135],[29.194,-17.2],[27.833,-18.68],[25.762,-18.384],[23.572,-18.443],[22.803,-17.792],[23.394,-16.431],[23.217,-14.064],[23.868,-13.235],[24.578,-13.235],[26.65,-14.123],[28.78,-14.182],[29.194,-14.596],[29.55,-15.366]],[[-4.584,17.067],[-4.215,15.883],[-4.954,11.518],[-4.732,10.853],[-5.25,10.187],[-8.727,11.222],[-11.464,11.222],[-12.278,11.666],[-12.574,15.217],[-11.39,16.105],[-7.322,16.179],[-5.546,17.215],[-4.584,17.067]]]},"properties":{"NAME":null,"SUBJECTO":null,"BORDERPRECISION":3}},
{"type":"Feature","geometry":{"type":"Polygon","coordinates":[[[-16.567,12.31],[-15.809,11.843],[-15.158,11.876],[-15.459,12.48],[-16.567,12.31]]]},"properties":{"NAME":"Portuguese Guinea","SUBJECTO":"Portuguese Guinea","BORDERPRECISION":3}},
{"type":"Feature","geometry":{"type":"Polygon","coordinates":[[[142.864,53.341],[141.767,53.272],[141.643,51.813],[142.153,50.89],[142.049,49.355],[141.74,48.807],[142.036,47.959],[141.732,47.471],[142.327,46.563],[142.993,46.954],[142.49,47.902],[142.854,49.128],[143.598,49.234],[144.54,48.753],[143.633,50.235],[142.944,51.617],[143.139,52.856],[142.864,53.341]]]},"properties":{"NAME":null,"SUBJECTO":null,"BORDERPRECISION":3}},
{"type":"Feature","geometry":{"type":"Polygon","coordinates":[[[-61.687,17.024],[-61.794,17.163],[-61.887,17.033],[-61.687,17.024]]]},"properties":{"NAME":"Antigua and Barbuda","SUBJECTO":"Antigua and Barbuda","BORDERPRECISION":3}},
{"type":"Feature","geometry":{"type":"Polygon","coordinates":[[[-14.51,28.05],[-13.881,28.199],[-14.147,28.391],[-14.51,28.05]]]},"properties":{"NAME":"Guanches","SUBJECTO":"Guanches","BORDERPRECISION":3}},
{"type":"Feature","geometry":{"type":"Polygon","coordinates":[[[134.462,-33.286],[135.153,-34.05],[135.528,-35.055],[136.731,-34.06],[137.067,-33.951],[137.457,-33.314],[138.166,-33.192],[137.512,-34.459],[138.101,-34.356],[138.568,-34.928],[138.352,-35.865],[139.368,-35.614],[139.743,-36.372],[140.012,-37.642],[140.652,-38.164],[141.547,-38.533],[141.904,-38.43],[143.365,-38.97],[144.311,-38.565],[144.97,-38.066],[145.934,-38.881],[146.821,-38.841],[148.037,-38.098],[149.504,-37.929],[149.985,-37.347],[150.222,-35.694],[150.762,-35.253],[150.85,-34.718],[151.217,-34.208],[151.364,-33.521],[151.765,-33.005],[152.176,-32.877],[152.972,-31.418],[152.94,-30.699],[153.493,-28.841],[153.396,-28.129],[152.946,-27.341],[153.069,-26.228],[152.904,-25.63],[152.534,-25.364],[151.73,-24.157],[150.802,-23.6],[150.754,-22.812],[149.945,-22.324],[149.557,-22.433],[149.101,-21.06],[148.19,-20.172],[146.322,-19.082],[145.925,-18.257],[145.869,-17.195],[145.326,-16.49],[145.184,-15.048],[144.529,-14.668],[143.743,-14.466],[143.474,-13.665],[143.173,-12.121],[142.823,-11.919],[142.644,-11.093],[142.126,-11.157],[141.953,-11.952],[141.679,-12.468],[141.512,-13.809],[141.668,-14.114],[141.468,-14.757],[141.711,-15.227],[141.402,-15.857],[141.314,-16.448],[140.801,-17.562],[140.25,-17.798],[139.248,-17.432],[138.963,-16.994],[138.26,-16.842],[137.074,-16.031],[136.687,-16.026],[135.388,-14.897],[135.881,-14.203],[135.831,-13.485],[136.469,-13.223],[136.664,-12.625],[135.445,-12.176],[134.735,-12.062],[134.733,-12.062],[134.644,-12.111],[134.641,-12.478],[134.635,-13.243],[134.629,-13.928],[134.624,-14.505],[134.619,-15.032],[134.601,-17.133],[134.594,-17.958],[134.572,-20.481],[134.555,-22.554],[134.551,-23.019],[134.52,-26.546],[134.5,-28.921],[134.483,-30.935],[134.467,-32.737],[134.462,-33.286]]]},"properties":{"NAME":"New South Wales","SUBJECTO":"United Kingdom of Great Britain and Ireland","BORDERPRECISION":3}},
{"type":"Feature","geometry":{"type":"Polygon","coordinates":[[[-59.533,13.051],[-59.429,13.165],[-59.659,13.288],[-59.643,13.149],[-59.533,13.051]]]},"properties":{"NAME":"Barbados","SUBJECTO":"Barbados","BORDERPRECISION":3}},
{"type":"Feature","geometry":{"type":"Polygon","coordinates":[[[-61.364,15.198],[-61.255,15.285],[-61.304,15.574],[-61.475,15.486],[-61.364,15.198]]]},"properties":{"NAME":"Dominica","SUBJECTO":"Dominica","BORDERPRECISION":3}},
{"type":"Feature","geometry":{"type":"Polygon","coordinates":[[[-61.747,11.997],[-61.596,12.126],[-61.725,12.172],[-61.747,11.997]]]},"properties":{"NAME":"Grenada","SUBJECTO":"Grenada","BORDERPRECISION":3}},
{"type":"Feature","geometry":{"type":"Polygon","coordinates":[[[-60.861,14.403],[-60.83,14.57],[-61.034,14.829],[-61.232,14.809],[-61.034,14.466],[-60.861,14.403]]]},"properties":{"NAME":"Martinique","SUBJECTO":"Martinique","BORDERPRECISION":3}},
{"type":"Feature","geometry":{"type":"Polygon","coordinates":[[[-62.171,16.671],[-62.138,16.693],[-62.176,16.809],[-62.237,16.712],[-62.171,16.671]]]},"properties":{"NAME":"Montserrat","SUBJECTO":"Montserrat","BORDERPRECISION":3}},
{"type":"Feature","geometry":{"type":"Polygon","coordinates":[[[-63.168,18.164],[-62.993,18.227],[-63.058,18.256],[-63.168,18.164]]]},"properties":{"NAME":"Anguilla","SUBJECTO":"Anguilla","BORDERPRECISION":3}},
{"type":"Feature","geometry":{"type":"Polygon","coordinates":[[[-62.702,17.337],[-62.813,17.409],[-62.864,17.371],[-62.778,17.292],[-62.702,17.337]]]},"properties":{"NAME":"Saint Kitts and Nevis","SUBJECTO":"Saint Kitts and Nevis","BORDERPRECISION":3}},
{"type":"Feature","geometry":{"type":"Polygon","coordinates":[[[-60.955,13.709],[-60.878,13.957],[-61.075,13.897],[-60.955,13.709]]]},"properties":{"NAME":"Saint Lucia","SUBJECTO":"Saint Lucia","BORDERPRECISION":3}},
{"type":"Feature","geometry":{"type":"Polygon","coordinates":[[[-61.173,13.133],[-61.123,13.249],[-61.209,13.368],[-61.278,13.25],[-61.173,13.133]]]},"properties":{"NAME":"Saint Vincent and the Grenadines","SUBJECTO":"Saint Vincent and the Grenadines","BORDERPRECISION":3}},
{"type":"Feature","geometry":{"type":"Polygon","coordinates":[[[-61.346,16.334],[-61.499,16.349],[-61.794,16.242],[-61.695,15.949],[-61.553,16.054],[-61.581,16.205],[-61.346,16.334]]]},"properties":{"NAME":"Guadeloupe","SUBJECTO":"Guadeloupe","BORDERPRECISION":3}},
{"type":"Feature","geometry":{"type":"Polygon","coordinates":[[[-68.966,12.199],[-69.078,12.349],[-69.158,12.311],[-69.062,12.188],[-68.832,12.049],[-68.824,12.16],[-68.966,12.199]]]},"properties":{"NAME":"Netherlands Antilles","SUBJECTO":"Netherlands Antilles","BORDERPRECISION":3}},
{"type":"Feature","geometry":{"type":"Polygon","coordinates":[[[-63.011,18.067],[-63.045,18.121],[-63.14,18.059],[-63.011,18.067]]]},"properties":{"NAME":"Saint Martin","SUBJECTO":"Saint Martin","BORDERPRECISION":3}},
{"type":"Feature","geometry":{"type":"Polygon","coordinates":[[[-63.14,18.059],[-63.033,18.016],[-63.011,18.067],[-63.14,18.059]]]},"properties":{"NAME":"Saint Barthelemy","SUBJECTO":"Saint Barthelemy","BORDERPRECISION":3}},
{"type":"Feature","geometry":{"type":"Polygon","coordinates":[[[-88.32,18.494],[-87.877,18.381],[-87.637,19.575],[-87.651,20.19],[-86.936,20.976],[-87.201,21.529],[-88.334,21.59],[-90,21.161],[-90,19.382],[-91.22,19.102],[-91.702,18.823],[-94.242,18.24],[-95.083,18.702],[-96.012,18.929],[-96.579,19.92],[-97.504,21.189],[-97.882,22.333],[-97.823,24.208],[-97.658,25.073],[-97.26,25.811],[-97.638,26.847],[-97.632,27.228],[-96.831,28.158],[-96.203,28.637],[-95.603,28.799],[-94.845,29.346],[-94.061,29.699],[-93.752,31.169],[-94.246,31.982],[-94.247,33.535],[-95.499,33.856],[-97.329,33.7],[-97.865,33.974],[-98.69,34.046],[-100.204,34.543],[-100.236,37.709],[-102.328,37.709],[-104.099,37.548],[-107.478,38.192],[-109.249,38.192],[-110.214,38.353],[-110.214,42.055],[-118.925,42.055],[-124.306,42.055],[-124.153,41.58],[-124.365,40.334],[-123.82,39.607],[-123.796,39.03],[-122.558,37.566],[-121.932,37.009],[-121.927,36.338],[-120.677,35.189],[-120.529,34.508],[-119.613,34.478],[-118.604,34.096],[-117.497,33.325],[-116.705,31.591],[-115.857,30.282],[-115.602,29.685],[-114.978,29.311],[-114.067,28.423],[-114.479,27.78],[-114.478,27.244],[-113.585,26.769],[-113.285,26.808],[-112.411,26.193],[-112.084,25.57],[-112.166,25.011],[-111.392,24.243],[-110.225,23.4],[-109.889,22.867],[-109.517,23.192],[-110.205,24.315],[-110.772,24.378],[-110.798,24.88],[-111.329,25.896],[-111.594,26.76],[-111.915,26.664],[-112.284,27.509],[-112.724,27.705],[-112.87,28.335],[-113.322,28.556],[-113.593,29.103],[-114.683,30.143],[-114.735,30.843],[-114.988,31.166],[-114.839,31.815],[-113.052,31.139],[-113.085,30.77],[-112.654,29.919],[-111.692,28.496],[-111.271,28.109],[-110.604,27.856],[-110.382,27.214],[-109.946,27.044],[-109.132,26.289],[-109.263,25.646],[-108.848,25.615],[-108.013,24.981],[-105.54,22.285],[-105.294,21.522],[-105.291,20.67],[-105.67,20.352],[-104.948,19.438],[-104.197,19.058],[-103.494,18.354],[-101.993,18.027],[-101.221,17.418],[-99.979,16.893],[-98.856,16.597],[-97.881,16.052],[-96.333,15.75],[-95.13,16.299],[-94.075,16.111],[-91.516,14.059],[-91.242,13.952],[-90,13.937],[-89.989,13.678],[-88.638,13.255],[-87.949,13.172],[-87.261,12.623],[-86.014,11.368],[-85.621,10.827],[-85.778,10.138],[-85.089,9.583],[-84.492,9.537],[-83.615,9.152],[-83.605,8.548],[-83.09,8.395],[-82.957,8.047],[-82.807,8.57],[-82.907,9.519],[-82.56,9.583],[-83.204,10.2],[-83.914,11.251],[-83.9,11.888],[-84.095,12.528],[-83.858,14.185],[-83.296,14.615],[-83.527,15.237],[-84.132,15.375],[-84.171,15.763],[-84.65,15.933],[-86.372,15.803],[-87.571,15.908],[-88.664,15.726],[-88.941,15.905],[-89.251,15.897],[-89.154,17.831],[-88.32,18.494]]]},"properties":{"NAME":"Vice-Royalty of New Spain","SUBJECTO":"Spain","BORDERPRECISION":3}},
{"type":"Feature","geometry":{"type":"Polygon","coordinates":[[[-156.163,19.808],[-156.034,19.106],[-154.948,19.483],[-155.212,19.896],[-155.931,20.284],[-156.163,19.808]]]},"properties":{"NAME":"Kongldom of Hawaii","SUBJECTO":"Kongldom of Hawaii","BORDERPRECISION":3}},
{"type":"Feature","geometry":{"type":"Polygon","coordinates":[[[-77.254,-2.759],[-77.254,-2.098],[-77.854,-1.667],[-78.562,-2.129],[-78.392,-2.913],[-77.9,-3.113],[-77.254,-2.759]]]},"properties":{"NAME":"Shuar","SUBJECTO":"Shuar","BORDERPRECISION":3}},
{"type":"Feature","geometry":{"type":"Polygon","coordinates":[[[19.334,57.956],[19.105,57.975],[19.142,57.908],[19.334,57.956]]]},"properties":{"NAME":null,"SUBJECTO":null,"BORDERPRECISION":3}},
{"type":"Feature","geometry":{"type":"Polygon","coordinates":[[[18.206,56.912],[18.712,57.242],[18.809,57.704],[18.111,57.519],[18.206,56.912]]]},"properties":{"NAME":null,"SUBJECTO":null,"BORDERPRECISION":3}},
{"type":"Feature","geometry":{"type":"Polygon","coordinates":[[[122.949,-8.377],[122.166,-8.634],[121.279,-8.717],[120.565,-8.388],[119.853,-8.574],[119.935,-8.936],[120.971,-9.055],[121.694,-8.996],[122.711,-8.598],[122.949,-8.377]]]},"properties":{"NAME":null,"SUBJECTO":"Dutch East Indies","BORDERPRECISION":3}},
{"type":"Feature","geometry":{"type":"Polygon","coordinates":[[[117.938,-8.54],[116.958,-8.529],[116.976,-9.178],[118.658,-8.856],[118.863,-8.481],[117.948,-8.162],[117.938,-8.54]]]},"properties":{"NAME":null,"SUBJECTO":"Dutch East Indies","BORDERPRECISION":3}},
{"type":"Feature","geometry":{"type":"Polygon","coordinates":[[[115.072,-8.781],[115.084,-8.235],[114.511,-8.452],[115.072,-8.781]]]},"properties":{"NAME":null,"SUBJECTO":"Dutch East Indies","BORDERPRECISION":3}},
{"type":"Feature","geometry":{"type":"Polygon","coordinates":[[[127.631,-0.017],[128.632,1.022],[128.545,1.448],[127.689,0.925],[127.441,0.537],[127.631,-0.017]]]},"properties":{"NAME":null,"SUBJECTO":"Dutch East Indies","BORDERPRECISION":3}},
{"type":"Feature","geometry":{"type":"Polygon","coordinates":[[[106.553,-3.175],[106.329,-2.572],[105.427,-1.71],[105.2,-2.11],[105.812,-2.382],[105.995,-2.89],[106.553,-3.175]]]},"properties":{"NAME":"Dutch East Indies","SUBJECTO":"Dutch East Indies","BORDERPRECISION":3}},
{"type":"Feature","geometry":{"type":"Polygon","coordinates":[[[120.28,-10.378],[120.462,-9.926],[119.789,-9.458],[119.41,-9.872],[120.28,-10.378]]]},"properties":{"NAME":null,"SUBJECTO":"Dutch East Indies","BORDERPRECISION":3}},
{"type":"Feature","geometry":{"type":"Polygon","coordinates":[[[109.518,1.821],[109.282,1.883],[108.814,0.808],[108.841,0.331],[109.158,-0.075],[109.179,-0.869],[109.783,-1.306],[109.941,-1.643],[110.102,-3.079],[110.797,-3.172],[111.436,-2.974],[111.729,-3.259],[112.578,-3.423],[112.795,-2.971],[113.744,-3.598],[114.099,-3.35],[114.712,-4.206],[115.568,-3.804],[116.202,-2.9],[116.349,-2.417],[116.046,-1.934],[117.046,-0.935],[117.37,-1.004],[117.318,-0.14],[117.534,0.611],[118.218,0.758],[118.517,1.166],[117.696,1.901],[117.829,2.314],[117.074,3.507],[117.559,3.981],[117.138,4.153],[115.707,4.157],[115.53,3.171],[115.042,2.736],[115.076,2.399],[114.659,1.596],[113.677,1.145],[112.4,1.43],[111.562,0.764],[110.966,0.913],[110.549,0.726],[109.648,1.464],[109.518,1.821]]]},"properties":{"NAME":null,"SUBJECTO":null,"BORDERPRECISION":3}},
{"type":"Feature","geometry":{"type":"MultiPolygon","coordinates":[[[[149.379,-6.209],[149.554,-6.406],[150.276,-6.341],[151.056,-6.015],[151.28,-5.671],[152.059,-5.498],[152.268,-4.779],[151.539,-4.406],[151.588,-4.902],[150.887,-5.52],[150.289,-5.712],[148.377,-5.659],[149.021,-6.242],[149.379,-6.209]]],[[[142.413,-3.307],[139.592,-2.379],[137.854,-1.614],[137.111,-1.984],[137.084,-2.251],[136.271,-2.418],[135.734,-3.252],[135.246,-3.539],[134.283,-2.855],[133.983,-2.01],[134.141,-1.501],[133.907,-1.006],[132.254,-0.527],[131.211,-1.025],[131.064,-1.54],[131.816,-1.665],[132.219,-2.344],[133.321,-2.38],[132.719,-2.934],[132.713,-3.888],[132.932,-4.268],[133.395,-3.988],[133.563,-3.415],[134.041,-3.948],[134.766,-4.036],[134.777,-4.309],[137.385,-5.123],[137.824,-5.427],[138.551,-6.652],[138.65,-7.141],[139.156,-7.725],[139.112,-8.323],[139.977,-8.238],[140.948,-9.274],[142.607,-9.377],[143.331,-9],[143.437,-8.358],[144.38,-7.758],[145.82,-8.098],[146.646,-9.279],[147.185,-9.57],[147.874,-10.179],[148.561,-10.184],[149.783,-10.41],[149.83,-9.711],[149.176,-9.553],[149.198,-9.121],[148.589,-9.16],[148.035,-8.246],[147.376,-7.796],[146.909,-6.895],[147.664,-6.791],[147.376,-6.125],[146.893,-6.03],[145.593,-5.423],[145.728,-4.997],[144.783,-4.338],[144.543,-3.995],[144.103,-3.984],[143.446,-3.61],[142.413,-3.307]]],[[[137.676,-8.459],[138.297,-8.541],[138.895,-7.783],[138.193,-7.676],[137.676,-8.459]]]]},"properties":{"NAME":"Papou","SUBJECTO":"Papu","BORDERPRECISION":3}},
{"type":"Feature","geometry":{"type":"MultiPolygon","coordinates":[[[[123.615,-9.888],[124.154,-10.205],[125.212,-9.395],[126.873,-8.807],[127.044,-8.476],[125.08,-8.772],[124.62,-9.25],[123.969,-9.531],[123.615,-9.888]]],[[[105.286,-6.771],[106.366,-7.04],[106.484,-7.503],[107.368,-7.565],[108.16,-7.856],[109.037,-7.72],[110.038,-7.991],[110.778,-8.32],[112.414,-8.488],[113.074,-8.347],[114.105,-8.688],[114.252,-8.02],[113.948,-7.824],[113.073,-7.877],[112.678,-7.719],[112.275,-7.027],[111.045,-6.852],[110.815,-6.534],[110.027,-7.044],[108.556,-6.921],[108.173,-6.356],[107.769,-6.452],[106.945,-6.026],[106.024,-6.081],[105.286,-6.771]]],[[[119.914,0.54],[119.205,-1.432],[119.175,-2.176],[118.684,-2.901],[118.791,-3.663],[119.461,-3.808],[119.477,-5.804],[120.248,-5.586],[120.307,-4.804],[120.143,-4.398],[120.28,-3.654],[120.144,-3.076],[120.593,-2.802],[120.999,-3.049],[120.881,-3.716],[121.508,-4.236],[121.393,-4.789],[121.873,-4.96],[122.159,-4.514],[122.641,-4.284],[122.19,-3.847],[122.258,-3.211],[121.874,-2.653],[121.265,-2.101],[122.223,-1.654],[122.757,-1.094],[121.461,-0.989],[121.055,-1.549],[120.507,-1.448],[120.022,-0.903],[119.873,-0.465],[120.337,0.356],[122.983,0.375],[123.472,0.153],[124.234,0.301],[124.857,1.046],[123.826,0.739],[122.733,0.673],[121.591,0.861],[120.767,1.139],[120.432,0.636],[119.914,0.54]]],[[[126.15,-3.628],[126.66,-3.875],[127.112,-3.722],[126.727,-3.233],[126.15,-3.628]]],[[[130.609,-3.848],[130.725,-3.485],[130.369,-3.13],[129.743,-2.979],[129.168,-3.139],[128.153,-2.97],[128.376,-3.547],[128.915,-3.254],[129.487,-3.596],[129.914,-3.385],[130.609,-3.848]]],[[[103.687,-0.118],[103.24,0.459],[102.472,0.623],[101.868,1.435],[101.474,1.548],[101.06,2.081],[100.732,1.871],[99.858,2.904],[98.625,3.658],[98.146,4.07],[97.384,5.18],[96.187,5.146],[95.464,5.57],[95.191,5.41],[95.561,4.534],[96.394,3.647],[96.72,3.705],[97.509,2.74],[97.597,2.251],[98.601,1.707],[99.113,0.221],[99.697,-0.152],[100.65,-1.631],[100.812,-2.336],[101.345,-3.015],[102.111,-3.604],[102.462,-4.182],[103.523,-4.999],[104.568,-6.071],[105.187,-5.542],[105.728,-5.827],[105.797,-4.734],[105.711,-4.105],[105.943,-3.215],[105.445,-2.599],[104.995,-2.467],[104.352,-1.89],[104.298,-1.363],[103.747,-1.116],[103.238,-0.659],[103.687,-0.118]]]]},"properties":{"NAME":null,"SUBJECTO":"Dutch East Indies","BORDERPRECISION":3}},
{"type":"Feature","geometry":{"type":"Polygon","coordinates":[[[69.053,31.626],[69.045,29.43],[69.32,28.935],[69.275,28.387],[68.362,28.28],[67.663,27.85],[67.61,26.668],[67.771,25.808],[66.702,24.752],[67.204,24.588],[67.316,24.093],[68.047,23.764],[68.791,23.029],[69.665,22.789],[69.969,22.351],[69.126,21.969],[70.21,20.948],[71.024,20.657],[72.121,21.155],[72.319,22.115],[72.696,22.129],[72.766,21.15],[73.11,20.687],[72.759,20.058],[73.064,18.032],[73.409,16.559],[73.841,15.39],[74.153,14.85],[74.6,14.676],[75.001,14.049],[75.24,14.155],[75.968,14.809],[76.417,14.809],[76.936,15.43],[78.766,15.948],[79.941,16.743],[80.369,16.577],[80.263,17.511],[80.645,17.406],[81.046,18.401],[81.426,18.504],[81.91,18.09],[81.702,19.472],[81.996,20.249],[83.378,20.335],[83.55,19.947],[84.068,20.076],[84.155,19.515],[84.716,19.903],[84.673,20.292],[85.364,20.206],[85.234,21.026],[86.314,21.242],[84.759,22.149],[84.586,22.667],[84.155,23.055],[83.55,23.185],[83.464,23.789],[82.341,24.178],[82.212,24.739],[81.089,24.869],[80.269,25.516],[79.276,25.43],[78.887,25.862],[78.974,26.466],[78.369,26.768],[77.808,27.589],[76.815,27.805],[77.074,28.452],[76.858,28.97],[76.944,29.704],[78.024,30.266],[78.326,29.834],[79.06,29.748],[78.887,28.539],[79.276,28.323],[79.621,28.927],[80.098,28.952],[80.413,29.785],[81.021,30.247],[79.109,31.459],[78.782,32.002],[79.565,32.702],[79.447,33.2],[78.625,33.504],[78.509,34.498],[78.144,34.547],[77.846,35.243],[76.815,35.56],[75.89,36.023],[75.628,36.769],[74.521,37.005],[73.786,36.727],[72.373,36.718],[71.325,36.052],[71.659,35.125],[71.097,34.62],[71.154,34.138],[70.792,33.927],[70.03,33.999],[70.289,33.283],[69.508,32.949],[69.053,31.626]]]},"properties":{"NAME":"Maratha Confederacy","SUBJECTO":"Maratha Confederacy","BORDERPRECISION":3}},
{"type":"Feature","geometry":{"type":"MultiPolygon","coordinates":[[[[-72.587,-41.618],[-72.731,-41.907],[-72.609,-41.997],[-72.466,-42.035],[-72.724,-42.8],[-72.53,-43.063],[-72.999,-43.334],[-73.058,-44.19],[-72.76,-44.369],[-72.583,-44.44],[-73.335,-45.28],[-73.138,-45.344],[-73.047,-45.376],[-73.474,-45.669],[-73.571,-46.265],[-73.97,-46.713],[-73.979,-46.344],[-74.429,-46.533],[-74.068,-45.935],[-74.564,-45.872],[-75.496,-46.58],[-75.444,-46.625],[-75.022,-46.553],[-75.011,-46.774],[-74.862,-46.819],[-73.979,-47.032],[-74.412,-47.384],[-74.381,-47.423],[-74.538,-47.787],[-74.297,-47.761],[-73.36,-47.974],[-74.21,-48.008],[-74.272,-49.431],[-73.963,-49.241],[-74.187,-49.823],[-73.932,-49.993],[-74.075,-50.473],[-73.934,-50.506],[-73.53,-50.433],[-74.269,-50.994],[-74.208,-51.021],[-73.679,-51.231],[-73.875,-51.562],[-73.778,-51.614],[-73.258,-51.706],[-73.408,-52.024],[-73.107,-52.103],[-72.449,-52.161],[-72.559,-52.573],[-72.212,-52.572],[-71.678,-52.644],[-72.842,-52.985],[-72.751,-53.138],[-71.152,-52.962],[-71.872,-53.696],[-70.998,-53.821],[-70.734,-52.802],[-69.895,-52.627],[-69.483,-52.361],[-68.411,-52.405],[-69.077,-51.499],[-69.115,-51.352],[-71.165,-51.561],[-71.487,-51.104],[-72.044,-48.766],[-72.191,-45.99],[-71.634,-43.196],[-70.75,-41.003],[-71.805,-41.574],[-72.587,-41.618]]],[[[-65.259,-54.719],[-66.418,-54.607],[-66.983,-54.341],[-68.13,-53.375],[-68.705,-53.235],[-68.332,-52.85],[-69.407,-52.566],[-70.465,-53.373],[-70.333,-53.473],[-69.441,-53.411],[-70.146,-53.806],[-70.042,-53.986],[-69.055,-54.602],[-70.621,-54.501],[-70.721,-54.937],[-70.498,-54.923],[-69.861,-54.774],[-69.672,-54.774],[-67.153,-54.91],[-66.622,-55.07],[-65.259,-54.719]]],[[[-73.609,-42.911],[-73.831,-42.564],[-73.475,-42.114],[-74.005,-42.019],[-74.296,-43.265],[-74.236,-43.368],[-73.609,-42.911]]],[[[-72.869,-52.281],[-73.626,-52.608],[-73.243,-52.574],[-73.281,-52.953],[-73.08,-53.032],[-72.869,-52.281]]]]},"properties":{"NAME":"Patagonian shellfish and marine mammal hunters","SUBJECTO":"Patagonian shellfish and marine mammal hunters","BORDERPRECISION":3}},
{"type":"Feature","geometry":{"type":"Polygon","coordinates":[[[-70.75,-41.003],[-71.634,-43.196],[-72.191,-45.99],[-72.044,-48.766],[-71.487,-51.104],[-71.165,-51.561],[-69.115,-51.352],[-69.041,-50.562],[-67.833,-49.968],[-67.578,-49.059],[-66.078,-48.142],[-65.839,-47.868],[-65.781,-47.712],[-65.713,-47.354],[-66.671,-47.017],[-67.469,-46.266],[-67.225,-45.553],[-66.695,-45.131],[-65.436,-44.89],[-65.627,-44.723],[-65.27,-44.258],[-65.307,-43.601],[-64.309,-43.027],[-65.085,-42.784],[-64.165,-42.648],[-64.118,-42.782],[-64.001,-42.853],[-63.6,-42.704],[-63.729,-42.101],[-64.294,-42.205],[-64.12,-42.384],[-64.992,-42.193],[-64.941,-41.552],[-65.135,-41.244],[-64.939,-40.827],[-63.842,-41.158],[-62.731,-41.05],[-64.211,-40.557],[-64.921,-40.557],[-64.98,-40.083],[-66.282,-40.261],[-68.827,-39.728],[-69.3,-40.379],[-69.773,-40.438],[-69.951,-40.971],[-70.75,-41.003]]]},"properties":{"NAME":"Pampas cultures","SUBJECTO":"Pampas cultures","BORDERPRECISION":3}},
{"type":"Feature","geometry":{"type":"Polygon","coordinates":[[[27.781,35.89],[28.064,36.112],[27.72,36.166],[27.781,35.89]]]},"properties":{"NAME":null,"SUBJECTO":null,"BORDERPRECISION":3}},
{"type":"Feature","geometry":{"type":"Polygon","coordinates":[[[8.696,38.996],[9.479,39.144],[9.794,40.564],[9.306,41.184],[8.241,40.855],[8.508,39.946],[8.374,39.308],[8.696,38.996]]]},"properties":{"NAME":"Kingdom of Sardinia","SUBJECTO":"Kingdom of Sardinia","BORDERPRECISION":3}},
{"type":"Feature","geometry":{"type":"Polygon","coordinates":[[[5.941,46.176],[6.384,46.342],[6.807,46.394],[6.955,45.939],[8.637,46.117],[9.009,46.041],[9.885,46.403],[10.396,46.887],[9.521,47.069],[9.539,47.487],[8.983,47.68],[8.635,47.779],[7.507,47.604],[6.866,47.31],[6.058,46.616],[5.941,46.176]]]},"properties":{"NAME":"Switzerland","SUBJECTO":"Switzerland","BORDERPRECISION":3}},
{"type":"Feature","geometry":{"type":"Polygon","coordinates":[[[120.395,-32.761],[120.53,-32.959],[122.301,-33.4],[122.827,-33.055],[122.833,-33.035],[122.91,-32.758],[122.932,-32.489],[123.383,-30.992],[123.194,-30.938],[121.239,-31.1],[121.215,-31.114],[120.279,-31.743],[119.917,-32.18],[120.395,-32.761]]]},"properties":{"NAME":"Kalaako/Malpa","SUBJECTO":"Kalaako/Malpa","BORDERPRECISION":3}},
{"type":"Feature","geometry":{"type":"Polygon","coordinates":[[[128.181,-15.249],[128.082,-15.359],[128.055,-15.441],[128.051,-15.448],[128.119,-15.558],[128.14,-15.564],[128.463,-15.25],[128.464,-15.241],[128.782,-15.083],[129.758,-15.273],[129.672,-15.154],[128.459,-14.886],[128.181,-15.249]]]},"properties":{"NAME":"Kadjerong","SUBJECTO":"Kadjerong","BORDERPRECISION":3}},
{"type":"Feature","geometry":{"type":"Polygon","coordinates":[[[125.939,-18.048],[125.685,-18.09],[125.496,-18.41],[125.499,-18.422],[125.876,-18.854],[126.287,-18.944],[126.303,-18.94],[126.773,-18.556],[126.775,-18.48],[126.486,-18.135],[125.949,-18.048],[125.939,-18.048]]]},"properties":{"NAME":"Gooniyandi","SUBJECTO":"Gooniyandi","BORDERPRECISION":3}},
{"type":"Feature","geometry":{"type":"Polygon","coordinates":[[[115.985,-22.468],[115.912,-22.602],[115.927,-22.631],[116.542,-23.018],[116.609,-23.004],[116.861,-22.771],[116.422,-22.431],[116,-22.453],[115.985,-22.468]]]},"properties":{"NAME":"Pinikura","SUBJECTO":"Pinikura","BORDERPRECISION":3}},
{"type":"Feature","geometry":{"type":"Polygon","coordinates":[[[128.082,-15.359],[127.989,-14.857],[127.665,-15.227],[127.661,-15.241],[128.048,-15.445],[128.055,-15.441],[128.082,-15.359]]]},"properties":{"NAME":"Yiiji","SUBJECTO":"Yiiji","BORDERPRECISION":3}},
{"type":"Feature","geometry":{"type":"Polygon","coordinates":[[[116.774,-20.786],[116.251,-20.924],[116.448,-21.293],[116.518,-21.341],[116.841,-21.404],[116.882,-21.386],[117.074,-21.04],[117.07,-21.025],[116.812,-20.785],[116.774,-20.786]]]},"properties":{"NAME":"Martuthunira","SUBJECTO":"Martuthunira","BORDERPRECISION":3}},
{"type":"Feature","geometry":{"type":"Polygon","coordinates":[[[118.504,-23.629],[118.56,-23.527],[117.449,-22.77],[116.982,-22.874],[117.188,-23.332],[117.148,-23.618],[117.72,-23.99],[118.504,-23.629]]]},"properties":{"NAME":"Yinhawangka","SUBJECTO":"Yinhawangka","BORDERPRECISION":3}},
{"type":"Feature","geometry":{"type":"Polygon","coordinates":[[[122.537,-16.923],[122.161,-17.319],[122.803,-17.317],[122.891,-17.036],[122.55,-16.936],[122.537,-16.923]]]},"properties":{"NAME":"Jabirrjabirr","SUBJECTO":"Jabirrjabirr","BORDERPRECISION":3}},
{"type":"Feature","geometry":{"type":"Polygon","coordinates":[[[118.466,-28.396],[119.394,-28.741],[119.436,-28.763],[119.757,-28.994],[119.872,-28.854],[122.317,-28.697],[121.694,-27.856],[121.306,-27.528],[119.323,-27.284],[118.728,-28.1],[118.532,-28.304],[118.466,-28.396]]]},"properties":{"NAME":"Kuwarra","SUBJECTO":"Kuwarra","BORDERPRECISION":3}},
{"type":"Feature","geometry":{"type":"Polygon","coordinates":[[[113.672,-23.766],[114.482,-23.97],[114.521,-23.916],[114.706,-23.327],[114.707,-23.287],[114.796,-22.827],[114.793,-22.822],[114.291,-22.685],[113.783,-22.839],[113.743,-23.248],[113.672,-23.766]]]},"properties":{"NAME":"Payungu","SUBJECTO":"Payungu","BORDERPRECISION":3}},
{"type":"Feature","geometry":{"type":"Polygon","coordinates":[[[113.667,-23.78],[113.373,-24.264],[113.612,-24.808],[114.137,-24.672],[115.215,-24.961],[115.258,-24.487],[114.521,-23.977],[114.482,-23.97],[113.672,-23.766],[113.667,-23.78]]]},"properties":{"NAME":"Maya","SUBJECTO":"Maya","BORDERPRECISION":3}},
{"type":"Feature","geometry":{"type":"Polygon","coordinates":[[[133.638,-13.411],[133.572,-13.327],[133.232,-13.301],[133.078,-13.293],[132.667,-13.168],[132.505,-13.147],[132.438,-13.131],[132.29,-13.088],[132.2,-13.223],[132.078,-13.75],[132.071,-13.759],[131.992,-13.966],[131.896,-14.569],[132.038,-14.609],[132.424,-14.552],[133.162,-14.902],[133.204,-14.872],[133.469,-14.309],[133.637,-13.685],[133.638,-13.411]]]},"properties":{"NAME":"Jawoyn","SUBJECTO":"Jawoyn","BORDERPRECISION":3}},
{"type":"Feature","geometry":{"type":"Polygon","coordinates":[[[134.594,-17.958],[134.347,-17.944],[133.495,-18.031],[133.432,-18.247],[133.428,-18.261],[133.748,-18.854],[133.484,-19.124],[132.394,-19.327],[132.316,-19.343],[132.825,-20.211],[132.962,-20.735],[132.996,-20.777],[133.824,-20.931],[134.572,-20.481],[134.594,-17.958]]]},"properties":{"NAME":"Warumungu","SUBJECTO":"Warumungu","BORDERPRECISION":3}},
{"type":"Feature","geometry":{"type":"Polygon","coordinates":[[[131.041,-25.466],[132.627,-26.195],[133.007,-26.458],[133.872,-26.078],[133.121,-24.577],[132.385,-23.976],[132.122,-23.413],[132.304,-23.013],[132.196,-22.979],[131.294,-22.975],[130.913,-24.387],[130.576,-24.793],[131.041,-25.466]]]},"properties":{"NAME":"Luritja","SUBJECTO":"Luritja","BORDERPRECISION":3}},
{"type":"Feature","geometry":{"type":"Polygon","coordinates":[[[134.572,-20.481],[133.824,-20.931],[132.996,-20.777],[132.973,-20.777],[133.099,-21.207],[132.924,-21.926],[133.022,-22.126],[134.129,-22.403],[134.555,-22.554],[134.572,-20.481]]]},"properties":{"NAME":"Kaytej","SUBJECTO":"Kaytej","BORDERPRECISION":3}},
{"type":"Feature","geometry":{"type":"Polygon","coordinates":[[[117.741,-35.22],[119.008,-34.615],[118.884,-34.282],[118.73,-34.254],[116.521,-34.33],[116.547,-34.865],[116.446,-35.027],[117.741,-35.22]]]},"properties":{"NAME":"Minang","SUBJECTO":"Minang","BORDERPRECISION":3}},
{"type":"Feature","geometry":{"type":"Polygon","coordinates":[[[113.896,-25.59],[114.183,-26.017],[114.095,-26.539],[113.433,-26.572],[113.06,-26.116],[113.5,-26.687],[113.734,-26.801],[114.677,-26.438],[114.727,-25.752],[113.955,-25.634],[113.896,-25.59]]]},"properties":{"NAME":"Malkana","SUBJECTO":"Malkana","BORDERPRECISION":3}},
{"type":"Feature","geometry":{"type":"Polygon","coordinates":[[[122.228,-18.144],[122.224,-18.183],[122.225,-18.19],[122.887,-18.462],[122.908,-18.463],[123.051,-18.065],[122.817,-17.666],[122.708,-17.756],[122.326,-18.061],[122.228,-18.144]]]},"properties":{"NAME":"Yawuru","SUBJECTO":"Yawuru","BORDERPRECISION":3}},
{"type":"Feature","geometry":{"type":"Polygon","coordinates":[[[117.559,-33.775],[117.425,-33.639],[117.21,-33.479],[116.678,-33.248],[116.269,-33.063],[116.049,-33.001],[115.986,-32.984],[115.969,-32.981],[115.715,-33.018],[115.65,-33.349],[115.717,-33.403],[115.767,-33.492],[115.817,-33.606],[115.868,-33.67],[115.99,-33.715],[116.194,-33.927],[116.202,-33.936],[116.433,-34.307],[117.394,-34.28],[117.672,-34.022],[117.665,-33.947],[117.559,-33.775]]]},"properties":{"NAME":"Kaniyang","SUBJECTO":"Kaniyang","BORDERPRECISION":3}},
{"type":"Feature","geometry":{"type":"Polygon","coordinates":[[[129.512,-15.977],[129.283,-16.293],[129.267,-16.319],[129.254,-16.626],[130.249,-17.152],[130.291,-17.122],[130.96,-16.422],[130.866,-16.103],[130.759,-16.067],[130.446,-15.692],[130.392,-15.492],[130.155,-15.487],[129.512,-15.977]]]},"properties":{"NAME":"Ngarinman","SUBJECTO":"Ngarinman","BORDERPRECISION":3}},
{"type":"Feature","geometry":{"type":"Polygon","coordinates":[[[122.708,-17.756],[122.182,-17.772],[122.182,-17.918],[122.213,-18.049],[122.326,-18.061],[122.708,-17.756]]]},"properties":{"NAME":"Jukun","SUBJECTO":"Jukun","BORDERPRECISION":3}},
{"type":"Feature","geometry":{"type":"Polygon","coordinates":[[[130.086,-13.592],[130.061,-13.606],[130.2,-13.888],[130.228,-13.882],[130.267,-13.634],[130.191,-13.498],[130.086,-13.592]]]},"properties":{"NAME":"Maranunggu","SUBJECTO":"Maranunggu","BORDERPRECISION":3}},
{"type":"Feature","geometry":{"type":"Polygon","coordinates":[[[116.433,-23.976],[116.367,-24.562],[116.374,-24.595],[116.834,-24.482],[116.988,-24.062],[117.594,-24.031],[117.72,-23.99],[117.148,-23.618],[115.776,-22.921],[115.802,-23.754],[115.81,-23.842],[115.835,-23.846],[116.433,-23.976]]]},"properties":{"NAME":"Thiin","SUBJECTO":"Thiin","BORDERPRECISION":3}},
{"type":"Feature","geometry":{"type":"Polygon","coordinates":[[[130.155,-15.487],[129.758,-15.273],[128.782,-15.083],[128.464,-15.241],[128.463,-15.25],[128.14,-15.564],[128.117,-15.583],[127.938,-15.871],[129.167,-16.235],[129.283,-16.293],[129.512,-15.977],[130.155,-15.487]]]},"properties":{"NAME":"Doolboong/Miriwoong","SUBJECTO":"Doolboong/Miriwoong","BORDERPRECISION":3}},
{"type":"Feature","geometry":{"type":"Polygon","coordinates":[[[129.034,-18.01],[129.144,-18.917],[128.77,-19.249],[128.758,-19.261],[129.869,-19.942],[130.496,-20.551],[130.253,-21.114],[130.737,-21.32],[130.671,-22.075],[130.858,-22.624],[131.294,-22.975],[132.196,-22.979],[131.88,-22.553],[132.067,-22.004],[132.924,-21.926],[133.099,-21.207],[132.973,-20.777],[132.962,-20.735],[132.825,-20.211],[132.316,-19.343],[132.274,-19.276],[132.056,-18.948],[130.974,-18.123],[129.265,-18.323],[129.034,-18.01]]]},"properties":{"NAME":"Warlpiri","SUBJECTO":"Warlpiri","BORDERPRECISION":3}},
{"type":"Feature","geometry":{"type":"Polygon","coordinates":[[[124.882,-18.48],[124.815,-18.58],[124.799,-18.958],[125.112,-19.875],[124.955,-20.196],[126.345,-20.341],[126.826,-19.182],[126.829,-19.157],[126.304,-18.948],[126.287,-18.944],[125.876,-18.854],[125.499,-18.422],[125.485,-18.421],[124.882,-18.48]]]},"properties":{"NAME":"Walmatjarri","SUBJECTO":"Walmatjarri","BORDERPRECISION":3}},
{"type":"Feature","geometry":{"type":"Polygon","coordinates":[[[119.917,-32.18],[118.869,-31.53],[118.216,-30.862],[118.186,-30.901],[117.526,-31.957],[117.612,-32.402],[117.743,-32.633],[118.109,-33.056],[118.412,-33.129],[118.491,-33.136],[119.948,-33.153],[120.035,-33.148],[120.193,-33.086],[120.395,-32.761],[119.917,-32.18]]]},"properties":{"NAME":"Nyaki-nyaki","SUBJECTO":"Nyaki-nyaki","BORDERPRECISION":3}},
{"type":"Feature","geometry":{"type":"Polygon","coordinates":[[[116.821,-20.784],[116.812,-20.785],[117.07,-21.025],[117.094,-21.039],[117.962,-21.317],[117.975,-21.314],[117.794,-20.638],[116.821,-20.784]]]},"properties":{"NAME":"Ngarluma","SUBJECTO":"Ngarluma","BORDERPRECISION":3}},
{"type":"Feature","geometry":{"type":"Polygon","coordinates":[[[130.179,-14.037],[130.046,-14.092],[130.106,-14.128],[130.301,-13.911],[130.24,-13.887],[130.225,-13.898],[130.216,-13.978],[130.213,-13.992],[130.19,-14.027],[130.179,-14.037]]]},"properties":{"NAME":"Marramaninjsji","SUBJECTO":"Marramaninjsji","BORDERPRECISION":3}},
{"type":"Feature","geometry":{"type":"Polygon","coordinates":[[[125.939,-18.048],[125.957,-18.039],[126.274,-17.718],[125.794,-17.417],[125.337,-17.65],[125.685,-18.09],[125.939,-18.048]]]},"properties":{"NAME":"Punuba","SUBJECTO":"Punuba","BORDERPRECISION":3}},
{"type":"Feature","geometry":{"type":"Polygon","coordinates":[[[132.274,-19.276],[132.394,-19.327],[133.484,-19.124],[133.748,-18.854],[133.428,-18.261],[133.419,-18.251],[133.279,-17.744],[133.019,-17.729],[132.281,-17.686],[131.509,-17.97],[131.506,-17.972],[130.974,-18.123],[132.056,-18.948],[132.274,-19.276]]]},"properties":{"NAME":"Warlmanpa","SUBJECTO":"Warlmanpa","BORDERPRECISION":3}},
{"type":"Feature","geometry":{"type":"Polygon","coordinates":[[[125.792,-17.414],[125.794,-17.417],[126.274,-17.718],[127.496,-17.204],[127.321,-16.668],[127.458,-16.041],[127.464,-16.004],[126.958,-16.088],[126.53,-16.899],[125.936,-16.836],[125.666,-17.083],[125.792,-17.414]]]},"properties":{"NAME":"Worla","SUBJECTO":"Worla","BORDERPRECISION":3}},
{"type":"Feature","geometry":{"type":"Polygon","coordinates":[[[121.306,-27.528],[120.826,-26.431],[119.235,-25.81],[118.913,-25.81],[118.229,-27.04],[118.039,-27.165],[118.029,-27.187],[118.728,-28.1],[119.323,-27.284],[121.306,-27.528]]]},"properties":{"NAME":"Tjupany","SUBJECTO":"Tjupany","BORDERPRECISION":3}},
{"type":"Feature","geometry":{"type":"Polygon","coordinates":[[[131.041,-25.466],[130.781,-26.077],[130.869,-26.736],[130.704,-27.464],[130.704,-27.483],[131.276,-28.043],[132.124,-28.401],[133.464,-28.392],[133.007,-26.458],[132.627,-26.195],[131.041,-25.466]]]},"properties":{"NAME":"Yankuntjatjara","SUBJECTO":"Yankuntjatjara","BORDERPRECISION":3}},
{"type":"Feature","geometry":{"type":"Polygon","coordinates":[[[129.841,-28.37],[130.584,-27.529],[130.543,-27.516],[129.716,-27.499],[128.892,-26.618],[128.855,-26.005],[128.21,-25.998],[127.338,-26.53],[127.072,-26.584],[127.014,-26.611],[127.321,-27.79],[127.369,-28.52],[127.446,-28.59],[127.991,-28.44],[129.841,-28.37]]]},"properties":{"NAME":"Nakako","SUBJECTO":"Nakako","BORDERPRECISION":3}},
{"type":"Feature","geometry":{"type":"Polygon","coordinates":[[[124.368,-27.519],[125.925,-28.556],[126.65,-28.883],[127.369,-28.52],[127.321,-27.79],[127.014,-26.611],[126.949,-26.581],[126.376,-26.441],[125.486,-25.909],[124.882,-26.136],[124.357,-27.464],[124.368,-27.519]]]},"properties":{"NAME":"Mandjindja","SUBJECTO":"Mandjindja","BORDERPRECISION":3}},
{"type":"Feature","geometry":{"type":"Polygon","coordinates":[[[127.446,-28.59],[128.342,-29.497],[128.453,-30.114],[130.155,-30.117],[131.353,-30.222],[130.561,-29.891],[130.514,-29.865],[129.99,-29.468],[129.841,-28.37],[127.991,-28.44],[127.446,-28.59]]]},"properties":{"NAME":"Ngalea","SUBJECTO":"Ngalea","BORDERPRECISION":3}},
{"type":"Feature","geometry":{"type":"Polygon","coordinates":[[[117.814,-20.619],[117.794,-20.638],[117.975,-21.314],[117.982,-21.332],[118.616,-21.627],[118.642,-21.6],[118.806,-20.617],[118.621,-20.375],[117.814,-20.619]]]},"properties":{"NAME":"Kariyarra","SUBJECTO":"Kariyarra","BORDERPRECISION":3}},
{"type":"Feature","geometry":{"type":"Polygon","coordinates":[[[122.891,-17.036],[123.061,-16.94],[122.927,-16.734],[122.76,-16.741],[122.653,-16.736],[122.543,-16.917],[122.55,-16.936],[122.891,-17.036]]]},"properties":{"NAME":"Nyul Nyul","SUBJECTO":"Nyul Nyul","BORDERPRECISION":3}},
{"type":"Feature","geometry":{"type":"Polygon","coordinates":[[[134.52,-26.546],[133.872,-26.078],[133.007,-26.458],[133.464,-28.392],[134.5,-28.921],[134.52,-26.546]]]},"properties":{"NAME":"Antakarinja","SUBJECTO":"Antakarinja","BORDERPRECISION":3}},
{"type":"Feature","geometry":{"type":"Polygon","coordinates":[[[130.96,-16.422],[131.391,-16.7],[131.697,-16.497],[131.782,-16.432],[132.137,-15.939],[131.401,-15.791],[130.889,-16.086],[130.866,-16.103],[130.96,-16.422]]]},"properties":{"NAME":"Karangpurru","SUBJECTO":"Karangpurru","BORDERPRECISION":3}},
{"type":"Feature","geometry":{"type":"Polygon","coordinates":[[[116.268,-21.392],[115.315,-22.401],[115.31,-22.405],[115.939,-22.47],[116,-22.453],[116.422,-22.431],[116.861,-22.771],[116.982,-22.874],[117.449,-22.77],[117.823,-22.086],[117.807,-22.056],[116.878,-21.411],[116.841,-21.404],[116.518,-21.341],[116.45,-21.326],[116.268,-21.392]]]},"properties":{"NAME":"Kurrama","SUBJECTO":"Kurrama","BORDERPRECISION":3}},
{"type":"Feature","geometry":{"type":"Polygon","coordinates":[[[121.694,-27.856],[122.498,-27.294],[122.956,-26.561],[122.778,-26.03],[122.624,-26.007],[120.826,-26.431],[121.306,-27.528],[121.694,-27.856]]]},"properties":{"NAME":"Nana","SUBJECTO":"Nana","BORDERPRECISION":3}},
{"type":"Feature","geometry":{"type":"Polygon","coordinates":[[[134.143,-12.084],[134.044,-12.061],[134.039,-12.263],[134.121,-12.259],[134.228,-12.096],[134.143,-12.084]]]},"properties":{"NAME":"Gunibidji","SUBJECTO":"Gunibidji","BORDERPRECISION":3}},
{"type":"Feature","geometry":{"type":"Polygon","coordinates":[[[133.204,-14.872],[133.697,-15.064],[133.825,-14.935],[133.859,-14.893],[134.067,-14.741],[133.469,-14.309],[133.204,-14.872]]]},"properties":{"NAME":"Mangarayi","SUBJECTO":"Mangarayi","BORDERPRECISION":3}},
{"type":"Feature","geometry":{"type":"Polygon","coordinates":[[[114.972,-30.342],[115.433,-31.391],[116.031,-31.417],[116.261,-31.433],[116.827,-30.052],[116.764,-30],[116.641,-30.009],[116.153,-30.221],[114.97,-30.325],[114.972,-30.342]]]},"properties":{"NAME":"Yuat","SUBJECTO":"Yuat","BORDERPRECISION":3}},
{"type":"Feature","geometry":{"type":"Polygon","coordinates":[[[116.031,-31.417],[115.493,-31.546],[115.758,-32.494],[116.14,-32.388],[116.163,-32.378],[116.599,-32.145],[116.708,-31.658],[116.261,-31.433],[116.031,-31.417]]]},"properties":{"NAME":"Wajuk","SUBJECTO":"Wajuk","BORDERPRECISION":3}},
{"type":"Feature","geometry":{"type":"Polygon","coordinates":[[[134.347,-17.944],[134.485,-17.196],[133.512,-16.241],[133.492,-16.234],[133.393,-16.422],[133.5,-17.314],[133.287,-17.7],[133.279,-17.744],[133.419,-18.251],[133.432,-18.247],[133.495,-18.031],[134.347,-17.944]]]},"properties":{"NAME":"Jingili","SUBJECTO":"Jingili","BORDERPRECISION":3}},
{"type":"Feature","geometry":{"type":"Polygon","coordinates":[[[116.448,-21.293],[116.251,-20.924],[114.685,-21.953],[115.291,-22.401],[115.304,-22.401],[115.315,-22.401],[116.268,-21.392],[116.45,-21.326],[116.448,-21.293]]]},"properties":{"NAME":"Nhuwala","SUBJECTO":"Nhuwala","BORDERPRECISION":3}},
{"type":"Feature","geometry":{"type":"Polygon","coordinates":[[[126.303,-18.94],[126.304,-18.948],[126.829,-19.157],[126.849,-19.167],[127.78,-19.419],[127.796,-19.418],[128.749,-19.25],[128.77,-19.249],[129.144,-18.917],[129.034,-18.01],[129.265,-18.323],[129.054,-17.834],[128.328,-17.552],[128.294,-17.562],[127.546,-18.261],[126.811,-18.48],[126.773,-18.556],[126.303,-18.94]]]},"properties":{"NAME":"Jaru","SUBJECTO":"Jaru","BORDERPRECISION":3}},
{"type":"Feature","geometry":{"type":"MultiPolygon","coordinates":[[[[130.103,-14.129],[130.106,-14.128],[130.046,-14.092],[129.889,-14.097],[130.02,-14.413],[130.103,-14.129]]],[[[129.997,-14.434],[130.032,-14.437],[130.02,-14.414],[129.997,-14.434]]]]},"properties":{"NAME":"Ngan’gikurunggurr","SUBJECTO":"Ngan’gikurunggurr","BORDERPRECISION":3}},
{"type":"Feature","geometry":{"type":"Polygon","coordinates":[[[132.215,-12.796],[132.218,-12.771],[132.216,-12.341],[131.635,-12.39],[131.659,-12.93],[132.215,-12.796]]]},"properties":{"NAME":"Limilngan","SUBJECTO":"Limilngan","BORDERPRECISION":3}},
{"type":"Feature","geometry":{"type":"Polygon","coordinates":[[[118.216,-30.862],[118.869,-31.53],[119.917,-32.18],[120.279,-31.743],[121.215,-31.114],[121.201,-31.1],[121.034,-30.932],[120.004,-29.325],[119.436,-28.763],[119.394,-28.741],[118.372,-28.384],[117.889,-28.353],[117.182,-28.844],[116.84,-29.007],[116.328,-29.249],[116.764,-30],[116.827,-30.052],[117.978,-30.693],[118.079,-30.741],[118.216,-30.862]]]},"properties":{"NAME":"Kalaamaya","SUBJECTO":"Kalaamaya","BORDERPRECISION":3}},
{"type":"Feature","geometry":{"type":"Polygon","coordinates":[[[116.542,-23.018],[115.927,-22.631],[115.904,-22.624],[115.732,-22.844],[115.727,-22.853],[115.776,-22.921],[117.148,-23.618],[117.188,-23.332],[116.587,-23.043],[116.542,-23.018]]]},"properties":{"NAME":"Jiwarli","SUBJECTO":"Jiwarli","BORDERPRECISION":3}},
{"type":"Feature","geometry":{"type":"Polygon","coordinates":[[[125.108,-15.205],[125.096,-15.259],[125.745,-15.732],[126.002,-14.741],[126.002,-14.687],[125.968,-14.48],[125.156,-14.805],[125.108,-15.205]]]},"properties":{"NAME":"Wunambul","SUBJECTO":"Wunambul","BORDERPRECISION":3}},
{"type":"Feature","geometry":{"type":"Polygon","coordinates":[[[133.019,-17.729],[133.287,-17.7],[133.5,-17.314],[133.393,-16.422],[132.88,-16.489],[132.391,-16.19],[131.782,-16.432],[131.697,-16.497],[130.979,-17.55],[130.985,-17.875],[131.486,-17.965],[131.509,-17.97],[132.281,-17.686],[133.019,-17.729]]]},"properties":{"NAME":"Mudburra","SUBJECTO":"Mudburra","BORDERPRECISION":3}},
{"type":"Feature","geometry":{"type":"Polygon","coordinates":[[[134.635,-13.243],[134.331,-13.419],[134.629,-13.928],[134.635,-13.243]]]},"properties":{"NAME":"Ngalkbun","SUBJECTO":"Ngalkbun","BORDERPRECISION":3}},
{"type":"Feature","geometry":{"type":"Polygon","coordinates":[[[118.57,-24.337],[118.573,-24.39],[119.713,-24.933],[119.883,-24.427],[119.627,-23.529],[118.845,-23.54],[118.57,-24.337]]]},"properties":{"NAME":"Ngalawangka","SUBJECTO":"Ngalawangka","BORDERPRECISION":3}},
{"type":"Feature","geometry":{"type":"Polygon","coordinates":[[[122.844,-18.537],[122.751,-19.015],[122.764,-19.033],[123.146,-19.135],[123.805,-20.035],[123.838,-20.53],[124.255,-20.53],[124.955,-20.196],[125.112,-19.875],[124.799,-18.958],[124.815,-18.58],[124.375,-18.216],[124.362,-18.211],[123.876,-18.802],[123.26,-18.441],[123.216,-18.44],[122.914,-18.466],[122.896,-18.484],[122.844,-18.537]]]},"properties":{"NAME":"Mangala","SUBJECTO":"Mangala","BORDERPRECISION":3}},
{"type":"Feature","geometry":{"type":"Polygon","coordinates":[[[132.891,-12.769],[132.872,-12.729],[132.696,-12.686],[132.67,-12.764],[132.682,-12.78],[132.715,-12.806],[132.723,-12.81],[132.84,-12.83],[132.856,-12.811],[132.884,-12.777],[132.891,-12.769]]]},"properties":{"NAME":"Bukurnidja","SUBJECTO":"Bukurnidja","BORDERPRECISION":3}},
{"type":"Feature","geometry":{"type":"Polygon","coordinates":[[[121.239,-31.1],[123.194,-30.938],[123.559,-30.902],[123.409,-30.107],[122.631,-28.696],[122.317,-28.697],[119.872,-28.854],[119.757,-28.994],[120.652,-29.86],[121.034,-30.932],[121.201,-31.1],[121.239,-31.1]]]},"properties":{"NAME":"Wangkathaa","SUBJECTO":"Wangkathaa","BORDERPRECISION":3}},
{"type":"Feature","geometry":{"type":"Polygon","coordinates":[[[115.803,-23.866],[115.81,-23.842],[115.802,-23.754],[114.74,-23.338],[114.706,-23.327],[114.521,-23.916],[114.521,-23.977],[115.258,-24.487],[115.215,-24.961],[115.377,-24.995],[115.803,-23.866]]]},"properties":{"NAME":"Tharrgari","SUBJECTO":"Tharrgari","BORDERPRECISION":3}},
{"type":"Feature","geometry":{"type":"Polygon","coordinates":[[[125.702,-15.783],[125.745,-15.732],[125.096,-15.259],[124.425,-15.658],[124.56,-16.343],[124.792,-16.344],[125.002,-15.792],[125.702,-15.783]]]},"properties":{"NAME":"Worora","SUBJECTO":"Worora","BORDERPRECISION":3}},
{"type":"Feature","geometry":{"type":"Polygon","coordinates":[[[125.496,-18.41],[125.685,-18.09],[125.337,-17.65],[125.046,-17.398],[124.459,-17.409],[123.635,-17.21],[123.534,-17.389],[123.051,-18.065],[122.908,-18.463],[122.914,-18.466],[123.216,-18.44],[123.26,-18.441],[123.876,-18.802],[124.362,-18.211],[124.375,-18.216],[124.815,-18.58],[124.882,-18.48],[125.485,-18.421],[125.496,-18.41]]]},"properties":{"NAME":"Nyikina","SUBJECTO":"Nyikina","BORDERPRECISION":3}},
{"type":"Feature","geometry":{"type":"Polygon","coordinates":[[[123.988,-16.81],[123.566,-16.415],[123.82,-16.884],[123.986,-16.815],[123.988,-16.81]]]},"properties":{"NAME":"Unggarangi","SUBJECTO":"Unggarangi","BORDERPRECISION":3}},
{"type":"Feature","geometry":{"type":"Polygon","coordinates":[[[122.891,-17.036],[122.803,-17.317],[122.817,-17.666],[123.051,-18.065],[123.534,-17.389],[123.498,-17.319],[123.061,-16.94],[122.891,-17.036]]]},"properties":{"NAME":"Nimanburu","SUBJECTO":"Nimanburu","BORDERPRECISION":3}},
{"type":"Feature","geometry":{"type":"Polygon","coordinates":[[[134.5,-28.921],[133.464,-28.392],[132.124,-28.401],[131.276,-28.043],[130.704,-27.483],[130.686,-27.47],[130.64,-27.485],[130.584,-27.529],[129.841,-28.37],[129.99,-29.468],[130.514,-29.865],[130.561,-29.891],[131.353,-30.222],[131.373,-30.228],[133.231,-30.496],[134.483,-30.935],[134.5,-28.921]]]},"properties":{"NAME":"Kokatha","SUBJECTO":"Kokatha","BORDERPRECISION":3}},
{"type":"Feature","geometry":{"type":"Polygon","coordinates":[[[134.022,-12.056],[133.762,-11.997],[134,-12.266],[134.004,-12.268],[134.039,-12.263],[134.044,-12.061],[134.022,-12.056]]]},"properties":{"NAME":"Gunbalang","SUBJECTO":"Gunbalang","BORDERPRECISION":3}},
{"type":"Feature","geometry":{"type":"Polygon","coordinates":[[[118.728,-28.1],[118.029,-27.187],[118.013,-27.182],[115.818,-28.569],[116.312,-29.254],[116.328,-29.249],[116.84,-29.007],[117.182,-28.844],[117.889,-28.353],[118.372,-28.384],[118.532,-28.304],[118.728,-28.1]]]},"properties":{"NAME":"Badimaya","SUBJECTO":"Badimaya","BORDERPRECISION":3}},
{"type":"Feature","geometry":{"type":"Polygon","coordinates":[[[130.984,-12.983],[130.978,-12.981],[130.403,-12.861],[130.218,-13.462],[130.293,-13.426],[130.305,-13.417],[130.364,-13.388],[130.385,-13.385],[130.396,-13.384],[131.397,-13.5],[131.517,-13.407],[131.556,-13.277],[130.984,-12.983]]]},"properties":{"NAME":"Kungarakany","SUBJECTO":"Kungarakany","BORDERPRECISION":3}},
{"type":"Feature","geometry":{"type":"Polygon","coordinates":[[[134.624,-14.505],[133.637,-13.685],[133.469,-14.309],[134.067,-14.741],[134.619,-15.032],[134.624,-14.505]]]},"properties":{"NAME":"Ngalakan","SUBJECTO":"Ngalakan","BORDERPRECISION":3}},
{"type":"Feature","geometry":{"type":"Polygon","coordinates":[[[124.222,-31.034],[124.431,-32.944],[126.013,-32.271],[127.314,-32.267],[128.903,-31.709],[131.082,-31.49],[131.336,-30.986],[131.026,-30.768],[128.687,-30.336],[127.13,-30.368],[126.359,-30.384],[125.189,-30.647],[124.42,-30.955],[124.222,-31.034]]]},"properties":{"NAME":"Mirning","SUBJECTO":"Mirning","BORDERPRECISION":3}},
{"type":"Feature","geometry":{"type":"Polygon","coordinates":[[[130.446,-15.692],[131.386,-15.659],[131.073,-15.325],[130.392,-15.492],[130.446,-15.692]]]},"properties":{"NAME":"Nungali","SUBJECTO":"Nungali","BORDERPRECISION":3}},
{"type":"Feature","geometry":{"type":"Polygon","coordinates":[[[117.094,-21.039],[117.074,-21.04],[116.882,-21.386],[116.878,-21.411],[117.807,-22.056],[117.843,-22.073],[118.924,-22.336],[118.93,-22.33],[119.028,-22.015],[119.028,-22.009],[118.645,-21.637],[118.616,-21.627],[117.982,-21.332],[117.962,-21.317],[117.094,-21.039]]]},"properties":{"NAME":"Yindjibarndi","SUBJECTO":"Yindjibarndi","BORDERPRECISION":3}},
{"type":"Feature","geometry":{"type":"Polygon","coordinates":[[[122.887,-18.462],[122.225,-18.19],[122.221,-18.191],[121.546,-18.771],[121.544,-18.786],[122.736,-19.025],[122.751,-19.015],[122.844,-18.537],[122.896,-18.484],[122.887,-18.462]]]},"properties":{"NAME":"Karajarri","SUBJECTO":"Karajarri","BORDERPRECISION":3}},
{"type":"Feature","geometry":{"type":"Polygon","coordinates":[[[120.53,-32.959],[120.193,-33.086],[120.035,-33.148],[119.948,-33.153],[118.491,-33.136],[118.688,-33.538],[119.074,-33.986],[119.508,-34.336],[119.771,-34.12],[121.74,-33.963],[122.171,-34.179],[123.186,-34.04],[123.46,-33.994],[123.955,-33.479],[123.651,-33.138],[122.828,-33.055],[122.827,-33.055],[122.301,-33.4],[120.53,-32.959]]]},"properties":{"NAME":"Wudjari","SUBJECTO":"Wudjari","BORDERPRECISION":3}},
{"type":"Feature","geometry":{"type":"Polygon","coordinates":[[[130.291,-17.122],[130.282,-17.179],[130.94,-17.394],[131.391,-16.7],[130.96,-16.422],[130.291,-17.122]]]},"properties":{"NAME":"Bilinara","SUBJECTO":"Bilinara","BORDERPRECISION":3}},
{"type":"Feature","geometry":{"type":"MultiPolygon","coordinates":[[[[130.385,-13.385],[130.402,-13.392],[130.396,-13.384],[130.385,-13.385]]],[[[130.305,-13.417],[130.304,-13.43],[130.334,-13.448],[130.364,-13.388],[130.305,-13.417]]]]},"properties":{"NAME":"Tjerratj","SUBJECTO":"Tjerratj","BORDERPRECISION":3}},
{"type":"Feature","geometry":{"type":"Polygon","coordinates":[[[121.333,-21.994],[121.195,-22.017],[121.104,-22.199],[121.002,-23.304],[121.19,-23.765],[122.95,-25.402],[124.266,-24.257],[125.469,-24.57],[125.528,-24.599],[126.156,-24.227],[127.966,-24.059],[127.046,-23.302],[126.563,-22.35],[126.198,-21.962],[126.157,-21.932],[125.841,-21.811],[124.091,-22.35],[124.08,-21.943],[123.289,-21.371],[123.274,-21.372],[122.542,-22.411],[121.333,-21.994]]]},"properties":{"NAME":"Mardu","SUBJECTO":"Mardu","BORDERPRECISION":3}},
{"type":"Feature","geometry":{"type":"Polygon","coordinates":[[[118.884,-34.282],[119.354,-34.546],[119.46,-34.401],[119.074,-33.986],[118.688,-33.538],[118.371,-33.151],[118.088,-33.28],[117.633,-33.496],[117.488,-33.587],[117.665,-33.947],[117.672,-34.022],[118.73,-34.254],[118.884,-34.282]]]},"properties":{"NAME":"Goreng","SUBJECTO":"Goreng","BORDERPRECISION":3}},
{"type":"Feature","geometry":{"type":"Polygon","coordinates":[[[134,-12.266],[133.762,-11.997],[133.448,-11.903],[133.142,-11.857],[133.056,-11.902],[133.026,-12.03],[133.374,-12.833],[133.403,-12.847],[133.44,-12.881],[133.49,-12.904],[133.521,-12.913],[133.592,-12.969],[133.622,-12.92],[133.998,-12.268],[134,-12.266]]]},"properties":{"NAME":"Gunwinggu","SUBJECTO":"Gunwinggu","BORDERPRECISION":3}},
{"type":"Feature","geometry":{"type":"Polygon","coordinates":[[[115.82,-25.204],[115.752,-25.177],[115.377,-24.995],[115.215,-24.961],[114.137,-24.672],[113.612,-24.808],[113.955,-25.634],[114.727,-25.752],[115.823,-25.552],[115.842,-25.227],[115.82,-25.204]]]},"properties":{"NAME":"Yinggarda","SUBJECTO":"Yinggarda","BORDERPRECISION":3}},
{"type":"Feature","geometry":{"type":"Polygon","coordinates":[[[134.551,-23.019],[133.983,-22.977],[133.192,-22.911],[132.627,-22.776],[132.304,-23.013],[132.122,-23.413],[132.385,-23.976],[133.121,-24.577],[133.872,-26.078],[134.52,-26.546],[134.551,-23.019]]]},"properties":{"NAME":"Arrernte","SUBJECTO":"Arrernte","BORDERPRECISION":3}},
{"type":"Feature","geometry":{"type":"Polygon","coordinates":[[[132.218,-12.771],[132.43,-12.741],[132.4,-12.328],[132.216,-12.341],[132.218,-12.771]]]},"properties":{"NAME":"Konbudj","SUBJECTO":"Konbudj","BORDERPRECISION":3}},
{"type":"Feature","geometry":{"type":"Polygon","coordinates":[[[127.072,-26.584],[127.338,-26.53],[125.837,-25.681],[125.515,-24.611],[125.469,-24.57],[124.266,-24.257],[122.95,-25.402],[122.777,-26.007],[122.778,-26.03],[122.956,-26.561],[124.357,-27.464],[124.882,-26.136],[125.486,-25.909],[126.376,-26.441],[126.949,-26.581],[127.072,-26.584]]]},"properties":{"NAME":"Ngaanyatjarra","SUBJECTO":"Ngaanyatjarra","BORDERPRECISION":3}},
{"type":"Feature","geometry":{"type":"Polygon","coordinates":[[[125.666,-17.083],[125.936,-16.836],[126.53,-16.899],[126.958,-16.088],[127.464,-16.004],[127.508,-16.004],[127.938,-15.871],[128.117,-15.583],[128.119,-15.558],[128.051,-15.448],[128.048,-15.445],[127.661,-15.241],[127.65,-15.231],[127.244,-14.438],[126.749,-14.381],[126.747,-14.381],[126.026,-14.683],[126.002,-14.741],[125.745,-15.732],[125.702,-15.783],[125.002,-15.792],[124.792,-16.344],[124.817,-16.511],[124.833,-16.527],[125.666,-17.083]]]},"properties":{"NAME":"Ngarinyin","SUBJECTO":"Ngarinyin","BORDERPRECISION":3}},
{"type":"Feature","geometry":{"type":"Polygon","coordinates":[[[126.274,-17.718],[125.957,-18.039],[125.949,-18.048],[126.486,-18.135],[126.775,-18.48],[126.811,-18.48],[127.546,-18.261],[128.294,-17.562],[128.328,-17.552],[129.054,-17.834],[128.804,-16.699],[129.254,-16.626],[129.267,-16.319],[129.167,-16.235],[127.938,-15.871],[127.508,-16.004],[127.458,-16.041],[127.321,-16.668],[127.496,-17.204],[126.274,-17.718]]]},"properties":{"NAME":"Kija","SUBJECTO":"Kija","BORDERPRECISION":3}},
{"type":"Feature","geometry":{"type":"Polygon","coordinates":[[[131.992,-13.966],[131.517,-13.407],[131.397,-13.5],[131.337,-13.644],[130.87,-13.801],[130.792,-14.397],[130.342,-14.511],[130.351,-14.716],[130.988,-14.82],[131.896,-14.569],[131.992,-13.966]]]},"properties":{"NAME":"Wagiman","SUBJECTO":"Wagiman","BORDERPRECISION":3}},
{"type":"Feature","geometry":{"type":"Polygon","coordinates":[[[132.715,-12.806],[132.682,-12.78],[132.662,-12.769],[132.468,-12.776],[132.342,-12.983],[132.717,-12.811],[132.715,-12.806]]]},"properties":{"NAME":"Ngombur","SUBJECTO":"Ngombur","BORDERPRECISION":3}},
{"type":"Feature","geometry":{"type":"Polygon","coordinates":[[[134.555,-22.554],[134.129,-22.403],[133.959,-22.888],[133.983,-22.977],[134.551,-23.019],[134.555,-22.554]]]},"properties":{"NAME":"Alyawarre","SUBJECTO":"Alyawarre","BORDERPRECISION":3}},
{"type":"Feature","geometry":{"type":"Polygon","coordinates":[[[133.142,-11.857],[133.174,-11.728],[132.626,-11.75],[133.056,-11.902],[133.142,-11.857]]]},"properties":{"NAME":"Iwaidja","SUBJECTO":"Iwaidja","BORDERPRECISION":3}},
{"type":"Feature","geometry":{"type":"Polygon","coordinates":[[[132.438,-13.131],[132.505,-13.147],[132.667,-13.168],[132.834,-12.932],[132.836,-12.907],[132.849,-12.843],[132.84,-12.83],[132.723,-12.81],[132.717,-12.811],[132.342,-12.983],[132.29,-13.088],[132.438,-13.131]]]},"properties":{"NAME":"Mbukarla","SUBJECTO":"Mbukarla","BORDERPRECISION":3}},
{"type":"Feature","geometry":{"type":"Polygon","coordinates":[[[115.835,-23.846],[115.803,-23.866],[115.377,-24.995],[115.752,-25.177],[115.82,-25.204],[115.854,-25.199],[116.337,-24.617],[116.367,-24.562],[116.433,-23.976],[115.835,-23.846]]]},"properties":{"NAME":"Warriyangga","SUBJECTO":"Warriyangga","BORDERPRECISION":3}},
{"type":"Feature","geometry":{"type":"Polygon","coordinates":[[[132.67,-12.764],[132.696,-12.686],[132.725,-12.201],[132.4,-12.328],[132.43,-12.741],[132.468,-12.776],[132.662,-12.769],[132.67,-12.764]]]},"properties":{"NAME":"Gagudju","SUBJECTO":"Gagudju","BORDERPRECISION":3}},
{"type":"Feature","geometry":{"type":"Polygon","coordinates":[[[122.927,-16.734],[122.761,-16.597],[122.76,-16.741],[122.927,-16.734]]]},"properties":{"NAME":"Bardi","SUBJECTO":"Bardi","BORDERPRECISION":3}},
{"type":"Feature","geometry":{"type":"Polygon","coordinates":[[[133.448,-11.903],[133.174,-11.728],[133.142,-11.857],[133.448,-11.903]]]},"properties":{"NAME":"Maung","SUBJECTO":"Maung","BORDERPRECISION":3}},
{"type":"Feature","geometry":{"type":"Polygon","coordinates":[[[118.689,-20.34],[118.621,-20.375],[118.806,-20.617],[118.642,-21.6],[118.645,-21.637],[119.028,-22.009],[119.033,-22.011],[121.104,-22.199],[121.195,-22.017],[120.905,-20.982],[120.223,-20.52],[119.944,-20.118],[119.636,-20.391],[118.828,-20.14],[118.689,-20.34]]]},"properties":{"NAME":"Nyamal","SUBJECTO":"Nyamal","BORDERPRECISION":3}},
{"type":"Feature","geometry":{"type":"Polygon","coordinates":[[[129.992,-14.434],[129.997,-14.434],[130.02,-14.414],[130.02,-14.413],[129.889,-14.097],[129.763,-14.007],[129.596,-14.168],[129.992,-14.434]]]},"properties":{"NAME":"Marringarr","SUBJECTO":"Marringarr","BORDERPRECISION":3}},
{"type":"Feature","geometry":{"type":"Polygon","coordinates":[[[116.547,-34.865],[116.202,-33.936],[116.194,-33.927],[115.99,-33.715],[115.868,-33.67],[115.756,-33.831],[115.741,-33.859],[115.349,-34.116],[115.148,-34.382],[115.648,-34.597],[116.005,-34.935],[116.446,-35.027],[116.547,-34.865]]]},"properties":{"NAME":"Bibbulman","SUBJECTO":"Bibbulman","BORDERPRECISION":3}},
{"type":"Feature","geometry":{"type":"Polygon","coordinates":[[[126.002,-14.687],[126.026,-14.683],[126.747,-14.381],[126.748,-14.381],[126.617,-14.203],[126.268,-14.071],[125.968,-14.48],[126.002,-14.687]]]},"properties":{"NAME":"Gamberre","SUBJECTO":"Gamberre","BORDERPRECISION":3}},
{"type":"Feature","geometry":{"type":"Polygon","coordinates":[[[125.515,-24.611],[125.837,-25.681],[127.338,-26.53],[128.21,-25.998],[128.855,-26.005],[129.089,-25.165],[128.886,-24.43],[128.866,-24.395],[127.966,-24.059],[126.156,-24.227],[125.528,-24.599],[125.515,-24.611]]]},"properties":{"NAME":"Ngatatjara","SUBJECTO":"Ngatatjara","BORDERPRECISION":3}},
{"type":"Feature","geometry":{"type":"Polygon","coordinates":[[[121.002,-23.304],[119.641,-23.399],[119.627,-23.529],[119.883,-24.427],[119.713,-24.933],[119.3,-25.345],[119.128,-25.426],[118.913,-25.81],[119.235,-25.81],[120.826,-26.431],[122.624,-26.007],[122.777,-26.007],[122.95,-25.402],[121.19,-23.765],[121.002,-23.304]]]},"properties":{"NAME":"Wawula","SUBJECTO":"Wawula","BORDERPRECISION":3}},
{"type":"Feature","geometry":{"type":"Polygon","coordinates":[[[123.289,-21.356],[123.838,-20.53],[123.805,-20.035],[123.146,-19.135],[122.764,-19.033],[122.736,-19.025],[121.544,-18.786],[121.54,-18.785],[120.872,-19.677],[119.926,-20.081],[119.944,-20.118],[120.223,-20.52],[120.905,-20.982],[121.195,-22.017],[121.333,-21.994],[122.542,-22.411],[123.274,-21.372],[123.289,-21.356]]]},"properties":{"NAME":"Nyangumarda","SUBJECTO":"Nyangumarda","BORDERPRECISION":3}},
{"type":"Feature","geometry":{"type":"Polygon","coordinates":[[[134.485,-17.196],[134.601,-17.133],[134.619,-15.032],[134.067,-14.741],[133.859,-14.893],[133.825,-14.935],[133.697,-15.064],[133.496,-16.226],[133.512,-16.241],[134.485,-17.196]]]},"properties":{"NAME":"Alawa","SUBJECTO":"Alawa","BORDERPRECISION":3}},
{"type":"Feature","geometry":{"type":"Polygon","coordinates":[[[133.162,-14.902],[132.303,-15.025],[132.319,-15.893],[132.391,-16.19],[132.88,-16.489],[133.393,-16.422],[133.492,-16.234],[133.496,-16.226],[133.697,-15.064],[133.204,-14.872],[133.162,-14.902]]]},"properties":{"NAME":"Yangman","SUBJECTO":"Yangman","BORDERPRECISION":3}},
{"type":"Feature","geometry":{"type":"Polygon","coordinates":[[[134.483,-30.935],[133.231,-30.496],[131.373,-30.228],[131.026,-30.768],[131.336,-30.986],[131.082,-31.49],[131.356,-31.671],[131.993,-32.066],[132.698,-32.09],[133.125,-32.337],[133.837,-32.342],[134.467,-32.737],[134.483,-30.935]]]},"properties":{"NAME":"Wirangu","SUBJECTO":"Wirangu","BORDERPRECISION":3}},
{"type":"Feature","geometry":{"type":"Polygon","coordinates":[[[127.65,-15.231],[127.665,-15.227],[127.989,-14.857],[127.342,-14.091],[127.244,-14.438],[127.65,-15.231]]]},"properties":{"NAME":"Kwini","SUBJECTO":"Kwini","BORDERPRECISION":3}},
{"type":"Feature","geometry":{"type":"Polygon","coordinates":[[[130.978,-12.981],[131.205,-12.911],[131.063,-12.261],[130.84,-12.707],[130.403,-12.861],[130.978,-12.981]]]},"properties":{"NAME":"Larrakia","SUBJECTO":"Larrakia","BORDERPRECISION":3}},
{"type":"Feature","geometry":{"type":"Polygon","coordinates":[[[114.97,-30.325],[116.153,-30.221],[116.641,-30.009],[116.312,-29.254],[115.818,-28.569],[115.315,-28.53],[115.298,-28.538],[114.597,-28.719],[114.544,-28.78],[114.841,-29.386],[114.9,-30.129],[114.97,-30.325]]]},"properties":{"NAME":"Amangu","SUBJECTO":"Amangu","BORDERPRECISION":3}},
{"type":"Feature","geometry":{"type":"Polygon","coordinates":[[[134.228,-12.096],[134.121,-12.259],[134.403,-12.156],[134.228,-12.096]]]},"properties":{"NAME":"Gungurugoni","SUBJECTO":"Gungurugoni","BORDERPRECISION":3}},
{"type":"Feature","geometry":{"type":"Polygon","coordinates":[[[122.932,-32.489],[122.91,-32.758],[122.833,-33.035],[122.828,-33.055],[123.651,-33.138],[123.955,-33.479],[124.001,-33.423],[124.235,-33.012],[124.431,-32.944],[124.222,-31.034],[123.383,-30.992],[122.932,-32.489]]]},"properties":{"NAME":"Ngatjumay","SUBJECTO":"Ngatjumay","BORDERPRECISION":3}},
{"type":"Feature","geometry":{"type":"Polygon","coordinates":[[[130.759,-16.067],[130.889,-16.086],[131.401,-15.791],[131.386,-15.659],[130.446,-15.692],[130.759,-16.067]]]},"properties":{"NAME":"Ngaliwuru","SUBJECTO":"Ngaliwuru","BORDERPRECISION":3}},
{"type":"Feature","geometry":{"type":"Polygon","coordinates":[[[115.912,-22.602],[115.985,-22.468],[115.939,-22.47],[115.31,-22.405],[115.304,-22.401],[115.291,-22.401],[114.639,-21.982],[114.309,-22.564],[113.822,-22.254],[113.617,-22.661],[113.783,-22.839],[114.291,-22.685],[114.793,-22.822],[114.808,-22.825],[115.715,-22.848],[115.732,-22.844],[115.904,-22.624],[115.912,-22.602]]]},"properties":{"NAME":"Thalanyji","SUBJECTO":"Thalanyji","BORDERPRECISION":3}},
{"type":"Feature","geometry":{"type":"Polygon","coordinates":[[[131.635,-12.39],[131.063,-12.261],[131.205,-12.911],[131.659,-12.93],[131.635,-12.39]]]},"properties":{"NAME":"Woolna","SUBJECTO":"Woolna","BORDERPRECISION":3}},
{"type":"Feature","geometry":{"type":"Polygon","coordinates":[[[134.641,-12.478],[133.956,-13.026],[134.331,-13.419],[134.635,-13.243],[134.641,-12.478]]]},"properties":{"NAME":"Rembarnga","SUBJECTO":"Rembarnga","BORDERPRECISION":3}},
{"type":"Feature","geometry":{"type":"Polygon","coordinates":[[[130.043,-14.445],[130.032,-14.437],[129.997,-14.434],[129.992,-14.434],[129.596,-14.168],[129.794,-14.754],[130.351,-14.716],[130.342,-14.511],[130.043,-14.445]]]},"properties":{"NAME":"Murrinh-patha","SUBJECTO":"Murrinh-patha","BORDERPRECISION":3}},
{"type":"Feature","geometry":{"type":"Polygon","coordinates":[[[130.576,-24.793],[129.074,-24.446],[128.886,-24.43],[129.089,-25.165],[128.855,-26.005],[128.892,-26.618],[129.716,-27.499],[130.543,-27.516],[130.64,-27.485],[130.686,-27.47],[130.704,-27.464],[130.869,-26.736],[130.781,-26.077],[131.041,-25.466],[130.576,-24.793]]]},"properties":{"NAME":"Pitjantjatjara","SUBJECTO":"Pitjantjatjara","BORDERPRECISION":3}},
{"type":"Feature","geometry":{"type":"Polygon","coordinates":[[[115.767,-33.492],[115.717,-33.403],[115.65,-33.349],[115.022,-34.262],[115.148,-34.382],[115.349,-34.116],[115.741,-33.859],[115.756,-33.831],[115.817,-33.606],[115.767,-33.492]]]},"properties":{"NAME":"Wardandi","SUBJECTO":"Wardandi","BORDERPRECISION":3}},
{"type":"Feature","geometry":{"type":"Polygon","coordinates":[[[132.751,-12.169],[132.736,-12.19],[132.845,-12.221],[133.026,-12.03],[133.056,-11.902],[132.626,-11.75],[132.751,-12.169]]]},"properties":{"NAME":"Amarak","SUBJECTO":"Amarak","BORDERPRECISION":3}},
{"type":"Feature","geometry":{"type":"Polygon","coordinates":[[[123.576,-16.391],[123.566,-16.415],[123.988,-16.81],[123.99,-16.815],[124.448,-16.84],[124.396,-16.517],[123.576,-16.391]]]},"properties":{"NAME":"Umida","SUBJECTO":"Umida","BORDERPRECISION":3}},
{"type":"Feature","geometry":{"type":"Polygon","coordinates":[[[132.696,-12.686],[132.872,-12.729],[132.845,-12.221],[132.736,-12.19],[132.725,-12.201],[132.696,-12.686]]]},"properties":{"NAME":"Kundjey’mi","SUBJECTO":"Kundjey’mi","BORDERPRECISION":3}},
{"type":"Feature","geometry":{"type":"Polygon","coordinates":[[[118.93,-22.33],[118.934,-22.34],[119.355,-22.705],[119.641,-23.399],[121.002,-23.304],[121.104,-22.199],[119.033,-22.011],[119.028,-22.015],[118.93,-22.33]]]},"properties":{"NAME":"Palyku","SUBJECTO":"Palyku","BORDERPRECISION":3}},
{"type":"Feature","geometry":{"type":"Polygon","coordinates":[[[115.842,-25.227],[115.823,-25.552],[114.727,-25.752],[114.677,-26.438],[114.906,-27.951],[115.273,-28.509],[115.315,-28.53],[115.818,-28.569],[118.013,-27.182],[118.039,-27.165],[118.229,-27.04],[118.913,-25.81],[119.128,-25.426],[119.3,-25.345],[119.713,-24.933],[118.573,-24.39],[117.594,-24.031],[116.988,-24.062],[116.834,-24.482],[116.374,-24.595],[116.337,-24.617],[115.854,-25.199],[115.842,-25.227]]]},"properties":{"NAME":"Watjarri","SUBJECTO":"Watjarri","BORDERPRECISION":3}},
{"type":"Feature","geometry":{"type":"Polygon","coordinates":[[[127.738,-19.456],[127.739,-20.603],[127.874,-20.729],[129.144,-21.064],[129.587,-20.949],[129.667,-20.954],[130.253,-21.114],[130.496,-20.551],[129.869,-19.942],[128.758,-19.261],[128.749,-19.25],[127.796,-19.418],[127.781,-19.428],[127.738,-19.456]]]},"properties":{"NAME":"Ngarti","SUBJECTO":"Ngarti","BORDERPRECISION":3}},
{"type":"Feature","geometry":{"type":"Polygon","coordinates":[[[124.459,-17.409],[124.448,-16.84],[123.99,-16.815],[123.986,-16.815],[123.82,-16.884],[123.596,-17.157],[123.635,-17.21],[124.459,-17.409]]]},"properties":{"NAME":"Warwa","SUBJECTO":"Warwa","BORDERPRECISION":3}},
{"type":"Feature","geometry":{"type":"Polygon","coordinates":[[[134.644,-12.111],[134.403,-12.156],[134.121,-12.259],[134.039,-12.263],[134.004,-12.268],[133.998,-12.268],[133.622,-12.92],[133.956,-13.026],[134.641,-12.478],[134.644,-12.111]]]},"properties":{"NAME":"Dangbon","SUBJECTO":"Dangbon","BORDERPRECISION":3}},
{"type":"Feature","geometry":{"type":"Polygon","coordinates":[[[131.896,-14.569],[130.988,-14.82],[131.073,-15.325],[131.386,-15.659],[131.401,-15.791],[132.137,-15.939],[132.319,-15.893],[132.303,-15.025],[132.038,-14.609],[131.896,-14.569]]]},"properties":{"NAME":"Wardaman","SUBJECTO":"Wardaman","BORDERPRECISION":3}},
{"type":"Feature","geometry":{"type":"Polygon","coordinates":[[[115.986,-32.984],[116.049,-33.001],[116.269,-33.063],[116.678,-33.248],[117.21,-33.479],[117.425,-33.639],[117.488,-33.587],[117.633,-33.496],[118.088,-33.28],[118.371,-33.151],[118.412,-33.129],[118.109,-33.056],[117.743,-32.633],[117.612,-32.402],[117.53,-32.376],[116.599,-32.145],[116.163,-32.378],[116.138,-32.399],[116.08,-32.601],[115.986,-32.984]]]},"properties":{"NAME":"Wiilman","SUBJECTO":"Wiilman","BORDERPRECISION":3}},
{"type":"Feature","geometry":{"type":"Polygon","coordinates":[[[132.071,-13.759],[132.078,-13.75],[132.2,-13.223],[131.556,-13.277],[131.517,-13.407],[131.992,-13.966],[132.071,-13.759]]]},"properties":{"NAME":"Warray","SUBJECTO":"Warray","BORDERPRECISION":3}},
{"type":"Feature","geometry":{"type":"Polygon","coordinates":[[[126.453,-20.372],[126.453,-20.633],[125.841,-21.811],[126.157,-21.932],[126.207,-21.905],[127.024,-21.043],[127.707,-20.68],[127.739,-20.603],[127.738,-19.456],[127.781,-19.428],[127.78,-19.419],[126.849,-19.167],[126.826,-19.182],[126.345,-20.341],[126.453,-20.372]]]},"properties":{"NAME":"Kukatja","SUBJECTO":"Kukatja","BORDERPRECISION":3}},
{"type":"Feature","geometry":{"type":"Polygon","coordinates":[[[116.609,-23.004],[116.587,-23.043],[117.188,-23.332],[116.982,-22.874],[116.861,-22.771],[116.609,-23.004]]]},"properties":{"NAME":"Jurruru","SUBJECTO":"Jurruru","BORDERPRECISION":3}},
{"type":"Feature","geometry":{"type":"Polygon","coordinates":[[[114.707,-23.287],[114.74,-23.338],[115.802,-23.754],[115.776,-22.921],[115.727,-22.853],[115.715,-22.848],[114.808,-22.825],[114.796,-22.827],[114.707,-23.287]]]},"properties":{"NAME":"Purduna","SUBJECTO":"Purduna","BORDERPRECISION":3}},
{"type":"Feature","geometry":{"type":"Polygon","coordinates":[[[126.207,-21.905],[126.198,-21.962],[126.563,-22.35],[127.046,-23.302],[127.966,-24.059],[128.866,-24.395],[129.074,-24.446],[130.576,-24.793],[130.913,-24.387],[131.294,-22.975],[130.858,-22.624],[130.671,-22.075],[130.737,-21.32],[130.253,-21.114],[129.667,-20.954],[129.587,-20.949],[129.144,-21.064],[127.874,-20.729],[127.707,-20.68],[127.024,-21.043],[126.207,-21.905]]]},"properties":{"NAME":"Pintupi","SUBJECTO":"Pintupi","BORDERPRECISION":3}},
{"type":"Feature","geometry":{"type":"Polygon","coordinates":[[[127.244,-14.438],[127.342,-14.091],[126.853,-13.784],[126.617,-14.203],[126.748,-14.381],[126.749,-14.381],[127.244,-14.438]]]},"properties":{"NAME":"Miwa","SUBJECTO":"Miwa","BORDERPRECISION":3}},
{"type":"Feature","geometry":{"type":"Polygon","coordinates":[[[117.823,-22.086],[117.449,-22.77],[118.56,-23.527],[118.845,-23.54],[119.627,-23.529],[119.641,-23.399],[119.355,-22.705],[118.934,-22.34],[118.924,-22.336],[117.843,-22.073],[117.823,-22.086]]]},"properties":{"NAME":"Banjima","SUBJECTO":"Banjima","BORDERPRECISION":3}},
{"type":"Feature","geometry":{"type":"Polygon","coordinates":[[[130.267,-13.634],[130.334,-13.448],[130.304,-13.43],[130.293,-13.426],[130.218,-13.462],[130.191,-13.498],[130.267,-13.634]]]},"properties":{"NAME":"Kuwema","SUBJECTO":"Kuwema","BORDERPRECISION":3}},
{"type":"Feature","geometry":{"type":"Polygon","coordinates":[[[130.249,-17.152],[129.254,-16.626],[128.804,-16.699],[129.054,-17.834],[129.265,-18.323],[130.974,-18.123],[131.506,-17.972],[131.486,-17.965],[130.985,-17.875],[130.94,-17.394],[130.282,-17.179],[130.249,-17.152]]]},"properties":{"NAME":"Gurindji","SUBJECTO":"Gurindji","BORDERPRECISION":3}},
{"type":"Feature","geometry":{"type":"Polygon","coordinates":[[[132.924,-21.926],[132.067,-22.004],[131.88,-22.553],[132.196,-22.979],[132.304,-23.013],[132.627,-22.776],[133.192,-22.911],[133.959,-22.888],[134.129,-22.403],[133.022,-22.126],[132.924,-21.926]]]},"properties":{"NAME":"Anmatyerre","SUBJECTO":"Anmatyerre","BORDERPRECISION":3}},
{"type":"Feature","geometry":{"type":"Polygon","coordinates":[[[130.2,-13.888],[130.061,-13.606],[129.763,-14.007],[129.889,-14.097],[130.046,-14.092],[130.179,-14.037],[130.19,-14.027],[130.213,-13.992],[130.216,-13.978],[130.225,-13.898],[130.2,-13.888]]]},"properties":{"NAME":"Marrithiyel","SUBJECTO":"Marrithiyel","BORDERPRECISION":3}},
{"type":"Feature","geometry":{"type":"Polygon","coordinates":[[[130.402,-13.392],[130.385,-13.385],[130.364,-13.388],[130.334,-13.448],[130.267,-13.634],[130.228,-13.882],[130.24,-13.887],[130.301,-13.911],[130.87,-13.801],[131.337,-13.644],[130.402,-13.392]]]},"properties":{"NAME":"Malak malak","SUBJECTO":"Malak malak","BORDERPRECISION":3}},
{"type":"Feature","geometry":{"type":"MultiPolygon","coordinates":[[[[125.337,-17.65],[125.794,-17.417],[125.792,-17.414],[125.666,-17.083],[124.833,-16.527],[124.396,-16.517],[124.448,-16.84],[124.459,-17.409],[125.046,-17.398],[125.337,-17.65]]],[[[124.612,-16.378],[124.817,-16.511],[124.792,-16.344],[124.56,-16.343],[124.612,-16.378]]]]},"properties":{"NAME":"Unggumi","SUBJECTO":"Unggumi","BORDERPRECISION":3}},
{"type":"Feature","geometry":{"type":"Polygon","coordinates":[[[122.317,-28.697],[122.631,-28.696],[124.368,-27.519],[124.357,-27.464],[122.956,-26.561],[122.498,-27.294],[121.694,-27.856],[122.317,-28.697]]]},"properties":{"NAME":"Tjalkanti","SUBJECTO":"Tjalkanti","BORDERPRECISION":3}},
{"type":"Feature","geometry":{"type":"Polygon","coordinates":[[[122.803,-17.317],[122.161,-17.319],[122.101,-17.382],[122.182,-17.772],[122.708,-17.756],[122.817,-17.666],[122.803,-17.317]]]},"properties":{"NAME":"Ngumbarl","SUBJECTO":"Ngumbarl","BORDERPRECISION":3}},
{"type":"Feature","geometry":{"type":"Polygon","coordinates":[[[114.677,-26.438],[113.734,-26.801],[114.338,-28.485],[114.452,-28.649],[114.597,-28.719],[115.298,-28.538],[115.273,-28.509],[114.906,-27.951],[114.677,-26.438]]]},"properties":{"NAME":"Nhanta","SUBJECTO":"Nhanta","BORDERPRECISION":3}},
{"type":"Feature","geometry":{"type":"Polygon","coordinates":[[[119.944,-20.118],[119.926,-20.081],[118.828,-20.14],[119.636,-20.391],[119.944,-20.118]]]},"properties":{"NAME":"Ngarla","SUBJECTO":"Ngarla","BORDERPRECISION":3}},
{"type":"Feature","geometry":{"type":"Polygon","coordinates":[[[129.693,-15.09],[129.672,-15.154],[129.758,-15.273],[130.155,-15.487],[130.392,-15.492],[131.073,-15.325],[130.988,-14.82],[130.351,-14.716],[129.794,-14.754],[129.693,-15.09]]]},"properties":{"NAME":"Jaminjung","SUBJECTO":"Jaminjung","BORDERPRECISION":3}},
{"type":"Feature","geometry":{"type":"Polygon","coordinates":[[[118.186,-30.901],[118.079,-30.741],[117.978,-30.693],[117.135,-30.376],[116.848,-30.072],[116.431,-31.471],[116.731,-31.604],[116.731,-32.124],[117.53,-32.376],[117.612,-32.402],[117.526,-31.957],[118.186,-30.901]]]},"properties":{"NAME":"Ballardong","SUBJECTO":"Ballardong","BORDERPRECISION":3}},
{"type":"Feature","geometry":{"type":"Polygon","coordinates":[[[123.289,-21.356],[123.289,-21.371],[124.08,-21.943],[124.091,-22.35],[125.841,-21.811],[126.453,-20.633],[126.453,-20.372],[126.345,-20.341],[124.955,-20.196],[124.255,-20.53],[123.838,-20.53],[123.289,-21.356]]]},"properties":{"NAME":"Yulparitja","SUBJECTO":"Yulparitja","BORDERPRECISION":3}},
{"type":"Feature","geometry":{"type":"Polygon","coordinates":[[[133.078,-13.293],[133.232,-13.301],[133.572,-13.327],[133.592,-12.969],[133.521,-12.913],[133.49,-12.904],[133.44,-12.881],[133.403,-12.847],[133.374,-12.833],[132.884,-12.777],[132.856,-12.811],[132.849,-12.843],[132.836,-12.907],[132.834,-12.932],[132.667,-13.168],[133.078,-13.293]]]},"properties":{"NAME":"Wuningangk","SUBJECTO":"Wuningangk","BORDERPRECISION":3}},
{"type":"Feature","geometry":{"type":"Polygon","coordinates":[[[130.032,-14.437],[130.043,-14.445],[130.342,-14.511],[130.792,-14.397],[130.87,-13.801],[130.301,-13.911],[130.106,-14.128],[130.103,-14.129],[130.02,-14.413],[130.02,-14.414],[130.032,-14.437]]]},"properties":{"NAME":"Ngan’giwumirri","SUBJECTO":"Ngan’giwumirri","BORDERPRECISION":3}},
{"type":"Feature","geometry":{"type":"Polygon","coordinates":[[[115.969,-32.981],[116.08,-32.601],[116.138,-32.399],[116.14,-32.388],[115.758,-32.494],[115.715,-33.018],[115.969,-32.981]]]},"properties":{"NAME":"Pinjarup","SUBJECTO":"Pinjarup","BORDERPRECISION":3}},
{"type":"Feature","geometry":{"type":"Polygon","coordinates":[[[128.453,-30.114],[128.342,-29.497],[127.446,-28.59],[127.369,-28.52],[126.65,-28.883],[125.925,-28.556],[124.368,-27.519],[122.631,-28.696],[123.409,-30.107],[123.559,-30.902],[124.42,-30.955],[125.189,-30.647],[126.359,-30.384],[127.13,-30.368],[128.453,-30.114]]]},"properties":{"NAME":"Nyanganyatjara","SUBJECTO":"Nyanganyatjara","BORDERPRECISION":3}},
{"type":"Feature","geometry":{"type":"MultiPolygon","coordinates":[[[[134.629,-13.928],[134.331,-13.419],[133.956,-13.026],[133.622,-12.92],[133.592,-12.969],[133.572,-13.327],[133.638,-13.411],[133.637,-13.685],[134.624,-14.505],[134.629,-13.928]]],[[[123.383,-30.992],[124.222,-31.034],[124.42,-30.955],[123.559,-30.902],[123.194,-30.938],[123.383,-30.992]]],[[[120.395,-32.761],[120.193,-33.086],[120.53,-32.959],[120.395,-32.761]]],[[[117.72,-23.99],[117.594,-24.031],[118.573,-24.39],[118.57,-24.337],[118.845,-23.54],[118.56,-23.527],[118.504,-23.629],[117.72,-23.99]]],[[[122.55,-16.936],[122.543,-16.917],[122.537,-16.923],[122.55,-16.936]]],[[[118.532,-28.304],[118.372,-28.384],[119.394,-28.741],[118.466,-28.396],[118.532,-28.304]]],[[[119.436,-28.763],[120.004,-29.325],[121.034,-30.932],[120.652,-29.86],[119.757,-28.994],[119.436,-28.763]]],[[[113.783,-22.839],[113.617,-22.661],[113.743,-23.248],[113.783,-22.839]]],[[[113.373,-24.264],[113.433,-24.874],[113.896,-25.59],[113.955,-25.634],[113.612,-24.808],[113.373,-24.264]]],[[[132.038,-14.609],[132.303,-15.025],[133.162,-14.902],[132.424,-14.552],[132.038,-14.609]]],[[[132.29,-13.088],[132.342,-12.983],[132.468,-12.776],[132.43,-12.741],[132.218,-12.771],[132.215,-12.796],[131.659,-12.93],[131.205,-12.911],[130.978,-12.981],[130.984,-12.983],[131.556,-13.277],[132.2,-13.223],[132.29,-13.088]]],[[[116.446,-35.027],[116.005,-34.935],[115.648,-34.597],[115.148,-34.382],[115.022,-34.262],[115.047,-34.422],[115.616,-34.631],[115.967,-34.936],[116.561,-35.189],[117.741,-35.22],[116.446,-35.027]]],[[[118.73,-34.254],[117.672,-34.022],[117.394,-34.28],[116.433,-34.307],[116.202,-33.936],[116.547,-34.865],[116.521,-34.33],[118.73,-34.254]]],[[[119.008,-34.615],[119.354,-34.546],[118.884,-34.282],[119.008,-34.615]]],[[[113.06,-26.116],[114.022,-27.626],[113.965,-28.033],[114.338,-28.485],[113.734,-26.801],[113.5,-26.687],[113.06,-26.116]]],[[[122.326,-18.061],[122.213,-18.049],[122.228,-18.144],[122.326,-18.061]]],[[[122.224,-18.183],[122.221,-18.191],[122.225,-18.19],[122.224,-18.183]]],[[[117.665,-33.947],[117.488,-33.587],[117.425,-33.639],[117.559,-33.775],[117.665,-33.947]]],[[[122.182,-17.772],[122.101,-17.382],[122.182,-17.918],[122.182,-17.772]]],[[[118.412,-33.129],[118.371,-33.151],[118.688,-33.538],[118.491,-33.136],[118.412,-33.129]]],[[[118.216,-30.862],[118.079,-30.741],[118.186,-30.901],[118.216,-30.862]]],[[[128.453,-30.114],[127.13,-30.368],[128.687,-30.336],[131.026,-30.768],[131.373,-30.228],[131.353,-30.222],[130.155,-30.117],[128.453,-30.114]]],[[[122.76,-16.741],[122.761,-16.597],[122.653,-16.736],[122.76,-16.741]]],[[[131.782,-16.432],[132.391,-16.19],[132.319,-15.893],[132.137,-15.939],[131.782,-16.432]]],[[[131.391,-16.7],[130.94,-17.394],[130.985,-17.875],[130.979,-17.55],[131.697,-16.497],[131.391,-16.7]]],[[[115.315,-22.401],[115.304,-22.401],[115.31,-22.405],[115.315,-22.401]]],[[[114.97,-30.325],[114.9,-30.129],[115.058,-30.804],[115.493,-31.546],[116.031,-31.417],[115.433,-31.391],[114.972,-30.342],[114.97,-30.325]]],[[[116.764,-30],[116.328,-29.249],[116.312,-29.254],[116.641,-30.009],[116.764,-30]]],[[[116.261,-31.433],[116.708,-31.658],[116.599,-32.145],[117.53,-32.376],[116.731,-32.124],[116.731,-31.604],[116.431,-31.471],[116.848,-30.072],[117.135,-30.376],[117.978,-30.693],[116.827,-30.052],[116.261,-31.433]]],[[[114.685,-21.953],[114.639,-21.982],[115.291,-22.401],[114.685,-21.953]]],[[[132.884,-12.777],[133.374,-12.833],[133.026,-12.03],[132.845,-12.221],[132.872,-12.729],[132.891,-12.769],[132.884,-12.777]]],[[[132.84,-12.83],[132.849,-12.843],[132.856,-12.811],[132.84,-12.83]]],[[[123.635,-17.21],[123.596,-17.157],[123.498,-17.319],[123.534,-17.389],[123.635,-17.21]]],[[[123.986,-16.815],[123.99,-16.815],[123.988,-16.81],[123.986,-16.815]]],[[[130.396,-13.384],[130.402,-13.392],[131.337,-13.644],[131.397,-13.5],[130.396,-13.384]]],[[[130.293,-13.426],[130.304,-13.43],[130.305,-13.417],[130.293,-13.426]]],[[[124.431,-32.944],[124.235,-33.012],[124.001,-33.423],[124.248,-33.144],[124.847,-32.952],[126.059,-32.434],[127.265,-32.381],[129.185,-31.798],[131.356,-31.671],[131.082,-31.49],[128.903,-31.709],[127.314,-32.267],[126.013,-32.271],[124.431,-32.944]]],[[[121.546,-18.771],[121.54,-18.785],[121.544,-18.786],[121.546,-18.771]]],[[[119.074,-33.986],[119.46,-34.401],[119.508,-34.336],[119.074,-33.986]]],[[[114.597,-28.719],[114.452,-28.649],[114.544,-28.78],[114.597,-28.719]]]]},"properties":{"NAME":"Australian aboriginal hunter-gatherers","SUBJECTO":"Australian aboriginal hunter-gatherers","BORDERPRECISION":1}},
{"type":"Feature","geometry":{"type":"Polygon","coordinates":[[[-4.153,53.226],[-4.277,53.398],[-4.567,53.273],[-4.351,53.124],[-4.153,53.226]]]},"properties":{"NAME":null,"SUBJECTO":null,"BORDERPRECISION":3}},
{"type":"Feature","geometry":{"type":"Polygon","coordinates":[[[-5.104,55.439],[-5.155,55.673],[-5.4,55.601],[-5.104,55.439]]]},"properties":{"NAME":null,"SUBJECTO":null,"BORDERPRECISION":3}},
{"type":"Feature","geometry":{"type":"Polygon","coordinates":[[[-6.122,55.879],[-6.327,55.589],[-6.025,55.681],[-6.122,55.879]]]},"properties":{"NAME":null,"SUBJECTO":null,"BORDERPRECISION":3}},
{"type":"Feature","geometry":{"type":"Polygon","coordinates":[[[-5.947,55.83],[-5.746,56.064],[-5.968,56.024],[-6.079,55.906],[-5.947,55.83]]]},"properties":{"NAME":null,"SUBJECTO":null,"BORDERPRECISION":3}},
{"type":"Feature","geometry":{"type":"Polygon","coordinates":[[[-7.467,56.941],[-7.376,56.979],[-7.446,57.056],[-7.554,56.966],[-7.467,56.941]]]},"properties":{"NAME":null,"SUBJECTO":null,"BORDERPRECISION":3}},
{"type":"Feature","geometry":{"type":"Polygon","coordinates":[[[-7.223,57.337],[-7.425,57.382],[-7.381,57.109],[-7.23,57.095],[-7.223,57.337]]]},"properties":{"NAME":null,"SUBJECTO":null,"BORDERPRECISION":3}},
{"type":"Feature","geometry":{"type":"Polygon","coordinates":[[[-7.269,57.399],[-7.205,57.461],[-7.351,57.489],[-7.388,57.424],[-7.269,57.399]]]},"properties":{"NAME":null,"SUBJECTO":null,"BORDERPRECISION":3}},
{"type":"Feature","geometry":{"type":"Polygon","coordinates":[[[-7.189,57.687],[-7.477,57.562],[-7.154,57.509],[-7.189,57.687]]]},"properties":{"NAME":null,"SUBJECTO":null,"BORDERPRECISION":3}},
{"type":"Feature","geometry":{"type":"Polygon","coordinates":[[[-7.006,57.881],[-6.994,57.919],[-7.074,57.896],[-7.006,57.881]]]},"properties":{"NAME":null,"SUBJECTO":null,"BORDERPRECISION":3}},
{"type":"Feature","geometry":{"type":"Polygon","coordinates":[[[-6.802,58.203],[-6.794,58.218],[-6.854,58.25],[-6.873,58.206],[-6.802,58.203]]]},"properties":{"NAME":null,"SUBJECTO":null,"BORDERPRECISION":3}},
{"type":"Feature","geometry":{"type":"Polygon","coordinates":[[[-6.204,58.356],[-7.032,58.238],[-6.474,57.94],[-6.204,58.356]]]},"properties":{"NAME":null,"SUBJECTO":null,"BORDERPRECISION":3}},
{"type":"Feature","geometry":{"type":"Polygon","coordinates":[[[-2.918,58.732],[-2.877,58.82],[-3.037,58.818],[-2.918,58.732]]]},"properties":{"NAME":null,"SUBJECTO":null,"BORDERPRECISION":3}},
{"type":"Feature","geometry":{"type":"Polygon","coordinates":[[[-3.231,58.776],[-3.136,58.804],[-3.336,58.927],[-3.431,58.871],[-3.231,58.776]]]},"properties":{"NAME":null,"SUBJECTO":null,"BORDERPRECISION":3}},
{"type":"Feature","geometry":{"type":"Polygon","coordinates":[[[-2.793,58.951],[-3.077,59.122],[-3.195,58.911],[-2.793,58.951]]]},"properties":{"NAME":null,"SUBJECTO":null,"BORDERPRECISION":3}},
{"type":"Feature","geometry":{"type":"Polygon","coordinates":[[[-2.681,59.196],[-2.621,59.236],[-2.496,59.245],[-2.414,59.314],[-2.593,59.291],[-2.681,59.196]]]},"properties":{"NAME":null,"SUBJECTO":null,"BORDERPRECISION":3}},
{"type":"Feature","geometry":{"type":"Polygon","coordinates":[[[-2.89,59.295],[-3.049,59.329],[-3.003,59.264],[-2.972,59.287],[-2.89,59.295]]]},"properties":{"NAME":null,"SUBJECTO":null,"BORDERPRECISION":3}},
{"type":"Feature","geometry":{"type":"Polygon","coordinates":[[[-1.296,60.491],[-1.32,60.356],[-1.655,60.226],[-1.126,60.152],[-1.041,60.447],[-1.296,60.491]]]},"properties":{"NAME":null,"SUBJECTO":null,"BORDERPRECISION":3}},
{"type":"Feature","geometry":{"type":"Polygon","coordinates":[[[-1.029,60.496],[-0.991,60.72],[-1.177,60.637],[-1.029,60.496]]]},"properties":{"NAME":null,"SUBJECTO":null,"BORDERPRECISION":3}},
{"type":"Feature","geometry":{"type":"Polygon","coordinates":[[[-0.82,60.689],[-0.768,60.829],[-0.939,60.794],[-0.966,60.688],[-0.82,60.689]]]},"properties":{"NAME":null,"SUBJECTO":null,"BORDERPRECISION":3}},
{"type":"Feature","geometry":{"type":"Polygon","coordinates":[[[-6.707,61.937],[-6.719,62.029],[-7.192,62.308],[-7.232,62.172],[-6.707,61.937]]]},"properties":{"NAME":null,"SUBJECTO":null,"BORDERPRECISION":3}},
{"type":"Feature","geometry":{"type":"Polygon","coordinates":[[[-4.778,54.056],[-4.394,54.186],[-4.527,54.367],[-4.778,54.056]]]},"properties":{"NAME":null,"SUBJECTO":null,"BORDERPRECISION":3}},
{"type":"Feature","geometry":{"type":"Polygon","coordinates":[[[129.716,28.451],[129.158,28.235],[129.369,28.116],[129.716,28.451]]]},"properties":{"NAME":null,"SUBJECTO":null,"BORDERPRECISION":3}},
{"type":"Feature","geometry":{"type":"Polygon","coordinates":[[[129.963,29.957],[129.942,30],[129.924,29.984],[129.963,29.957]]]},"properties":{"NAME":null,"SUBJECTO":null,"BORDERPRECISION":3}},
{"type":"Feature","geometry":{"type":"Polygon","coordinates":[[[129.896,29.874],[129.877,29.831],[129.923,29.825],[129.896,29.874]]]},"properties":{"NAME":null,"SUBJECTO":null,"BORDERPRECISION":3}},
{"type":"Feature","geometry":{"type":"Polygon","coordinates":[[[130.906,30.355],[131.074,30.689],[130.945,30.683],[130.906,30.355]]]},"properties":{"NAME":null,"SUBJECTO":null,"BORDERPRECISION":3}},
{"type":"Feature","geometry":{"type":"Polygon","coordinates":[[[130.559,30.236],[130.672,30.373],[130.511,30.459],[130.387,30.397],[130.559,30.236]]]},"properties":{"NAME":null,"SUBJECTO":null,"BORDERPRECISION":3}},
{"type":"Feature","geometry":{"type":"Polygon","coordinates":[[[121.735,25.139],[121.002,25.002],[120.116,23.631],[120.049,23.061],[120.329,22.519],[120.879,22.341],[121.453,23.327],[121.84,24.476],[121.735,25.139]]]},"properties":{"NAME":null,"SUBJECTO":null,"BORDERPRECISION":3}},
{"type":"Feature","geometry":{"type":"Polygon","coordinates":[[[128.901,32.643],[128.649,32.778],[128.61,32.612],[128.901,32.643]]]},"properties":{"NAME":null,"SUBJECTO":null,"BORDERPRECISION":3}},
{"type":"Feature","geometry":{"type":"Polygon","coordinates":[[[123.871,24.252],[123.922,24.371],[123.767,24.414],[123.679,24.316],[123.871,24.252]]]},"properties":{"NAME":null,"SUBJECTO":null,"BORDERPRECISION":3}},
{"type":"Feature","geometry":{"type":"Polygon","coordinates":[[[125.356,24.777],[125.262,24.879],[125.252,24.738],[125.356,24.777]]]},"properties":{"NAME":null,"SUBJECTO":null,"BORDERPRECISION":3}},
{"type":"Feature","geometry":{"type":"Polygon","coordinates":[[[124.262,24.457],[124.078,24.42],[124.122,24.345],[124.23,24.338],[124.262,24.457]]]},"properties":{"NAME":null,"SUBJECTO":null,"BORDERPRECISION":3}},
{"type":"Feature","geometry":{"type":"Polygon","coordinates":[[[128.253,26.639],[128.247,26.84],[127.959,26.544],[128.253,26.639]]]},"properties":{"NAME":null,"SUBJECTO":null,"BORDERPRECISION":3}},
{"type":"Feature","geometry":{"type":"Polygon","coordinates":[[[126.762,26.387],[126.702,26.349],[126.781,26.298],[126.81,26.347],[126.762,26.387]]]},"properties":{"NAME":null,"SUBJECTO":null,"BORDERPRECISION":3}},
{"type":"Feature","geometry":{"type":"Polygon","coordinates":[[[128.951,27.676],[129.03,27.774],[128.899,27.898],[128.897,27.726],[128.951,27.676]]]},"properties":{"NAME":null,"SUBJECTO":null,"BORDERPRECISION":3}},
{"type":"Feature","geometry":{"type":"Polygon","coordinates":[[[128.609,27.359],[128.696,27.449],[128.524,27.414],[128.609,27.359]]]},"properties":{"NAME":null,"SUBJECTO":null,"BORDERPRECISION":3}},
{"type":"Feature","geometry":{"type":"Polygon","coordinates":[[[129.992,28.282],[130.032,28.353],[129.943,28.322],[129.992,28.282]]]},"properties":{"NAME":null,"SUBJECTO":null,"BORDERPRECISION":3}},
{"type":"Feature","geometry":{"type":"Polygon","coordinates":[[[129.336,28.075],[129.34,28.111],[129.224,28.184],[129.219,28.098],[129.336,28.075]]]},"properties":{"NAME":null,"SUBJECTO":null,"BORDERPRECISION":3}},
{"type":"Feature","geometry":{"type":"Polygon","coordinates":[[[129.733,29.61],[129.753,29.648],[129.71,29.652],[129.733,29.61]]]},"properties":{"NAME":null,"SUBJECTO":null,"BORDERPRECISION":3}},
{"type":"Feature","geometry":{"type":"Polygon","coordinates":[[[7.16,53.164],[6.751,53.39],[5.39,53.139],[4.641,52.756],[3.766,51.381],[5.079,51.392],[6.01,50.759],[6.222,51.389],[5.979,51.804],[6.825,51.956],[7.068,52.273],[7.16,53.164]]]},"properties":{"NAME":"       ","SUBJECTO":"United Kingdom of Netherlands","BORDERPRECISION":3}},
{"type":"Feature","geometry":{"type":"MultiPolygon","coordinates":[[[[6.109,50.117],[6.01,50.759],[5.079,51.392],[3.766,51.381],[2.522,51.091],[2.875,50.682],[4.22,50.242],[5.824,49.507],[6.109,50.117]]],[[[26.163,48.941],[26.036,49.634],[24.257,50.159],[20.263,49.887],[18.786,49.892],[16.728,50.149],[15.818,50.797],[15.009,51.056],[13.233,50.664],[12.252,50.216],[12.536,49.563],[13.745,48.94],[13.947,48.655],[12.694,48.129],[12.7,47.69],[11.17,47.424],[9.665,47.556],[9.539,47.487],[9.521,47.069],[10.396,46.887],[10.66,45.807],[11.908,46.414],[11.74,46.752],[13.569,46.51],[13.535,45.801],[13.8,45.566],[14.848,45.107],[15.412,43.935],[16.992,43.323],[17.548,42.92],[15.757,44.786],[15.828,45.203],[18.258,45.122],[19.122,44.926],[19.012,45.459],[20.188,45.26],[20.789,44.742],[21.344,44.883],[22.133,44.511],[22.478,45.729],[24.065,46.1],[24.942,45.965],[26.191,46.809],[26.123,47.855],[26.36,48.125],[26.163,48.941]]]]},"properties":{"NAME":"Austrian Empire","SUBJECTO":"Austrian Empire","BORDERPRECISION":3}},
{"type":"Feature","geometry":{"type":"Polygon","coordinates":[[[155.483,50.119],[156.153,50.525],[155.897,50.699],[155.483,50.119]]]},"properties":{"NAME":"Kuril Islands","SUBJECTO":"(Russian and Japanese claim)","BORDERPRECISION":3}},
{"type":"Feature","geometry":{"type":"MultiPolygon","coordinates":[[[[136.811,37.311],[136.668,36.667],[135.978,35.973],[135.928,35.604],[135.157,35.646],[133.006,35.254],[132.663,35.381],[131.672,34.502],[130.892,34.246],[130.899,33.904],[131.995,33.804],[132.481,34.129],[134.427,34.628],[134.969,34.134],[135.063,33.69],[135.756,33.342],[136.734,34.874],[137.248,34.482],[138.149,34.528],[138.45,34.903],[139.423,35.166],[140.317,35.034],[140.656,36.618],[140.964,36.956],[140.872,37.917],[141.496,38.422],[141.998,39.672],[141.153,40.865],[140.386,40.986],[139.915,40.575],[139.805,39.891],[140.03,39.483],[139.746,38.68],[139.198,37.92],[138.317,37.206],[137.176,36.643],[136.811,37.311]]],[[[132.568,32.637],[132.97,32.765],[133.517,33.395],[133.999,33.148],[134.519,33.651],[134.54,34.013],[133.806,34.176],[133.463,33.884],[132.784,33.908],[132.121,33.348],[132.568,32.637]]],[[[130.579,30.907],[131.319,31.511],[131.407,32.083],[131.831,32.693],[131.67,33.309],[130.427,33.674],[130.176,33.337],[129.343,33.151],[129.846,32.587],[130.497,32.557],[130.059,31.972],[130.219,31.56],[130.732,31.478],[130.579,30.907]]],[[[140.013,41.382],[140.589,41.678],[140.246,42.228],[141.928,42.501],[143.214,41.927],[143.848,42.775],[145.448,43.17],[145.059,43.786],[143.508,44.156],[141.875,45.435],[141.523,45.183],[141.746,44.629],[141.709,43.914],[141.302,43.72],[141.304,43.187],[140.599,43.327],[140.5,42.896],[139.712,42.478],[140.1,41.946],[140.013,41.382]]]]},"properties":{"NAME":"Japan","SUBJECTO":"Japan","BORDERPRECISION":3}},
{"type":"Feature","geometry":{"type":"Polygon","coordinates":[[[-179.057,51.248],[-179.087,51.291],[-179.142,51.269],[-179.129,51.22],[-179.057,51.248]]]},"properties":{"NAME":null,"SUBJECTO":null,"BORDERPRECISION":3}},
{"type":"Feature","geometry":{"type":"Polygon","coordinates":[[[-178.9,51.355],[-178.985,51.374],[-178.991,51.309],[-178.9,51.355]]]},"properties":{"NAME":null,"SUBJECTO":null,"BORDERPRECISION":3}},
{"type":"Feature","geometry":{"type":"Polygon","coordinates":[[[-178.077,51.698],[-177.911,51.659],[-177.825,51.831],[-177.946,51.919],[-178.214,51.862],[-177.966,51.772],[-178.077,51.698]]]},"properties":{"NAME":null,"SUBJECTO":null,"BORDERPRECISION":3}},
{"type":"Feature","geometry":{"type":"Polygon","coordinates":[[[-176.434,51.838],[-176.606,51.986],[-176.972,51.658],[-176.417,51.75],[-176.434,51.838]]]},"properties":{"NAME":null,"SUBJECTO":null,"BORDERPRECISION":3}},
{"type":"Feature","geometry":{"type":"Polygon","coordinates":[[[-178.777,51.828],[-178.863,51.786],[-178.798,51.744],[-178.727,51.783],[-178.777,51.828]]]},"properties":{"NAME":null,"SUBJECTO":null,"BORDERPRECISION":3}},
{"type":"Feature","geometry":{"type":"Polygon","coordinates":[[[-177.626,51.692],[-177.374,51.726],[-177.154,51.699],[-177.046,51.889],[-177.196,51.921],[-177.243,51.793],[-177.626,51.692]]]},"properties":{"NAME":null,"SUBJECTO":null,"BORDERPRECISION":3}},
{"type":"Feature","geometry":{"type":"Polygon","coordinates":[[[-176.309,51.868],[-176.418,51.85],[-176.386,51.729],[-176.261,51.78],[-176.309,51.868]]]},"properties":{"NAME":null,"SUBJECTO":null,"BORDERPRECISION":3}},
{"type":"Feature","geometry":{"type":"Polygon","coordinates":[[[-176.215,51.815],[-176.033,51.823],[-176.024,51.848],[-176.206,51.879],[-176.215,51.815]]]},"properties":{"NAME":null,"SUBJECTO":null,"BORDERPRECISION":3}},
{"type":"Feature","geometry":{"type":"Polygon","coordinates":[[[-175.962,51.888],[-176.058,51.905],[-176.051,51.863],[-175.962,51.888]]]},"properties":{"NAME":null,"SUBJECTO":null,"BORDERPRECISION":3}},
{"type":"Feature","geometry":{"type":"Polygon","coordinates":[[[-175.725,51.931],[-175.663,51.954],[-175.699,51.97],[-175.725,51.931]]]},"properties":{"NAME":null,"SUBJECTO":null,"BORDERPRECISION":3}},
{"type":"Feature","geometry":{"type":"Polygon","coordinates":[[[-175.805,51.987],[-175.941,51.982],[-175.881,51.96],[-175.805,51.987]]]},"properties":{"NAME":null,"SUBJECTO":null,"BORDERPRECISION":3}},
{"type":"Feature","geometry":{"type":"Polygon","coordinates":[[[-176.152,52.103],[-176.166,51.992],[-175.995,52.029],[-176.152,52.103]]]},"properties":{"NAME":null,"SUBJECTO":null,"BORDERPRECISION":3}},
{"type":"Feature","geometry":{"type":"Polygon","coordinates":[[[-172.956,52.086],[-173.508,52.105],[-173.47,52.037],[-172.956,52.086]]]},"properties":{"NAME":null,"SUBJECTO":null,"BORDERPRECISION":3}},
{"type":"Feature","geometry":{"type":"Polygon","coordinates":[[[-174.788,52.023],[-174.142,52.124],[-174.232,52.269],[-174.788,52.023]]]},"properties":{"NAME":null,"SUBJECTO":null,"BORDERPRECISION":3}},
{"type":"Feature","geometry":{"type":"Polygon","coordinates":[[[-172.567,52.335],[-172.521,52.243],[-172.314,52.312],[-172.414,52.39],[-172.567,52.335]]]},"properties":{"NAME":null,"SUBJECTO":null,"BORDERPRECISION":3}},
{"type":"Feature","geometry":{"type":"Polygon","coordinates":[[[-171.25,52.524],[-171.304,52.504],[-171.308,52.449],[-171.235,52.451],[-171.202,52.493],[-171.25,52.524]]]},"properties":{"NAME":null,"SUBJECTO":null,"BORDERPRECISION":3}},
{"type":"Feature","geometry":{"type":"Polygon","coordinates":[[[-170.795,52.532],[-170.612,52.587],[-170.676,52.694],[-170.818,52.624],[-170.795,52.532]]]},"properties":{"NAME":null,"SUBJECTO":null,"BORDERPRECISION":3}},
{"type":"Feature","geometry":{"type":"Polygon","coordinates":[[[-170.055,52.759],[-170.18,52.784],[-170.189,52.724],[-170.055,52.759]]]},"properties":{"NAME":null,"SUBJECTO":null,"BORDERPRECISION":3}},
{"type":"Feature","geometry":{"type":"Polygon","coordinates":[[[-169.989,52.799],[-169.709,52.777],[-169.781,52.885],[-169.989,52.799]]]},"properties":{"NAME":null,"SUBJECTO":null,"BORDERPRECISION":3}},
{"type":"Feature","geometry":{"type":"Polygon","coordinates":[[[-169.994,52.902],[-170.077,52.919],[-170.127,52.889],[-170.05,52.852],[-169.994,52.902]]]},"properties":{"NAME":null,"SUBJECTO":null,"BORDERPRECISION":3}},
{"type":"Feature","geometry":{"type":"Polygon","coordinates":[[[-169.677,53.032],[-169.753,53.026],[-169.762,52.971],[-169.696,52.96],[-169.677,53.032]]]},"properties":{"NAME":null,"SUBJECTO":null,"BORDERPRECISION":3}},
{"type":"Feature","geometry":{"type":"Polygon","coordinates":[[[-169.042,52.833],[-167.868,53.372],[-168.407,53.415],[-169.042,52.833]]]},"properties":{"NAME":null,"SUBJECTO":null,"BORDERPRECISION":3}},
{"type":"Feature","geometry":{"type":"Polygon","coordinates":[[[-166.214,53.922],[-167.161,53.854],[-167.142,53.417],[-166.274,53.684],[-166.324,53.776],[-166.214,53.922]]]},"properties":{"NAME":null,"SUBJECTO":null,"BORDERPRECISION":3}},
{"type":"Feature","geometry":{"type":"Polygon","coordinates":[[[-166.199,53.834],[-166.296,53.756],[-166.21,53.705],[-166.115,53.777],[-166.199,53.834]]]},"properties":{"NAME":null,"SUBJECTO":null,"BORDERPRECISION":3}},
{"type":"Feature","geometry":{"type":"Polygon","coordinates":[[[-165.477,54.071],[-165.361,54.071],[-165.298,54.037],[-165.246,54.056],[-165.284,54.091],[-165.433,54.084],[-165.477,54.071]]]},"properties":{"NAME":null,"SUBJECTO":null,"BORDERPRECISION":3}},
{"type":"Feature","geometry":{"type":"Polygon","coordinates":[[[-165.087,54.067],[-165.129,54.128],[-165.21,54.083],[-165.087,54.067]]]},"properties":{"NAME":null,"SUBJECTO":null,"BORDERPRECISION":3}},
{"type":"Feature","geometry":{"type":"Polygon","coordinates":[[[-165.992,54.048],[-165.664,54.127],[-165.938,54.221],[-165.992,54.048]]]},"properties":{"NAME":null,"SUBJECTO":null,"BORDERPRECISION":3}},
{"type":"Feature","geometry":{"type":"Polygon","coordinates":[[[-165.494,54.291],[-165.682,54.238],[-165.623,54.128],[-165.486,54.173],[-165.494,54.291]]]},"properties":{"NAME":null,"SUBJECTO":null,"BORDERPRECISION":3}},
{"type":"Feature","geometry":{"type":"Polygon","coordinates":[[[-163.329,54.701],[-163.318,54.7],[-163.71,55.054],[-163.758,55.056],[-164.704,54.668],[-164.326,54.51],[-164.281,54.558],[-163.431,54.67],[-163.329,54.701]]]},"properties":{"NAME":null,"SUBJECTO":null,"BORDERPRECISION":3}},
{"type":"Feature","geometry":{"type":"Polygon","coordinates":[[[-169.641,56.546],[-169.471,56.592],[-169.76,56.618],[-169.641,56.546]]]},"properties":{"NAME":null,"SUBJECTO":null,"BORDERPRECISION":3}},
{"type":"Feature","geometry":{"type":"Polygon","coordinates":[[[-170.413,57.169],[-170.249,57.129],[-170.151,57.228],[-170.387,57.202],[-170.413,57.169]]]},"properties":{"NAME":null,"SUBJECTO":null,"BORDERPRECISION":3}},
{"type":"Feature","geometry":{"type":"Polygon","coordinates":[[[-165.859,60.345],[-166.496,60.379],[-167.127,59.997],[-165.729,59.91],[-165.859,60.345]]]},"properties":{"NAME":null,"SUBJECTO":null,"BORDERPRECISION":3}},
{"type":"Feature","geometry":{"type":"Polygon","coordinates":[[[-172.256,60.304],[-172.38,60.391],[-172.577,60.396],[-172.599,60.325],[-172.256,60.304]]]},"properties":{"NAME":null,"SUBJECTO":null,"BORDERPRECISION":3}},
{"type":"Feature","geometry":{"type":"Polygon","coordinates":[[[-170.707,63.654],[-171.644,63.732],[-171.721,63.747],[-171.846,63.496],[-170.938,63.451],[-170.226,63.205],[-170.177,63.185],[-169.823,63.131],[-169.151,63.297],[-170.036,63.545],[-170.553,63.688],[-170.707,63.654]]]},"properties":{"NAME":null,"SUBJECTO":null,"BORDERPRECISION":3}},
{"type":"Feature","geometry":{"type":"Polygon","coordinates":[[[-172.532,64.661],[-172.661,64.674],[-172.751,64.644],[-172.544,64.613],[-172.532,64.661]]]},"properties":{"NAME":null,"SUBJECTO":null,"BORDERPRECISION":3}},
{"type":"Feature","geometry":{"type":"Polygon","coordinates":[[[-172.571,64.824],[-172.591,64.703],[-172.167,64.772],[-172.303,64.848],[-172.571,64.824]]]},"properties":{"NAME":null,"SUBJECTO":null,"BORDERPRECISION":3}},
{"type":"Feature","geometry":{"type":"Polygon","coordinates":[[[-178.208,71.475],[-180,71.536],[-180,70.997],[-177.939,71.037],[-178.208,71.475]]]},"properties":{"NAME":null,"SUBJECTO":null,"BORDERPRECISION":3}},
{"type":"Feature","geometry":{"type":"Polygon","coordinates":[[[-175.683,71.407],[-175.8,71.43],[-175.804,71.394],[-175.683,71.407]]]},"properties":{"NAME":null,"SUBJECTO":null,"BORDERPRECISION":3}},
{"type":"Feature","geometry":{"type":"MultiPolygon","coordinates":[[[[-141.059,69.595],[-143.308,70.197],[-145.273,70.116],[-149.286,70.539],[-152.137,70.534],[-152.971,70.934],[-156.905,71.346],[-157.812,70.971],[-160.24,70.858],[-162.879,69.999],[-164.067,69.065],[-166.297,68.88],[-166.844,68.405],[-164.513,67.797],[-163.739,67.218],[-161.936,67.088],[-161.261,66.396],[-162.275,66.071],[-163.843,66.178],[-164.463,66.596],[-168.18,65.694],[-166.139,65.355],[-166.586,64.73],[-165.741,64.559],[-163.025,64.442],[-161.291,64.964],[-161.133,63.563],[-162.474,63.41],[-163.309,63.038],[-164.292,63.25],[-165.431,62.43],[-165.898,61.27],[-164.539,60.95],[-165.128,60.542],[-164.027,59.798],[-162.378,60.163],[-161.989,59.712],[-162.004,58.827],[-161.117,58.746],[-160.431,59.002],[-158.291,58.73],[-157.139,58.856],[-157.665,57.604],[-160.457,56.2],[-160.169,55.807],[-159.077,55.992],[-158.527,56.449],[-156.496,57.1],[-156.685,57.401],[-155.598,57.896],[-154.649,58.076],[-153.455,58.877],[-154.282,59.249],[-152.899,59.896],[-152.878,60.279],[-151.16,60.66],[-151.783,59.995],[-151.388,59.213],[-149.326,60.027],[-148.493,61.064],[-147.27,60.94],[-145.138,60.454],[-144.406,60.093],[-141.439,60.091],[-140.905,59.786],[-139.573,59.9],[-139.2,59.277],[-138.446,59.162],[-137.577,58.604],[-134.123,58.239],[-133.341,57.377],[-131.767,56.01],[-131.191,56.035],[-130.695,55.465],[-130.003,55.289],[-130.287,56.107],[-131.725,56.605],[-133.503,58.424],[-134.791,59.214],[-135.855,59.646],[-137.223,58.882],[-138.621,59.778],[-139.005,60.258],[-140.895,60.389],[-140.927,63.786],[-140.974,66.026],[-141.059,69.595]]],[[[-163.431,54.67],[-163.318,54.7],[-163.329,54.701],[-163.431,54.67]]],[[[-170.553,63.688],[-171.644,63.732],[-170.707,63.654],[-170.553,63.688]]],[[[-179.501,68.954],[-180,68.98],[-180,68.069],[-180,67.069],[-180,66.069],[-180,65.069],[-178.563,65.516],[-176.078,65.47],[-175.816,64.958],[-173.191,64.254],[-172.359,64.424],[-172.748,64.596],[-172.782,64.851],[-172.133,65.072],[-172.419,65.575],[-170.677,65.608],[-170.142,66.157],[-171.726,66.955],[-172.819,66.909],[-174.837,67.389],[-175.464,67.707],[-178.738,68.539],[-179.501,68.954]]]]},"properties":{"NAME":"Russian Empire","SUBJECTO":"Russian Empire","BORDERPRECISION":3}},
{"type":"Feature","geometry":{"type":"Polygon","coordinates":[[[-79.05,42.852],[-79.198,42.571],[-80.073,42.153],[-81.811,41.495],[-82.568,41.404],[-83.45,41.754],[-83.056,42.027],[-82.298,43.029],[-82.658,43.84],[-83.386,44.313],[-83.431,45.275],[-84.634,45.751],[-83.821,46.15],[-84.744,46.468],[-85.1,46.749],[-86.522,46.475],[-87.273,46.512],[-87.76,46.864],[-89.311,46.881],[-90.277,46.625],[-91.15,47.368],[-89.622,47.968],[-90,48.249],[-91.682,48.039],[-92.839,48.515],[-93.713,48.574],[-94.82,49.051],[-96.335,49.039],[-100.46,49.043],[-104.262,49.056],[-108.461,49.059],[-110.67,49.054],[-115.165,49.056],[-117.215,49.058],[-121.052,49.051],[-122.9,49.067],[-122.345,48.077],[-122.826,48.023],[-124.675,48.386],[-124.309,47.459],[-123.995,45.764],[-124.331,44.072],[-124.137,43.666],[-124.63,43.014],[-124.306,42.055],[-118.925,42.055],[-110.214,42.055],[-110.214,38.353],[-109.249,38.192],[-107.478,38.192],[-104.099,37.548],[-102.328,37.709],[-100.236,37.709],[-100.204,34.543],[-98.69,34.046],[-97.865,33.974],[-97.329,33.7],[-95.499,33.856],[-94.247,33.535],[-94.246,31.982],[-93.752,31.169],[-94.061,29.699],[-93.446,29.768],[-92.117,29.542],[-91.951,29.832],[-91.24,29.321],[-90,29.109],[-89.622,29.284],[-89.684,30.09],[-89.233,30.406],[-87.775,30.263],[-86.389,30.473],[-85.487,30.039],[-85.305,29.664],[-84.317,30.092],[-83.886,30.048],[-82.647,28.907],[-82.841,27.838],[-82.31,26.825],[-81.401,25.859],[-81.098,25.125],[-80.314,25.244],[-80.05,26.551],[-80.605,28.561],[-81.405,30.073],[-81.512,30.727],[-81.182,31.64],[-80.581,32.497],[-80.222,32.536],[-79.349,33.11],[-78.621,33.811],[-77.963,33.933],[-77.296,34.667],[-76.622,34.763],[-75.729,35.882],[-75.975,36.937],[-76.283,37.056],[-76.215,37.943],[-76.538,38.785],[-76.15,39.067],[-75.668,37.898],[-75.042,38.497],[-74.86,38.99],[-74.153,39.765],[-73.741,40.977],[-72.854,41.294],[-71.449,41.425],[-70.302,41.759],[-70.776,42.303],[-70.868,42.871],[-70.216,43.8],[-69.249,43.991],[-68.804,44.393],[-67.908,44.477],[-66.939,44.879],[-67.187,45.252],[-67.559,45.772],[-67.699,47.041],[-67.996,47.294],[-69.049,47.464],[-69.565,46.946],[-70.077,45.947],[-70.589,45.295],[-71.293,45.323],[-71.535,44.959],[-74.782,45.012],[-76.133,44.327],[-76.174,43.625],[-76.937,43.237],[-78.503,43.362],[-79.14,43.222],[-79.05,42.852]],[[-87.682,42.023],[-87.908,43.192],[-87.343,44.818],[-87.876,44.878],[-86.72,45.867],[-85.382,46.075],[-84.948,45.968],[-84.952,45.408],[-86.002,44.917],[-86.514,43.681],[-86.23,42.617],[-86.518,42.035],[-87.224,41.635],[-87.682,42.023]]]},"properties":{"NAME":"United States","SUBJECTO":"United States","BORDERPRECISION":3}},
{"type":"Feature","geometry":{"type":"Polygon","coordinates":[[[124.134,39.843],[125.296,39.364],[124.736,38.28],[125.269,37.485],[125.562,37.836],[126.629,37.591],[126.544,36.136],[126.371,34.789],[127.554,34.656],[127.767,34.96],[128.452,34.846],[129.137,35.112],[129.439,35.476],[129.475,36.774],[129.342,37.257],[128.641,38.117],[127.277,39.222],[127.672,39.866],[128.447,40.066],[129.478,40.682],[129.641,41.656],[130.435,42.277],[130.226,42.651],[128.756,42.061],[127.984,42.108],[128.098,41.449],[127.423,41.356],[126.474,41.652],[125.879,40.945],[124.491,40.28],[124.134,39.843]]]},"properties":{"NAME":"Korea","SUBJECTO":"Korea","BORDERPRECISION":3}},
{"type":"Feature","geometry":{"type":"Polygon","coordinates":[[[13.672,54.569],[13.225,54.634],[13.118,54.334],[13.508,54.343],[13.672,54.569]]]},"properties":{"NAME":null,"SUBJECTO":null,"BORDERPRECISION":3}},
{"type":"Feature","geometry":{"type":"Polygon","coordinates":[[[14.764,55.306],[14.678,55.102],[15.043,54.995],[15.149,55.129],[14.764,55.306]]]},"properties":{"NAME":null,"SUBJECTO":null,"BORDERPRECISION":3}},
{"type":"Feature","geometry":{"type":"Polygon","coordinates":[[[23.174,58.676],[23.071,58.588],[23.227,58.53],[23.347,58.639],[23.174,58.676]]]},"properties":{"NAME":null,"SUBJECTO":null,"BORDERPRECISION":3}},
{"type":"Feature","geometry":{"type":"Polygon","coordinates":[[[23.206,58.445],[22.112,58.492],[22.201,58.145],[23.206,58.445]]]},"properties":{"NAME":null,"SUBJECTO":null,"BORDERPRECISION":3}},
{"type":"Feature","geometry":{"type":"Polygon","coordinates":[[[22.948,58.844],[22.576,59.069],[22.229,58.878],[22.48,58.7],[22.948,58.844]]]},"properties":{"NAME":null,"SUBJECTO":null,"BORDERPRECISION":3}},
{"type":"Feature","geometry":{"type":"Polygon","coordinates":[[[23.181,59.042],[23.34,58.97],[23.39,58.987],[23.181,59.042]]]},"properties":{"NAME":null,"SUBJECTO":null,"BORDERPRECISION":3}},
{"type":"Feature","geometry":{"type":"Polygon","coordinates":[[[20.123,60.081],[20.004,60.051],[20.137,59.992],[20.212,60.06],[20.123,60.081]]]},"properties":{"NAME":null,"SUBJECTO":null,"BORDERPRECISION":3}},
{"type":"Feature","geometry":{"type":"Polygon","coordinates":[[[20.295,60.121],[20.216,60.139],[20.205,60.081],[20.271,60.057],[20.295,60.121]]]},"properties":{"NAME":null,"SUBJECTO":null,"BORDERPRECISION":3}},
{"type":"Feature","geometry":{"type":"Polygon","coordinates":[[[19.565,60.249],[19.512,60.181],[19.543,60.128],[19.673,60.15],[19.565,60.249]]]},"properties":{"NAME":null,"SUBJECTO":null,"BORDERPRECISION":3}},
{"type":"Feature","geometry":{"type":"Polygon","coordinates":[[[20.067,60.296],[19.931,60.277],[19.772,60.081],[20.044,60.086],[19.914,60.217],[20.067,60.296]]]},"properties":{"NAME":null,"SUBJECTO":null,"BORDERPRECISION":3}},
{"type":"Feature","geometry":{"type":"Polygon","coordinates":[[[20.442,60.248],[20.341,60.241],[20.387,60.193],[20.442,60.248]]]},"properties":{"NAME":null,"SUBJECTO":null,"BORDERPRECISION":3}},
{"type":"Feature","geometry":{"type":"Polygon","coordinates":[[[11.044,54.518],[11.021,54.439],[11.313,54.407],[11.243,54.496],[11.044,54.518]]]},"properties":{"NAME":null,"SUBJECTO":null,"BORDERPRECISION":3}},
{"type":"Feature","geometry":{"type":"MultiPolygon","coordinates":[[[[9.496,54.938],[10.835,55.294],[10.147,55.765],[10.216,56.85],[9.312,56.481],[8.183,56.431],[8.616,54.887],[9.496,54.938]]],[[[-22.474,65.996],[-23.608,65.98],[-24.147,65.439],[-21.955,65.378],[-22.279,64.619],[-21.488,64.376],[-22.373,63.773],[-20.404,63.698],[-18.642,63.324],[-14.821,64.195],[-13.694,64.779],[-13.647,65.495],[-16.385,66.454],[-16.922,65.978],[-18.676,66.091],[-21.08,65.205],[-21.242,65.882],[-22.474,65.996]]],[[[10.558,57.745],[9.849,57.582],[9.079,57.037],[10.257,57.006],[10.558,57.745]]],[[[12.053,55.703],[11.102,55.634],[11.285,55.189],[12.43,55.245],[12.053,55.703]]],[[[-27.912,70.282],[-27.606,71.068],[-26.329,71.132],[-25.291,71.569],[-23.754,70.59],[-21.471,70.532],[-21.726,71.405],[-25.073,72.634],[-27.357,72.859],[-27.441,73.287],[-25.763,73.354],[-24.076,73.756],[-22.82,73.327],[-20.33,73.42],[-20.354,73.811],[-19.071,74.609],[-20.616,74.954],[-19.194,75.444],[-19.57,76.11],[-21.217,76.267],[-21.183,76.697],[-18.253,77.3],[-19.177,77.824],[-20.777,77.969],[-20.879,78.818],[-17.769,79.967],[-14.202,81.21],[-14.253,81.835],[-17.963,81.518],[-22.053,81.54],[-22.948,81.9],[-30.651,81.811],[-31.135,82.198],[-25.457,82.221],[-22.432,82.743],[-26.421,83.342],[-32.513,83.577],[-34.427,83.403],[-41.881,83.263],[-45.213,82.967],[-43.955,82.491],[-45.525,81.821],[-49.648,82.478],[-54.575,82.328],[-61.122,81.798],[-61.112,81.182],[-63.725,81.086],[-67.143,80.562],[-67.41,80.211],[-64.623,79.949],[-65.485,79.158],[-67.969,79.127],[-69.266,78.796],[-72.383,78.526],[-72.525,78.166],[-69.688,77.555],[-71.184,77.26],[-70.5,76.833],[-68.376,76.778],[-69.045,76.294],[-67.037,75.936],[-63.651,76.38],[-61.507,76.258],[-58.636,75.793],[-56.939,74.919],[-55.779,73.704],[-54.73,73.038],[-55.366,72.728],[-55.626,71.73],[-53.988,71.414],[-53.323,71.891],[-51.72,71.59],[-50.799,70.385],[-53.628,70.819],[-53.666,70.357],[-50.573,69.866],[-50.954,68.539],[-50.477,67.482],[-52.808,67.775],[-53.494,67.473],[-53.267,66.922],[-52.303,66.909],[-53.103,65.873],[-52.078,65.372],[-51.805,64.233],[-51.366,63.726],[-49.857,62.967],[-50.048,62.314],[-49.116,62.104],[-48.915,61.421],[-47.159,60.856],[-45.622,60.601],[-43.144,59.819],[-42.785,60.529],[-42.271,62.194],[-40.516,63.782],[-40.484,64.685],[-39.686,65.171],[-39.992,65.533],[-35.972,65.847],[-34.433,66.384],[-32.956,67.641],[-32.037,67.985],[-30.305,67.98],[-27.959,68.477],[-26.964,68.502],[-22.732,69.774],[-24.585,70.304],[-26.252,70.178],[-27.912,70.282]]],[[[-53.037,70.037],[-54.594,70.24],[-54.687,69.707],[-53.551,69.278],[-51.877,69.531],[-53.037,70.037]]]]},"properties":{"NAME":"Denmark","SUBJECTO":"Denmark","BORDERPRECISION":3}},
{"type":"Feature","geometry":{"type":"MultiPolygon","coordinates":[[[[31.054,69.64],[29.729,69.698],[30.799,70.308],[28.308,70.949],[24.571,70.741],[23.204,69.943],[20.158,69.748],[17.407,68.772],[13.169,66.458],[12.112,65.13],[11.407,64.617],[10.066,64.056],[9.832,63.684],[7.989,62.94],[7.088,62.91],[5.149,61.741],[5.096,60.264],[5.806,59.949],[5.615,58.455],[6.959,57.972],[8.154,58.09],[10.549,59.379],[11.179,59.07],[11.221,58.308],[12.289,56.88],[12.414,56.243],[13.302,55.301],[14.286,55.515],[14.653,56.121],[15.771,56.033],[16.659,57.443],[16.744,58.312],[17.94,58.908],[19.037,59.863],[17.146,60.953],[17.065,61.538],[18.487,62.981],[20.701,63.818],[21.386,64.385],[20.921,64.714],[22.646,65.935],[23.948,65.797],[23.488,67.834],[21.712,68.413],[22.46,68.694],[25.625,68.807],[26.507,69.812],[27.909,69.888],[29.924,69.355],[31.054,69.64]]],[[[20.344,79.796],[20.998,79.191],[23.821,79.147],[27.197,79.944],[24.783,80.38],[20.524,80.322],[20.344,79.796]]],[[[13.397,79.434],[11.76,78.88],[16.617,78.467],[13.905,78],[15.099,77.115],[17.267,76.813],[18.389,77.542],[19.116,78.455],[20.908,78.809],[17.834,79.809],[14.81,79.804],[13.397,79.434]]]]},"properties":{"NAME":"Sweden–Norway","SUBJECTO":"","BORDERPRECISION":3}},
{"type":"Feature","geometry":{"type":"Polygon","coordinates":[[[15.009,51.056],[15.818,50.797],[16.728,50.149],[18.786,49.892],[18.768,50.179],[18.14,50.988],[17.897,52.176],[18.572,52.824],[19.285,53.165],[20.011,53.044],[21.117,53.269],[22.807,53.808],[22.794,54.902],[21.684,55.353],[20.945,56.07],[21.137,54.845],[19.943,54.85],[19.328,54.161],[18.513,54.316],[18.279,54.724],[16.473,54.415],[15.898,54.128],[14.473,53.877],[13.78,53.775],[12.943,54.347],[12.463,54.255],[13.256,53.572],[13.725,53.281],[12.836,52.942],[11.817,53.216],[11.081,52.971],[10.528,52.737],[10.511,51.882],[10.211,51.663],[10.151,51.637],[10.18,51.596],[10.55,51.575],[10.973,51.584],[10.765,51.444],[10.47,51.489],[10.162,51.472],[9.649,51.308],[9.929,51.105],[11.303,51.216],[12.065,51.023],[12.627,51.611],[14.715,51.411],[15.009,51.056]],[[11.059,51.557],[11.934,52.093],[12.161,51.84],[11.803,51.565],[11.059,51.557]]]},"properties":{"NAME":"Prussia","SUBJECTO":"Prussia","BORDERPRECISION":3}},
{"type":"Feature","geometry":{"type":"Polygon","coordinates":[[[14.07,53.918],[13.778,54.044],[13.828,53.83],[14.07,53.918]]]},"properties":{"NAME":"Prussia","SUBJECTO":"Prussia","BORDERPRECISION":3}},
{"type":"Feature","geometry":{"type":"Polygon","coordinates":[[[20.263,49.887],[20.18,50.147],[18.768,50.179],[18.786,49.892],[20.263,49.887]]]},"properties":{"NAME":"Republic of Kraków","SUBJECTO":"Republic of Kraków","BORDERPRECISION":3}},
{"type":"Feature","geometry":{"type":"Polygon","coordinates":[[[30.433,46.176],[30.833,46.577],[31.781,46.702],[32.202,46.17],[33.333,46.166],[33.639,45.927],[32.503,45.445],[33.398,45.253],[33.395,44.6],[34.014,44.492],[35.067,44.862],[35.008,45.612],[33.839,46.193],[34.907,46.273],[35.851,46.664],[37.193,46.894],[37.422,47.077],[39.16,47.269],[39.282,47.074],[37.97,46.441],[37.661,45.345],[36.96,45.227],[37.474,44.692],[38.924,44.212],[40.252,43.268],[41.41,42.788],[41.652,42.121],[41.484,41.437],[42.25,41.369],[42.878,41.546],[43.957,42.591],[44.978,42.772],[46.042,42.049],[47.35,41.442],[48.224,41.471],[47.249,42.785],[47.493,43.583],[47.332,44.186],[46.846,44.446],[47.556,45.453],[49.058,46.137],[49.535,46.542],[51.369,47.09],[52.142,46.838],[53.185,46.865],[53.257,46.317],[52.844,45.507],[53.269,45.335],[53.53,45.281],[58.613,46.787],[65.328,50.388],[66.531,50.637],[71.884,51.742],[75.463,51.663],[77.058,52.233],[78.65,50.806],[81.479,50.291],[84.437,50.548],[91.124,52.477],[93.567,52.349],[95.187,53.796],[95.866,53.796],[97.319,52.826],[97.61,52.148],[98.918,52.037],[101.011,51.672],[102.117,51.361],[102.639,50.456],[103.681,50.166],[105.155,50.443],[106.323,50.417],[107.549,49.827],[109.424,49.296],[110.2,49.241],[112.524,49.462],[114.098,50.274],[114.856,50.226],[115.734,49.864],[116.566,50.006],[117.491,49.586],[119.291,50.125],[119.182,50.702],[120.129,51.733],[120.746,52.007],[120.564,52.614],[121.188,53.32],[123.353,53.51],[124.643,53.112],[125.509,53.157],[126.186,52.518],[126.676,51.445],[127.712,49.699],[130.476,48.9],[130.925,47.732],[132.269,47.778],[134.112,48.249],[134.717,47.694],[134.165,47.335],[133.385,45.649],[132.778,44.988],[131.74,45.259],[130.991,44.817],[131.14,43.227],[130.226,42.651],[130.435,42.277],[131.065,42.749],[132.182,43.195],[132.953,42.67],[134.139,42.993],[134.962,43.515],[136.034,44.398],[136.494,44.966],[137.721,45.997],[139.214,47.811],[140.081,48.503],[140.457,50.104],[140.323,50.518],[140.73,51.441],[141.257,52.103],[140.939,52.262],[141.121,53.052],[140.102,53.802],[139.378,54.08],[138.417,54.092],[137.979,53.465],[136.351,53.701],[136.492,54.455],[135.095,54.433],[134.985,54.854],[137.229,55.983],[138.867,57.124],[140.029,57.644],[140.587,58.239],[142.846,59.273],[145.404,59.326],[148.416,59.097],[149.045,59.587],[150.12,59.389],[151.14,59.44],[152.504,58.769],[153.924,58.922],[154.316,59.983],[155.734,60.555],[157.098,61.633],[158.841,61.784],[159.744,61.1],[160.645,60.718],[162.711,61.763],[162.99,62.326],[164.138,62.533],[163.793,61.128],[163.329,60.695],[161.818,60.268],[161.535,59.942],[159.649,58.954],[158.326,58.027],[156.777,57.58],[156.558,56.947],[155.628,56.268],[155.465,54.92],[156.038,52.781],[156.696,50.958],[157.898,51.666],[158.39,52.203],[158.461,52.826],[159.897,53.241],[159.931,54.086],[160.683,54.448],[161.567,54.423],[162.008,54.738],[161.503,55.287],[162.318,56.24],[163.166,56.106],[162.512,57.033],[163.128,57.552],[162.204,57.679],[161.804,58.102],[162.907,58.891],[163.389,59.814],[164.585,59.665],[165.78,60.354],[166.027,59.709],[167.104,60.271],[169.154,60.435],[170.337,60.277],[172,60.858],[173.481,61.601],[177.291,62.487],[178.738,62.299],[179.288,62.815],[178.344,63.458],[178.147,64.157],[175.9,64.547],[176.332,64.773],[178.726,64.606],[180,64.953],[180,65.052],[180,65.311],[180,65.382],[180,65.963],[180,66.963],[180,67.963],[180,68.92],[177.705,69.49],[175.611,69.779],[173.637,69.761],[170.452,70.019],[170.833,68.922],[169.389,68.717],[167.32,69.659],[166.309,69.378],[164.636,69.413],[164.054,69.66],[161.961,69.528],[159.444,69.765],[159.628,70.22],[158.409,70.814],[156.043,70.987],[152.134,70.664],[150.694,71.347],[148.711,71.629],[148.698,72.166],[146.915,72.202],[141.294,72.787],[137.63,71.075],[135.511,71.512],[134.241,71.262],[132.284,71.661],[130.779,70.678],[129.355,71.176],[128.432,71.755],[126.216,72.382],[128.525,72.952],[127.72,73.402],[125.717,73.398],[124.222,73.697],[123.515,73.172],[120.579,72.835],[118.498,73.036],[118.46,73.519],[114.187,73.551],[111.762,73.658],[109.991,73.44],[108.34,73.691],[113.625,75.273],[113.533,76.094],[111.427,76.568],[108.244,76.646],[104.782,77.149],[103.393,77.558],[101.166,77.006],[99.467,75.967],[97.116,75.871],[94.694,76.184],[93.592,75.881],[90,75.602],[86.958,74.782],[87.691,73.9],[80.464,73.314],[80.982,72.447],[82.321,72.222],[83.561,71.624],[83.076,70.582],[81.671,71.574],[79.223,72.271],[76.333,71.72],[75.297,71.897],[73.217,71.458],[74.25,70.573],[73.654,69.756],[73.915,69.154],[75.598,69.21],[77.406,68.936],[78.536,67.612],[76.955,67.653],[77.04,68.464],[76.328,68.776],[74.505,68.593],[74.742,67.686],[73.69,66.865],[72.209,66.173],[70.84,66.551],[72.838,67.646],[73.394,68.382],[72.526,69.069],[72.68,70.824],[71.798,71.432],[72.498,71.962],[72.714,72.77],[69.343,72.834],[68.316,71.635],[66.818,71.105],[67.422,70.223],[66.884,69.623],[68.106,69.429],[68.512,68.837],[68.215,68.201],[66.584,68.886],[62.281,69.705],[60.369,69.468],[60.986,69.003],[60.512,68.59],[58.77,68.856],[57.024,68.449],[55.335,68.483],[54.752,68.05],[53.626,68.048],[53.889,68.787],[48.081,67.562],[47.571,66.816],[46.402,66.719],[44.871,67.312],[46.634,67.701],[45.863,68.383],[43.822,68.327],[44.216,67.718],[43.704,67.266],[44.384,66.612],[43.876,66.011],[42.211,66.41],[41.354,65.955],[39.951,65.581],[40.462,64.75],[39.193,64.511],[36.884,65.068],[36.997,64.407],[37.88,64.308],[37.411,63.749],[35.082,64.288],[34.293,65.396],[34.544,66.001],[33.47,66.313],[33.437,66.702],[35.772,66.259],[38.048,66.007],[39.19,66.039],[40.836,66.561],[41.255,66.937],[40.826,67.66],[38.668,68.146],[37.246,68.793],[35.437,69.15],[33.628,69.215],[31.054,69.64],[29.924,69.355],[27.909,69.888],[26.507,69.812],[25.625,68.807],[22.46,68.694],[21.712,68.413],[23.488,67.834],[23.948,65.797],[25.252,65.417],[24.47,64.636],[22.292,63.203],[21.495,63.123],[21.034,62.477],[21.561,61.485],[21.56,60.512],[23.665,59.836],[25.581,60.262],[28.435,60.337],[29.076,59.908],[27.702,59.298],[25.721,59.46],[23.39,58.987],[23.34,58.97],[24.058,58.112],[24.346,57.16],[23.215,56.981],[22.564,57.616],[21.677,57.464],[20.965,56.609],[20.945,56.07],[21.684,55.353],[22.794,54.902],[22.807,53.808],[21.117,53.269],[20.011,53.044],[19.285,53.165],[18.572,52.824],[17.897,52.176],[18.14,50.988],[18.768,50.179],[20.18,50.147],[20.263,49.887],[24.257,50.159],[26.036,49.634],[26.163,48.941],[27.706,48.44],[28.908,47.818],[29.427,46.816],[30.433,46.176]]]},"properties":{"NAME":"Russian Empire","SUBJECTO":"Russian Empire","BORDERPRECISION":3}},
{"type":"Feature","geometry":{"type":"Polygon","coordinates":[[[12.404,43.956],[12.488,43.897],[12.504,43.99],[12.404,43.956]]]},"properties":{"NAME":"San Marino","SUBJECTO":"San Marino","BORDERPRECISION":3}},
{"type":"Feature","geometry":{"type":"Polygon","coordinates":[[[102.074,6.154],[101.56,6.74],[100.615,6.979],[100.345,7.44],[100.132,8.532],[99.724,9.258],[99.298,9.162],[99.071,9.898],[99.186,10.489],[99.895,12.079],[99.834,12.524],[100.24,13.49],[100.909,13.447],[100.872,12.679],[101.919,12.585],[102.612,12.096],[102.752,12.398],[102.36,13.508],[102.936,14.15],[103.621,14.411],[105.127,14.221],[105.862,13.972],[106.046,14.387],[106.511,14.541],[106.841,14.316],[107.387,14.557],[107.463,14.997],[107.1,15.668],[107.108,16.17],[106.638,16.484],[105.413,18.084],[104.812,18.722],[103.899,19.313],[104.716,20.2],[104.129,20.94],[103.607,20.683],[102.993,20.94],[102.691,21.668],[101.968,22.534],[101.535,22.138],[101.753,21.472],[101.238,21.26],[100.945,21.55],[100.321,21.464],[99.755,22.127],[99.156,22.308],[99.484,23.021],[98.985,23.151],[98.769,24.09],[98.137,24.099],[97.695,23.88],[98.196,21.608],[97.773,21.366],[97.372,20.78],[97.275,18.504],[97.706,18.051],[97.788,17.575],[98.393,17.084],[98.824,16.318],[98.476,16.005],[98.58,15.472],[98.137,15.19],[98.487,14.372],[99.003,13.886],[99.098,12.972],[99.581,11.889],[98.593,10.12],[98.177,8.6],[99.025,7.871],[99.663,6.71],[100.159,6.34],[100.617,6.422],[101.763,5.586],[102.074,6.154]]]},"properties":{"NAME":"Rattanakosin Kingdom","SUBJECTO":"Rattanakosin Kingdom","BORDERPRECISION":3}},
{"type":"Feature","geometry":{"type":"Polygon","coordinates":[[[74.733,37.209],[75.01,37.466],[74.58,38.59],[73.858,38.542],[73.827,39.784],[75.43,40.61],[75.856,40.312],[76.482,40.437],[77.02,41.112],[77.492,41.056],[76.979,41.72],[74.893,42.69],[73.777,42.975],[76.737,43.364],[72.952,45.034],[66.531,50.637],[65.328,50.388],[58.613,46.787],[53.53,45.281],[53.269,45.335],[51.513,45.373],[50.874,44.626],[51.171,43.718],[52.07,42.828],[52.763,42.756],[52.52,42.073],[53.985,42.106],[54.167,41.483],[54.818,40.88],[53.842,40.64],[53.257,40.765],[52.845,40.18],[53.516,39.778],[53.583,39.318],[54.071,38.897],[53.88,38.025],[54.015,37.348],[54.467,37.396],[55.356,38.038],[56.517,38.261],[57.225,38.188],[58.095,37.728],[59.24,37.448],[60.346,36.607],[61.014,36.637],[61.221,35.582],[62.678,35.265],[63.117,35.789],[64.541,36.338],[64.826,37.148],[65.725,37.49],[66.677,37.241],[67.515,37.214],[67.856,36.853],[68.707,37.182],[69.308,37.084],[70.022,37.457],[70.719,38.365],[71.444,37.834],[71.303,37.17],[71.848,36.716],[73.047,37.328],[74.137,37.37],[74.733,37.209]],[[61.25,46.611],[60.999,45.922],[61.175,45.188],[60.944,44.441],[60.077,43.609],[59.505,43.914],[58.367,43.737],[58.199,44.52],[58.815,45.931],[60.271,46.7],[61.25,46.611]]]},"properties":{"NAME":"Turan","SUBJECTO":"Turan","BORDERPRECISION":3}},
{"type":"Feature","geometry":{"type":"Polygon","coordinates":[[[178.176,-18.242],[178.693,-18.025],[178.171,-17.342],[177.51,-17.509],[177.333,-18.119],[178.176,-18.242]]]},"properties":{"NAME":"Tuʻi Tonga Empire","SUBJECTO":"Tuʻi Tonga Empire","BORDERPRECISION":3}},
{"type":"Feature","geometry":{"type":"Polygon","coordinates":[[[-109.241,-27.133],[-109.366,-27.063],[-109.428,-27.202],[-109.241,-27.133]]]},"properties":{"NAME":"Polynesians","SUBJECTO":"Polynesians","BORDERPRECISION":3}},
{"type":"Feature","geometry":{"type":"Polygon","coordinates":[[[114.029,22.508],[114.329,22.272],[114.309,22.554],[114.029,22.508]]]},"properties":{"NAME":"Hong Kong","SUBJECTO":"Hong Kong","BORDERPRECISION":3}},
{"type":"Feature","geometry":{"type":"Polygon","coordinates":[[[108.56,19.06],[108.652,18.482],[109.43,18.097],[109.669,18.415],[110.263,18.626],[110.427,19.229],[110.885,19.707],[110.617,20.017],[109.55,19.914],[108.56,19.06]]]},"properties":{"NAME":"Manchu Empire","SUBJECTO":"Manchu Empire","BORDERPRECISION":3}}
]}