{"type":"FeatureCollection", "features": [
{"type":"Feature","geometry":{"type":"Polygon","coordinates":[[[126.66,-3.875],[127.112,-3.722],[126.727,-3.233],[126.15,-3.628],[126.66,-3.875]]]},"properties":{"NAME":null,"SUBJECTO":null,"BORDERPRECISION":1}},
{"type":"Feature","geometry":null,"properties":{"NAME":null,"SUBJECTO":null,"BORDERPRECISION":1}},
{"type":"Feature","geometry":{"type":"Polygon","coordinates":[[[-5.698,55.331],[-5.482,55.443],[-5.518,55.668],[-5.689,55.628],[-5.698,55.331]]]},"properties":{"NAME":null,"SUBJECTO":null,"BORDERPRECISION":1}},
{"type":"Feature","geometry":{"type":"Polygon","coordinates":[[[14.07,53.918],[13.778,54.044],[13.828,53.83],[14.07,53.918]]]},"properties":{"NAME":null,"SUBJECTO":null,"BORDERPRECISION":1}},
{"type":"Feature","geometry":{"type":"Polygon","coordinates":[[[-134.764,56.794],[-135.002,57.326],[-135.466,57.229],[-134.764,56.794]]]},"properties":{"NAME":null,"SUBJECTO":null,"BORDERPRECISION":1}},
{"type":"Feature","geometry":{"type":"Polygon","coordinates":[[[-167.003,53.726],[-166.643,53.573],[-166.383,53.855],[-166.771,54.001],[-167.003,53.726]]]},"properties":{"NAME":null,"SUBJECTO":null,"BORDERPRECISION":1}},
{"type":"Feature","geometry":{"type":"Polygon","coordinates":[[[-156.576,20.635],[-156.119,20.79],[-156.716,21.069],[-156.576,20.635]]]},"properties":{"NAME":null,"SUBJECTO":null,"BORDERPRECISION":1}},
{"type":"Feature","geometry":{"type":"Polygon","coordinates":[[[-157.896,21.251],[-158.179,21.689],[-158.298,21.276],[-157.896,21.251]]]},"properties":{"NAME":null,"SUBJECTO":null,"BORDERPRECISION":1}},
{"type":"Feature","geometry":{"type":"Polygon","coordinates":[[[-168.041,53.309],[-168.223,53.59],[-168.554,53.375],[-168.041,53.309]]]},"properties":{"NAME":null,"SUBJECTO":null,"BORDERPRECISION":1}},
{"type":"Feature","geometry":{"type":"Polygon","coordinates":[[[-163.2,55.043],[-162.968,54.949],[-162.788,55.152],[-163.091,55.273],[-163.2,55.043]]]},"properties":{"NAME":null,"SUBJECTO":null,"BORDERPRECISION":1}},
{"type":"Feature","geometry":{"type":"Polygon","coordinates":[[[8.576,3.067],[8.827,3.612],[8.478,3.557],[8.576,3.067]]]},"properties":{"NAME":null,"SUBJECTO":null,"BORDERPRECISION":1}},
{"type":"Feature","geometry":{"type":"Polygon","coordinates":[[[33.345,23.354],[32.605,22.816],[31.058,22.681],[29.847,20.125],[29.51,17.434],[29.847,15.348],[31.058,13.128],[31.798,12.522],[32.879,12.471],[35.384,12.804],[35.829,14.224],[35.969,15.482],[35.229,18.51],[34.551,20.183],[33.345,23.354]]]},"properties":{"NAME":"Meroe","SUBJECTO":"Meroe","BORDERPRECISION":1}},
{"type":"Feature","geometry":{"type":"Polygon","coordinates":[[[115.072,-8.781],[115.084,-8.235],[114.511,-8.452],[115.072,-8.781]]]},"properties":{"NAME":null,"SUBJECTO":null,"BORDERPRECISION":1}},
{"type":"Feature","geometry":{"type":"Polygon","coordinates":[[[79.637,21.352],[79.637,22.487],[78.677,23.534],[79.463,23.97],[79.463,24.843],[77.543,25.541],[76.06,26.588],[75.449,28.333],[75.362,29.642],[76.046,33.51],[74.751,33.655],[74.14,32.608],[70.287,31.288],[67.387,28.226],[66.432,25.489],[67.316,24.093],[68.791,23.029],[69.665,22.789],[69.126,21.969],[70.21,20.948],[71.024,20.657],[72.121,21.155],[73.11,20.687],[72.759,20.058],[73.032,18.216],[79.637,21.352]]]},"properties":{"NAME":"Saka Kingdom","SUBJECTO":"Saka Kingdom","BORDERPRECISION":1}},
{"type":"Feature","geometry":{"type":"Polygon","coordinates":[[[73.032,18.216],[73.841,15.39],[74.778,13.528],[77.63,12.976],[78.939,12.976],[80.32,13.333],[80.089,15.175],[81.369,16.347],[83.381,17.711],[84.753,19.028],[84.262,19.258],[82.866,19.171],[80.684,19.345],[80.422,20.043],[80.617,21.017],[79.637,21.352],[73.032,18.216]]]},"properties":{"NAME":"Satavahanihara","SUBJECTO":"Satavahanihara","BORDERPRECISION":1}},
{"type":"Feature","geometry":{"type":"Polygon","coordinates":[[[49.713,14.773],[52.135,15.687],[52.894,16.61],[54.084,17.019],[54.756,16.951],[53.199,17.775],[51.454,17.949],[48.997,17.607],[49.713,14.773]]]},"properties":{"NAME":"Hadramaut","SUBJECTO":"Hadramaut","BORDERPRECISION":1}},
{"type":"Feature","geometry":{"type":"Polygon","coordinates":[[[48.997,17.607],[47.702,17.426],[45.433,17.775],[43.795,18.66],[42.338,20.716],[40.983,22.399],[40.372,22.748],[39.056,22.572],[39.167,21.219],[39.764,20.407],[40.694,19.869],[41.629,18.047],[42.764,16.645],[42.796,15.47],[43.384,13.565],[43.841,12.664],[44.964,12.825],[45.826,13.405],[46.601,13.401],[48.036,14.045],[48.96,14.219],[49.713,14.773],[48.997,17.607]]]},"properties":{"NAME":"Himyarite Kingdom","SUBJECTO":"Himyarite Kingdom","BORDERPRECISION":1}},
{"type":"Feature","geometry":{"type":"Polygon","coordinates":[[[25.736,36.387],[25.766,36.338],[25.873,36.356],[25.789,36.405],[25.736,36.387]]]},"properties":{"NAME":null,"SUBJECTO":null,"BORDERPRECISION":1}},
{"type":"Feature","geometry":{"type":"Polygon","coordinates":[[[25.751,36.814],[25.835,36.783],[26.086,36.899],[26.025,36.96],[25.751,36.814]]]},"properties":{"NAME":null,"SUBJECTO":null,"BORDERPRECISION":1}},
{"type":"Feature","geometry":{"type":"Polygon","coordinates":[[[-68.195,12.221],[-68.364,12.305],[-68.285,12.102],[-68.195,12.221]]]},"properties":{"NAME":null,"SUBJECTO":null,"BORDERPRECISION":1}},
{"type":"Feature","geometry":{"type":"Polygon","coordinates":[[[-61.669,17.085],[-61.794,17.163],[-61.887,17.033],[-61.738,16.99],[-61.669,17.085]]]},"properties":{"NAME":null,"SUBJECTO":null,"BORDERPRECISION":1}},
{"type":"Feature","geometry":{"type":"Polygon","coordinates":[[[-68.966,12.199],[-69.078,12.349],[-69.158,12.311],[-69.062,12.188],[-68.832,12.049],[-68.824,12.16],[-68.966,12.199]]]},"properties":{"NAME":null,"SUBJECTO":null,"BORDERPRECISION":1}},
{"type":"Feature","geometry":{"type":"Polygon","coordinates":[[[-61.6,12.187],[-61.725,12.172],[-61.79,12.009],[-61.643,12.034],[-61.6,12.187]]]},"properties":{"NAME":null,"SUBJECTO":null,"BORDERPRECISION":1}},
{"type":"Feature","geometry":{"type":"Polygon","coordinates":[[[-62.171,16.671],[-62.138,16.693],[-62.176,16.809],[-62.237,16.712],[-62.171,16.671]]]},"properties":{"NAME":null,"SUBJECTO":null,"BORDERPRECISION":1}},
{"type":"Feature","geometry":{"type":"Polygon","coordinates":[[[-62.541,17.177],[-62.61,17.191],[-62.611,17.095],[-62.539,17.109],[-62.541,17.177]]]},"properties":{"NAME":null,"SUBJECTO":null,"BORDERPRECISION":1}},
{"type":"Feature","geometry":{"type":"Polygon","coordinates":[[[-62.693,17.278],[-62.73,17.365],[-62.813,17.409],[-62.864,17.371],[-62.778,17.292],[-62.693,17.278]]]},"properties":{"NAME":null,"SUBJECTO":null,"BORDERPRECISION":1}},
{"type":"Feature","geometry":{"type":"Polygon","coordinates":[[[-61.086,16.305],[-61.037,16.311],[-60.991,16.341],[-61.015,16.35],[-61.086,16.305]]]},"properties":{"NAME":null,"SUBJECTO":null,"BORDERPRECISION":1}},
{"type":"Feature","geometry":{"type":"Polygon","coordinates":[[[-62.972,17.458],[-62.943,17.494],[-62.986,17.52],[-62.998,17.494],[-62.972,17.458]]]},"properties":{"NAME":null,"SUBJECTO":null,"BORDERPRECISION":1}},
{"type":"Feature","geometry":{"type":"Polygon","coordinates":[[[35.468,23.721],[35.725,23.912],[35.488,23.791],[35.468,23.721]]]},"properties":{"NAME":null,"SUBJECTO":null,"BORDERPRECISION":1}},
{"type":"Feature","geometry":{"type":"Polygon","coordinates":[[[49.669,40.24],[48.955,40.322],[47.011,41.393],[44.789,41.75],[41.68,41.793],[41.585,40.553],[40.393,39.718],[38.426,39.48],[38.481,38.655],[39.274,38.219],[40.475,37.855],[43.996,37.624],[44.551,38.854],[47.804,39.29],[49.02,39.006],[49.669,40.24]]]},"properties":{"NAME":"Armenia","SUBJECTO":"Armenia","BORDERPRECISION":1}},
{"type":"Feature","geometry":{"type":"Polygon","coordinates":[[[106.394,17.665],[105.533,18.844],[105.843,19.702],[106.807,20.905],[107.9,21.479],[109.117,21.399],[110.077,20.867],[111.086,21.479],[112.75,21.756],[113.717,22.482],[116.341,22.913],[118.813,24.849],[119.47,25.772],[119.429,26.591],[120.352,27.177],[121.359,28.386],[121.77,29.834],[121.606,31.828],[120.661,32.543],[119.974,34.135],[119.021,34.692],[120.139,36.195],[121.847,36.86],[120.658,37.736],[119.599,37.117],[118.875,37.949],[117.589,38.284],[117.753,39.203],[118.978,39.224],[121.011,40.851],[122.108,40.354],[121.239,39.554],[122.027,39.256],[124.104,39.885],[125.296,39.364],[124.736,38.28],[126.168,37.714],[125.654,42.654],[123.265,41.857],[122.305,42.73],[121.345,42.555],[120.473,41.683],[118.546,41.425],[113.318,41.596],[112.053,41.752],[112.419,38.96],[112.287,36.257],[109.75,35.62],[105.813,36.785],[105.639,39.589],[103.807,39.501],[103.371,40.287],[101.364,40.636],[100.578,39.589],[98.484,39.85],[98.746,41.421],[96.39,40.898],[95.081,40.81],[94.732,40.025],[98.833,38.367],[100.84,37.146],[100.229,35.575],[102.934,35.226],[103.545,34.79],[103.894,31.648],[102.673,31.736],[99.752,27.471],[100.415,25.086],[102.011,24.681],[102.384,24.01],[103.234,20.123],[104.381,18.328],[105.491,17.78],[106.394,17.665]]]},"properties":{"NAME":"Jin","SUBJECTO":"Jin","BORDERPRECISION":1}},
{"type":"Feature","geometry":{"type":"Polygon","coordinates":[[[79.637,21.352],[80.617,21.017],[80.946,21.701],[82.255,21.963],[83.04,22.748],[83.825,25.89],[84.611,26.151],[85.483,25.802],[86.094,24.93],[86.819,21.187],[87.641,21.563],[90.157,21.734],[90.905,22.561],[91.571,22.543],[93.424,25.017],[93.773,26.5],[93.074,26.849],[91.591,26.588],[89.759,25.977],[87.926,26.064],[86.181,26.413],[82.866,27.896],[79.114,31.038],[77.198,33.284],[76.046,33.51],[75.362,29.642],[75.449,28.333],[76.06,26.588],[77.543,25.541],[79.463,24.843],[79.463,23.97],[78.677,23.534],[79.637,22.487],[79.637,21.352]]]},"properties":{"NAME":"Gupta Empire","SUBJECTO":"Gupta Empire","BORDERPRECISION":1}},
{"type":"Feature","geometry":{"type":"Polygon","coordinates":[[[120.293,16.233],[119.772,15.47],[120.511,14.112],[121.009,13.656],[121.729,14.108],[121.242,15.308],[122.396,17.114],[122.028,18.009],[121.036,18.528],[120.393,18.044],[120.293,16.233]]]},"properties":{"NAME":null,"SUBJECTO":null,"BORDERPRECISION":1}},
{"type":"Feature","geometry":{"type":"Polygon","coordinates":[[[121.304,13.129],[120.547,13.153],[120.734,12.55],[121.274,12.525],[121.304,13.129]]]},"properties":{"NAME":null,"SUBJECTO":null,"BORDERPRECISION":1}},
{"type":"Feature","geometry":{"type":"Polygon","coordinates":[[[125.119,12.477],[124.264,12.418],[125.449,11.207],[125.119,12.477]]]},"properties":{"NAME":null,"SUBJECTO":null,"BORDERPRECISION":1}},
{"type":"Feature","geometry":{"type":"Polygon","coordinates":[[[122.789,11.029],[121.994,11.758],[121.873,10.468],[122.789,11.029]]]},"properties":{"NAME":null,"SUBJECTO":null,"BORDERPRECISION":1}},
{"type":"Feature","geometry":{"type":"Polygon","coordinates":[[[119.217,10.291],[119.564,10.502],[119.345,11.003],[119.108,10.628],[119.217,10.291]]]},"properties":{"NAME":null,"SUBJECTO":null,"BORDERPRECISION":1}},
{"type":"Feature","geometry":{"type":"Polygon","coordinates":[[[123.312,10.738],[122.92,10.852],[122.701,10.032],[122.962,9.594],[123.312,10.738]]]},"properties":{"NAME":null,"SUBJECTO":null,"BORDERPRECISION":1}},
{"type":"Feature","geometry":{"type":"Polygon","coordinates":[[[118.385,9.349],[118.089,9.431],[117.536,9.049],[117.857,8.833],[117.967,9.113],[118.385,9.349]]]},"properties":{"NAME":null,"SUBJECTO":null,"BORDERPRECISION":1}},
{"type":"Feature","geometry":{"type":"Polygon","coordinates":[[[125.289,5.488],[125.28,6.594],[125.615,7.236],[126.322,7.149],[126.272,8.426],[125.934,9.175],[123.663,8.014],[123.486,8.496],[122.094,7.775],[123.023,7.478],[123.465,7.791],[124.224,6.09],[125.289,5.488]]]},"properties":{"NAME":null,"SUBJECTO":null,"BORDERPRECISION":1}},
{"type":"Feature","geometry":{"type":"Polygon","coordinates":[[[176.346,-37.874],[175.838,-37.026],[174.857,-36.694],[174.217,-35.337],[173.166,-35.421],[174.765,-37.297],[174.655,-38.983],[173.805,-39.42],[175.354,-40.3],[174.895,-41.296],[176.011,-41.255],[177.157,-39.854],[177.024,-39.445],[178.408,-38.771],[176.346,-37.874]]]},"properties":{"NAME":null,"SUBJECTO":null,"BORDERPRECISION":1}},
{"type":"Feature","geometry":{"type":"Polygon","coordinates":[[[170.822,-44.966],[171.378,-44.338],[173.841,-42.488],[173.264,-41.544],[171.458,-41.993],[171.024,-42.887],[168.416,-44.221],[167.137,-45.2],[166.523,-46.233],[169.399,-46.71],[170.612,-45.946],[170.822,-44.966]]]},"properties":{"NAME":null,"SUBJECTO":null,"BORDERPRECISION":1}},
{"type":"Feature","geometry":{"type":"Polygon","coordinates":[[[-22.56,66.113],[-21.955,65.378],[-22.373,63.773],[-18.642,63.324],[-14.821,64.195],[-13.647,65.495],[-16.385,66.454],[-16.922,65.978],[-21.242,65.882],[-22.56,66.113]]]},"properties":{"NAME":null,"SUBJECTO":null,"BORDERPRECISION":1}},
{"type":"Feature","geometry":{"type":"MultiPolygon","coordinates":[[[[-42.793,65.403],[-39.695,65.187],[-39.992,65.533],[-35.972,65.847],[-34.433,66.384],[-32.956,67.641],[-26.964,68.502],[-22.732,69.774],[-24.585,70.304],[-27.475,70.207],[-27.606,71.068],[-25.291,71.569],[-23.754,70.59],[-21.471,70.532],[-21.726,71.405],[-25.073,72.634],[-27.357,72.859],[-24.076,73.756],[-20.33,73.42],[-19.071,74.609],[-19.194,75.444],[-21.183,76.697],[-18.253,77.3],[-20.777,77.969],[-20.879,78.818],[-14.202,81.21],[-22.053,81.54],[-25.457,82.221],[-22.432,82.743],[-32.513,83.577],[-49.648,82.478],[-61.122,81.798],[-62.811,81.156],[-63.358,78.236],[-62.449,76.338],[-63.651,76.38],[-67.037,75.936],[-69.045,76.294],[-67.037,75.936],[-63.651,76.38],[-58.636,75.793],[-54.73,73.038],[-55.626,71.73],[-51.72,71.59],[-50.573,69.866],[-50.954,68.539],[-50.539,67.488],[-49.473,67.033],[-49.062,64.786],[-47.656,62.795],[-46.133,61.759],[-46.158,60.937],[-47.822,60.778],[-45.622,60.601],[-43.144,59.819],[-42.962,60.034],[-43.72,60.004],[-44.258,61.87],[-43.848,64.206],[-42.793,65.403]],[[-48.915,61.421],[-49.148,61.772],[-47.869,60.939],[-48.915,61.421]],[[-50.097,62.356],[-50.159,62.462],[-49.116,62.104],[-50.097,62.356]],[[-50.466,63.051],[-50.591,63.15],[-49.857,62.967],[-50.466,63.051]],[[-51.101,63.47],[-51.366,63.726],[-50.617,63.435],[-51.101,63.47]],[[-51.805,64.233],[-51.957,64.377],[-50.02,64.61],[-51.805,64.233]],[[-52.835,65.655],[-53.103,65.873],[-52.078,65.372],[-52.835,65.655]],[[-53.397,66.996],[-53.45,67.084],[-52.303,66.909],[-53.397,66.996]],[[-53.395,67.362],[-53.494,67.473],[-52.978,67.31],[-53.395,67.362]],[[-66.851,80.039],[-67.41,80.211],[-64.623,79.949],[-66.851,80.039]]],[[[-52.86,66.353],[-53.348,66.324],[-52.611,66.268],[-52.86,66.353]]]]},"properties":{"NAME":null,"SUBJECTO":null,"BORDERPRECISION":1}},
{"type":"Feature","geometry":{"type":"Polygon","coordinates":[[[-22.729,72.615],[-23.585,72.44],[-22.146,72.027],[-21.882,72.365],[-22.729,72.615]]]},"properties":{"NAME":null,"SUBJECTO":null,"BORDERPRECISION":1}},
{"type":"Feature","geometry":{"type":"Polygon","coordinates":[[[-54.574,69.609],[-54.687,69.707],[-54.574,69.609],[-54.486,69.564],[-54.125,69.481],[-53.807,69.338],[-53.551,69.278],[-51.813,69.622],[-53.551,69.278],[-53.807,69.338],[-54.125,69.481],[-54.486,69.564],[-54.574,69.609]]]},"properties":{"NAME":null,"SUBJECTO":null,"BORDERPRECISION":1}},
{"type":"Feature","geometry":{"type":"Polygon","coordinates":[[[-72.03,-71.822],[-73.112,-72.749],[-70.021,-72.672],[-68.63,-72.054],[-68.398,-71.127],[-70.33,-68.963],[-71.798,-69.736],[-72.03,-71.822]]]},"properties":{"NAME":null,"SUBJECTO":null,"BORDERPRECISION":1}},
{"type":"Feature","geometry":{"type":"Polygon","coordinates":[[[-99.692,-71.822],[-101.16,-72.363],[-97.142,-72.672],[-97.22,-71.822],[-99.692,-71.822]]]},"properties":{"NAME":null,"SUBJECTO":null,"BORDERPRECISION":1}},
{"type":"Feature","geometry":{"type":"Polygon","coordinates":[[[-150.325,-77.098],[-149.429,-77.098],[-149.787,-76.889],[-150.414,-76.83],[-150.951,-76.949],[-150.325,-77.098]]]},"properties":{"NAME":null,"SUBJECTO":null,"BORDERPRECISION":1}},
{"type":"Feature","geometry":{"type":"Polygon","coordinates":[[[-53.871,-79.936],[-55.185,-80.94],[-44.831,-80.322],[-44.213,-78.39],[-48.849,-78.081],[-53.871,-79.936]]]},"properties":{"NAME":null,"SUBJECTO":null,"BORDERPRECISION":1}},
{"type":"Feature","geometry":{"type":"Polygon","coordinates":[[[-162.59,-78.815],[-164.058,-79.356],[-160.426,-79.974],[-158.804,-79.665],[-162.59,-78.815]]]},"properties":{"NAME":null,"SUBJECTO":null,"BORDERPRECISION":1}},
{"type":"Feature","geometry":{"type":"Polygon","coordinates":[[[172.58,-83.844],[162.015,-81.66],[159.315,-80.027],[160.686,-79.114],[163.643,-78.661],[162.346,-75.107],[164.616,-74.172],[168.975,-73.239],[170.729,-71.904],[167.635,-70.865],[160.599,-70.221],[157.307,-69.156],[151.093,-68.886],[150.893,-68.538],[146.875,-67.997],[145.586,-67.223],[141.157,-66.722],[134.205,-66.18],[130.272,-66.253],[129.01,-67.03],[122.458,-66.645],[118.286,-67.07],[115.679,-66.414],[114.436,-66.493],[113.015,-65.763],[110.607,-66.059],[109.404,-66.71],[102.631,-65.926],[99.654,-66.549],[95.723,-66.529],[90.855,-66.607],[85.523,-66.916],[81.814,-67.302],[78.26,-68.384],[76.869,-69.311],[72.542,-70.238],[70.301,-72.015],[67.365,-71.706],[67.513,-70.464],[68.951,-69.889],[69.773,-68.636],[69.374,-67.843],[62.806,-67.611],[56.627,-66.942],[55.142,-65.963],[52.452,-65.988],[48.967,-66.973],[47.305,-67.775],[44.797,-67.745],[42.561,-68.113],[39.647,-68.934],[38.332,-70.029],[36.078,-69.591],[33.541,-68.542],[32.748,-69.35],[23.707,-70.586],[17.603,-70.084],[12.658,-70.315],[10.34,-70.702],[8.485,-70.084],[0.681,-71.32],[-4.882,-71.281],[-7.2,-70.895],[-11.141,-71.59],[-11.828,-72.323],[-16.396,-73.445],[-14.451,-74.065],[-17.168,-74.758],[-18.405,-75.686],[-23.582,-75.918],[-30.227,-76.845],[-33.163,-77.386],[-36.408,-78.622],[-36.408,-79.163],[-29.568,-79.224],[-28.913,-80.476],[-38.031,-80.94],[-43.826,-81.79],[-60.207,-82.331],[-74.889,-80.708],[-76.589,-79.395],[-80.761,-78.236],[-80.687,-77.566],[-74.502,-78.081],[-78.598,-76.613],[-75.932,-76.484],[-70.562,-76.69],[-64.457,-75.686],[-61.367,-73.909],[-60.826,-72.749],[-61.676,-70.818],[-63.839,-68.654],[-65.153,-68.5],[-65.385,-67.341],[-61.135,-64.868],[-57.271,-63.709],[-58.121,-63.4],[-62.912,-64.713],[-64.225,-65.254],[-66.853,-66.8],[-67.703,-66.877],[-67.084,-68.654],[-68.784,-69.813],[-67.084,-71.822],[-67.625,-72.749],[-75.584,-73.754],[-78.52,-73.715],[-81.766,-74.024],[-88.565,-73.252],[-93.974,-73.174],[-96.524,-73.329],[-99.788,-72.998],[-101.88,-74.099],[-100.045,-75.31],[-105.642,-75.068],[-110.557,-75.303],[-113.238,-74.321],[-128.978,-74.913],[-134.773,-74.643],[-140.568,-75.261],[-146.672,-76.111],[-146.146,-77.457],[-149.995,-77.733],[-154.167,-77.115],[-158.185,-77.811],[-154.554,-79.124],[-148.604,-79.665],[-145.668,-80.515],[-148.836,-81.365],[-154.477,-81.056],[-154.554,-82.138],[-152.081,-82.601],[-153.31,-83.942],[-148.759,-85.074],[-156.563,-85.46],[-167.226,-84.765],[-180,-84.322],[-180,-90],[-179.204,-90],[-178.204,-90],[-177.204,-90],[-176.204,-90],[-175.204,-90],[-174.204,-90],[-173.204,-90],[-172.204,-90],[-171.204,-90],[-170.204,-90],[-169.204,-90],[-168.204,-90],[-167.204,-90],[-166.204,-90],[-165.204,-90],[-164.204,-90],[-163.204,-90],[-162.204,-90],[-161.204,-90],[-160.204,-90],[-159.204,-90],[-158.204,-90],[-157.204,-90],[-156.204,-90],[-155.204,-90],[-154.204,-90],[-153.204,-90],[-152.204,-90],[-151.204,-90],[-150.204,-90],[-149.204,-90],[-148.204,-90],[-147.204,-90],[-146.204,-90],[-145.204,-90],[-144.204,-90],[-143.204,-90],[-142.204,-90],[-141.204,-90],[-140.204,-90],[-139.204,-90],[-138.204,-90],[-137.204,-90],[-136.204,-90],[-135.204,-90],[-134.204,-90],[-133.204,-90],[-132.204,-90],[-131.204,-90],[-130.204,-90],[-129.204,-90],[-128.204,-90],[-127.204,-90],[-126.204,-90],[-125.204,-90],[-124.204,-90],[-123.204,-90],[-122.204,-90],[-121.204,-90],[-120.204,-90],[-119.204,-90],[-118.204,-90],[-117.204,-90],[-116.204,-90],[-115.204,-90],[-114.204,-90],[-113.204,-90],[-112.204,-90],[-111.204,-90],[-110.204,-90],[-109.204,-90],[-108.204,-90],[-107.204,-90],[-106.204,-90],[-105.204,-90],[-104.204,-90],[-103.204,-90],[-102.204,-90],[-101.204,-90],[-100.204,-90],[-99.204,-90],[-98.204,-90],[-97.204,-90],[-96.204,-90],[-95.204,-90],[-94.204,-90],[-93.204,-90],[-92.204,-90],[-91.204,-90],[-90.204,-90],[-89.204,-90],[-88.204,-90],[-87.204,-90],[-86.204,-90],[-85.204,-90],[-84.204,-90],[-83.204,-90],[-82.204,-90],[-81.204,-90],[-80.204,-90],[-79.204,-90],[-78.204,-90],[-77.204,-90],[-76.204,-90],[-75.204,-90],[-74.204,-90],[-73.204,-90],[-72.204,-90],[-71.204,-90],[-70.204,-90],[-69.204,-90],[-68.204,-90],[-67.204,-90],[-66.204,-90],[-65.204,-90],[-64.204,-90],[-63.204,-90],[-62.204,-90],[-61.204,-90],[-60.204,-90],[-59.204,-90],[-58.204,-90],[-57.204,-90],[-56.204,-90],[-55.204,-90],[-54.204,-90],[-53.204,-90],[-52.204,-90],[-51.204,-90],[-50.204,-90],[-49.204,-90],[-48.204,-90],[-47.204,-90],[-46.204,-90],[-45.204,-90],[-44.204,-90],[-43.204,-90],[-42.204,-90],[-41.204,-90],[-40.204,-90],[-39.204,-90],[-38.204,-90],[-37.204,-90],[-36.204,-90],[-35.204,-90],[-34.204,-90],[-33.204,-90],[-32.204,-90],[-31.204,-90],[-30.204,-90],[-29.204,-90],[-28.204,-90],[-27.204,-90],[-26.204,-90],[-25.204,-90],[-24.204,-90],[-23.204,-90],[-22.204,-90],[-21.204,-90],[-20.204,-90],[-19.204,-90],[-18.204,-90],[-17.204,-90],[-16.204,-90],[-15.204,-90],[-14.204,-90],[-13.204,-90],[-12.204,-90],[-11.204,-90],[-10.204,-90],[-9.204,-90],[-8.204,-90],[-7.204,-90],[-6.204,-90],[-5.204,-90],[-4.204,-90],[-3.204,-90],[-2.204,-90],[-1.204,-90],[-0.204,-90],[0.778,-90],[1.778,-90],[2.778,-90],[3.778,-90],[4.778,-90],[5.778,-90],[6.778,-90],[7.778,-90],[8.778,-90],[9.778,-90],[10.778,-90],[11.778,-90],[12.778,-90],[13.778,-90],[14.778,-90],[15.778,-90],[16.778,-90],[17.778,-90],[18.778,-90],[19.778,-90],[20.778,-90],[21.778,-90],[22.778,-90],[23.778,-90],[24.778,-90],[25.778,-90],[26.778,-90],[27.778,-90],[28.778,-90],[29.778,-90],[30.778,-90],[31.778,-90],[32.778,-90],[33.778,-90],[34.778,-90],[35.778,-90],[36.778,-90],[37.778,-90],[38.778,-90],[39.778,-90],[40.778,-90],[41.778,-90],[42.778,-90],[43.778,-90],[44.778,-90],[45.778,-90],[46.778,-90],[47.778,-90],[48.778,-90],[49.778,-90],[50.778,-90],[51.778,-90],[52.778,-90],[53.778,-90],[54.778,-90],[55.778,-90],[56.778,-90],[57.778,-90],[58.778,-90],[59.778,-90],[60.778,-90],[61.778,-90],[62.778,-90],[63.778,-90],[64.778,-90],[65.778,-90],[66.778,-90],[67.778,-90],[68.778,-90],[69.778,-90],[70.778,-90],[71.778,-90],[72.778,-90],[73.778,-90],[74.778,-90],[75.778,-90],[76.778,-90],[77.778,-90],[78.778,-90],[79.778,-90],[80.778,-90],[81.778,-90],[82.778,-90],[83.778,-90],[84.778,-90],[85.778,-90],[86.778,-90],[87.778,-90],[88.778,-90],[89.778,-90],[89.796,-90],[90.778,-90],[91.778,-90],[92.778,-90],[93.778,-90],[94.778,-90],[95.778,-90],[96.778,-90],[97.778,-90],[98.778,-90],[99.778,-90],[100.778,-90],[101.778,-90],[102.778,-90],[103.778,-90],[104.778,-90],[105.778,-90],[106.778,-90],[107.778,-90],[108.778,-90],[109.778,-90],[110.778,-90],[111.778,-90],[112.778,-90],[113.778,-90],[114.778,-90],[115.778,-90],[116.778,-90],[117.778,-90],[118.778,-90],[119.778,-90],[120.778,-90],[121.778,-90],[122.778,-90],[123.778,-90],[124.778,-90],[125.778,-90],[126.778,-90],[127.778,-90],[128.778,-90],[129.778,-90],[130.778,-90],[131.778,-90],[132.778,-90],[133.778,-90],[134.778,-90],[135.778,-90],[136.778,-90],[137.778,-90],[138.778,-90],[139.778,-90],[140.778,-90],[141.778,-90],[142.778,-90],[143.778,-90],[144.778,-90],[145.778,-90],[146.778,-90],[147.778,-90],[148.778,-90],[149.778,-90],[150.778,-90],[151.778,-90],[152.778,-90],[153.778,-90],[154.778,-90],[155.778,-90],[156.778,-90],[157.778,-90],[158.778,-90],[159.778,-90],[160.778,-90],[161.778,-90],[162.778,-90],[163.778,-90],[164.778,-90],[165.778,-90],[166.778,-90],[167.778,-90],[168.778,-90],[169.778,-90],[170.778,-90],[171.778,-90],[172.778,-90],[173.778,-90],[174.778,-90],[175.778,-90],[176.778,-90],[177.778,-90],[178.778,-90],[179.778,-90],[179.796,-90],[172.58,-83.844]]]},"properties":{"NAME":null,"SUBJECTO":null,"BORDERPRECISION":1}},
{"type":"Feature","geometry":{"type":"Polygon","coordinates":[[[109.55,19.914],[108.577,19.187],[108.652,18.482],[109.43,18.097],[110.263,18.626],[110.617,20.017],[109.55,19.914]]]},"properties":{"NAME":"Hainan","SUBJECTO":"Hainan","BORDERPRECISION":1}},
{"type":"Feature","geometry":{"type":"Polygon","coordinates":[[[143.446,-3.61],[139.592,-2.379],[137.854,-1.614],[136.271,-2.418],[135.246,-3.539],[134.283,-2.855],[133.907,-1.006],[132.254,-0.527],[131.211,-1.025],[132.719,-2.934],[132.713,-3.888],[134.041,-3.948],[134.777,-4.309],[137.385,-5.123],[137.824,-5.427],[139.156,-7.725],[139.977,-8.238],[140.948,-9.274],[142.607,-9.377],[143.331,-9],[143.437,-8.358],[144.38,-7.758],[145.82,-8.098],[146.646,-9.279],[147.874,-10.179],[149.783,-10.41],[149.83,-9.711],[148.589,-9.16],[148.035,-8.246],[147.376,-7.796],[146.909,-6.895],[147.376,-6.125],[145.593,-5.423],[145.728,-4.997],[143.446,-3.61]]]},"properties":{"NAME":null,"SUBJECTO":null,"BORDERPRECISION":1}},
{"type":"Feature","geometry":{"type":"Polygon","coordinates":[[[149.413,-5.739],[149.554,-6.406],[151.056,-6.015],[152.059,-5.498],[151.588,-4.902],[150.887,-5.52],[149.413,-5.739]]]},"properties":{"NAME":null,"SUBJECTO":null,"BORDERPRECISION":1}},
{"type":"Feature","geometry":{"type":"Polygon","coordinates":[[[125.29,-8.702],[123.665,-9.748],[124.154,-10.205],[125.212,-9.395],[125.29,-8.702]]]},"properties":{"NAME":null,"SUBJECTO":null,"BORDERPRECISION":1}},
{"type":"Feature","geometry":{"type":"Polygon","coordinates":[[[127.852,1.268],[127.424,0.982],[127.636,-0.308],[128.19,0.627],[127.852,1.268]]]},"properties":{"NAME":null,"SUBJECTO":null,"BORDERPRECISION":1}},
{"type":"Feature","geometry":{"type":"Polygon","coordinates":[[[120.549,-8.935],[120.565,-8.388],[119.853,-8.574],[119.935,-8.936],[120.549,-8.935]]]},"properties":{"NAME":null,"SUBJECTO":null,"BORDERPRECISION":1}},
{"type":"Feature","geometry":{"type":"Polygon","coordinates":[[[128.523,-3.464],[128.915,-3.254],[129.487,-3.596],[129.743,-2.979],[129.168,-3.139],[128.153,-2.97],[128.523,-3.464]]]},"properties":{"NAME":null,"SUBJECTO":null,"BORDERPRECISION":1}},
{"type":"Feature","geometry":{"type":"Polygon","coordinates":[[[138.584,-8.228],[138.193,-7.676],[137.676,-8.459],[138.297,-8.541],[138.584,-8.228]]]},"properties":{"NAME":null,"SUBJECTO":null,"BORDERPRECISION":1}},
{"type":"Feature","geometry":{"type":"Polygon","coordinates":[[[119.946,-9.591],[119.41,-9.872],[120.182,-10.347],[120.462,-9.926],[119.946,-9.591]]]},"properties":{"NAME":null,"SUBJECTO":null,"BORDERPRECISION":1}},
{"type":"Feature","geometry":{"type":"Polygon","coordinates":[[[122.733,0.673],[120.767,1.139],[119.914,0.54],[119.205,-1.432],[119.175,-2.176],[118.684,-2.901],[118.791,-3.663],[119.461,-3.808],[119.477,-5.804],[120.248,-5.586],[120.144,-3.076],[121.873,-4.96],[122.641,-4.284],[122.258,-3.211],[121.265,-2.101],[122.223,-1.654],[121.461,-0.989],[120.507,-1.448],[119.873,-0.465],[120.337,0.356],[122.733,0.673]]]},"properties":{"NAME":null,"SUBJECTO":null,"BORDERPRECISION":1}},
{"type":"Feature","geometry":{"type":"Polygon","coordinates":[[[15.237,79.589],[11.76,78.88],[15.099,77.115],[17.267,76.813],[19.116,78.455],[20.908,78.809],[17.834,79.809],[15.237,79.589]]]},"properties":{"NAME":null,"SUBJECTO":null,"BORDERPRECISION":1}},
{"type":"Feature","geometry":{"type":"Polygon","coordinates":[[[19.218,79.74],[23.821,79.147],[27.197,79.944],[20.524,80.322],[19.218,79.74]]]},"properties":{"NAME":null,"SUBJECTO":null,"BORDERPRECISION":1}},
{"type":"Feature","geometry":{"type":"Polygon","coordinates":[[[79.724,8.417],[79.854,7.061],[80.222,6.058],[81.203,6.079],[81.866,7.085],[80.662,9.299],[80.178,9.445],[79.724,8.417]]]},"properties":{"NAME":"Simhala","SUBJECTO":"Simhala","BORDERPRECISION":1}},
{"type":"Feature","geometry":{"type":"Polygon","coordinates":[[[-92.938,18.586],[-93.144,16.982],[-93.588,15.741],[-91.516,14.059],[-90.105,13.753],[-88.243,14.836],[-87.571,15.908],[-88.664,15.726],[-88.3,17.635],[-87.877,18.381],[-87.651,20.19],[-86.936,20.976],[-87.201,21.529],[-88.334,21.59],[-90.278,21.141],[-90.673,20.676],[-90.935,19.382],[-91.702,18.823],[-92.938,18.586]]]},"properties":{"NAME":"Maya chiefdoms and states","SUBJECTO":"Maya chiefdoms and states","BORDERPRECISION":1}},
{"type":"Feature","geometry":{"type":"Polygon","coordinates":[[[-57.86,49.988],[-58.652,48.376],[-58.091,47.763],[-56.079,47.865],[-52.729,47.455],[-54.13,48.836],[-56.662,50.056],[-57.86,49.988]]]},"properties":{"NAME":"Paleo-Inuit","SUBJECTO":"Paleo-Inuit","BORDERPRECISION":1}},
{"type":"Feature","geometry":{"type":"Polygon","coordinates":[[[-60.428,46.743],[-61.381,46.331],[-61.025,45.67],[-59.807,46.081],[-60.428,46.743]]]},"properties":{"NAME":null,"SUBJECTO":null,"BORDERPRECISION":1}},
{"type":"Feature","geometry":{"type":"Polygon","coordinates":[[[-70.498,-54.923],[-70.721,-54.937],[-67.153,-54.91],[-66.622,-55.07],[-65.259,-54.719],[-66.622,-55.07],[-67.153,-54.91],[-69.672,-54.774],[-70.498,-54.923]]]},"properties":{"NAME":null,"SUBJECTO":null,"BORDERPRECISION":1}},
{"type":"Feature","geometry":{"type":"MultiPolygon","coordinates":[]},"properties":{"NAME":null,"SUBJECTO":null,"BORDERPRECISION":1}},
{"type":"Feature","geometry":{"type":"Polygon","coordinates":[[[-6.072,53.974],[-6.018,55.093],[-8.345,55.095],[-8.59,54.203],[-9.891,52.194],[-9.819,51.435],[-6.406,52.214],[-6.072,53.974]]]},"properties":{"NAME":null,"SUBJECTO":null,"BORDERPRECISION":1}},
{"type":"Feature","geometry":{"type":"Polygon","coordinates":[[[-3.189,51.179],[-4.281,51.187],[-4.541,50.358],[-3.132,50.655],[-3.189,51.179]]]},"properties":{"NAME":"Dumonii","SUBJECTO":"Dumonii","BORDERPRECISION":1}},
{"type":"Feature","geometry":{"type":"MultiPolygon","coordinates":[[[[-84.352,21.808],[-84.706,21.77],[-84.352,21.808],[-84.209,21.828],[-84.03,21.955],[-83.851,22.21],[-83.39,22.223],[-82.853,22.638],[-81.663,22.507],[-82.853,22.638],[-83.39,22.223],[-83.851,22.21],[-84.03,21.955],[-84.209,21.828],[-84.352,21.808]]],[[[-81.792,22.208],[-82.177,22.366],[-81.792,22.208],[-81.572,22.164],[-80.776,22.102],[-78.514,21.306],[-80.776,22.102],[-81.572,22.164],[-81.792,22.208]]]]},"properties":{"NAME":null,"SUBJECTO":null,"BORDERPRECISION":1}},
{"type":"Feature","geometry":{"type":"Polygon","coordinates":[[[-74.365,18.378],[-74.442,18.524],[-74.365,18.378],[-73.857,18.112],[-73.474,18.316],[-71.978,18.262],[-71.401,17.704],[-70.621,18.507],[-68.373,18.575],[-70.621,18.507],[-71.401,17.704],[-71.978,18.262],[-73.474,18.316],[-73.857,18.112],[-74.365,18.378]]]},"properties":{"NAME":null,"SUBJECTO":null,"BORDERPRECISION":1}},
{"type":"Feature","geometry":{"type":"MultiPolygon","coordinates":[]},"properties":{"NAME":null,"SUBJECTO":null,"BORDERPRECISION":1}},
{"type":"Feature","geometry":{"type":"MultiPolygon","coordinates":[]},"properties":{"NAME":null,"SUBJECTO":null,"BORDERPRECISION":1}},
{"type":"Feature","geometry":{"type":"Polygon","coordinates":[[[-76.649,-12.842],[-75.989,-12.194],[-76.358,-10.966],[-77.402,-9.676],[-78.57,-7.095],[-79.491,-6.113],[-79.614,-5.498],[-80.351,-5.314],[-80.888,-5.9],[-80.066,-6.756],[-79.06,-8.216],[-77.759,-10.659],[-76.649,-12.842]]]},"properties":{"NAME":"Moche","SUBJECTO":"Moche","BORDERPRECISION":1}},
{"type":"Feature","geometry":{"type":"MultiPolygon","coordinates":[[[[-90.105,13.753],[-87.949,13.172],[-86.014,11.368],[-85.778,10.138],[-85.089,9.583],[-83.615,9.152],[-82.956,8.257],[-81.664,8.165],[-80.814,7.27],[-79.717,8.883],[-79.068,9.034],[-78.184,8.413],[-78.265,7.886],[-77.4,6.67],[-77.5,5.514],[-77.106,3.792],[-77.802,2.577],[-78.468,2.467],[-78.984,1.297],[-80.086,0.818],[-80.339,-0.663],[-80.966,-1.033],[-80.741,-2.119],[-80.144,-3.414],[-81.418,-4.675],[-80.888,-5.9],[-80.351,-5.314],[-79.614,-5.498],[-79.491,-6.113],[-78.57,-7.095],[-77.402,-9.676],[-76.358,-10.966],[-75.989,-12.194],[-76.649,-12.842],[-76.238,-13.568],[-75.564,-12.873],[-73.89,-14.855],[-74.383,-15.823],[-75.231,-15.222],[-75.785,-14.727],[-76.242,-14.106],[-75.785,-14.727],[-75.231,-15.222],[-74.621,-15.665],[-74.05,-16.045],[-71.612,-17.221],[-70.584,-18.083],[-70.209,-19.067],[-70.148,-20.268],[-69.071,-20.066],[-68.133,-19.349],[-66.595,-19.145],[-65.906,-18.311],[-64.662,-16.805],[-64.194,-14.695],[-69.045,-8.236],[-70.158,-5.735],[-66.408,3.042],[-62.659,4.153],[-58.558,3.978],[-55.862,1.696],[-55.804,0.876],[-57.972,-0.589],[-58.44,-2.288],[-56.331,-4.335],[-54.163,-4.627],[-49.066,-4.744],[-45.375,-3.165],[-44.549,-3.103],[-44.796,-1.736],[-47.237,-0.68],[-48.043,-0.816],[-49.221,-2.108],[-50.643,-1.882],[-51.529,-0.429],[-49.884,1.214],[-50.688,2.216],[-51.209,4.071],[-51.71,4.228],[-53.027,5.427],[-54.286,5.882],[-56.746,6.003],[-58.575,6.984],[-58.617,7.499],[-59.834,8.44],[-61.29,8.771],[-60.793,9.388],[-61.29,8.771],[-63.065,8.325],[-65.965,8.18],[-70.682,8.557],[-71.182,9.277],[-72.114,9.904],[-71.688,10.769],[-72.38,11.81],[-73.362,11.325],[-74.219,11.368],[-75.45,10.628],[-75.703,9.426],[-76.764,8.693],[-78.266,9.386],[-79.5,9.638],[-80.962,8.865],[-82.23,9.047],[-83.914,11.251],[-83.662,13.705],[-83.314,14.768],[-84.65,15.933],[-86.372,15.803],[-87.571,15.908],[-88.243,14.836],[-90.105,13.753]],[[-70.197,11.751],[-70.339,11.999],[-69.865,11.758],[-70.197,11.751]]],[[[-71.381,10.408],[-71.443,10.468],[-71.089,9.919],[-71.381,10.408]]],[[[-65.781,-47.712],[-65.839,-47.868],[-66.078,-48.142],[-67.578,-49.059],[-67.833,-49.968],[-69.041,-50.562],[-69.115,-51.352],[-69.077,-51.499],[-69.041,-50.562],[-67.833,-49.968],[-67.578,-49.059],[-66.078,-48.142],[-65.839,-47.868],[-65.781,-47.712],[-65.713,-47.354],[-65.781,-47.712]]],[[[-71.442,-53.882],[-71.872,-53.696],[-71.442,-53.882],[-70.998,-53.821],[-70.734,-52.802],[-69.483,-52.361],[-68.411,-52.405],[-69.483,-52.361],[-70.734,-52.802],[-70.998,-53.821],[-71.442,-53.882]]],[[[-72.212,-52.572],[-72.559,-52.573],[-71.678,-52.644],[-72.212,-52.572]]],[[[-74.297,-47.761],[-74.538,-47.787],[-73.36,-47.974],[-74.297,-47.761]]],[[[-73.138,-45.344],[-73.335,-45.28],[-73.047,-45.376],[-73.138,-45.344]]],[[[-73.464,-41.787],[-73.594,-41.697],[-73.464,-41.787],[-73.178,-41.761],[-72.587,-41.618],[-72.728,-41.553],[-73.178,-41.761],[-73.464,-41.787]]],[[[-50.609,-30.302],[-51.232,-30.265],[-51.445,-31.015],[-52.042,-31.557],[-52.14,-31.741],[-52.351,-32.675],[-54.074,-34.648],[-54.622,-34.922],[-56.338,-34.995],[-57.348,-34.508],[-58.523,-34.587],[-57.348,-34.508],[-56.338,-34.995],[-54.622,-34.922],[-54.074,-34.648],[-52.351,-32.675],[-52.042,-31.557],[-51.445,-31.015],[-51.232,-30.265],[-50.609,-30.302]]],[[[-62.351,-39.333],[-61.361,-39.031],[-59.515,-38.875],[-57.809,-38.386],[-56.698,-36.944],[-56.8,-36.543],[-56.698,-36.944],[-57.809,-38.386],[-59.515,-38.875],[-61.361,-39.031],[-62.351,-39.333]]],[[[-48.722,-25.534],[-46.206,-23.883],[-45.459,-23.856],[-44.561,-22.99],[-43.815,-22.957],[-43.606,-23.007],[-43.262,-23.032],[-42.967,-23.031],[-41.958,-22.921],[-40.984,-22.086],[-40.933,-21.279],[-39.691,-19.409],[-39.666,-18.227],[-39.142,-17.775],[-39.666,-18.227],[-39.691,-19.409],[-40.933,-21.279],[-40.984,-22.086],[-41.958,-22.921],[-42.527,-22.954],[-43.236,-23.032],[-43.815,-22.957],[-44.561,-22.99],[-45.459,-23.856],[-46.206,-23.883],[-48.722,-25.534]]],[[[-51.117,-31.472],[-51.477,-31.823],[-50.806,-31.192],[-50.469,-30.74],[-49.936,-29.627],[-48.937,-28.698],[-48.728,-28.367],[-48.564,-27.681],[-48.603,-26.677],[-48.564,-27.681],[-48.797,-28.476],[-49.936,-29.627],[-50.469,-30.74],[-51.117,-31.472]]]]},"properties":{"NAME":null,"SUBJECTO":null,"BORDERPRECISION":1}},
{"type":"Feature","geometry":{"type":"MultiPolygon","coordinates":[]},"properties":{"NAME":null,"SUBJECTO":null,"BORDERPRECISION":1}},
{"type":"Feature","geometry":{"type":"Polygon","coordinates":[[[-61.735,10.734],[-61.536,10.036],[-61.207,10.118],[-61.237,10.63],[-61.735,10.734]]]},"properties":{"NAME":null,"SUBJECTO":null,"BORDERPRECISION":1}},
{"type":"Feature","geometry":{"type":"Polygon","coordinates":[[[54.479,73.519],[56.96,73.357],[60.887,75.247],[66.548,75.98],[65.926,76.507],[59.018,75.799],[56.995,75.273],[54.479,73.519]]]},"properties":{"NAME":null,"SUBJECTO":null,"BORDERPRECISION":1}},
{"type":"Feature","geometry":{"type":"Polygon","coordinates":[[[55.181,73.266],[51.482,71.845],[54.308,71.206],[55.721,71.642],[55.181,73.266]]]},"properties":{"NAME":null,"SUBJECTO":null,"BORDERPRECISION":1}},
{"type":"Feature","geometry":{"type":"Polygon","coordinates":[[[10.558,57.745],[9.849,57.582],[9.079,57.037],[10.257,57.006],[10.558,57.745]]]},"properties":{"NAME":null,"SUBJECTO":null,"BORDERPRECISION":1}},
{"type":"Feature","geometry":{"type":"Polygon","coordinates":[[[11.585,55.162],[12.43,55.245],[12.444,55.968],[11.102,55.634],[11.585,55.162]]]},"properties":{"NAME":null,"SUBJECTO":null,"BORDERPRECISION":1}},
{"type":"Feature","geometry":{"type":"MultiPolygon","coordinates":[[[[-75.982,68.808],[-76.546,68.731],[-73.185,68.296],[-72.354,67.53],[-73.185,68.296],[-75.982,68.808]]],[[[-89.435,71.441],[-89.997,71.541],[-87.169,71.019],[-89.435,71.441]]],[[[-84.308,73.197],[-84.862,73.355],[-83.885,73.07],[-84.308,73.197]]],[[[-71.622,63.21],[-71.691,63.331],[-71.622,63.21],[-71.319,63.061],[-69.559,62.709],[-69.155,62.42],[-65.94,61.79],[-69.155,62.42],[-69.559,62.709],[-71.319,63.061],[-71.622,63.21]]]]},"properties":{"NAME":null,"SUBJECTO":null,"BORDERPRECISION":1}},
{"type":"Feature","geometry":{"type":"MultiPolygon","coordinates":[[[[-75.988,82.342],[-76.024,82.531],[-78.698,83.003],[-90.503,82.007],[-89.193,81.096],[-84.793,80.782],[-77.521,80.75],[-75.988,82.342]]],[[[-76.234,82.909],[-76.607,83.04],[-75.802,82.68],[-76.234,82.909]]],[[[-77.299,79.286],[-73.376,79.581],[-77.239,79.583],[-77.299,79.286]]],[[[-86.633,78.297],[-86.917,78.245],[-84.843,78.16],[-86.633,78.297]]],[[[-81.356,79.908],[-82.263,80.051],[-80.732,79.659],[-81.356,79.908]]]]},"properties":{"NAME":null,"SUBJECTO":null,"BORDERPRECISION":1}},
{"type":"Feature","geometry":{"type":"MultiPolygon","coordinates":[[[[-105.601,71.045],[-104.62,71.093],[-105.313,72.65],[-108.182,73.383],[-108.986,72.73],[-111.726,72.331],[-114.647,73.355],[-116.934,72.902],[-114.038,72.064],[-110.347,71.197],[-105.601,71.045]]],[[[-116.995,69.743],[-117.568,69.992],[-116.656,69.516],[-115.907,69.351],[-113.539,69.114],[-115.907,69.351],[-116.995,69.743]]]]},"properties":{"NAME":null,"SUBJECTO":null,"BORDERPRECISION":1}},
{"type":"Feature","geometry":{"type":"MultiPolygon","coordinates":[[[[-174.193,66.288],[-174.194,66.299],[-175.475,67.669],[-180,68.917],[-175.514,67.669],[-174.193,66.288]]],[[[-172.829,66.961],[-172.813,66.963],[-173.86,67.155],[-172.829,66.961]]],[[[-170.613,66.038],[-170.967,65.687],[-170.43,66.051],[-170.613,66.038]]],[[[-171.41,65.707],[-171.206,65.565],[-171.618,65.874],[-171.41,65.707]]],[[[-171.73,65.611],[-172.15,65.59],[-171.717,65.61],[-171.73,65.611]]],[[[-173.025,64.506],[-173.076,64.387],[-172.398,65.02],[-172.998,65.8],[-173.025,64.506]]],[[[-173.545,64.419],[-173.708,64.386],[-173.517,64.417],[-173.545,64.419]]],[[[-175.187,64.849],[-175.29,64.737],[-175.156,64.84],[-175.187,64.849]]]]},"properties":{"NAME":null,"SUBJECTO":null,"BORDERPRECISION":1}},
{"type":"Feature","geometry":{"type":"Polygon","coordinates":[[[-87.504,80.228],[-92.025,81.259],[-96.433,79.933],[-92.702,78.434],[-89.121,78.344],[-87.165,79.126],[-87.504,80.228]]]},"properties":{"NAME":null,"SUBJECTO":null,"BORDERPRECISION":1}},
{"type":"Feature","geometry":{"type":"Polygon","coordinates":[[[-125.828,72.076],[-125.904,72.155],[-125.828,72.076],[-125.617,71.99],[-124.072,71.735],[-123.468,71.199],[-120.843,71.53],[-120.454,72.299],[-115.654,73.633],[-117.336,74.167],[-123.148,74.441],[-117.686,73.215],[-120.454,72.299],[-120.843,71.53],[-123.468,71.199],[-124.072,71.735],[-124.577,71.898],[-125.189,71.928],[-125.617,71.99],[-125.828,72.076]]]},"properties":{"NAME":null,"SUBJECTO":null,"BORDERPRECISION":1}},
{"type":"Feature","geometry":{"type":"MultiPolygon","coordinates":[[[[-88.144,74.569],[-88.326,74.682],[-88.144,74.569],[-87.49,74.538],[-80.349,74.616],[-82.936,74.684],[-85.118,74.623],[-86.212,74.816],[-86.306,74.621],[-87.49,74.538],[-88.144,74.569]]],[[[-92.166,75.099],[-92.366,75.421],[-92.166,75.099],[-91.867,74.789],[-89.698,74.615],[-88.39,74.99],[-89.698,74.615],[-91.867,74.789],[-92.166,75.099]]],[[[-92.786,76.24],[-93.064,76.375],[-92.093,75.805],[-92.786,76.24]]]]},"properties":{"NAME":null,"SUBJECTO":null,"BORDERPRECISION":1}},
{"type":"Feature","geometry":{"type":"Polygon","coordinates":[[[-113.845,76.217],[-115.186,75.154],[-112.203,74.5],[-109.07,75.133],[-105.773,75.23],[-105.917,76.022],[-111.386,75.66],[-113.845,76.217]]]},"properties":{"NAME":null,"SUBJECTO":null,"BORDERPRECISION":1}},
{"type":"Feature","geometry":{"type":"MultiPolygon","coordinates":[[[[-85.157,63.185],[-85.463,63.206],[-85.157,63.185],[-84.655,63.314],[-84.087,63.672],[-83.496,63.744],[-83.517,64.052],[-80.696,63.5],[-80.179,63.722],[-83.517,64.052],[-84.087,63.672],[-84.655,63.314],[-85.157,63.185]]],[[[-86.032,63.675],[-87.101,63.545],[-85.432,63.598],[-86.032,63.675]]]]},"properties":{"NAME":null,"SUBJECTO":null,"BORDERPRECISION":1}},
{"type":"Feature","geometry":{"type":"MultiPolygon","coordinates":[]},"properties":{"NAME":null,"SUBJECTO":null,"BORDERPRECISION":1}},
{"type":"Feature","geometry":{"type":"MultiPolygon","coordinates":[]},"properties":{"NAME":null,"SUBJECTO":null,"BORDERPRECISION":1}},
{"type":"Feature","geometry":{"type":"Polygon","coordinates":[[[-122.151,76.582],[-120.1,75.978],[-118.736,76.938],[-122.151,76.582]]]},"properties":{"NAME":null,"SUBJECTO":null,"BORDERPRECISION":1}},
{"type":"Feature","geometry":{"type":"Polygon","coordinates":[[[-102.564,78.31],[-99.892,78.658],[-102.569,79.016],[-104.966,78.534],[-102.564,78.31]]]},"properties":{"NAME":null,"SUBJECTO":null,"BORDERPRECISION":1}},
{"type":"Feature","geometry":{"type":"MultiPolygon","coordinates":[]},"properties":{"NAME":null,"SUBJECTO":null,"BORDERPRECISION":1}},
{"type":"Feature","geometry":{"type":"Polygon","coordinates":[[[-101.578,75.687],[-98.002,75.162],[-97.817,76.476],[-101.885,76.333],[-101.578,75.687]]]},"properties":{"NAME":null,"SUBJECTO":null,"BORDERPRECISION":1}},
{"type":"Feature","geometry":{"type":"Polygon","coordinates":[[[-98.878,68.885],[-99.365,68.974],[-97.606,68.64],[-96.794,68.529],[-96.213,68.537],[-95.515,68.809],[-96.794,68.529],[-98.878,68.885]]]},"properties":{"NAME":null,"SUBJECTO":null,"BORDERPRECISION":1}},
{"type":"Feature","geometry":{"type":"Polygon","coordinates":[[[-97.31,78.822],[-97.46,78.101],[-95.097,78.438],[-97.31,78.822]]]},"properties":{"NAME":null,"SUBJECTO":null,"BORDERPRECISION":1}},
{"type":"Feature","geometry":{"type":"MultiPolygon","coordinates":[]},"properties":{"NAME":null,"SUBJECTO":null,"BORDERPRECISION":1}},
{"type":"Feature","geometry":{"type":"Polygon","coordinates":[[[-153.731,57.427],[-154.189,57.631],[-154.593,57.145],[-153.878,56.941],[-152.679,57.765],[-153.396,57.804],[-153.731,57.427]]]},"properties":{"NAME":null,"SUBJECTO":null,"BORDERPRECISION":1}},
{"type":"Feature","geometry":{"type":"Polygon","coordinates":[[[-170.723,63.688],[-169.903,63.075],[-169.333,63.397],[-170.723,63.688]]]},"properties":{"NAME":null,"SUBJECTO":null,"BORDERPRECISION":1}},
{"type":"Feature","geometry":{"type":"Polygon","coordinates":[[[-96.277,76.733],[-96.809,76.92],[-95.873,76.513],[-93.795,76.738],[-96.277,76.733]]]},"properties":{"NAME":null,"SUBJECTO":null,"BORDERPRECISION":1}},
{"type":"Feature","geometry":null,"properties":{"NAME":null,"SUBJECTO":null,"BORDERPRECISION":1}},
{"type":"Feature","geometry":{"type":"Polygon","coordinates":[[[-113.16,77.792],[-110.62,77.537],[-110.71,78.023],[-113.16,77.792]]]},"properties":{"NAME":null,"SUBJECTO":null,"BORDERPRECISION":1}},
{"type":"Feature","geometry":{"type":"Polygon","coordinates":[[[-160.528,55.542],[-161.318,55.879],[-162.585,55.389],[-160.528,55.542]]]},"properties":{"NAME":null,"SUBJECTO":null,"BORDERPRECISION":1}},
{"type":"Feature","geometry":{"type":"Polygon","coordinates":[[[-154.948,19.483],[-155.931,20.284],[-156.034,19.106],[-154.948,19.483]]]},"properties":{"NAME":null,"SUBJECTO":null,"BORDERPRECISION":1}},
{"type":"Feature","geometry":{"type":"Polygon","coordinates":[[[-164.131,54.906],[-165.01,54.528],[-164.564,54.334],[-164.131,54.906]]]},"properties":{"NAME":null,"SUBJECTO":null,"BORDERPRECISION":1}},
{"type":"Feature","geometry":{"type":"Polygon","coordinates":[[[-136.025,58.215],[-136.596,57.905],[-135.115,57.675],[-135.325,58.093],[-136.025,58.215]]]},"properties":{"NAME":null,"SUBJECTO":null,"BORDERPRECISION":1}},
{"type":"Feature","geometry":{"type":"Polygon","coordinates":[[[-132.997,53.651],[-133.086,53.805],[-132.997,53.651],[-132.569,53.28],[-132.09,53.399],[-131.894,53.894],[-132.09,53.399],[-132.569,53.28],[-132.997,53.651]]]},"properties":{"NAME":null,"SUBJECTO":null,"BORDERPRECISION":1}},
{"type":"Feature","geometry":{"type":"Polygon","coordinates":[[[42.079,13.861],[41.761,13.886],[40.739,14.919],[39.518,15.463],[38.305,15.058],[37.804,14.223],[38.305,13.222],[40.475,13.055],[42.355,13.271],[42.357,13.468],[42.079,13.861]]]},"properties":{"NAME":"Axum","SUBJECTO":"Axum","BORDERPRECISION":1}},
{"type":"Feature","geometry":{"type":"Polygon","coordinates":[[[43.655,-23.051],[43.376,-22.632],[43.785,-23.267],[43.655,-23.051]]]},"properties":{"NAME":null,"SUBJECTO":null,"BORDERPRECISION":1}},
{"type":"Feature","geometry":{"type":"Polygon","coordinates":[[[130.135,32.023],[131.319,31.511],[131.831,32.693],[131.67,33.309],[130.427,33.674],[129.343,33.151],[130.135,32.023]]]},"properties":{"NAME":null,"SUBJECTO":null,"BORDERPRECISION":1}},
{"type":"Feature","geometry":{"type":"Polygon","coordinates":[[[133.603,34.036],[132.121,33.348],[132.97,32.765],[133.999,33.148],[133.603,34.036]]]},"properties":{"NAME":null,"SUBJECTO":null,"BORDERPRECISION":1}},
{"type":"Feature","geometry":{"type":"Polygon","coordinates":[[[142.017,51.431],[141.643,51.813],[142.112,51.22],[142.017,51.431]]]},"properties":{"NAME":null,"SUBJECTO":null,"BORDERPRECISION":1}},
{"type":"Feature","geometry":{"type":"MultiPolygon","coordinates":[]},"properties":{"NAME":null,"SUBJECTO":null,"BORDERPRECISION":1}},
{"type":"Feature","geometry":{"type":"Polygon","coordinates":[[[135.446,33.507],[136.734,34.874],[138.149,34.528],[139.423,35.166],[140.317,35.034],[140.872,37.917],[141.496,38.422],[141.998,39.672],[141.153,40.865],[139.915,40.575],[140.03,39.483],[139.198,37.92],[138.317,37.206],[136.668,36.667],[135.157,35.646],[132.663,35.381],[130.899,33.904],[132.481,34.129],[134.427,34.628],[135.446,33.507]]]},"properties":{"NAME":null,"SUBJECTO":null,"BORDERPRECISION":1}},
{"type":"Feature","geometry":{"type":"Polygon","coordinates":[[[39.274,38.219],[37.886,37.426],[38.243,35.997],[39.966,35.771],[38.376,33.532],[39.49,33.362],[47.614,29.272],[47.911,29.89],[50.132,30.066],[51.35,28.036],[52.891,27.052],[54.646,26.391],[55.9,27.105],[56.79,26.974],[57.255,25.793],[59.302,25.34],[59.568,27.286],[62.797,34.615],[60.964,37.32],[57.302,38.085],[54.067,36.942],[53.8,36.679],[51.796,36.432],[50.561,36.686],[50.039,37.225],[48.837,37.511],[49.02,39.006],[47.804,39.29],[44.551,38.854],[43.996,37.624],[40.475,37.855],[39.274,38.219]]]},"properties":{"NAME":"Parthian Empire","SUBJECTO":"Parthian Empire","BORDERPRECISION":1}},
{"type":"Feature","geometry":{"type":"Polygon","coordinates":[[[74.751,33.655],[73.093,34.615],[70.563,34.877],[62.797,34.615],[59.568,27.286],[59.302,25.34],[61.344,25.027],[64.425,25.173],[66.432,25.489],[67.387,28.226],[70.287,31.288],[74.14,32.608],[74.751,33.655]]]},"properties":{"NAME":"Suren Kingdom","SUBJECTO":"Suren Kingdom","BORDERPRECISION":1}},
{"type":"Feature","geometry":{"type":"Polygon","coordinates":[[[101.474,1.548],[100.732,1.871],[99.858,2.904],[98.146,4.07],[97.384,5.18],[96.187,5.146],[95.561,4.534],[96.72,3.705],[97.597,2.251],[98.601,1.707],[99.113,0.221],[99.697,-0.152],[100.65,-1.631],[100.812,-2.336],[102.462,-4.182],[104.568,-6.071],[105.187,-5.542],[105.728,-5.827],[105.711,-4.105],[105.943,-3.215],[104.352,-1.89],[104.298,-1.363],[103.238,-0.659],[103.722,0.015],[102.472,0.623],[101.474,1.548]]]},"properties":{"NAME":null,"SUBJECTO":null,"BORDERPRECISION":1}},
{"type":"Feature","geometry":{"type":"Polygon","coordinates":[[[112.301,2.874],[111.372,2.599],[110.818,1.244],[109.282,1.883],[108.814,0.808],[109.179,-0.869],[109.941,-1.643],[110.102,-3.079],[111.436,-2.974],[112.578,-3.423],[112.795,-2.971],[114.712,-4.206],[115.568,-3.804],[116.349,-2.417],[116.046,-1.934],[117.046,-0.935],[117.534,0.611],[118.517,1.166],[117.696,1.901],[117.829,2.314],[117.074,3.507],[118.391,4.374],[119.043,5.17],[118.377,5.639],[117.37,5.789],[117.507,6.393],[116.596,6.899],[115.787,5.74],[114.878,4.856],[113.815,4.263],[112.952,3.155],[112.301,2.874]]]},"properties":{"NAME":null,"SUBJECTO":null,"BORDERPRECISION":1}},
{"type":"Feature","geometry":{"type":"Polygon","coordinates":[[[114.105,-8.688],[113.948,-7.824],[112.678,-7.719],[112.275,-7.027],[111.045,-6.852],[110.027,-7.044],[108.556,-6.921],[106.945,-6.026],[106.024,-6.081],[105.633,-6.755],[106.484,-7.503],[108.16,-7.856],[109.037,-7.72],[110.778,-8.32],[112.414,-8.488],[113.074,-8.347],[114.105,-8.688]]]},"properties":{"NAME":null,"SUBJECTO":null,"BORDERPRECISION":1}},
{"type":"Feature","geometry":{"type":"Polygon","coordinates":[[[118.828,-8.786],[117.948,-8.162],[116.976,-9.178],[118.828,-8.786]]]},"properties":{"NAME":null,"SUBJECTO":null,"BORDERPRECISION":1}},
{"type":"Feature","geometry":{"type":"Polygon","coordinates":[[[105.722,-1.747],[105.995,-2.89],[106.471,-2.921],[105.722,-1.747]]]},"properties":{"NAME":null,"SUBJECTO":null,"BORDERPRECISION":1}},
{"type":"Feature","geometry":{"type":"Polygon","coordinates":[[[84.753,19.028],[86.119,19.807],[86.926,20.691],[86.819,21.187],[86.094,24.93],[85.483,25.802],[84.611,26.151],[83.825,25.89],[83.04,22.748],[82.255,21.963],[80.946,21.701],[80.617,21.017],[80.422,20.043],[80.684,19.345],[82.866,19.171],[84.262,19.258],[84.753,19.028]]]},"properties":{"NAME":"Kalinga","SUBJECTO":"Kalinga","BORDERPRECISION":1}},
{"type":"Feature","geometry":{"type":"Polygon","coordinates":[[[74.778,13.528],[75.211,12.102],[76.075,10.554],[76.704,8.706],[77.341,8.053],[77.9,8.258],[79.826,10.359],[79.711,11.445],[80.32,13.333],[78.939,12.976],[77.63,12.976],[74.778,13.528]]]},"properties":{"NAME":"Hindu kingdoms","SUBJECTO":"Hindu kingdoms","BORDERPRECISION":1}},
{"type":"Feature","geometry":{"type":"Polygon","coordinates":[[[54.756,16.951],[55.561,17.937],[56.258,17.977],[56.739,18.689],[57.839,19.035],[57.806,20.172],[58.512,20.421],[59.837,22.279],[58.628,23.458],[57.146,23.982],[56.405,24.82],[56.015,25.772],[54.347,24.154],[53.687,23.987],[51.586,24.003],[51.587,25.609],[51.069,25.945],[50.778,24.471],[49.937,25.956],[50.122,26.738],[48.855,27.523],[48.129,29.268],[47.614,29.272],[39.49,33.362],[38.376,33.532],[38.022,33.034],[36.47,29.565],[35.072,29.211],[34.886,28.357],[37.218,25.167],[37.201,24.658],[38.49,23.613],[39.056,22.572],[40.372,22.748],[40.983,22.399],[42.338,20.716],[43.795,18.66],[45.433,17.775],[47.702,17.426],[48.997,17.607],[51.454,17.949],[53.199,17.775],[54.756,16.951]]]},"properties":{"NAME":null,"SUBJECTO":null,"BORDERPRECISION":1}},
{"type":"Feature","geometry":{"type":"Polygon","coordinates":[[[14.473,53.877],[14.227,53.91],[14.248,53.816],[14.473,53.877]]]},"properties":{"NAME":null,"SUBJECTO":null,"BORDERPRECISION":1}},
{"type":"Feature","geometry":{"type":"Polygon","coordinates":[[[-13.518,29.428],[-14.147,28.391],[-13.881,28.199],[-13.784,28.879],[-13.421,29.091],[-13.518,29.428]]]},"properties":{"NAME":"Guanches","SUBJECTO":"Guanches","BORDERPRECISION":1}},
{"type":"Feature","geometry":{"type":"Polygon","coordinates":[[[-1.583,54.99],[-2.742,55.957],[-2.15,57.572],[-5.763,57.62],[-5.633,55.94],[-4.638,55.428],[-4.6,54.688],[-3.155,54.839],[-1.583,54.99]]]},"properties":{"NAME":null,"SUBJECTO":null,"BORDERPRECISION":1}},
{"type":"Feature","geometry":{"type":"MultiPolygon","coordinates":[[[[-3.132,50.655],[0.192,50.731],[1.692,52.311],[-0.319,53.579],[-0.296,54.033],[-1.583,54.99],[-3.155,54.839],[-2.914,53.267],[-4.318,53.091],[-4.124,52.373],[-5.061,52.006],[-3.189,51.179],[-3.132,50.655]]],[[[7.566,43.869],[6.898,44.51],[6.898,46.158],[8.349,48.203],[8.292,49.941],[6.858,50.952],[6.858,51.579],[5.135,52.127],[3.775,51.388],[1.589,50.822],[1.275,50.004],[0.033,49.334],[-1.892,49.526],[-1.591,48.638],[-3.091,48.872],[-4.35,48.391],[-3.955,47.904],[-2.005,47.043],[-1.075,46.015],[-1.651,43.445],[-0.618,42.848],[3.082,42.39],[3.068,42.945],[4.078,43.487],[5.829,43.021],[7.566,43.869]]]]},"properties":{"NAME":"Rome (Constantinus)","SUBJECTO":"Rome (Constantinus)","BORDERPRECISION":1}},
{"type":"Feature","geometry":{"type":"MultiPolygon","coordinates":[[[[-1.651,43.445],[-2.367,43.326],[-7.636,43.721],[-9.271,43.049],[-8.644,42.42],[-8.694,40.992],[-9.549,38.775],[-8.854,38.5],[-8.667,37.121],[-6.632,37.022],[-5.661,36.008],[-4.447,36.722],[-2.239,36.728],[-0.918,37.57],[0.173,38.738],[-0.395,39.434],[0.879,41.022],[3.129,41.857],[3.082,42.39],[-0.618,42.848],[-1.651,43.445]]],[[[7.566,43.869],[8.897,44.437],[9.909,44.11],[10.743,42.851],[12.642,41.531],[13.797,41.193],[15.666,40.092],[16.083,39.012],[17.084,40.525],[14.093,42.61],[13.601,43.535],[12.345,44.301],[12.176,45.214],[13.156,45.727],[13.895,44.759],[14.608,45.212],[14.883,46.146],[14.883,48.232],[12.2,49.139],[11.449,48.738],[8.349,48.203],[6.898,46.158],[6.898,44.51],[7.566,43.869]]],[[[9.698,39.693],[9.794,40.564],[9.306,41.184],[8.241,40.855],[8.696,38.996],[9.698,39.693]]],[[[13.81,37.966],[12.454,37.766],[15.027,36.745],[15.387,38.206],[13.81,37.966]]],[[[19.351,29.407],[19.482,29.444],[19.235,30.231],[19.125,30.199],[17.422,30.996],[15.843,31.285],[15.01,32.363],[14.157,32.679],[12.565,32.74],[10.413,33.631],[10.019,34.081],[11.125,35.241],[10.133,37.105],[8.637,36.885],[5.144,36.668],[1.058,36.462],[-1.147,35.629],[-2.035,35.055],[-4.593,35.151],[-5.929,35.728],[-7.004,33.875],[-8.64,33.122],[7.986,35.505],[8.633,34.027],[9.834,32.918],[14.454,31.162],[18.612,29.407],[19.351,29.407]]]]},"properties":{"NAME":"Rome (Maximian)","SUBJECTO":"Rome (Maximian)","BORDERPRECISION":1}},
{"type":"Feature","geometry":{"type":"Polygon","coordinates":[[[14.608,45.212],[15.412,43.935],[16.992,43.323],[19.607,41.762],[19.369,40.26],[20.029,39.814],[21.228,37.905],[22.39,36.524],[22.639,37.492],[23.556,38.352],[22.72,39.287],[22.602,40.397],[23.886,40.733],[25.993,40.852],[26.614,40.398],[27.474,40.963],[28.828,40.915],[27.502,42.516],[28.446,43.476],[28.686,44.488],[29.616,45.41],[28.221,45.484],[28.037,44.375],[25.265,43.821],[23.139,43.913],[22.955,44.652],[21.199,44.93],[18.864,45.582],[18.914,47.836],[17.06,48.087],[15.758,48.538],[14.883,48.232],[14.883,46.146],[14.608,45.212]]]},"properties":{"NAME":"Rome (Galerius)","SUBJECTO":"Rome (Galerius)","BORDERPRECISION":1}},
{"type":"Feature","geometry":{"type":"Polygon","coordinates":[[[33.345,23.354],[33.657,24.018],[35.19,24.4],[33.929,26.564],[33.354,27.91],[34.322,27.829],[35.072,29.211],[36.47,29.565],[38.022,33.034],[38.376,33.532],[39.966,35.771],[38.243,35.997],[37.886,37.426],[39.274,38.219],[38.481,38.655],[38.426,39.48],[40.393,39.718],[41.585,40.553],[41.68,41.793],[40.361,40.963],[38.651,40.922],[36.383,41.238],[35.958,41.686],[33.556,41.983],[30.745,41.04],[27.764,40.287],[26.765,40.377],[26.128,39.879],[26.708,39.182],[27.16,37.36],[29.002,36.695],[29.298,36.173],[30.473,36.188],[31.371,36.712],[33.171,35.971],[34.485,36.627],[35.709,36.212],[35.873,34.422],[34.843,32.671],[34.501,31.621],[33.558,30.968],[32.077,31.014],[30.996,31.469],[29.249,30.754],[26.143,31.491],[23.153,32.139],[22.543,32.722],[21.673,32.816],[20.366,32.298],[20.117,30.957],[19.235,30.231],[19.482,29.444],[21.291,29.961],[22.308,29.961],[26.743,28.575],[28.406,27.743],[30.041,24.622],[31.058,22.681],[32.605,22.816],[33.345,23.354]]]},"properties":{"NAME":"Rome (Diocletianus)","SUBJECTO":"Rome (Diocletianus)","BORDERPRECISION":1}},
{"type":"Feature","geometry":{"type":"Polygon","coordinates":[[[-70.871,47.05],[-69.507,48.459],[-68.307,49.227],[-67.318,49.425],[-66.373,50.314],[-61.64,50.277],[-60.138,50.412],[-58.524,51.379],[-56.964,51.488],[-55.659,52.187],[-56.127,53.466],[-58.788,52.573],[-60.171,53.299],[-60.222,53.325],[-62.889,54.725],[-65.643,55.263],[-71.033,55.196],[-74.197,52.927],[-78.742,52.744],[-78.491,52.256],[-79.594,51.266],[-80.361,51.304],[-81.747,52.17],[-82.341,52.981],[-82.202,54.969],[-84.468,55.167],[-87.467,55.912],[-88.767,56.738],[-90.445,57.144],[-92.404,56.975],[-93.825,56.863],[-102.144,57.214],[-111.284,58.553],[-114.565,60.6],[-118.198,62.713],[-124.936,64.835],[-132.435,62.497],[-139.524,62.416],[-144.68,63.192],[-150.129,63.324],[-160.939,63.985],[-161.133,63.563],[-165.431,62.43],[-165.898,61.27],[-164.027,59.798],[-162.378,60.163],[-162.004,58.827],[-160.431,59.002],[-158.291,58.73],[-157.665,57.604],[-160.457,56.2],[-159.077,55.992],[-156.685,57.401],[-154.649,58.076],[-153.455,58.877],[-154.282,59.249],[-151.783,59.995],[-151.388,59.213],[-149.326,60.027],[-148.493,61.064],[-145.138,60.454],[-144.406,60.093],[-139.573,59.9],[-139.2,59.277],[-137.577,58.604],[-134.123,58.239],[-131.767,56.01],[-129.852,54.998],[-128.588,55.057],[-125.697,55.194],[-115.034,52.033],[-114.467,52],[-105.191,51.453],[-98.922,50.232],[-97.201,50.111],[-97.155,50.413],[-98.719,52.228],[-101.209,53.272],[-101.05,54.624],[-97.091,55.065],[-95.271,53.859],[-95.239,53.157],[-96.197,52.384],[-95.271,51.12],[-93.994,50.636],[-91.153,50.636],[-91.078,49.948],[-87.79,49.931],[-85.036,49.094],[-81.931,48.902],[-76.056,47.308],[-74.19,47.966],[-70.871,47.05]]]},"properties":{"NAME":"Subarctic forest hunter-gatherers","SUBJECTO":"Subarctic forest hunter-gatherers","BORDERPRECISION":1}},
{"type":"Feature","geometry":{"type":"Polygon","coordinates":[[[73.93,45.367],[74.12,46.216],[75.337,46.844],[75.299,47.413],[73.663,47.772],[71.495,46.688],[71.419,44.614],[73.435,44.506],[73.93,45.367]]]},"properties":{"NAME":"Yueban","SUBJECTO":"Yueban","BORDERPRECISION":1}},
{"type":"Feature","geometry":{"type":"Polygon","coordinates":[[[112.053,41.752],[106.948,42.381],[106.358,42.044],[105.925,41.184],[105.639,39.589],[105.813,36.785],[109.75,35.62],[112.287,36.257],[112.419,38.96],[112.053,41.752]]]},"properties":{"NAME":"Han Zhao","SUBJECTO":"Han Zhao","BORDERPRECISION":1}},
{"type":"Feature","geometry":{"type":"Polygon","coordinates":[[[76.046,33.51],[77.198,33.284],[79.114,31.038],[82.866,27.896],[86.181,26.413],[87.926,26.064],[89.759,25.977],[91.591,26.588],[93.074,26.849],[93.773,26.5],[93.424,25.017],[91.571,22.543],[92.176,20.887],[93.334,20.025],[94.054,19.061],[94.465,17.264],[94.143,16.215],[95.33,15.678],[96.469,16.513],[96.882,17.346],[97.573,16.445],[97.823,14.616],[98.486,13.112],[98.738,11.435],[98.633,10.101],[98.177,8.6],[99.025,7.871],[100.139,6.177],[100.664,3.904],[101.336,2.781],[103.428,1.381],[104.176,1.389],[103.308,3.026],[103.342,4.805],[102.325,6.099],[101.56,6.74],[100.615,6.979],[100.132,8.532],[99.071,9.898],[99.895,12.079],[100.24,13.49],[100.872,12.679],[101.919,12.585],[102.658,12.066],[103.04,10.898],[104.979,9.981],[104.742,8.494],[106.482,9.552],[106.704,10.448],[107.412,10.367],[108.696,11.145],[109.073,11.635],[109.307,12.906],[108.786,15.091],[106.394,17.665],[105.491,17.78],[104.381,18.328],[103.234,20.123],[102.384,24.01],[102.011,24.681],[100.415,25.086],[99.752,27.471],[102.673,31.736],[103.894,31.648],[103.545,34.79],[102.934,35.226],[100.229,35.575],[100.84,37.146],[98.833,38.367],[94.732,40.025],[95.081,40.81],[96.39,40.898],[98.746,41.421],[98.484,39.85],[100.578,39.589],[101.364,40.636],[103.371,40.287],[103.807,39.501],[105.639,39.589],[105.925,41.184],[106.358,42.044],[106.948,42.381],[112.053,41.752],[113.318,41.596],[118.546,41.425],[120.473,41.683],[121.345,42.555],[122.305,42.73],[123.265,41.857],[125.654,42.654],[126.668,42.992],[129.641,41.656],[131.065,42.749],[132.182,43.195],[132.953,42.67],[134.139,42.993],[136.034,44.398],[137.721,45.997],[139.214,47.811],[140.081,48.503],[140.323,50.518],[141.257,52.103],[141.032,52.726],[134.87,52.009],[127.336,49.977],[119.936,51.258],[116.707,54.659],[114.016,59.547],[107.962,59.818],[99.485,55.659],[99.537,55.281],[93.7,56.485],[78.362,56.41],[65.312,55.047],[59.094,56.432],[53.976,57.709],[46.106,57.709],[32.517,60.932],[29.019,61.771],[21.034,62.477],[21.56,60.512],[23.665,59.836],[25.581,60.262],[28.435,60.337],[27.702,59.298],[25.721,59.46],[23.416,59.119],[24.346,57.16],[23.215,56.981],[21.677,57.464],[20.965,56.609],[21.137,54.845],[18.279,54.724],[14.473,53.877],[12.653,54.321],[11.408,53.859],[9.421,54.976],[10.147,55.765],[9.312,56.481],[8.183,56.431],[8.848,53.75],[7.166,53.592],[4.641,52.756],[3.775,51.388],[5.135,52.127],[6.858,51.579],[6.858,50.952],[8.292,49.941],[8.349,48.203],[11.449,48.738],[12.2,49.139],[14.883,48.232],[15.758,48.538],[17.06,48.087],[18.914,47.836],[18.864,45.582],[21.199,44.93],[22.955,44.652],[23.139,43.913],[25.265,43.821],[28.037,44.375],[28.221,45.484],[29.616,45.41],[30.833,46.577],[33.639,45.927],[33.395,44.6],[35.067,44.862],[34.907,46.273],[37.422,47.077],[37.97,46.441],[37.474,44.692],[38.924,44.212],[40.252,43.268],[41.41,42.788],[41.68,41.793],[44.789,41.75],[47.011,41.393],[48.955,40.322],[49.669,40.24],[49.807,40.581],[47.565,43.008],[47.565,43.844],[46.846,44.446],[47.556,45.453],[49.535,46.542],[51.369,47.09],[53.185,46.865],[52.61,45.4],[51.513,45.373],[50.874,44.626],[51.171,43.718],[52.52,42.073],[53.985,42.106],[54.818,40.88],[53.257,40.765],[53.583,39.318],[54.071,38.897],[54.067,36.942],[57.302,38.085],[60.964,37.32],[62.797,34.615],[70.563,34.877],[73.093,34.615],[74.751,33.655],[76.046,33.51]],[[73.93,45.367],[73.435,44.506],[71.419,44.614],[71.495,46.688],[73.663,47.772],[75.299,47.413],[75.337,46.844],[74.12,46.216],[73.93,45.367]]]},"properties":{"NAME":null,"SUBJECTO":null,"BORDERPRECISION":1}},
{"type":"Feature","geometry":{"type":"Polygon","coordinates":[[[142.338,-10.915],[141.679,-12.468],[141.468,-14.757],[141.711,-15.227],[140.801,-17.562],[140.25,-17.798],[139.248,-17.432],[137.074,-16.031],[136.687,-16.026],[135.388,-14.897],[135.881,-14.203],[135.831,-13.485],[136.664,-12.625],[135.445,-12.176],[134.94,-12.336],[133.559,-11.951],[130.463,-12.759],[129.427,-14.306],[129.196,-14.993],[127.963,-14.703],[126.853,-13.784],[125.863,-14.695],[125.156,-14.805],[125.018,-15.644],[124.425,-15.658],[124.277,-16.523],[122.738,-16.583],[122.085,-17.398],[122.196,-18.244],[120.872,-19.677],[117.597,-20.758],[116.419,-20.837],[113.625,-22.566],[113.762,-23.481],[113.433,-24.874],[114.183,-26.017],[113.433,-26.572],[113.965,-28.033],[114.63,-28.903],[115.058,-30.804],[115.747,-32.208],[115.647,-33.365],[115.047,-34.422],[116.561,-35.189],[118.207,-35.09],[119.771,-34.12],[123.623,-33.915],[124.248,-33.144],[126.059,-32.434],[127.265,-32.381],[129.185,-31.798],[131.28,-31.635],[131.993,-32.066],[133.837,-32.342],[135.153,-34.05],[135.528,-35.055],[137.457,-33.314],[138.166,-33.192],[138.101,-34.356],[139.368,-35.614],[140.012,-37.642],[140.652,-38.164],[143.365,-38.97],[144.97,-38.066],[145.934,-38.881],[146.821,-38.841],[148.037,-38.098],[149.504,-37.929],[149.985,-37.347],[150.222,-35.694],[150.762,-35.253],[151.364,-33.521],[152.176,-32.877],[152.972,-31.418],[152.94,-30.699],[153.493,-28.841],[152.946,-27.341],[153.069,-26.228],[151.73,-24.157],[150.802,-23.6],[150.754,-22.812],[149.557,-22.433],[149.101,-21.06],[148.19,-20.172],[146.322,-19.082],[145.925,-18.257],[145.869,-17.195],[145.326,-16.49],[145.184,-15.048],[143.743,-14.466],[143.173,-12.121],[142.338,-10.915]]]},"properties":{"NAME":"Australian aboriginal hunter-gatherers","SUBJECTO":"Australian aboriginal hunter-gatherers","BORDERPRECISION":1}},
{"type":"Feature","geometry":{"type":"Polygon","coordinates":[[[146.713,-43.722],[147.815,-42.965],[148.27,-41.093],[146.382,-41.308],[144.776,-40.843],[145.723,-43.24],[146.713,-43.722]]]},"properties":{"NAME":"Tasmanian hunter-gatherers","SUBJECTO":"Tasmanian hunter-gatherers","BORDERPRECISION":1}},
{"type":"Feature","geometry":{"type":"MultiPolygon","coordinates":[[[[144.54,48.753],[143.074,51.268],[143.057,53.062],[141.69,53.166],[141.841,52.96],[141.643,51.813],[142.017,51.431],[142.112,51.22],[142.049,49.355],[141.768,48.701],[141.889,48.454],[141.978,48.285],[141.732,47.471],[141.909,47.073],[141.708,46.14],[141.898,45.915],[142.327,46.563],[142.615,46.713],[143.445,46.572],[142.615,47.46],[142.854,49.128],[144.54,48.753]]],[[[140.517,43.057],[139.777,42.112],[139.852,42.035],[140.1,41.946],[140.013,41.382],[140.112,41.273],[141.155,41.749],[140.246,42.228],[141.928,42.501],[143.214,41.927],[143.848,42.775],[145.448,43.17],[145.059,43.786],[145.348,44.243],[144.614,43.843],[143.508,44.156],[141.875,45.435],[141.567,44.97],[141.746,44.629],[141.304,43.187],[140.374,43.185],[140.517,43.057]]]]},"properties":{"NAME":"Ainu","SUBJECTO":"Ainu","BORDERPRECISION":1}},
{"type":"Feature","geometry":{"type":"Polygon","coordinates":[[[141.032,52.726],[140.828,52.825],[141.121,53.052],[140.102,53.802],[138.417,54.092],[137.071,53.489],[137.122,53.589],[137.383,53.81],[136.351,53.701],[136.344,53.888],[136.492,54.455],[134.902,54.559],[137.229,55.983],[140.587,58.239],[142.846,59.273],[145.496,59.209],[145.513,59.037],[149.045,59.587],[151.14,59.44],[151.857,59.056],[151.007,58.793],[153.14,59.01],[153.924,58.922],[154.906,59.103],[153.944,59.397],[154.316,59.983],[156.418,61.121],[156.381,61.205],[157.098,61.633],[160.118,61.751],[159.744,61.1],[160.236,60.947],[160.007,60.591],[162.767,61.672],[162.711,61.763],[162.99,62.326],[165.286,62.288],[164.008,62.131],[163.576,61.33],[163.831,61.233],[163.329,60.695],[159.649,58.954],[158.326,58.027],[156.777,57.58],[156.839,57.506],[155.628,56.268],[155.583,54.552],[155.63,54.465],[156.038,52.781],[156.175,52.609],[156.333,52.272],[156.564,51.234],[157.898,51.666],[158.461,52.826],[159.905,53.4],[159.683,53.579],[159.931,54.086],[162.008,54.738],[161.503,55.287],[161.861,55.861],[162.722,56.342],[162.555,56.011],[163.098,56.56],[162.512,57.033],[162.593,57.17],[163.128,57.552],[161.8,57.863],[161.804,58.102],[162.907,58.891],[162.753,58.966],[162.835,59.056],[163.255,59.29],[163.043,59.462],[163.389,59.814],[163.767,59.884],[163.65,59.792],[164.585,59.665],[166.203,60.353],[165.945,59.771],[167.104,60.271],[169.154,60.435],[169.877,59.875],[170.273,60.013],[170.268,60.145],[170.337,60.277],[170.344,60.28],[169.481,61.193],[172.441,63.078],[171.768,65.859],[168.135,67.458],[155.892,68.169],[130.867,69.901],[124.544,71.586],[123.501,73.505],[123.442,73.33],[123.515,73.172],[120.579,72.835],[118.338,73.186],[118.46,73.519],[113.312,73.383],[113.308,73.613],[110.163,73.83],[110.4,73.743],[105.403,72.749],[98.459,69.791],[75.856,61.427],[62.806,56.955],[59.094,56.432],[65.312,55.047],[78.362,56.41],[93.7,56.485],[99.537,55.281],[99.485,55.659],[107.962,59.818],[114.016,59.547],[116.707,54.659],[119.936,51.258],[127.336,49.977],[134.87,52.009],[141.032,52.726]]]},"properties":{"NAME":"Paleo-Siberian hunter-gatherers","SUBJECTO":"Paleo-Siberian hunter-gatherers","BORDERPRECISION":1}},
{"type":"Feature","geometry":{"type":"Polygon","coordinates":[[[25.196,65.268],[34.726,65.78],[34.726,65.797],[32.219,66.994],[35.772,66.259],[39.19,66.039],[41.209,67.069],[40.951,67.335],[40.973,67.534],[35.437,69.15],[33.316,69.071],[33.281,69.342],[32.076,69.815],[32.072,69.883],[29.729,69.698],[28.73,70.136],[30.754,70.43],[27.875,70.425],[27.985,70.717],[28.308,70.949],[26.617,70.392],[26.607,70.915],[25.074,70.144],[25.231,70.558],[25.832,70.898],[20.734,69.779],[20.197,69.318],[20.278,69.582],[20.358,69.71],[16.855,68.558],[17.126,68.416],[16.522,68.341],[16.649,68.046],[15.572,67.821],[15.762,67.676],[14.569,67.329],[14.778,67.217],[13.747,66.922],[13.992,66.687],[13.169,66.458],[13.403,66.349],[13.581,66.188],[12.284,65.435],[12.496,65.384],[11.407,64.617],[11.508,64.517],[10.155,64.099],[11.528,61.898],[15.43,61.866],[20.701,63.818],[21.386,64.385],[20.921,64.714],[21.489,65.017],[21.277,65.212],[22.646,65.935],[25.252,65.417],[25.196,65.268]]]},"properties":{"NAME":"Saami","SUBJECTO":"Saami","BORDERPRECISION":1}},
{"type":"Feature","geometry":{"type":"Polygon","coordinates":[[[59.094,56.432],[62.806,56.955],[75.856,61.427],[98.459,69.791],[105.403,72.749],[105.279,72.752],[108.34,73.691],[113.625,75.273],[113.113,75.494],[113.723,75.869],[111.427,76.568],[106.404,76.432],[106.537,76.567],[107.24,76.898],[104.485,76.995],[105.45,77.449],[101.112,76.853],[101.389,76.625],[99.774,76.285],[99.833,76.21],[95.982,75.902],[96.139,76.086],[89.285,75.466],[86.814,74.435],[87.541,74.1],[87.691,73.9],[86.124,73.451],[86.326,73.634],[86.757,73.787],[80.464,73.314],[80.829,73.014],[80.844,72.58],[82.321,72.222],[83.561,71.624],[83.168,71.182],[83.505,70.813],[83.571,70.652],[83.657,70.598],[83.036,70.245],[83.076,70.582],[82.046,70.419],[82.215,71.204],[82.818,71.646],[79.223,72.271],[76.333,71.72],[78.137,71.374],[78.609,70.85],[75.284,71.446],[75.297,71.897],[75.617,72.625],[73.217,71.458],[73.698,71.141],[74.25,70.573],[73.654,69.756],[73.908,69.275],[73.915,69.154],[77.406,68.936],[78.007,68.257],[77.483,67.803],[77.946,67.774],[78.536,67.612],[76.955,67.653],[77.04,68.464],[74.395,68.347],[74.669,68.102],[73.69,66.865],[72.209,66.173],[69.085,66.688],[71.544,66.714],[71.4,66.949],[73.394,68.442],[72.526,69.069],[72.437,70.187],[72.68,70.824],[71.798,71.432],[72.853,72.644],[69.343,72.834],[68.316,71.635],[66.67,70.866],[67.398,70.599],[66.799,69.744],[66.884,69.623],[67.779,69.557],[68.106,69.429],[68.094,69.136],[69.109,68.83],[68.215,68.201],[66.584,68.886],[62.281,69.705],[60.369,69.468],[60.986,69.003],[59.062,68.497],[59.346,68.7],[53.317,68.136],[53.889,68.787],[48.081,67.562],[46.402,66.719],[44.871,67.312],[45.463,67.639],[46.634,67.701],[45.863,68.383],[43.822,68.327],[44.169,68.097],[43.704,67.266],[44.219,67.09],[44.362,66.906],[39.823,65.436],[40.462,64.75],[39.193,64.511],[36.569,64.765],[38.054,64.129],[36.24,63.919],[34.815,64.46],[34.773,64.682],[34.426,65.107],[34.332,65.346],[34.293,65.396],[34.601,65.484],[34.726,65.78],[25.196,65.268],[25.133,65.076],[25.293,65.004],[25.352,64.939],[21.034,62.477],[29.019,61.771],[32.517,60.932],[46.106,57.709],[53.976,57.709],[59.094,56.432]]]},"properties":{"NAME":"Finno-Ugric taiga hunter-gatherers","SUBJECTO":"Finno-Ugric taiga hunter-gatherers","BORDERPRECISION":1}},
{"type":"Feature","geometry":{"type":"MultiPolygon","coordinates":[[[[-42.962,60.034],[-43.497,60.479],[-42.754,60.697],[-42.824,60.802],[-42.817,61.026],[-43.037,61.292],[-42.271,62.194],[-43.226,62.681],[-41.789,62.847],[-41.904,63.053],[-41.223,63.31],[-41.378,63.523],[-40.516,63.782],[-41.484,64.274],[-40.351,64.528],[-41.06,65.037],[-39.686,65.171],[-39.695,65.187],[-42.793,65.403],[-43.848,64.206],[-44.258,61.87],[-43.72,60.004],[-42.962,60.034]]],[[[-50.539,67.488],[-53.494,67.473],[-53.395,67.362],[-52.978,67.31],[-53.45,67.084],[-53.397,66.996],[-52.303,66.909],[-53.348,66.324],[-52.86,66.353],[-52.611,66.268],[-53.103,65.873],[-52.835,65.655],[-52.078,65.372],[-52.084,65.213],[-51.992,65.01],[-51.957,64.377],[-51.805,64.233],[-50.02,64.61],[-51.366,63.726],[-51.101,63.47],[-50.617,63.435],[-50.591,63.15],[-50.466,63.051],[-49.857,62.967],[-50.159,62.462],[-50.097,62.356],[-49.116,62.104],[-49.148,61.772],[-48.915,61.421],[-47.869,60.939],[-47.822,60.778],[-46.158,60.937],[-46.133,61.759],[-47.656,62.795],[-49.062,64.786],[-49.473,67.033],[-50.539,67.488]]],[[[-62.811,81.156],[-67.41,80.211],[-66.851,80.039],[-64.623,79.949],[-65.485,79.158],[-72.383,78.526],[-72.525,78.166],[-71.888,77.949],[-71.045,77.916],[-69.688,77.555],[-66.153,77.553],[-71.448,77.122],[-71.057,77.028],[-68.186,76.702],[-69.045,76.294],[-67.037,75.936],[-63.651,76.38],[-62.449,76.338],[-63.358,78.236],[-62.811,81.156]]],[[[-51.813,69.622],[-54.687,69.707],[-54.574,69.609],[-54.486,69.564],[-54.125,69.481],[-53.807,69.338],[-53.551,69.278],[-51.813,69.622]]],[[[-71.258,63.567],[-71.691,63.331],[-71.622,63.21],[-71.319,63.061],[-69.559,62.709],[-69.155,62.42],[-65.94,61.79],[-66.332,62.319],[-68.836,63.65],[-65.698,63.008],[-64.768,62.477],[-65.132,62.895],[-64.735,63.067],[-65.263,63.764],[-64.474,63.744],[-65.423,64.265],[-65.042,64.41],[-68.376,66.284],[-67.161,65.986],[-67.76,66.373],[-65.034,65.953],[-65.178,65.654],[-64.844,65.378],[-64.284,65.379],[-64.276,65.27],[-64.184,65.19],[-62.094,66.061],[-62.655,66.338],[-61.211,66.635],[-63.165,66.926],[-62.991,67.177],[-64.614,67.115],[-63.933,67.413],[-64.829,67.953],[-66.903,68.098],[-66.92,68.225],[-68.775,68.844],[-67.98,68.988],[-68.533,69.25],[-66.668,69.186],[-68.207,69.591],[-67.044,69.798],[-69.698,70.074],[-68.469,70.56],[-70.652,70.764],[-70.667,71.08],[-71.882,70.931],[-71.253,71.351],[-75.204,71.569],[-74.313,72.039],[-75.322,72.548],[-78.363,72.582],[-79.056,71.96],[-79.125,72.289],[-81.027,72.05],[-80.489,73.037],[-82.697,73.782],[-84.862,73.355],[-84.308,73.197],[-83.885,73.07],[-85.504,72.608],[-85.147,72.483],[-84.289,72.256],[-85.602,72.01],[-85.205,71.769],[-84.535,71.536],[-85.891,71.122],[-85.243,71.465],[-86.448,72.134],[-86.214,72.449],[-86.855,72.859],[-85.254,73.777],[-89.1,73.196],[-89.821,72.348],[-89.334,72.168],[-89.997,71.541],[-89.435,71.441],[-87.169,71.019],[-89.205,70.845],[-89.019,70.675],[-86.373,70.465],[-86.372,70.196],[-85.984,70.113],[-80.829,69.711],[-81.138,70.015],[-78.744,70.149],[-80.66,70.753],[-77.699,70.136],[-77.622,69.892],[-77.367,69.809],[-75.552,69.222],[-76.546,68.731],[-75.982,68.808],[-73.185,68.296],[-72.354,67.53],[-73.036,66.642],[-74.333,66.163],[-74.28,66.06],[-73.42,65.529],[-75.402,65.176],[-75.333,65.089],[-77.358,65.376],[-78.103,64.507],[-77.737,64.393],[-76.526,64.23],[-74.559,64.78],[-73.164,64.574],[-73.148,64.344],[-72.73,64.015],[-71.258,63.567]]],[[[-77.521,80.75],[-82.263,80.051],[-81.356,79.908],[-80.732,79.659],[-86.322,80.114],[-85.693,79.719],[-81.597,78.755],[-85.807,78.906],[-86.917,78.245],[-86.633,78.297],[-84.843,78.16],[-84.868,77.708],[-84.407,77.631],[-83.049,77.631],[-84.93,77.345],[-88.051,77.754],[-87.582,77.461],[-87.099,77.281],[-89.418,76.61],[-88.589,76.468],[-84.559,76.543],[-84.796,76.866],[-82.424,76.471],[-82.572,76.7],[-80.814,76.238],[-77.824,76.888],[-82.102,77.316],[-78.182,77.677],[-78.367,78.033],[-76.143,78.072],[-76.618,78.298],[-74.963,79.122],[-77.299,79.286],[-77.239,79.583],[-73.376,79.581],[-74.542,79.894],[-70.219,80.137],[-70.511,80.545],[-65.224,81.51],[-67.854,81.752],[-61.816,82.473],[-71.068,83.142],[-70.919,82.932],[-73.361,83.103],[-73.226,82.861],[-76.607,83.04],[-76.234,82.909],[-75.802,82.68],[-76.024,82.531],[-75.988,82.342],[-77.521,80.75]]],[[[-116.934,72.902],[-118.968,71.909],[-118.649,71.8],[-115.517,71.423],[-118.503,70.96],[-117.761,70.722],[-113.764,70.737],[-111.544,70.325],[-117.568,69.992],[-116.995,69.743],[-115.907,69.351],[-113.539,69.114],[-113.602,68.722],[-113.152,68.596],[-110.448,68.653],[-106.854,69.451],[-104.188,68.898],[-101.804,69.241],[-103.268,69.329],[-100.891,69.674],[-101.055,70.031],[-104.62,71.093],[-105.601,71.045],[-110.347,71.197],[-114.038,72.064],[-116.934,72.902]]],[[[-180,68.917],[-180,65.259],[-178.969,66.047],[-178.092,65.484],[-177.512,65.52],[-176.772,65.637],[-175.29,64.737],[-175.187,64.849],[-175.156,64.84],[-173.708,64.386],[-173.545,64.419],[-173.517,64.417],[-173.076,64.387],[-173.025,64.506],[-172.998,65.8],[-172.15,65.59],[-171.73,65.611],[-171.717,65.61],[-171.206,65.565],[-171.41,65.707],[-171.618,65.874],[-170.967,65.687],[-170.613,66.038],[-170.43,66.051],[-169.968,66.011],[-169.832,66.025],[-172.36,67.012],[-172.813,66.963],[-172.829,66.961],[-173.86,67.155],[-174.194,66.299],[-174.193,66.288],[-175.514,67.669],[-180,68.917]]],[[[-123.148,74.441],[-124.909,74.444],[-124.74,74.242],[-124.065,73.865],[-125.341,72.969],[-125.145,72.605],[-125.904,72.155],[-125.828,72.076],[-125.617,71.99],[-125.189,71.928],[-124.577,71.898],[-124.072,71.735],[-123.468,71.199],[-120.843,71.53],[-120.454,72.299],[-117.686,73.215],[-123.148,74.441]]],[[[-79.495,75.28],[-81.703,75.875],[-86.618,75.432],[-91.156,75.974],[-89.812,76.373],[-93.064,76.375],[-92.786,76.24],[-92.093,75.805],[-92.366,75.421],[-92.166,75.099],[-91.867,74.789],[-89.698,74.615],[-88.39,74.99],[-88.326,74.682],[-88.144,74.569],[-87.49,74.538],[-86.306,74.621],[-86.212,74.816],[-85.118,74.623],[-82.936,74.684],[-80.349,74.616],[-80.56,74.916],[-79.495,75.28]]],[[[-86.061,64.141],[-87.101,63.545],[-86.032,63.675],[-85.432,63.598],[-85.463,63.206],[-85.157,63.185],[-84.655,63.314],[-84.087,63.672],[-83.517,64.052],[-80.179,63.722],[-81.872,63.991],[-81.831,64.407],[-85.198,65.376],[-85.058,65.609],[-86.197,64.356],[-86.061,64.141]]],[[[-98.004,71.55],[-98.478,71.799],[-96.435,72.698],[-98.394,73.131],[-96.937,73.788],[-100.994,73.812],[-100.914,73.708],[-99.955,73.263],[-102.669,72.853],[-101.654,72.373],[-100.319,72.14],[-98.939,71.392],[-98.004,71.55]]],[[[-90.452,73.904],[-95.069,74.064],[-94.985,73.936],[-94.758,73.744],[-95.548,72.882],[-95.124,72.519],[-95.058,72.283],[-94.542,72.19],[-93.639,72.53],[-94.266,72.853],[-92.001,72.841],[-90.452,73.904]]],[[[-96.182,69.297],[-97.742,69.832],[-99.365,68.974],[-98.878,68.885],[-96.794,68.529],[-95.515,68.809],[-96.149,69.169],[-96.182,69.297]]],[[[-75.12,68.113],[-77.17,67.44],[-77.065,67.329],[-76.863,67.262],[-76.269,67.249],[-75.77,67.302],[-75.12,68.113]]],[[[-93.795,76.738],[-96.809,76.92],[-96.277,76.733],[-93.795,76.738]]],[[[-92.404,56.975],[-93.074,58.551],[-94.684,58.878],[-94.753,59.95],[-93.423,61.858],[-90.774,63.302],[-87.435,64.569],[-87.254,65.43],[-85.987,66.163],[-83.139,66.373],[-81.295,67.499],[-82.687,68.697],[-81.48,69.189],[-84.314,69.826],[-86.488,67.378],[-89.736,68.534],[-93.271,71.559],[-95.411,71.859],[-96.7,70.838],[-96.127,69.941],[-92.956,69.084],[-96.208,68.074],[-101.913,67.705],[-105.636,68.355],[-107.662,67.963],[-112.503,67.693],[-115.285,68.892],[-117.832,69.008],[-122.326,69.884],[-123.803,69.434],[-125.974,69.43],[-127.352,70.38],[-129.013,69.72],[-131.673,69.276],[-135.439,69.526],[-137.729,69.016],[-143.308,70.197],[-145.273,70.116],[-149.286,70.539],[-152.137,70.534],[-152.971,70.934],[-156.905,71.346],[-160.24,70.858],[-162.879,69.999],[-164.067,69.065],[-166.844,68.405],[-163.739,67.218],[-161.936,67.088],[-162.275,66.071],[-164.463,66.596],[-168.18,65.694],[-166.139,65.355],[-166.586,64.73],[-163.025,64.442],[-161.291,64.964],[-160.939,63.985],[-150.129,63.324],[-144.68,63.192],[-139.524,62.416],[-132.435,62.497],[-124.936,64.835],[-118.198,62.713],[-114.565,60.6],[-111.284,58.553],[-102.144,57.214],[-93.825,56.863],[-92.404,56.975]]],[[[-60.222,53.325],[-60.137,53.684],[-57.515,54.466],[-59.694,55.154],[-61.928,56.273],[-62.887,58.656],[-64.671,60.181],[-65.861,58.795],[-67.772,58.249],[-69.214,58.748],[-70.028,60.883],[-73.395,62.355],[-75.695,62.216],[-77.362,62.517],[-77.507,60.415],[-78.337,58.551],[-76.772,57.663],[-76.439,56.81],[-77.234,55.607],[-79.545,54.692],[-78.742,52.744],[-74.197,52.927],[-71.033,55.196],[-65.643,55.263],[-62.889,54.725],[-60.222,53.325]]],[[[-56.127,53.466],[-57.561,54.131],[-60.171,53.299],[-58.788,52.573],[-56.127,53.466]]],[[[170.344,60.28],[172,60.858],[172.492,61.263],[177.19,62.67],[177.135,62.55],[178.738,62.299],[179.288,62.815],[178.932,62.765],[179.004,62.97],[178.078,63.429],[178.372,63.749],[178.177,64.005],[178.147,64.157],[177.813,64.047],[178.011,64.192],[177.082,64.303],[177.082,64.517],[175.9,64.547],[176.156,64.678],[175.965,64.904],[177.135,64.927],[177.026,64.844],[177.251,64.856],[177.374,64.761],[177.427,64.607],[179.309,64.786],[180,64.953],[180,65.052],[180,65.311],[180,65.382],[180,65.963],[180,66.963],[180,67.963],[180,68.92],[175.611,69.779],[170.452,70.019],[170.056,69.611],[170.431,69.559],[170.905,69.034],[169.389,68.717],[167.32,69.659],[164.054,69.66],[160.674,69.27],[160.682,69.578],[159.444,69.765],[159.628,70.22],[158.409,70.814],[156.043,70.987],[152.134,70.664],[148.711,71.629],[149.722,71.895],[146.915,72.202],[144.801,71.591],[145.815,72.098],[144.82,72.143],[145.6,72.426],[141.294,72.787],[138.969,72.211],[139.848,72.236],[138.114,71.385],[138.175,71.362],[134.241,71.262],[132.284,71.661],[130.779,70.678],[127.121,72.212],[126.111,72.28],[127.314,72.714],[128.525,72.952],[128.499,73.126],[123.501,73.505],[124.544,71.586],[130.867,69.901],[155.892,68.169],[168.135,67.458],[171.768,65.859],[172.441,63.078],[169.481,61.193],[170.344,60.28]]]]},"properties":{"NAME":"Arctic marine mammal hunters","SUBJECTO":"Arctic marine mammal hunters","BORDERPRECISION":1}},
{"type":"Feature","geometry":{"type":"Polygon","coordinates":[[[-70.148,-20.268],[-70.111,-21.748],[-70.58,-23.49],[-70.415,-23.527],[-70.398,-25.249],[-71.386,-29.285],[-71.234,-29.519],[-71.695,-30.854],[-71.416,-32.753],[-71.616,-33.706],[-72.629,-35.646],[-73.144,-37.156],[-73.673,-37.501],[-73.435,-37.902],[-73.194,-39.565],[-73.759,-40.243],[-73.845,-41.153],[-73.666,-41.479],[-73.594,-41.697],[-73.464,-41.787],[-73.178,-41.761],[-72.728,-41.553],[-72.068,-40.547],[-71.517,-39.706],[-69.437,-37.159],[-67.65,-33.577],[-67.482,-31.656],[-69.32,-29.305],[-68.617,-26.666],[-67.123,-25.032],[-66.097,-20.138],[-65.906,-18.311],[-66.595,-19.145],[-68.133,-19.349],[-69.071,-20.066],[-70.148,-20.268]]]},"properties":{"NAME":"Andean hunter-gatherers","SUBJECTO":"Andean hunter-gatherers","BORDERPRECISION":1}},
{"type":"Feature","geometry":{"type":"Polygon","coordinates":[[[-65.713,-47.354],[-67.469,-46.266],[-66.695,-45.131],[-65.436,-44.89],[-65.627,-44.723],[-65.307,-43.601],[-64.309,-43.027],[-65.085,-42.784],[-64.165,-42.648],[-64.118,-42.782],[-64.001,-42.853],[-63.729,-42.101],[-64.294,-42.205],[-64.12,-42.384],[-64.992,-42.193],[-64.925,-41.731],[-64.941,-41.552],[-65.135,-41.244],[-64.939,-40.827],[-62.964,-41.137],[-62.289,-40.675],[-62.466,-40.368],[-62.068,-39.556],[-62.351,-39.333],[-61.361,-39.031],[-59.515,-38.875],[-57.809,-38.386],[-56.698,-36.944],[-56.8,-36.543],[-57.372,-36.149],[-57.226,-35.436],[-58.523,-34.587],[-57.348,-34.508],[-56.338,-34.995],[-54.622,-34.922],[-54.074,-34.648],[-52.351,-32.675],[-52.14,-31.741],[-53.544,-31.446],[-54.365,-30.593],[-57.353,-29.681],[-63.563,-30.037],[-67.482,-31.656],[-67.65,-33.577],[-69.437,-37.159],[-71.517,-39.706],[-72.068,-40.547],[-70.579,-40.579],[-71.634,-43.196],[-72.191,-45.99],[-72.044,-48.766],[-71.165,-51.561],[-69.115,-51.352],[-69.041,-50.562],[-67.833,-49.968],[-67.578,-49.059],[-66.078,-48.142],[-65.839,-47.868],[-65.781,-47.712],[-65.713,-47.354]]]},"properties":{"NAME":"Pampas cultures","SUBJECTO":"Pampas cultures","BORDERPRECISION":1}},
{"type":"Feature","geometry":{"type":"MultiPolygon","coordinates":[[[[-81.663,22.507],[-82.177,22.366],[-81.792,22.208],[-81.572,22.164],[-80.776,22.102],[-78.514,21.306],[-78.45,20.969],[-78.157,20.817],[-77.099,20.533],[-77.663,19.903],[-77.461,19.871],[-76.398,20.02],[-75.519,19.907],[-74.173,20.19],[-75.759,20.752],[-75.604,21.013],[-77.34,21.512],[-78.171,22.12],[-79.76,22.759],[-81.431,23.137],[-82.959,23.025],[-84.256,22.539],[-84.706,21.77],[-84.352,21.808],[-84.209,21.828],[-84.03,21.955],[-83.851,22.21],[-83.39,22.223],[-82.853,22.638],[-81.663,22.507]]],[[[-68.373,18.575],[-68.657,18.873],[-70.882,19.93],[-71.843,19.731],[-73.493,19.753],[-73.355,19.658],[-72.676,19.392],[-72.759,19.074],[-72.698,18.941],[-72.298,18.662],[-74.442,18.524],[-74.365,18.378],[-73.857,18.112],[-73.474,18.316],[-71.978,18.262],[-71.401,17.704],[-70.621,18.507],[-68.373,18.575]]],[[[-65.724,18.333],[-67.211,18.438],[-67.162,18.33],[-67.152,17.987],[-66.906,17.936],[-66.451,18.045],[-65.967,18.027],[-65.724,18.333]]],[[[-76.301,17.992],[-77.769,18.51],[-78.325,18.35],[-78.261,18.255],[-78.052,18.218],[-77.737,17.932],[-77.291,17.806],[-76.301,17.992]]],[[[-60.793,9.388],[-62.103,10.021],[-62.297,9.722],[-62.385,10.014],[-62.925,10.369],[-62.178,10.682],[-64.068,10.627],[-64.884,10.136],[-66.478,10.679],[-68.302,10.726],[-68.372,11.012],[-69.743,11.657],[-69.745,11.746],[-69.775,11.786],[-69.786,11.94],[-69.87,12.012],[-69.933,12.178],[-70.339,11.999],[-70.197,11.751],[-69.865,11.758],[-69.848,11.709],[-69.792,11.693],[-71.548,10.949],[-71.456,10.885],[-71.607,10.727],[-71.496,10.646],[-71.443,10.468],[-71.381,10.408],[-71.089,9.919],[-71.182,9.277],[-70.682,8.557],[-65.965,8.18],[-63.065,8.325],[-61.29,8.771],[-60.793,9.388]]],[[[-48.402,-0.391],[-50.501,-0.262],[-50.611,-1.438],[-50.476,-1.679],[-49.347,-1.645],[-48.886,-1.421],[-48.402,-0.391]]]]},"properties":{"NAME":"Caribbean hunter-gatherers","SUBJECTO":"Caribbean hunter-gatherers","BORDERPRECISION":1}},
{"type":"Feature","geometry":{"type":"MultiPolygon","coordinates":[[[[-72.869,-52.281],[-73.626,-52.608],[-73.243,-52.574],[-73.281,-52.953],[-73.08,-53.032],[-72.845,-52.646],[-72.869,-52.281]]],[[[-69.055,-54.602],[-70.721,-54.937],[-70.498,-54.923],[-69.672,-54.774],[-67.153,-54.91],[-66.622,-55.07],[-65.259,-54.719],[-66.418,-54.607],[-68.705,-53.235],[-68.332,-52.85],[-69.407,-52.566],[-70.465,-53.373],[-70.333,-53.473],[-69.441,-53.411],[-70.146,-53.806],[-70.042,-53.986],[-69.055,-54.602]]],[[[-73.475,-42.114],[-74.005,-42.019],[-74.296,-43.265],[-74.236,-43.368],[-74.142,-43.445],[-73.771,-43.509],[-73.609,-42.911],[-73.831,-42.564],[-73.475,-42.114]]],[[[-69.115,-51.352],[-71.165,-51.561],[-72.044,-48.766],[-72.191,-45.99],[-71.634,-43.196],[-70.579,-40.579],[-72.068,-40.547],[-72.728,-41.553],[-72.587,-41.618],[-72.731,-41.907],[-72.609,-41.997],[-72.466,-42.035],[-72.724,-42.8],[-72.53,-43.063],[-73.058,-44.19],[-72.76,-44.369],[-72.583,-44.44],[-73.335,-45.28],[-73.138,-45.344],[-73.047,-45.376],[-73.97,-46.713],[-73.979,-46.344],[-74.429,-46.533],[-74.068,-45.935],[-75.496,-46.58],[-75.444,-46.625],[-75.022,-46.553],[-75.011,-46.774],[-74.862,-46.819],[-73.979,-47.032],[-74.412,-47.384],[-74.381,-47.423],[-74.538,-47.787],[-74.297,-47.761],[-73.36,-47.974],[-74.21,-48.008],[-74.272,-49.431],[-73.963,-49.241],[-74.187,-49.823],[-73.932,-49.993],[-74.075,-50.473],[-73.934,-50.506],[-73.53,-50.433],[-74.269,-50.994],[-74.208,-51.021],[-73.679,-51.231],[-73.875,-51.562],[-73.778,-51.614],[-73.258,-51.706],[-73.408,-52.024],[-73.107,-52.103],[-72.449,-52.161],[-72.559,-52.573],[-72.212,-52.572],[-71.678,-52.644],[-72.842,-52.985],[-72.751,-53.138],[-71.152,-52.962],[-71.872,-53.696],[-71.442,-53.882],[-70.998,-53.821],[-70.734,-52.802],[-69.483,-52.361],[-68.411,-52.405],[-69.077,-51.499],[-69.115,-51.352]]]]},"properties":{"NAME":"Patagonian shellfish and marine mammal hunters","SUBJECTO":"Patagonian shellfish and marine mammal hunters","BORDERPRECISION":1}},
{"type":"Feature","geometry":{"type":"Polygon","coordinates":[[[-43.236,-23.032],[-42.984,-22.566],[-43.277,-21.589],[-45.943,-21.752],[-49.487,-24.553],[-49.839,-26.797],[-48.797,-28.476],[-48.564,-27.681],[-48.603,-26.677],[-48.775,-26.385],[-48.57,-25.635],[-48.722,-25.534],[-46.206,-23.883],[-45.459,-23.856],[-44.561,-22.99],[-43.815,-22.957],[-43.236,-23.032]]]},"properties":{"NAME":"Shellfish gatherers","SUBJECTO":"Shellfish gatherers","BORDERPRECISION":1}},
{"type":"Feature","geometry":{"type":"Polygon","coordinates":[[[-65.906,-18.311],[-66.097,-20.138],[-67.123,-25.032],[-68.617,-26.666],[-69.32,-29.305],[-67.482,-31.656],[-63.563,-30.037],[-57.353,-29.681],[-54.365,-30.593],[-53.544,-31.446],[-52.14,-31.741],[-52.042,-31.557],[-51.445,-31.015],[-51.232,-30.265],[-50.609,-30.302],[-51.477,-31.823],[-51.117,-31.472],[-50.469,-30.74],[-49.936,-29.627],[-48.797,-28.476],[-49.839,-26.797],[-49.487,-24.553],[-45.943,-21.752],[-43.277,-21.589],[-42.984,-22.566],[-43.236,-23.032],[-42.527,-22.954],[-41.958,-22.921],[-40.984,-22.086],[-40.933,-21.279],[-39.691,-19.409],[-39.666,-18.227],[-39.142,-17.775],[-39.162,-17.737],[-38.948,-16.002],[-39.126,-14.325],[-38.828,-12.983],[-38.509,-12.798],[-38.473,-12.989],[-38.386,-12.982],[-38.266,-12.887],[-37.637,-11.951],[-37.187,-10.845],[-35.599,-9.628],[-35.114,-8.661],[-34.918,-7.167],[-35.345,-5.478],[-35.665,-5.18],[-37.181,-4.954],[-37.888,-4.393],[-39.937,-8.292],[-48.315,-13.924],[-51.538,-14.378],[-60.268,-13.81],[-64.194,-14.695],[-64.662,-16.805],[-65.906,-18.311]]]},"properties":{"NAME":"Savanna hunter-gatherers","SUBJECTO":"Savanna hunter-gatherers","BORDERPRECISION":1}},
{"type":"Feature","geometry":{"type":"Polygon","coordinates":[[[-64.194,-14.695],[-60.268,-13.81],[-51.538,-14.378],[-48.315,-13.924],[-39.937,-8.292],[-37.888,-4.393],[-38.786,-3.604],[-40.231,-2.851],[-42.316,-2.818],[-43.334,-2.432],[-44.549,-3.103],[-45.375,-3.165],[-49.066,-4.744],[-54.163,-4.627],[-56.331,-4.335],[-58.44,-2.288],[-57.972,-0.589],[-55.804,0.876],[-55.862,1.696],[-58.558,3.978],[-62.659,4.153],[-66.408,3.042],[-70.158,-5.735],[-69.045,-8.236],[-64.194,-14.695]]]},"properties":{"NAME":"Amazon hunter-gatherers","SUBJECTO":"Amazon hunter-gatherers","BORDERPRECISION":1}},
{"type":"Feature","geometry":{"type":"Polygon","coordinates":[[[-120.132,34.519],[-118.604,34.096],[-117.497,33.325],[-116.705,31.591],[-115.602,29.685],[-114.067,28.423],[-114.478,27.244],[-112.411,26.193],[-112.166,25.011],[-110.225,23.4],[-110.205,24.315],[-110.798,24.88],[-112.87,28.335],[-114.683,30.143],[-114.839,31.815],[-113.052,31.139],[-112.654,29.919],[-111.692,28.496],[-110.527,27.762],[-109.937,28.204],[-107.564,27.765],[-104.224,25.116],[-100.357,23.97],[-97.823,24.208],[-97.26,25.811],[-97.632,27.228],[-97.206,28.074],[-98.19,29.181],[-104.517,33.873],[-111.548,41.642],[-111.668,41.935],[-115.093,42.512],[-119.018,43.113],[-120.474,43.57],[-121.362,39.687],[-120.132,34.519]]]},"properties":{"NAME":"Desert hunter-gatherers","SUBJECTO":"Desert hunter-gatherers","BORDERPRECISION":1}},
{"type":"Feature","geometry":{"type":"Polygon","coordinates":[[[-128.588,55.057],[-124.76,52.448],[-120.483,48.962],[-120.307,44.299],[-120.474,43.57],[-119.018,43.113],[-115.093,42.512],[-111.668,41.935],[-114.126,47.952],[-114.467,52],[-115.034,52.033],[-125.697,55.194],[-128.588,55.057]]]},"properties":{"NAME":"Plateau fichers and hunter gatherers","SUBJECTO":"Plateau fichers and hunter gatherers","BORDERPRECISION":1}},
{"type":"Feature","geometry":{"type":"MultiPolygon","coordinates":[[[[-125.892,49.377],[-125.967,49.174],[-125.78,49.089],[-124.999,49.169],[-125.196,48.874],[-125.098,48.795],[-123.645,48.818],[-125.719,50.409],[-128.442,50.774],[-128.343,50.668],[-127.385,50.05],[-126.522,49.822],[-126.665,49.69],[-126.563,49.572],[-125.892,49.377]]],[[[-132.177,55.285],[-132.688,55.649],[-132.594,55.812],[-133.518,56.211],[-133.266,55.831],[-133.271,55.621],[-133.016,55.371],[-132.174,54.846],[-132.177,55.285]]],[[[-131.894,53.894],[-133.086,53.805],[-132.997,53.651],[-132.569,53.28],[-132.09,53.399],[-131.894,53.894]]],[[[-129.852,54.998],[-130.004,53.938],[-128.889,53.418],[-127.556,52.168],[-127.247,50.968],[-124.939,50.596],[-124.795,50.035],[-122.606,48.835],[-122.826,48.023],[-124.675,48.386],[-123.995,45.764],[-124.63,43.014],[-124.153,41.58],[-124.365,40.334],[-123.796,39.03],[-121.932,37.009],[-121.927,36.338],[-120.132,34.519],[-121.362,39.687],[-120.474,43.57],[-120.307,44.299],[-120.483,48.962],[-124.76,52.448],[-128.588,55.057],[-129.852,54.998]]]]},"properties":{"NAME":"North American Pacifi foraging, hunting and fishing peoples","SUBJECTO":"North American Pacifi foraging, hunting and fishing peoples","BORDERPRECISION":1}},
{"type":"Feature","geometry":{"type":"MultiPolygon","coordinates":[[[[47.245,-15.366],[46.388,-15.692],[46.464,-15.857],[44.454,-16.242],[43.972,-17.553],[44.16,-18.404],[44.394,-18.791],[44.251,-19.103],[44.41,-19.268],[44.536,-19.369],[44.47,-20.17],[43.501,-21.494],[43.376,-22.632],[43.655,-23.051],[43.785,-23.267],[43.671,-24.227],[43.727,-24.354],[43.981,-24.627],[43.99,-24.881],[44.037,-24.989],[44.425,-25.312],[45.576,-25.621],[46.855,-25.218],[47.258,-24.766],[48.087,-22.044],[49.342,-18.228],[49.425,-17.198],[49.863,-16.282],[49.685,-16.047],[50.43,-15.105],[50.254,-14.775],[49.88,-12.92],[49.176,-12.266],[48.751,-13.418],[47.699,-14.443],[47.813,-14.627],[47.884,-14.716],[47.106,-15.144],[47.245,-15.366]]],[[[44.137,1.151],[42.54,1.264],[40.859,0.322],[40.455,-1.36],[39.48,-2.469],[38.773,-2.267],[36.015,1.297],[33.93,2.844],[22.225,6.196],[12.605,7.732],[5.359,5.368],[5.607,4.632],[6.844,4.292],[8.328,4.613],[8.263,4.746],[8.328,4.841],[8.875,4.62],[9.032,4.138],[9.651,4.018],[9.78,3.853],[9.851,1.877],[9.37,1.171],[9.557,1.127],[9.622,1.089],[9.35,0.535],[9.854,0.174],[8.815,-0.896],[8.981,-1.099],[9.112,-1.353],[9.321,-1.416],[9.465,-1.593],[9.656,-2.419],[9.894,-2.444],[10.06,-2.571],[9.931,-2.711],[10.525,-3.237],[10.641,-3.446],[11.134,-3.916],[11.773,-4.537],[12.671,-6.696],[12.796,-6.861],[13.167,-7.845],[13.387,-8.156],[13.084,-9.287],[13.418,-9.986],[13.639,-10.303],[13.649,-12.197],[12.585,-13.464],[12.06,-15.594],[11.782,-15.868],[11.775,-17.596],[12.08,-18.491],[12.524,-19.062],[13.958,-21.69],[14.415,-22.268],[14.533,-22.496],[14.577,-22.731],[14.396,-23.075],[14.909,-25.018],[14.843,-25.622],[15.454,-27.616],[16.53,-28.771],[16.788,-29.139],[17.567,-30.828],[17.904,-31.291],[18.179,-31.805],[18.336,-32.339],[17.928,-33.096],[18.073,-33.223],[18.459,-33.832],[18.346,-34.347],[18.57,-34.194],[18.724,-34.219],[18.84,-34.435],[19.181,-34.422],[19.279,-34.504],[19.321,-34.733],[21.669,-34.506],[22.682,-34.103],[24.43,-34.335],[26.659,-33.847],[28.922,-32.298],[30.391,-30.814],[31.563,-29.21],[32.393,-28.375],[32.303,-28.134],[32.767,-27.517],[32.896,-26.372],[32.5,-26.068],[33.347,-25.304],[34.884,-24.722],[35.512,-23.939],[35.297,-23.825],[35.512,-22.185],[35.371,-22.28],[35.261,-22.274],[35.234,-22.204],[35.202,-21.95],[34.994,-21.271],[35.107,-20.984],[34.673,-20.515],[34.726,-19.86],[35.915,-19.032],[37.275,-17.713],[39.471,-16.717],[40.61,-15.355],[40.527,-15.183],[40.849,-14.579],[40.599,-14.401],[40.601,-14.033],[40.603,-13.531],[40.366,-12.991],[40.393,-11.548],[40.311,-11.345],[40.62,-10.766],[39.658,-9.796],[39.392,-8.735],[39.4,-8.309],[39.478,-7.998],[39.27,-7.801],[39.437,-7.33],[39.566,-7.044],[38.922,-6.34],[39.267,-4.776],[40.234,-3.192],[41.652,-1.752],[41.607,-1.594],[42.44,-0.512],[43.724,0.8],[44.137,1.151]]]]},"properties":{"NAME":"Khoiasan","SUBJECTO":"Khoiasan","BORDERPRECISION":1}},
{"type":"Feature","geometry":{"type":"Polygon","coordinates":[[[35.829,14.224],[39.236,16.249],[38.686,18.003],[37.398,18.915],[37.136,21.128],[34.551,20.183],[35.229,18.51],[35.969,15.482],[35.829,14.224]]]},"properties":{"NAME":null,"SUBJECTO":null,"BORDERPRECISION":1}},
{"type":"Feature","geometry":{"type":"Polygon","coordinates":[[[32.879,12.471],[30.6,11.116],[24.074,11.182],[23.2,11.775],[20.442,11.973],[17.751,12.827],[8.266,12.367],[2.346,13.286],[-6.265,13.351],[-8.909,12.636],[-10.177,14.21],[-13.396,14.917],[-17.033,14.565],[-16.87,14.364],[-16.64,13.843],[-16.471,13.723],[-16.696,12.413],[-16.279,12.21],[-16.248,12.103],[-15.099,11.813],[-15.341,11.221],[-15.029,11.158],[-15.018,10.917],[-14.575,10.784],[-14.591,10.467],[-13.68,9.916],[-13.626,9.623],[-13.282,9.275],[-13.141,9.027],[-13.145,8.722],[-12.927,8.627],[-13.212,8.347],[-12.274,7.631],[-12.264,7.351],[-9.937,5.863],[-9.248,5.172],[-7.529,4.337],[-5,5.238],[-2.804,5.186],[-2.717,5.04],[-2.031,4.698],[0.09,5.656],[0.939,5.759],[1.558,6.237],[3.949,6.579],[5.095,5.756],[5.153,5.642],[5.383,5.61],[5.448,5.477],[5.359,5.368],[12.605,7.732],[22.225,6.196],[33.93,2.844],[36.015,1.297],[38.773,-2.267],[39.48,-2.469],[40.455,-1.36],[40.859,0.322],[42.54,1.264],[44.137,1.151],[45.541,1.967],[46.361,2.668],[48.472,5.201],[49.823,7.695],[49.777,7.854],[50.779,9.368],[51.13,10.71],[51.07,10.989],[51.061,11.243],[51.247,11.657],[50.697,11.948],[49.304,11.246],[47.391,11.159],[46.677,10.7],[45.909,10.832],[44.281,10.396],[43.368,11.456],[42.555,11.568],[43.459,12.225],[42.355,13.271],[40.475,13.055],[38.305,13.222],[37.804,14.223],[38.305,15.058],[39.518,15.463],[40.739,14.919],[41.761,13.886],[42.079,13.861],[42.357,13.468],[42.079,13.861],[41.761,13.886],[40.739,14.919],[39.518,15.463],[39.236,16.249],[35.829,14.224],[35.384,12.804],[32.879,12.471]],[[37.125,11.644],[39.143,9.063],[38.605,6.597],[35.578,5.527],[33.022,6.865],[32.349,9.528],[34.232,11.709],[37.125,11.644]]]},"properties":{"NAME":"West African cereal farmers","SUBJECTO":"West African cereal farmers","BORDERPRECISION":1}},
{"type":"Feature","geometry":{"type":"Polygon","coordinates":[[[34.551,20.183],[37.136,21.128],[37.128,21.227],[36.66,22.167],[35.746,22.914],[35.468,23.721],[35.488,23.791],[35.725,23.912],[35.19,24.4],[33.657,24.018],[33.345,23.354],[34.551,20.183]]]},"properties":{"NAME":"Blemmyes","SUBJECTO":"Blemmyes","BORDERPRECISION":1}},
{"type":"Feature","geometry":{"type":"Polygon","coordinates":[[[-92.938,18.586],[-94.242,18.24],[-96.012,18.929],[-97.504,21.189],[-97.882,22.333],[-97.823,24.208],[-100.357,23.97],[-104.224,25.116],[-107.564,27.765],[-109.937,28.204],[-110.527,27.762],[-109.132,26.289],[-108.848,25.615],[-108.013,24.981],[-105.54,22.285],[-105.291,20.67],[-105.67,20.352],[-104.948,19.438],[-103.494,18.354],[-101.993,18.027],[-101.221,17.418],[-98.856,16.597],[-97.881,16.052],[-96.333,15.75],[-95.13,16.299],[-93.588,15.741],[-93.144,16.982],[-92.938,18.586]],[[-99.016,16.824],[-99.211,17.711],[-98.587,17.988],[-97.061,18.057],[-95.432,17.433],[-95.501,16.532],[-96.437,16.22],[-99.016,16.824]],[[-100.755,19.588],[-101.009,20.277],[-100.494,20.9],[-99.107,20.586],[-98.483,19.802],[-99.142,18.924],[-100.755,19.588]]]},"properties":{"NAME":null,"SUBJECTO":null,"BORDERPRECISION":1}},
{"type":"Feature","geometry":{"type":"Polygon","coordinates":[[[-99.016,16.824],[-96.437,16.22],[-95.501,16.532],[-95.432,17.433],[-97.061,18.057],[-98.587,17.988],[-99.211,17.711],[-99.016,16.824]]]},"properties":{"NAME":"Monte Albán","SUBJECTO":"Monte Albán","BORDERPRECISION":1}},
{"type":"Feature","geometry":{"type":"Polygon","coordinates":[[[-100.755,19.588],[-99.142,18.924],[-98.483,19.802],[-99.107,20.586],[-100.494,20.9],[-101.009,20.277],[-100.755,19.588]]]},"properties":{"NAME":"Teotihuacán","SUBJECTO":"Teotihuacán","BORDERPRECISION":1}},
{"type":"Feature","geometry":{"type":"Polygon","coordinates":[[[-94.118,29.693],[-92.117,29.542],[-90.779,29.109],[-89.711,30.183],[-88.343,30.389],[-90.342,30.926],[-90.283,32.23],[-90.655,33.448],[-92.217,33.318],[-92.815,33.122],[-93.811,31.938],[-94.118,31.643],[-94.118,29.693]]]},"properties":{"NAME":"Marksville Culture","SUBJECTO":"Marksville Culture","BORDERPRECISION":1}},
{"type":"Feature","geometry":{"type":"Polygon","coordinates":[[[-92.217,33.318],[-92.755,33.44],[-93.102,34.39],[-94.282,35.131],[-95.635,35.16],[-96.26,34.619],[-95.462,33.034],[-94.325,32.644],[-93.811,31.938],[-92.815,33.122],[-92.217,33.318]]]},"properties":{"NAME":"Fourche Maline Culture","SUBJECTO":"Fourche Maline Culture","BORDERPRECISION":1}},
{"type":"Feature","geometry":{"type":"Polygon","coordinates":[[[-93.811,31.938],[-94.325,32.644],[-95.462,33.034],[-96.038,33.005],[-96.043,32.994],[-96.213,32.532],[-95.469,31.692],[-94.118,31.643],[-93.811,31.938]]]},"properties":{"NAME":"Mill Creek Culture","SUBJECTO":"Mill Creek Culture","BORDERPRECISION":1}},
{"type":"Feature","geometry":{"type":"Polygon","coordinates":[[[-80.897,32.037],[-82.121,33.051],[-82.392,34.142],[-84.95,34.388],[-85.77,34.16],[-86.842,32.648],[-87.305,31.3],[-87.089,30.359],[-86.389,30.473],[-85.305,29.664],[-84.317,30.092],[-83.696,29.873],[-82.765,30.416],[-81.376,30.003],[-81.512,30.727],[-80.897,32.037]]]},"properties":{"NAME":"Swift Creek Culture","SUBJECTO":"Swift Creek Culture","BORDERPRECISION":1}},
{"type":"Feature","geometry":{"type":"Polygon","coordinates":[[[-88.073,35.11],[-88.413,35.474],[-89.793,35.277],[-90.622,34.171],[-89.655,33.396],[-88.378,33.194],[-87.904,34.408],[-88.073,35.11]]]},"properties":{"NAME":"Miller","SUBJECTO":"Miller","BORDERPRECISION":1}},
{"type":"Feature","geometry":{"type":"MultiPolygon","coordinates":[[[[-97.201,50.111],[-96.931,48.547],[-95.622,47.716],[-94.505,47.386],[-93.643,47.132],[-91.202,47.334],[-89.517,48.004],[-88.162,48.987],[-89.94,49.03],[-91.078,49.948],[-91.153,50.636],[-93.994,50.636],[-95.271,51.12],[-96.197,52.384],[-95.239,53.157],[-95.271,53.859],[-97.091,55.065],[-101.05,54.624],[-101.209,53.272],[-98.719,52.228],[-97.155,50.413],[-97.201,50.111]]],[[[-83.491,47.457],[-84.385,48.335],[-86.46,48.946],[-87.992,48.983],[-86.384,48.725],[-85.027,47.94],[-84.442,46.817],[-87.273,46.512],[-87.76,46.864],[-89.295,46.887],[-87.673,46.455],[-87.197,45.568],[-85.382,46.075],[-84.952,45.408],[-86.103,44.761],[-84.172,45.589],[-83.088,46.185],[-83.491,47.457]]]]},"properties":{"NAME":"Laurel complex","SUBJECTO":"Laurel complex","BORDERPRECISION":1}},
{"type":"Feature","geometry":{"type":"Polygon","coordinates":[[[-85.77,34.16],[-86.304,34.93],[-88.073,35.11],[-87.904,34.408],[-88.378,33.194],[-88.539,32.822],[-86.842,32.648],[-85.77,34.16]]]},"properties":{"NAME":"Copena","SUBJECTO":"Copena","BORDERPRECISION":1}},
{"type":"Feature","geometry":{"type":"Polygon","coordinates":[[[-86.842,32.648],[-88.539,32.822],[-89.348,32.616],[-89.67,31.785],[-89.194,30.959],[-88.035,30.679],[-87.089,30.359],[-87.305,31.3],[-86.842,32.648]]]},"properties":{"NAME":"Porter","SUBJECTO":"Porter","BORDERPRECISION":1}},
{"type":"Feature","geometry":{"type":"Polygon","coordinates":[[[-83.744,43.621],[-83.875,43.685],[-84.773,43.383],[-85.335,43.992],[-86.453,44.13],[-86.23,42.617],[-87.375,41.634],[-87.353,41.167],[-86.522,40.738],[-85.702,41.696],[-84.738,41.724],[-84.407,43.042],[-83.744,43.621]]]},"properties":{"NAME":"Goodall Focus","SUBJECTO":"Goodall Focus","BORDERPRECISION":1}},
{"type":"Feature","geometry":{"type":"Polygon","coordinates":[[[-79.637,42.853],[-80.504,44.589],[-81.719,44.139],[-82.166,43.084],[-81.859,42.264],[-79.637,42.853]]]},"properties":{"NAME":"Saugeen Complex","SUBJECTO":"Saugeen Complex","BORDERPRECISION":1}},
{"type":"Feature","geometry":{"type":"Polygon","coordinates":[[[-84.738,41.724],[-83.663,40.608],[-82.275,40.913],[-81.945,41.509],[-82.469,41.991],[-82.364,43.031],[-82.921,44.057],[-83.744,43.621],[-84.407,43.042],[-84.738,41.724]]]},"properties":{"NAME":"Couture Complex","SUBJECTO":"Couture Complex","BORDERPRECISION":1}},
{"type":"Feature","geometry":{"type":"Polygon","coordinates":[[[-76.056,47.308],[-80.3,45.948],[-79.918,44.967],[-80.292,44.523],[-79.367,43.615],[-77.623,44.01],[-76.181,43.613],[-75.594,43.68],[-74.582,43.823],[-73.082,44.756],[-70.56,45.309],[-70.038,46.174],[-70.871,47.05],[-74.19,47.966],[-76.056,47.308]]]},"properties":{"NAME":"Point Peninsula","SUBJECTO":"Point Peninsula","BORDERPRECISION":1}},
{"type":"Feature","geometry":{"type":"Polygon","coordinates":[[[-87.375,41.634],[-87.792,42.841],[-88.269,42.711],[-89.322,44.488],[-92.211,45.761],[-93.491,45.186],[-91.948,43.686],[-93.622,42.753],[-94.114,42.026],[-92.572,40.87],[-92.9,39.995],[-94.124,40.142],[-95.362,39.945],[-95.788,37.174],[-94.902,36.253],[-94.118,36.326],[-93.195,36.412],[-93.425,38.342],[-90.044,38.598],[-90.814,38.008],[-90.001,37.284],[-90.272,35.787],[-88.511,36.061],[-85.564,37.553],[-82.143,36.96],[-79.975,37.579],[-78.959,39.304],[-78.294,41.015],[-75.854,42.958],[-75.594,43.68],[-76.181,43.613],[-76.937,43.237],[-78.217,43.371],[-78.503,43.362],[-78.821,43.308],[-79.193,42.847],[-79.564,42.387],[-80.292,41.34],[-82.275,40.913],[-83.663,40.608],[-85.97,40.06],[-86.546,39.408],[-87.63,39.251],[-89.188,39.416],[-87.353,41.167],[-87.375,41.634]]]},"properties":{"NAME":"Hopewell Culture","SUBJECTO":"Hopewell Culture","BORDERPRECISION":1}},
{"type":"Feature","geometry":{"type":"Polygon","coordinates":[[[-88.343,30.389],[-88.035,30.679],[-89.194,30.959],[-89.67,31.785],[-89.348,32.616],[-88.539,32.822],[-88.378,33.194],[-89.655,33.396],[-90.622,34.171],[-89.793,35.277],[-88.413,35.474],[-88.073,35.11],[-86.304,34.93],[-85.77,34.16],[-84.95,34.388],[-82.392,34.142],[-82.121,33.051],[-80.897,32.037],[-77.296,34.667],[-76.622,34.763],[-75.729,35.882],[-76.215,37.943],[-75.668,37.898],[-74.153,39.765],[-73.741,40.977],[-70.302,41.759],[-70.868,42.871],[-70.216,43.8],[-68.804,44.393],[-67.169,44.711],[-66.502,45.186],[-64.905,45.463],[-66.189,44.141],[-65.713,43.56],[-61.032,45.379],[-64.535,46.272],[-65.213,48.121],[-64.398,48.456],[-64.952,49.207],[-66.03,49.166],[-68.341,48.546],[-70.871,47.05],[-70.038,46.174],[-70.56,45.309],[-73.082,44.756],[-74.582,43.823],[-75.594,43.68],[-75.854,42.958],[-78.294,41.015],[-78.959,39.304],[-79.975,37.579],[-82.143,36.96],[-85.564,37.553],[-88.511,36.061],[-90.272,35.787],[-90.001,37.284],[-90.814,38.008],[-90.044,38.598],[-93.425,38.342],[-93.195,36.412],[-94.118,36.326],[-94.282,35.131],[-93.102,34.39],[-92.755,33.44],[-92.217,33.318],[-90.655,33.448],[-90.283,32.23],[-90.342,30.926],[-88.343,30.389]]]},"properties":{"NAME":null,"SUBJECTO":null,"BORDERPRECISION":1}},
{"type":"Feature","geometry":{"type":"Polygon","coordinates":[[[-83.696,29.873],[-82.647,28.907],[-82.429,27.826],[-80.592,28.492],[-81.376,30.003],[-82.765,30.416],[-83.696,29.873]]]},"properties":{"NAME":null,"SUBJECTO":null,"BORDERPRECISION":1}},
{"type":"Feature","geometry":{"type":"Polygon","coordinates":[[[-82.166,43.084],[-82.364,43.031],[-82.469,41.991],[-81.859,42.264],[-82.166,43.084]]]},"properties":{"NAME":null,"SUBJECTO":null,"BORDERPRECISION":1}},
{"type":"Feature","geometry":{"type":"Polygon","coordinates":[[[-82.275,40.913],[-80.292,41.34],[-79.564,42.387],[-81.945,41.509],[-82.275,40.913]]]},"properties":{"NAME":null,"SUBJECTO":null,"BORDERPRECISION":1}},
{"type":"Feature","geometry":{"type":"Polygon","coordinates":[[[-87.353,41.167],[-89.188,39.416],[-87.63,39.251],[-86.546,39.408],[-85.97,40.06],[-83.663,40.608],[-84.738,41.724],[-85.702,41.696],[-86.522,40.738],[-87.353,41.167]]]},"properties":{"NAME":null,"SUBJECTO":null,"BORDERPRECISION":1}},
{"type":"Feature","geometry":{"type":"Polygon","coordinates":[[[-86.103,44.761],[-86.453,44.13],[-85.335,43.992],[-84.773,43.383],[-83.875,43.685],[-83.286,44.619],[-84.172,45.589],[-86.103,44.761]]]},"properties":{"NAME":null,"SUBJECTO":null,"BORDERPRECISION":1}},
{"type":"Feature","geometry":{"type":"Polygon","coordinates":[[[-94.505,47.386],[-94.235,46.721],[-94.124,40.142],[-92.9,39.995],[-92.572,40.87],[-94.114,42.026],[-93.622,42.753],[-91.948,43.686],[-93.491,45.186],[-92.211,45.761],[-89.322,44.488],[-88.269,42.711],[-87.792,42.841],[-87.908,43.192],[-87.197,45.568],[-87.673,46.455],[-89.295,46.887],[-90.277,46.625],[-91.202,47.334],[-93.643,47.132],[-94.505,47.386]]]},"properties":{"NAME":null,"SUBJECTO":null,"BORDERPRECISION":1}},
{"type":"Feature","geometry":{"type":"Polygon","coordinates":[[[-78.217,43.371],[-78.237,43.371],[-78.503,43.362],[-78.217,43.371]]]},"properties":{"NAME":null,"SUBJECTO":null,"BORDERPRECISION":1}},
{"type":"Feature","geometry":{"type":"Polygon","coordinates":[[[-79.637,42.853],[-79.193,42.847],[-78.821,43.308],[-79.367,43.615],[-80.292,44.523],[-80.504,44.589],[-79.637,42.853]]]},"properties":{"NAME":null,"SUBJECTO":null,"BORDERPRECISION":1}},
{"type":"Feature","geometry":{"type":"Polygon","coordinates":[[[-91.078,49.948],[-89.94,49.03],[-88.162,48.987],[-87.992,48.983],[-86.46,48.946],[-84.385,48.335],[-83.491,47.457],[-83.088,46.185],[-80.3,45.948],[-76.056,47.308],[-81.931,48.902],[-85.036,49.094],[-87.79,49.931],[-91.078,49.948]]]},"properties":{"NAME":null,"SUBJECTO":null,"BORDERPRECISION":1}},
{"type":"Feature","geometry":{"type":"Polygon","coordinates":[[[-114.467,52],[-114.126,47.952],[-111.668,41.935],[-111.548,41.642],[-104.517,33.873],[-98.19,29.181],[-97.206,28.074],[-95.603,28.799],[-94.118,29.693],[-94.118,31.643],[-95.469,31.692],[-96.213,32.532],[-96.043,32.994],[-96.038,33.005],[-95.462,33.034],[-96.26,34.619],[-95.635,35.16],[-94.282,35.131],[-94.118,36.326],[-94.902,36.253],[-95.788,37.174],[-95.362,39.945],[-94.124,40.142],[-94.235,46.721],[-94.505,47.386],[-95.622,47.716],[-96.931,48.547],[-97.201,50.111],[-98.922,50.232],[-105.191,51.453],[-114.467,52]]]},"properties":{"NAME":"Plain bison hunters","SUBJECTO":"Plain bison hunters","BORDERPRECISION":1}},
{"type":"Feature","geometry":{"type":"Polygon","coordinates":[[[-76.238,-13.568],[-76.242,-14.106],[-75.785,-14.727],[-75.231,-15.222],[-74.383,-15.823],[-73.89,-14.855],[-75.564,-12.873],[-76.238,-13.568]]]},"properties":{"NAME":"Nazca","SUBJECTO":"Nazca","BORDERPRECISION":1}},
{"type":"Feature","geometry":{"type":"Polygon","coordinates":[[[37.398,18.915],[37.128,21.227],[37.136,21.128],[37.398,18.915]]]},"properties":{"NAME":null,"SUBJECTO":null,"BORDERPRECISION":1}},
{"type":"Feature","geometry":{"type":"Polygon","coordinates":[[[42.555,11.568],[43.475,12.098],[43.459,12.225],[42.555,11.568]]]},"properties":{"NAME":null,"SUBJECTO":null,"BORDERPRECISION":1}},
{"type":"Feature","geometry":null,"properties":{"NAME":null,"SUBJECTO":null,"BORDERPRECISION":1}},
{"type":"Feature","geometry":{"type":"Polygon","coordinates":[[[41.607,-1.594],[42.44,-0.512],[43.724,0.8],[45.541,1.967],[46.361,2.668],[48.472,5.201],[49.823,7.695],[48.472,5.201],[46.361,2.668],[45.541,1.967],[44.137,1.151],[43.724,0.8],[42.44,-0.512],[41.607,-1.594]]]},"properties":{"NAME":null,"SUBJECTO":null,"BORDERPRECISION":1}},
{"type":"Feature","geometry":{"type":"Polygon","coordinates":[[[38.922,-6.34],[39.267,-4.776],[40.234,-3.192],[41.652,-1.752],[40.234,-3.192],[39.267,-4.776],[38.922,-6.34]]]},"properties":{"NAME":null,"SUBJECTO":null,"BORDERPRECISION":1}},
{"type":"Feature","geometry":{"type":"Polygon","coordinates":[[[51.07,10.989],[51.247,11.657],[51.061,11.243],[51.07,10.989]]]},"properties":{"NAME":null,"SUBJECTO":null,"BORDERPRECISION":1}},
{"type":"Feature","geometry":{"type":"Polygon","coordinates":[[[39.27,-7.801],[39.566,-7.044],[39.437,-7.33],[39.27,-7.801]]]},"properties":{"NAME":null,"SUBJECTO":null,"BORDERPRECISION":1}},
{"type":"Feature","geometry":{"type":"Polygon","coordinates":[[[39.392,-8.735],[39.478,-7.998],[39.4,-8.309],[39.392,-8.735]]]},"properties":{"NAME":null,"SUBJECTO":null,"BORDERPRECISION":1}},
{"type":"Feature","geometry":{"type":"Polygon","coordinates":[[[40.311,-11.345],[40.536,-11.027],[40.62,-10.766],[40.311,-11.345]]]},"properties":{"NAME":null,"SUBJECTO":null,"BORDERPRECISION":1}},
{"type":"Feature","geometry":{"type":"Polygon","coordinates":[[[40.366,-12.991],[40.527,-12.584],[40.393,-11.548],[40.366,-12.991]]]},"properties":{"NAME":null,"SUBJECTO":null,"BORDERPRECISION":1}},
{"type":"Feature","geometry":{"type":"MultiPolygon","coordinates":[]},"properties":{"NAME":null,"SUBJECTO":null,"BORDERPRECISION":1}},
{"type":"Feature","geometry":{"type":"Polygon","coordinates":[[[40.527,-15.183],[40.781,-14.922],[40.849,-14.579],[40.527,-15.183]]]},"properties":{"NAME":null,"SUBJECTO":null,"BORDERPRECISION":1}},
{"type":"Feature","geometry":{"type":"MultiPolygon","coordinates":[]},"properties":{"NAME":null,"SUBJECTO":null,"BORDERPRECISION":1}},
{"type":"Feature","geometry":{"type":"Polygon","coordinates":[[[34.994,-21.271],[35.033,-21.188],[35.107,-20.984],[34.994,-21.271]]]},"properties":{"NAME":null,"SUBJECTO":null,"BORDERPRECISION":1}},
{"type":"Feature","geometry":null,"properties":{"NAME":null,"SUBJECTO":null,"BORDERPRECISION":1}},
{"type":"Feature","geometry":{"type":"Polygon","coordinates":[[[35.297,-23.825],[35.425,-23.456],[35.512,-22.185],[35.297,-23.825]]]},"properties":{"NAME":null,"SUBJECTO":null,"BORDERPRECISION":1}},
{"type":"Feature","geometry":null,"properties":{"NAME":null,"SUBJECTO":null,"BORDERPRECISION":1}},
{"type":"Feature","geometry":null,"properties":{"NAME":null,"SUBJECTO":null,"BORDERPRECISION":1}},
{"type":"Feature","geometry":{"type":"MultiPolygon","coordinates":[]},"properties":{"NAME":null,"SUBJECTO":null,"BORDERPRECISION":1}},
{"type":"Feature","geometry":{"type":"Polygon","coordinates":[[[18.84,-34.435],[19.279,-34.504],[19.181,-34.422],[18.84,-34.435]]]},"properties":{"NAME":null,"SUBJECTO":null,"BORDERPRECISION":1}},
{"type":"Feature","geometry":{"type":"Polygon","coordinates":[[[18.346,-34.347],[18.724,-34.219],[18.57,-34.194],[18.346,-34.347]]]},"properties":{"NAME":null,"SUBJECTO":null,"BORDERPRECISION":1}},
{"type":"Feature","geometry":null,"properties":{"NAME":null,"SUBJECTO":null,"BORDERPRECISION":1}},
{"type":"Feature","geometry":null,"properties":{"NAME":null,"SUBJECTO":null,"BORDERPRECISION":1}},
{"type":"Feature","geometry":{"type":"Polygon","coordinates":[[[15.454,-27.616],[16.788,-29.139],[16.53,-28.771],[15.454,-27.616]]]},"properties":{"NAME":null,"SUBJECTO":null,"BORDERPRECISION":1}},
{"type":"Feature","geometry":null,"properties":{"NAME":null,"SUBJECTO":null,"BORDERPRECISION":1}},
{"type":"Feature","geometry":null,"properties":{"NAME":null,"SUBJECTO":null,"BORDERPRECISION":1}},
{"type":"Feature","geometry":null,"properties":{"NAME":null,"SUBJECTO":null,"BORDERPRECISION":1}},
{"type":"Feature","geometry":null,"properties":{"NAME":null,"SUBJECTO":null,"BORDERPRECISION":1}},
{"type":"Feature","geometry":null,"properties":{"NAME":null,"SUBJECTO":null,"BORDERPRECISION":1}},
{"type":"Feature","geometry":{"type":"Polygon","coordinates":[[[10.641,-3.446],[11.773,-4.537],[11.134,-3.916],[10.641,-3.446]]]},"properties":{"NAME":null,"SUBJECTO":null,"BORDERPRECISION":1}},
{"type":"Feature","geometry":null,"properties":{"NAME":null,"SUBJECTO":null,"BORDERPRECISION":1}},
{"type":"Feature","geometry":{"type":"Polygon","coordinates":[[[9.656,-2.419],[10.06,-2.571],[9.894,-2.444],[9.656,-2.419]]]},"properties":{"NAME":null,"SUBJECTO":null,"BORDERPRECISION":1}},
{"type":"Feature","geometry":{"type":"Polygon","coordinates":[[[9.112,-1.353],[9.465,-1.593],[9.321,-1.416],[9.112,-1.353]]]},"properties":{"NAME":null,"SUBJECTO":null,"BORDERPRECISION":1}},
{"type":"Feature","geometry":null,"properties":{"NAME":null,"SUBJECTO":null,"BORDERPRECISION":1}},
{"type":"Feature","geometry":{"type":"Polygon","coordinates":[[[9.35,0.535],[9.602,0.332],[9.854,0.174],[9.35,0.535]]]},"properties":{"NAME":null,"SUBJECTO":null,"BORDERPRECISION":1}},
{"type":"Feature","geometry":{"type":"Polygon","coordinates":[[[9.37,1.171],[9.622,1.089],[9.557,1.127],[9.37,1.171]]]},"properties":{"NAME":null,"SUBJECTO":null,"BORDERPRECISION":1}},
{"type":"Feature","geometry":{"type":"Polygon","coordinates":[[[9.032,4.138],[9.78,3.853],[9.651,4.018],[9.032,4.138]]]},"properties":{"NAME":null,"SUBJECTO":null,"BORDERPRECISION":1}},
{"type":"Feature","geometry":{"type":"Polygon","coordinates":[[[8.263,4.746],[8.875,4.62],[8.328,4.841],[8.263,4.746]]]},"properties":{"NAME":null,"SUBJECTO":null,"BORDERPRECISION":1}},
{"type":"Feature","geometry":null,"properties":{"NAME":null,"SUBJECTO":null,"BORDERPRECISION":1}},
{"type":"Feature","geometry":{"type":"MultiPolygon","coordinates":[]},"properties":{"NAME":null,"SUBJECTO":null,"BORDERPRECISION":1}},
{"type":"Feature","geometry":null,"properties":{"NAME":null,"SUBJECTO":null,"BORDERPRECISION":1}},
{"type":"Feature","geometry":null,"properties":{"NAME":null,"SUBJECTO":null,"BORDERPRECISION":1}},
{"type":"Feature","geometry":{"type":"Polygon","coordinates":[[[-13.212,8.347],[-12.869,7.973],[-12.274,7.631],[-13.212,8.347]]]},"properties":{"NAME":null,"SUBJECTO":null,"BORDERPRECISION":1}},
{"type":"Feature","geometry":null,"properties":{"NAME":null,"SUBJECTO":null,"BORDERPRECISION":1}},
{"type":"Feature","geometry":null,"properties":{"NAME":null,"SUBJECTO":null,"BORDERPRECISION":1}},
{"type":"Feature","geometry":{"type":"Polygon","coordinates":[[[-14.591,10.467],[-14.058,10.08],[-13.68,9.916],[-14.591,10.467]]]},"properties":{"NAME":null,"SUBJECTO":null,"BORDERPRECISION":1}},
{"type":"Feature","geometry":{"type":"Polygon","coordinates":[[[-15.018,10.917],[-14.821,10.803],[-14.575,10.784],[-15.018,10.917]]]},"properties":{"NAME":null,"SUBJECTO":null,"BORDERPRECISION":1}},
{"type":"Feature","geometry":{"type":"Polygon","coordinates":[[[-15.341,11.221],[-15.116,11.158],[-15.029,11.158],[-15.341,11.221]]]},"properties":{"NAME":null,"SUBJECTO":null,"BORDERPRECISION":1}},
{"type":"Feature","geometry":{"type":"Polygon","coordinates":[[[-16.248,12.103],[-15.809,11.843],[-15.099,11.813],[-16.248,12.103]]]},"properties":{"NAME":null,"SUBJECTO":null,"BORDERPRECISION":1}},
{"type":"Feature","geometry":{"type":"Polygon","coordinates":[[[-16.696,12.413],[-16.571,12.312],[-16.279,12.21],[-16.696,12.413]]]},"properties":{"NAME":null,"SUBJECTO":null,"BORDERPRECISION":1}},
{"type":"Feature","geometry":null,"properties":{"NAME":null,"SUBJECTO":null,"BORDERPRECISION":1}},
{"type":"Feature","geometry":{"type":"Polygon","coordinates":[[[-17.033,14.565],[-17.433,14.807],[-16.87,14.364],[-17.033,14.565]]]},"properties":{"NAME":null,"SUBJECTO":null,"BORDERPRECISION":1}},
{"type":"Feature","geometry":null,"properties":{"NAME":null,"SUBJECTO":null,"BORDERPRECISION":1}},
{"type":"Feature","geometry":{"type":"Polygon","coordinates":[[[-16.845,20.941],[-17.021,20.744],[-16.347,20.523],[-16.845,20.941]]]},"properties":{"NAME":null,"SUBJECTO":null,"BORDERPRECISION":1}},
{"type":"Feature","geometry":{"type":"Polygon","coordinates":[[[37.125,11.644],[34.232,11.709],[32.349,9.528],[33.022,6.865],[35.578,5.527],[38.605,6.597],[39.143,9.063],[37.125,11.644]]]},"properties":{"NAME":null,"SUBJECTO":null,"BORDERPRECISION":1}},
{"type":"Feature","geometry":null,"properties":{"NAME":null,"SUBJECTO":null,"BORDERPRECISION":1}},
{"type":"Feature","geometry":{"type":"Polygon","coordinates":[[[19.235,30.231],[20.117,30.957],[19.125,30.199],[19.235,30.231]]]},"properties":{"NAME":null,"SUBJECTO":null,"BORDERPRECISION":1}},
{"type":"Feature","geometry":{"type":"Polygon","coordinates":[[[31.058,22.681],[30.041,24.622],[28.406,27.743],[26.743,28.575],[22.308,29.961],[21.291,29.961],[19.482,29.444],[19.351,29.407],[18.612,29.407],[14.454,31.162],[9.834,32.918],[8.633,34.027],[7.986,35.505],[-8.64,33.122],[-9.219,32.58],[-9.813,31.289],[-9.663,29.955],[-10.339,29.146],[-11.576,28.229],[-12.866,27.857],[-13.629,26.591],[-14.367,26.119],[-14.82,24.733],[-15.714,23.873],[-16.984,21.595],[-17.021,20.744],[-16.845,20.941],[-16.347,20.523],[-16.472,19.366],[-16.191,19.03],[-15.983,18.178],[-16.45,16.118],[-17.433,14.807],[-17.033,14.565],[-13.396,14.917],[-10.177,14.21],[-11.181,15.457],[-9.909,17.894],[-7.456,19.443],[-5.184,17.201],[-4.548,15.106],[-6.265,13.351],[2.346,13.286],[8.266,12.367],[17.751,12.827],[20.442,11.973],[23.2,11.775],[24.074,11.182],[30.6,11.116],[32.879,12.471],[31.798,12.522],[31.058,13.128],[29.847,15.348],[29.51,17.434],[29.847,20.125],[31.058,22.681]]]},"properties":{"NAME":null,"SUBJECTO":null,"BORDERPRECISION":1}},
{"type":"Feature","geometry":{"type":"Polygon","coordinates":[[[-82.429,27.826],[-82.31,26.825],[-81.401,25.859],[-81.098,25.125],[-80.314,25.244],[-80.05,26.551],[-80.592,28.492],[-82.429,27.826]]]},"properties":{"NAME":"Glades Culture","SUBJECTO":"Glades Culture","BORDERPRECISION":1}},
{"type":"Feature","geometry":{"type":"Polygon","coordinates":[[[-6.265,13.351],[-4.548,15.106],[-5.184,17.201],[-7.456,19.443],[-9.909,17.894],[-11.181,15.457],[-10.177,14.21],[-8.909,12.636],[-6.265,13.351]]]},"properties":{"NAME":"Empire of Ghana","SUBJECTO":"Empire of Ghana","BORDERPRECISION":1}},
{"type":"Feature","geometry":{"type":"Polygon","coordinates":[[[-4.153,53.226],[-4.277,53.398],[-4.567,53.273],[-4.351,53.124],[-4.153,53.226]]]},"properties":{"NAME":null,"SUBJECTO":null,"BORDERPRECISION":1}},
{"type":"Feature","geometry":{"type":"Polygon","coordinates":[[[-5.104,55.439],[-5.155,55.673],[-5.4,55.601],[-5.104,55.439]]]},"properties":{"NAME":null,"SUBJECTO":null,"BORDERPRECISION":1}},
{"type":"Feature","geometry":{"type":"Polygon","coordinates":[[[-6.122,55.879],[-6.327,55.589],[-6.025,55.681],[-6.122,55.879]]]},"properties":{"NAME":null,"SUBJECTO":null,"BORDERPRECISION":1}},
{"type":"Feature","geometry":{"type":"Polygon","coordinates":[[[-5.947,55.83],[-5.746,56.064],[-5.968,56.024],[-6.079,55.906],[-5.947,55.83]]]},"properties":{"NAME":null,"SUBJECTO":null,"BORDERPRECISION":1}},
{"type":"Feature","geometry":{"type":"Polygon","coordinates":[[[-7.467,56.941],[-7.376,56.979],[-7.446,57.056],[-7.554,56.966],[-7.467,56.941]]]},"properties":{"NAME":null,"SUBJECTO":null,"BORDERPRECISION":1}},
{"type":"Feature","geometry":{"type":"Polygon","coordinates":[[[-7.223,57.337],[-7.425,57.382],[-7.381,57.109],[-7.23,57.095],[-7.223,57.337]]]},"properties":{"NAME":null,"SUBJECTO":null,"BORDERPRECISION":1}},
{"type":"Feature","geometry":{"type":"Polygon","coordinates":[[[-7.269,57.399],[-7.205,57.461],[-7.351,57.489],[-7.388,57.424],[-7.269,57.399]]]},"properties":{"NAME":null,"SUBJECTO":null,"BORDERPRECISION":1}},
{"type":"Feature","geometry":{"type":"Polygon","coordinates":[[[-7.189,57.687],[-7.477,57.562],[-7.154,57.509],[-7.189,57.687]]]},"properties":{"NAME":null,"SUBJECTO":null,"BORDERPRECISION":1}},
{"type":"Feature","geometry":{"type":"Polygon","coordinates":[[[-7.006,57.881],[-6.994,57.919],[-7.074,57.896],[-7.006,57.881]]]},"properties":{"NAME":null,"SUBJECTO":null,"BORDERPRECISION":1}},
{"type":"Feature","geometry":{"type":"Polygon","coordinates":[[[-6.802,58.203],[-6.794,58.218],[-6.854,58.25],[-6.873,58.206],[-6.802,58.203]]]},"properties":{"NAME":null,"SUBJECTO":null,"BORDERPRECISION":1}},
{"type":"Feature","geometry":{"type":"Polygon","coordinates":[[[-6.204,58.356],[-7.032,58.238],[-6.474,57.94],[-6.204,58.356]]]},"properties":{"NAME":null,"SUBJECTO":null,"BORDERPRECISION":1}},
{"type":"Feature","geometry":{"type":"Polygon","coordinates":[[[-2.918,58.732],[-2.877,58.82],[-3.037,58.818],[-2.918,58.732]]]},"properties":{"NAME":null,"SUBJECTO":null,"BORDERPRECISION":1}},
{"type":"Feature","geometry":{"type":"Polygon","coordinates":[[[-3.231,58.776],[-3.136,58.804],[-3.336,58.927],[-3.431,58.871],[-3.231,58.776]]]},"properties":{"NAME":null,"SUBJECTO":null,"BORDERPRECISION":1}},
{"type":"Feature","geometry":{"type":"Polygon","coordinates":[[[-2.793,58.951],[-3.077,59.122],[-3.195,58.911],[-2.793,58.951]]]},"properties":{"NAME":null,"SUBJECTO":null,"BORDERPRECISION":1}},
{"type":"Feature","geometry":{"type":"Polygon","coordinates":[[[-2.681,59.196],[-2.621,59.236],[-2.496,59.245],[-2.414,59.314],[-2.593,59.291],[-2.681,59.196]]]},"properties":{"NAME":null,"SUBJECTO":null,"BORDERPRECISION":1}},
{"type":"Feature","geometry":{"type":"Polygon","coordinates":[[[-2.89,59.295],[-3.049,59.329],[-3.003,59.264],[-2.972,59.287],[-2.89,59.295]]]},"properties":{"NAME":null,"SUBJECTO":null,"BORDERPRECISION":1}},
{"type":"Feature","geometry":{"type":"Polygon","coordinates":[[[-1.296,60.491],[-1.32,60.356],[-1.655,60.226],[-1.126,60.152],[-1.041,60.447],[-1.296,60.491]]]},"properties":{"NAME":null,"SUBJECTO":null,"BORDERPRECISION":1}},
{"type":"Feature","geometry":{"type":"Polygon","coordinates":[[[-1.029,60.496],[-0.991,60.72],[-1.177,60.637],[-1.029,60.496]]]},"properties":{"NAME":null,"SUBJECTO":null,"BORDERPRECISION":1}},
{"type":"Feature","geometry":{"type":"Polygon","coordinates":[[[-0.82,60.689],[-0.768,60.829],[-0.939,60.794],[-0.966,60.688],[-0.82,60.689]]]},"properties":{"NAME":null,"SUBJECTO":null,"BORDERPRECISION":1}},
{"type":"Feature","geometry":{"type":"Polygon","coordinates":[[[-6.707,61.937],[-6.719,62.029],[-7.192,62.308],[-7.232,62.172],[-6.707,61.937]]]},"properties":{"NAME":null,"SUBJECTO":null,"BORDERPRECISION":1}},
{"type":"Feature","geometry":{"type":"Polygon","coordinates":[[[-4.778,54.056],[-4.394,54.186],[-4.527,54.367],[-4.778,54.056]]]},"properties":{"NAME":null,"SUBJECTO":null,"BORDERPRECISION":1}},
{"type":"Feature","geometry":{"type":"Polygon","coordinates":[[[18.206,56.912],[18.712,57.242],[18.809,57.704],[18.111,57.519],[18.206,56.912]]]},"properties":{"NAME":null,"SUBJECTO":null,"BORDERPRECISION":1}},
{"type":"Feature","geometry":{"type":"Polygon","coordinates":[[[129.716,28.451],[129.158,28.235],[129.369,28.116],[129.716,28.451]]]},"properties":{"NAME":null,"SUBJECTO":null,"BORDERPRECISION":1}},
{"type":"Feature","geometry":{"type":"Polygon","coordinates":[[[129.963,29.957],[129.942,30],[129.924,29.984],[129.963,29.957]]]},"properties":{"NAME":null,"SUBJECTO":null,"BORDERPRECISION":1}},
{"type":"Feature","geometry":{"type":"Polygon","coordinates":[[[129.896,29.874],[129.877,29.831],[129.923,29.825],[129.896,29.874]]]},"properties":{"NAME":null,"SUBJECTO":null,"BORDERPRECISION":1}},
{"type":"Feature","geometry":{"type":"Polygon","coordinates":[[[130.906,30.355],[131.074,30.689],[130.945,30.683],[130.906,30.355]]]},"properties":{"NAME":null,"SUBJECTO":null,"BORDERPRECISION":1}},
{"type":"Feature","geometry":{"type":"Polygon","coordinates":[[[130.559,30.236],[130.672,30.373],[130.511,30.459],[130.387,30.397],[130.559,30.236]]]},"properties":{"NAME":null,"SUBJECTO":null,"BORDERPRECISION":1}},
{"type":"Feature","geometry":{"type":"Polygon","coordinates":[[[121.735,25.139],[121.002,25.002],[120.116,23.631],[120.329,22.519],[120.879,22.341],[121.84,24.476],[121.735,25.139]]]},"properties":{"NAME":null,"SUBJECTO":null,"BORDERPRECISION":1}},
{"type":"Feature","geometry":{"type":"Polygon","coordinates":[[[128.901,32.643],[128.649,32.778],[128.61,32.612],[128.901,32.643]]]},"properties":{"NAME":null,"SUBJECTO":null,"BORDERPRECISION":1}},
{"type":"Feature","geometry":{"type":"Polygon","coordinates":[[[123.871,24.252],[123.922,24.371],[123.767,24.414],[123.679,24.316],[123.871,24.252]]]},"properties":{"NAME":null,"SUBJECTO":null,"BORDERPRECISION":1}},
{"type":"Feature","geometry":{"type":"Polygon","coordinates":[[[125.356,24.777],[125.262,24.879],[125.252,24.738],[125.356,24.777]]]},"properties":{"NAME":null,"SUBJECTO":null,"BORDERPRECISION":1}},
{"type":"Feature","geometry":{"type":"Polygon","coordinates":[[[124.262,24.457],[124.078,24.42],[124.122,24.345],[124.23,24.338],[124.262,24.457]]]},"properties":{"NAME":null,"SUBJECTO":null,"BORDERPRECISION":1}},
{"type":"Feature","geometry":{"type":"Polygon","coordinates":[[[128.253,26.639],[128.247,26.84],[127.959,26.544],[128.253,26.639]]]},"properties":{"NAME":null,"SUBJECTO":null,"BORDERPRECISION":1}},
{"type":"Feature","geometry":{"type":"Polygon","coordinates":[[[126.762,26.387],[126.702,26.349],[126.781,26.298],[126.81,26.347],[126.762,26.387]]]},"properties":{"NAME":null,"SUBJECTO":null,"BORDERPRECISION":1}},
{"type":"Feature","geometry":{"type":"Polygon","coordinates":[[[128.951,27.676],[129.03,27.774],[128.899,27.898],[128.897,27.726],[128.951,27.676]]]},"properties":{"NAME":null,"SUBJECTO":null,"BORDERPRECISION":1}},
{"type":"Feature","geometry":{"type":"Polygon","coordinates":[[[128.609,27.359],[128.696,27.449],[128.524,27.414],[128.609,27.359]]]},"properties":{"NAME":null,"SUBJECTO":null,"BORDERPRECISION":1}},
{"type":"Feature","geometry":{"type":"Polygon","coordinates":[[[129.992,28.282],[130.032,28.353],[129.943,28.322],[129.992,28.282]]]},"properties":{"NAME":null,"SUBJECTO":null,"BORDERPRECISION":1}},
{"type":"Feature","geometry":{"type":"Polygon","coordinates":[[[129.336,28.075],[129.34,28.111],[129.224,28.184],[129.219,28.098],[129.336,28.075]]]},"properties":{"NAME":null,"SUBJECTO":null,"BORDERPRECISION":1}},
{"type":"Feature","geometry":{"type":"Polygon","coordinates":[[[129.733,29.61],[129.753,29.648],[129.71,29.652],[129.733,29.61]]]},"properties":{"NAME":null,"SUBJECTO":null,"BORDERPRECISION":1}},
{"type":"Feature","geometry":{"type":"Polygon","coordinates":[[[25.133,65.076],[25.352,64.939],[25.293,65.004],[25.133,65.076]]]},"properties":{"NAME":null,"SUBJECTO":null,"BORDERPRECISION":1}},
{"type":"Feature","geometry":{"type":"Polygon","coordinates":[[[34.726,65.78],[34.601,65.484],[34.293,65.396],[34.601,65.484],[34.726,65.615],[34.726,65.797],[34.726,65.78]]]},"properties":{"NAME":null,"SUBJECTO":null,"BORDERPRECISION":1}},
{"type":"Feature","geometry":null,"properties":{"NAME":null,"SUBJECTO":null,"BORDERPRECISION":1}},
{"type":"Feature","geometry":null,"properties":{"NAME":null,"SUBJECTO":null,"BORDERPRECISION":1}},
{"type":"Feature","geometry":{"type":"Polygon","coordinates":[[[36.569,64.765],[36.997,64.407],[38.054,64.129],[36.569,64.765]]]},"properties":{"NAME":null,"SUBJECTO":null,"BORDERPRECISION":1}},
{"type":"Feature","geometry":{"type":"Polygon","coordinates":[[[39.823,65.436],[39.979,65.153],[40.462,64.75],[39.823,65.436]]]},"properties":{"NAME":null,"SUBJECTO":null,"BORDERPRECISION":1}},
{"type":"Feature","geometry":{"type":"Polygon","coordinates":[[[43.704,67.266],[44.362,66.906],[44.219,67.09],[43.704,67.266]]]},"properties":{"NAME":null,"SUBJECTO":null,"BORDERPRECISION":1}},
{"type":"Feature","geometry":null,"properties":{"NAME":null,"SUBJECTO":null,"BORDERPRECISION":1}},
{"type":"Feature","geometry":{"type":"Polygon","coordinates":[[[44.871,67.312],[46.634,67.701],[45.463,67.639],[44.871,67.312]]]},"properties":{"NAME":null,"SUBJECTO":null,"BORDERPRECISION":1}},
{"type":"Feature","geometry":{"type":"Polygon","coordinates":[[[53.317,68.136],[53.782,68.338],[53.889,68.787],[53.317,68.136]]]},"properties":{"NAME":null,"SUBJECTO":null,"BORDERPRECISION":1}},
{"type":"Feature","geometry":null,"properties":{"NAME":null,"SUBJECTO":null,"BORDERPRECISION":1}},
{"type":"Feature","geometry":null,"properties":{"NAME":null,"SUBJECTO":null,"BORDERPRECISION":1}},
{"type":"Feature","geometry":{"type":"Polygon","coordinates":[[[68.094,69.136],[68.512,68.837],[69.109,68.83],[68.094,69.136]]]},"properties":{"NAME":null,"SUBJECTO":null,"BORDERPRECISION":1}},
{"type":"Feature","geometry":null,"properties":{"NAME":null,"SUBJECTO":null,"BORDERPRECISION":1}},
{"type":"Feature","geometry":{"type":"Polygon","coordinates":[[[66.67,70.866],[66.775,70.736],[67.398,70.599],[66.67,70.866]]]},"properties":{"NAME":null,"SUBJECTO":null,"BORDERPRECISION":1}},
{"type":"Feature","geometry":{"type":"Polygon","coordinates":[[[71.798,71.432],[72.655,72.118],[72.853,72.644],[71.798,71.432]]]},"properties":{"NAME":null,"SUBJECTO":null,"BORDERPRECISION":1}},
{"type":"Feature","geometry":{"type":"Polygon","coordinates":[[[72.526,69.069],[72.68,70.824],[72.437,70.187],[72.526,69.069]]]},"properties":{"NAME":null,"SUBJECTO":null,"BORDERPRECISION":1}},
{"type":"Feature","geometry":{"type":"Polygon","coordinates":[[[71.4,66.949],[72.838,67.646],[73.394,68.442],[71.4,66.949]]]},"properties":{"NAME":null,"SUBJECTO":null,"BORDERPRECISION":1}},
{"type":"Feature","geometry":{"type":"Polygon","coordinates":[[[69.085,66.688],[70.84,66.551],[71.544,66.714],[69.085,66.688]]]},"properties":{"NAME":null,"SUBJECTO":null,"BORDERPRECISION":1}},
{"type":"Feature","geometry":null,"properties":{"NAME":null,"SUBJECTO":null,"BORDERPRECISION":1}},
{"type":"Feature","geometry":{"type":"Polygon","coordinates":[[[76.955,67.653],[77.108,68.114],[77.04,68.464],[76.955,67.653]]]},"properties":{"NAME":null,"SUBJECTO":null,"BORDERPRECISION":1}},
{"type":"Feature","geometry":{"type":"Polygon","coordinates":[[[77.483,67.803],[78.536,67.612],[77.946,67.774],[77.483,67.803]]]},"properties":{"NAME":null,"SUBJECTO":null,"BORDERPRECISION":1}},
{"type":"Feature","geometry":null,"properties":{"NAME":null,"SUBJECTO":null,"BORDERPRECISION":1}},
{"type":"Feature","geometry":null,"properties":{"NAME":null,"SUBJECTO":null,"BORDERPRECISION":1}},
{"type":"Feature","geometry":{"type":"Polygon","coordinates":[[[73.217,71.458],[74.25,70.573],[73.698,71.141],[73.217,71.458]]]},"properties":{"NAME":null,"SUBJECTO":null,"BORDERPRECISION":1}},
{"type":"Feature","geometry":{"type":"Polygon","coordinates":[[[75.284,71.446],[75.617,72.625],[75.297,71.897],[75.284,71.446]]]},"properties":{"NAME":null,"SUBJECTO":null,"BORDERPRECISION":1}},
{"type":"Feature","geometry":{"type":"Polygon","coordinates":[[[76.333,71.72],[78.609,70.85],[78.137,71.374],[76.333,71.72]]]},"properties":{"NAME":null,"SUBJECTO":null,"BORDERPRECISION":1}},
{"type":"Feature","geometry":{"type":"Polygon","coordinates":[[[82.046,70.419],[82.818,71.646],[82.215,71.204],[82.046,70.419]]]},"properties":{"NAME":null,"SUBJECTO":null,"BORDERPRECISION":1}},
{"type":"Feature","geometry":null,"properties":{"NAME":null,"SUBJECTO":null,"BORDERPRECISION":1}},
{"type":"Feature","geometry":null,"properties":{"NAME":null,"SUBJECTO":null,"BORDERPRECISION":1}},
{"type":"Feature","geometry":null,"properties":{"NAME":null,"SUBJECTO":null,"BORDERPRECISION":1}},
{"type":"Feature","geometry":{"type":"Polygon","coordinates":[[[80.844,72.58],[83.561,71.624],[82.321,72.222],[80.844,72.58]]]},"properties":{"NAME":null,"SUBJECTO":null,"BORDERPRECISION":1}},
{"type":"Feature","geometry":null,"properties":{"NAME":null,"SUBJECTO":null,"BORDERPRECISION":1}},
{"type":"Feature","geometry":{"type":"Polygon","coordinates":[[[86.124,73.451],[86.757,73.787],[86.326,73.634],[86.124,73.451]]]},"properties":{"NAME":null,"SUBJECTO":null,"BORDERPRECISION":1}},
{"type":"Feature","geometry":{"type":"Polygon","coordinates":[[[86.814,74.435],[87.691,73.9],[87.541,74.1],[86.814,74.435]]]},"properties":{"NAME":null,"SUBJECTO":null,"BORDERPRECISION":1}},
{"type":"Feature","geometry":null,"properties":{"NAME":null,"SUBJECTO":null,"BORDERPRECISION":1}},
{"type":"Feature","geometry":null,"properties":{"NAME":null,"SUBJECTO":null,"BORDERPRECISION":1}},
{"type":"Feature","geometry":null,"properties":{"NAME":null,"SUBJECTO":null,"BORDERPRECISION":1}},
{"type":"Feature","geometry":{"type":"Polygon","coordinates":[[[104.485,76.995],[105.47,77.329],[105.45,77.449],[104.485,76.995]]]},"properties":{"NAME":null,"SUBJECTO":null,"BORDERPRECISION":1}},
{"type":"Feature","geometry":{"type":"Polygon","coordinates":[[[106.404,76.432],[107.24,76.898],[106.537,76.567],[106.404,76.432]]]},"properties":{"NAME":null,"SUBJECTO":null,"BORDERPRECISION":1}},
{"type":"Feature","geometry":null,"properties":{"NAME":null,"SUBJECTO":null,"BORDERPRECISION":1}},
{"type":"Feature","geometry":null,"properties":{"NAME":null,"SUBJECTO":null,"BORDERPRECISION":1}},
{"type":"Feature","geometry":{"type":"Polygon","coordinates":[[[110.163,73.83],[110.178,73.798],[110.4,73.743],[110.163,73.83]]]},"properties":{"NAME":null,"SUBJECTO":null,"BORDERPRECISION":1}},
{"type":"Feature","geometry":null,"properties":{"NAME":null,"SUBJECTO":null,"BORDERPRECISION":1}},
{"type":"Feature","geometry":null,"properties":{"NAME":null,"SUBJECTO":null,"BORDERPRECISION":1}},
{"type":"Feature","geometry":null,"properties":{"NAME":null,"SUBJECTO":null,"BORDERPRECISION":1}},
{"type":"Feature","geometry":null,"properties":{"NAME":null,"SUBJECTO":null,"BORDERPRECISION":1}},
{"type":"Feature","geometry":null,"properties":{"NAME":null,"SUBJECTO":null,"BORDERPRECISION":1}},
{"type":"Feature","geometry":{"type":"Polygon","coordinates":[[[138.969,72.211],[139.339,72.164],[139.848,72.236],[138.969,72.211]]]},"properties":{"NAME":null,"SUBJECTO":null,"BORDERPRECISION":1}},
{"type":"Feature","geometry":null,"properties":{"NAME":null,"SUBJECTO":null,"BORDERPRECISION":1}},
{"type":"Feature","geometry":{"type":"Polygon","coordinates":[[[144.801,71.591],[145.678,71.927],[145.815,72.098],[144.801,71.591]]]},"properties":{"NAME":null,"SUBJECTO":null,"BORDERPRECISION":1}},
{"type":"Feature","geometry":null,"properties":{"NAME":null,"SUBJECTO":null,"BORDERPRECISION":1}},
{"type":"Feature","geometry":{"type":"Polygon","coordinates":[[[159.444,69.765],[159.573,69.999],[159.628,70.22],[159.444,69.765]]]},"properties":{"NAME":null,"SUBJECTO":null,"BORDERPRECISION":1}},
{"type":"Feature","geometry":null,"properties":{"NAME":null,"SUBJECTO":null,"BORDERPRECISION":1}},
{"type":"Feature","geometry":{"type":"Polygon","coordinates":[[[170.056,69.611],[170.905,69.034],[170.431,69.559],[170.056,69.611]]]},"properties":{"NAME":null,"SUBJECTO":null,"BORDERPRECISION":1}},
{"type":"Feature","geometry":{"type":"Polygon","coordinates":[[[177.427,64.607],[178.726,64.606],[179.309,64.786],[177.427,64.607]]]},"properties":{"NAME":null,"SUBJECTO":null,"BORDERPRECISION":1}},
{"type":"Feature","geometry":{"type":"Polygon","coordinates":[[[177.026,64.844],[177.374,64.761],[177.251,64.856],[177.026,64.844]]]},"properties":{"NAME":null,"SUBJECTO":null,"BORDERPRECISION":1}},
{"type":"Feature","geometry":{"type":"Polygon","coordinates":[[[175.965,64.904],[176.712,64.782],[177.135,64.927],[175.965,64.904]]]},"properties":{"NAME":null,"SUBJECTO":null,"BORDERPRECISION":1}},
{"type":"Feature","geometry":null,"properties":{"NAME":null,"SUBJECTO":null,"BORDERPRECISION":1}},
{"type":"Feature","geometry":null,"properties":{"NAME":null,"SUBJECTO":null,"BORDERPRECISION":1}},
{"type":"Feature","geometry":null,"properties":{"NAME":null,"SUBJECTO":null,"BORDERPRECISION":1}},
{"type":"Feature","geometry":null,"properties":{"NAME":null,"SUBJECTO":null,"BORDERPRECISION":1}},
{"type":"Feature","geometry":{"type":"Polygon","coordinates":[[[178.078,63.429],[178.403,63.664],[178.372,63.749],[178.078,63.429]]]},"properties":{"NAME":null,"SUBJECTO":null,"BORDERPRECISION":1}},
{"type":"Feature","geometry":null,"properties":{"NAME":null,"SUBJECTO":null,"BORDERPRECISION":1}},
{"type":"Feature","geometry":null,"properties":{"NAME":null,"SUBJECTO":null,"BORDERPRECISION":1}},
{"type":"Feature","geometry":{"type":"Polygon","coordinates":[[[165.945,59.771],[167.104,60.271],[169.154,60.435],[169.877,59.875],[170.273,60.013],[170.337,60.277],[170.52,60.34],[171.072,60.452],[172,60.858],[172.492,61.263],[177.19,62.67],[172.492,61.263],[172,60.858],[170.344,60.28],[170.337,60.277],[170.268,60.145],[170.273,60.013],[169.877,59.875],[169.154,60.435],[167.104,60.271],[165.945,59.771]]]},"properties":{"NAME":null,"SUBJECTO":null,"BORDERPRECISION":1}},
{"type":"Feature","geometry":null,"properties":{"NAME":null,"SUBJECTO":null,"BORDERPRECISION":1}},
{"type":"Feature","geometry":{"type":"Polygon","coordinates":[[[163.043,59.462],[163.767,59.884],[163.389,59.814],[163.043,59.462]]]},"properties":{"NAME":null,"SUBJECTO":null,"BORDERPRECISION":1}},
{"type":"Feature","geometry":{"type":"Polygon","coordinates":[[[162.753,58.966],[163.255,59.29],[162.835,59.056],[162.753,58.966]]]},"properties":{"NAME":null,"SUBJECTO":null,"BORDERPRECISION":1}},
{"type":"Feature","geometry":{"type":"Polygon","coordinates":[[[161.8,57.863],[162.907,58.891],[161.804,58.102],[161.8,57.863]]]},"properties":{"NAME":null,"SUBJECTO":null,"BORDERPRECISION":1}},
{"type":"Feature","geometry":{"type":"Polygon","coordinates":[[[162.512,57.033],[163.128,57.552],[162.593,57.17],[162.512,57.033]]]},"properties":{"NAME":null,"SUBJECTO":null,"BORDERPRECISION":1}},
{"type":"Feature","geometry":{"type":"Polygon","coordinates":[[[162.555,56.011],[163.166,56.106],[163.098,56.56],[162.555,56.011]]]},"properties":{"NAME":null,"SUBJECTO":null,"BORDERPRECISION":1}},
{"type":"Feature","geometry":{"type":"Polygon","coordinates":[[[161.503,55.287],[162.722,56.342],[161.861,55.861],[161.503,55.287]]]},"properties":{"NAME":null,"SUBJECTO":null,"BORDERPRECISION":1}},
{"type":"Feature","geometry":null,"properties":{"NAME":null,"SUBJECTO":null,"BORDERPRECISION":1}},
{"type":"Feature","geometry":null,"properties":{"NAME":null,"SUBJECTO":null,"BORDERPRECISION":1}},
{"type":"Feature","geometry":{"type":"Polygon","coordinates":[[[156.038,52.781],[156.333,52.272],[156.175,52.609],[156.038,52.781]]]},"properties":{"NAME":null,"SUBJECTO":null,"BORDERPRECISION":1}},
{"type":"Feature","geometry":null,"properties":{"NAME":null,"SUBJECTO":null,"BORDERPRECISION":1}},
{"type":"Feature","geometry":null,"properties":{"NAME":null,"SUBJECTO":null,"BORDERPRECISION":1}},
{"type":"Feature","geometry":null,"properties":{"NAME":null,"SUBJECTO":null,"BORDERPRECISION":1}},
{"type":"Feature","geometry":null,"properties":{"NAME":null,"SUBJECTO":null,"BORDERPRECISION":1}},
{"type":"Feature","geometry":{"type":"Polygon","coordinates":[[[160.007,60.591],[160.645,60.718],[162.767,61.672],[160.007,60.591]]]},"properties":{"NAME":null,"SUBJECTO":null,"BORDERPRECISION":1}},
{"type":"Feature","geometry":{"type":"Polygon","coordinates":[[[159.744,61.1],[159.816,60.981],[160.236,60.947],[159.744,61.1]]]},"properties":{"NAME":null,"SUBJECTO":null,"BORDERPRECISION":1}},
{"type":"Feature","geometry":null,"properties":{"NAME":null,"SUBJECTO":null,"BORDERPRECISION":1}},
{"type":"Feature","geometry":null,"properties":{"NAME":null,"SUBJECTO":null,"BORDERPRECISION":1}},
{"type":"Feature","geometry":null,"properties":{"NAME":null,"SUBJECTO":null,"BORDERPRECISION":1}},
{"type":"Feature","geometry":{"type":"MultiPolygon","coordinates":[]},"properties":{"NAME":null,"SUBJECTO":null,"BORDERPRECISION":1}},
{"type":"Feature","geometry":null,"properties":{"NAME":null,"SUBJECTO":null,"BORDERPRECISION":1}},
{"type":"Feature","geometry":{"type":"Polygon","coordinates":[[[136.351,53.701],[136.492,54.455],[136.344,53.888],[136.351,53.701]]]},"properties":{"NAME":null,"SUBJECTO":null,"BORDERPRECISION":1}},
{"type":"Feature","geometry":{"type":"Polygon","coordinates":[[[137.071,53.489],[137.383,53.81],[137.122,53.589],[137.071,53.489]]]},"properties":{"NAME":null,"SUBJECTO":null,"BORDERPRECISION":1}},
{"type":"Feature","geometry":{"type":"Polygon","coordinates":[[[140.828,52.825],[141.09,52.985],[141.121,53.052],[140.828,52.825]]]},"properties":{"NAME":null,"SUBJECTO":null,"BORDERPRECISION":1}},
{"type":"Feature","geometry":null,"properties":{"NAME":null,"SUBJECTO":null,"BORDERPRECISION":1}},
{"type":"Feature","geometry":{"type":"Polygon","coordinates":[[[20.921,64.714],[21.329,64.894],[21.489,65.017],[20.921,64.714]]]},"properties":{"NAME":null,"SUBJECTO":null,"BORDERPRECISION":1}},
{"type":"Feature","geometry":{"type":"Polygon","coordinates":[[[10.155,64.099],[7.989,62.94],[7.088,62.91],[5.149,61.741],[5.096,60.264],[5.806,59.949],[5.615,58.455],[6.959,57.972],[8.154,58.09],[10.549,59.379],[13.302,55.301],[14.653,56.121],[15.771,56.033],[16.659,57.443],[16.744,58.312],[19.037,59.863],[17.146,60.953],[17.065,61.538],[18.487,62.981],[20.701,63.818],[21.386,64.385],[20.701,63.818],[15.43,61.866],[11.528,61.898],[10.155,64.099]],[[13.488,57.834],[14.964,57.823],[14.545,57.255],[13.488,57.834]]]},"properties":{"NAME":null,"SUBJECTO":null,"BORDERPRECISION":1}},
{"type":"Feature","geometry":null,"properties":{"NAME":null,"SUBJECTO":null,"BORDERPRECISION":1}},
{"type":"Feature","geometry":null,"properties":{"NAME":null,"SUBJECTO":null,"BORDERPRECISION":1}},
{"type":"Feature","geometry":{"type":"Polygon","coordinates":[[[13.169,66.458],[13.581,66.188],[13.403,66.349],[13.169,66.458]]]},"properties":{"NAME":null,"SUBJECTO":null,"BORDERPRECISION":1}},
{"type":"Feature","geometry":null,"properties":{"NAME":null,"SUBJECTO":null,"BORDERPRECISION":1}},
{"type":"Feature","geometry":{"type":"Polygon","coordinates":[[[14.569,67.329],[14.616,67.245],[14.778,67.217],[14.569,67.329]]]},"properties":{"NAME":null,"SUBJECTO":null,"BORDERPRECISION":1}},
{"type":"Feature","geometry":null,"properties":{"NAME":null,"SUBJECTO":null,"BORDERPRECISION":1}},
{"type":"Feature","geometry":null,"properties":{"NAME":null,"SUBJECTO":null,"BORDERPRECISION":1}},
{"type":"Feature","geometry":null,"properties":{"NAME":null,"SUBJECTO":null,"BORDERPRECISION":1}},
{"type":"Feature","geometry":{"type":"Polygon","coordinates":[[[20.197,69.318],[20.358,69.71],[20.278,69.582],[20.197,69.318]]]},"properties":{"NAME":null,"SUBJECTO":null,"BORDERPRECISION":1}},
{"type":"Feature","geometry":{"type":"Polygon","coordinates":[[[25.074,70.144],[25.832,70.898],[25.231,70.558],[25.074,70.144]]]},"properties":{"NAME":null,"SUBJECTO":null,"BORDERPRECISION":1}},
{"type":"Feature","geometry":{"type":"Polygon","coordinates":[[[26.617,70.392],[26.619,70.799],[26.607,70.915],[26.617,70.392]]]},"properties":{"NAME":null,"SUBJECTO":null,"BORDERPRECISION":1}},
{"type":"Feature","geometry":{"type":"Polygon","coordinates":[[[27.875,70.425],[28.308,70.949],[27.985,70.717],[27.875,70.425]]]},"properties":{"NAME":null,"SUBJECTO":null,"BORDERPRECISION":1}},
{"type":"Feature","geometry":{"type":"Polygon","coordinates":[[[28.73,70.136],[30.252,70.131],[30.754,70.43],[28.73,70.136]]]},"properties":{"NAME":null,"SUBJECTO":null,"BORDERPRECISION":1}},
{"type":"Feature","geometry":null,"properties":{"NAME":null,"SUBJECTO":null,"BORDERPRECISION":1}},
{"type":"Feature","geometry":null,"properties":{"NAME":null,"SUBJECTO":null,"BORDERPRECISION":1}},
{"type":"Feature","geometry":null,"properties":{"NAME":null,"SUBJECTO":null,"BORDERPRECISION":1}},
{"type":"Feature","geometry":{"type":"Polygon","coordinates":[[[32.219,66.994],[35.772,66.259],[39.19,66.039],[41.209,67.069],[39.19,66.039],[35.772,66.259],[32.219,66.994]]]},"properties":{"NAME":null,"SUBJECTO":null,"BORDERPRECISION":1}},
{"type":"Feature","geometry":{"type":"Polygon","coordinates":[[[13.488,57.834],[14.545,57.255],[14.964,57.823],[13.488,57.834]]]},"properties":{"NAME":"Heruli","SUBJECTO":"Heruli","BORDERPRECISION":1}},
{"type":"Feature","geometry":{"type":"Polygon","coordinates":[[[127.816,34.95],[128.402,35.053],[128.149,35.244],[127.816,34.95]]]},"properties":{"NAME":"Gaya","SUBJECTO":"Gaya","BORDERPRECISION":1}},
{"type":"Feature","geometry":{"type":"MultiPolygon","coordinates":[[[[126.622,33.24],[126.793,33.551],[126.317,33.453],[126.622,33.24]]],[[[126.501,37.594],[126.532,37.67],[126.372,37.63],[126.501,37.594]]]]},"properties":{"NAME":null,"SUBJECTO":null,"BORDERPRECISION":1}},
{"type":"Feature","geometry":{"type":"Polygon","coordinates":[[[126.168,37.714],[126.372,37.63],[126.532,37.67],[126.755,37.058],[127.666,37.606],[128.612,38.173],[127.441,39.624],[129.478,40.682],[129.641,41.656],[126.668,42.992],[125.654,42.654],[126.168,37.714]]]},"properties":{"NAME":"Koguryo","SUBJECTO":"Koguryo","BORDERPRECISION":1}},
{"type":"Feature","geometry":{"type":"Polygon","coordinates":[[[128.149,35.244],[127.666,37.606],[126.755,37.058],[126.371,34.789],[127.816,34.95],[128.149,35.244]]]},"properties":{"NAME":"Paekche","SUBJECTO":"Paekche","BORDERPRECISION":1}},
{"type":"Feature","geometry":{"type":"Polygon","coordinates":[[[128.402,35.053],[129.439,35.476],[129.342,37.257],[128.612,38.173],[127.666,37.606],[128.149,35.244],[128.402,35.053]]]},"properties":{"NAME":"Silla","SUBJECTO":"Silla","BORDERPRECISION":1}}
]}