{"type":"FeatureCollection", "features": [
{"type":"Feature","geometry":{"type":"MultiPolygon","coordinates":[[[[120.364,14.531],[121.009,13.656],[121.625,13.898],[122.492,13.43],[122.397,14.307],[121.729,14.108],[121.242,15.308],[121.439,15.918],[122.064,16.332],[122.396,17.114],[122.028,18.009],[121.036,18.528],[120.393,18.044],[120.303,16.417],[119.762,16.359],[119.772,15.47],[120.364,14.531]]],[[[121.094,12.201],[121.304,13.129],[120.547,13.153],[121.094,12.201]]],[[[121.873,10.468],[122.897,11.15],[121.994,11.758],[121.873,10.468]]],[[[122.942,9.048],[123.312,10.738],[122.92,10.852],[122.396,9.478],[122.942,9.048]]],[[[126.045,6.608],[126.322,7.149],[126.272,8.426],[125.934,9.175],[123.663,8.014],[123.486,8.496],[122.094,7.775],[123.023,7.478],[123.465,7.791],[124.074,7.258],[123.864,6.851],[124.224,6.09],[125.073,5.723],[125.28,6.594],[126.045,6.608]]]]},"properties":{"NAME":null,"SUBJECTO":null,"BORDERPRECISION":1}},
{"type":"Feature","geometry":{"type":"MultiPolygon","coordinates":[[[[175.308,-37.321],[174.217,-35.337],[173.166,-35.421],[174.765,-37.297],[174.945,-37.928],[174.655,-38.983],[173.805,-39.42],[175.354,-40.3],[174.895,-41.296],[176.011,-41.255],[177.157,-39.854],[177.024,-39.445],[178.408,-38.771],[178.569,-37.921],[177.528,-38.204],[176.129,-37.798],[175.308,-37.321]]],[[[172.063,-43.923],[174.234,-42.011],[173.264,-41.544],[172.148,-41.578],[171.458,-41.993],[171.024,-42.887],[169.649,-43.741],[168.416,-44.221],[167.137,-45.2],[166.523,-46.233],[169.399,-46.71],[170.612,-45.946],[171.378,-44.338],[172.063,-43.923]]]]},"properties":{"NAME":null,"SUBJECTO":null,"BORDERPRECISION":1}},
{"type":"Feature","geometry":{"type":"Polygon","coordinates":[[[-24.219,65.534],[-21.955,65.378],[-22.373,63.773],[-20.404,63.698],[-18.642,63.324],[-14.821,64.195],[-13.694,64.779],[-13.647,65.495],[-16.385,66.454],[-16.922,65.978],[-18.676,66.091],[-21.08,65.205],[-21.242,65.882],[-23.608,65.98],[-24.219,65.534]]]},"properties":{"NAME":null,"SUBJECTO":null,"BORDERPRECISION":1}},
{"type":"Feature","geometry":{"type":"Polygon","coordinates":[[[-39.695,65.187],[-39.992,65.533],[-35.972,65.847],[-34.433,66.384],[-32.956,67.641],[-26.964,68.502],[-22.732,69.774],[-24.585,70.304],[-27.475,70.207],[-27.606,71.068],[-25.291,71.569],[-23.754,70.59],[-21.471,70.532],[-21.726,71.405],[-25.073,72.634],[-27.357,72.859],[-24.076,73.756],[-22.82,73.327],[-20.33,73.42],[-19.071,74.609],[-19.194,75.444],[-21.183,76.697],[-18.253,77.3],[-20.777,77.969],[-20.879,78.818],[-14.202,81.21],[-22.053,81.54],[-25.457,82.221],[-22.432,82.743],[-26.421,83.342],[-32.513,83.577],[-49.648,82.478],[-61.122,81.798],[-62.811,81.156],[-63.358,78.236],[-62.449,76.338],[-58.636,75.793],[-54.73,73.038],[-55.626,71.73],[-53.323,71.891],[-51.72,71.59],[-50.573,69.866],[-50.954,68.539],[-50.539,67.488],[-49.473,67.033],[-49.062,64.786],[-47.656,62.795],[-46.133,61.759],[-46.158,60.937],[-43.72,60.004],[-44.258,61.87],[-43.848,64.206],[-42.793,65.403],[-39.695,65.187]]]},"properties":{"NAME":null,"SUBJECTO":null,"BORDERPRECISION":1}},
{"type":"Feature","geometry":{"type":"MultiPolygon","coordinates":[[[[-73.112,-72.749],[-70.021,-72.672],[-68.63,-72.054],[-68.398,-71.127],[-70.33,-68.963],[-72.394,-69.261],[-71.798,-69.736],[-72.107,-71.05],[-75.275,-71.668],[-73.112,-72.749]]],[[[-102.551,-72.131],[-97.142,-72.672],[-97.22,-71.822],[-101.16,-71.822],[-102.551,-72.131]]],[[[-55.185,-80.94],[-44.831,-80.322],[-43.904,-79.781],[-44.213,-78.39],[-48.849,-78.081],[-50.858,-78.699],[-51.708,-79.781],[-53.871,-79.936],[-55.185,-80.94]]],[[[169.769,-83.418],[162.015,-81.66],[160.577,-81.534],[159.315,-80.027],[160.686,-79.114],[163.643,-78.661],[162.384,-76.214],[162.346,-75.107],[164.616,-74.172],[168.975,-73.239],[170.729,-71.904],[167.635,-70.865],[162.485,-70.306],[160.599,-70.221],[157.307,-69.156],[154.435,-68.95],[151.093,-68.886],[150.893,-68.538],[146.875,-67.997],[145.586,-67.223],[141.157,-66.722],[134.205,-66.18],[130.272,-66.253],[129.01,-67.03],[122.458,-66.645],[118.286,-67.07],[115.679,-66.414],[114.436,-66.493],[113.015,-65.763],[110.607,-66.059],[109.404,-66.71],[102.631,-65.926],[100.875,-66.079],[99.654,-66.549],[95.723,-66.529],[90,-66.607],[85.523,-66.916],[81.814,-67.302],[78.26,-68.384],[76.869,-69.311],[75.401,-69.466],[72.542,-70.238],[70.301,-72.015],[68.215,-72.402],[67.365,-71.706],[68.138,-71.088],[67.513,-70.464],[68.951,-69.889],[69.773,-68.636],[69.374,-67.843],[62.806,-67.611],[56.627,-66.942],[55.142,-65.963],[52.452,-65.988],[48.967,-66.973],[47.305,-67.775],[44.797,-67.745],[42.561,-68.113],[39.647,-68.934],[39.459,-69.701],[38.332,-70.029],[36.078,-69.591],[33.541,-68.542],[32.748,-69.35],[23.707,-70.586],[17.603,-70.084],[12.658,-70.315],[10.34,-70.702],[8.485,-70.084],[0.681,-71.32],[-4.882,-71.281],[-7.2,-70.895],[-11.141,-71.59],[-11.828,-72.323],[-16.396,-73.445],[-14.451,-74.065],[-17.168,-74.758],[-18.405,-75.686],[-23.582,-75.918],[-30.227,-76.845],[-33.163,-77.386],[-36.408,-78.622],[-36.408,-79.163],[-29.568,-79.224],[-28.913,-80.476],[-38.031,-80.94],[-43.826,-81.79],[-52.249,-82.022],[-60.207,-82.331],[-67.934,-81.481],[-74.889,-80.708],[-76.589,-79.395],[-80.761,-78.236],[-80.687,-77.566],[-74.502,-78.081],[-78.598,-76.613],[-75.932,-76.484],[-70.562,-76.69],[-64.457,-75.686],[-61.367,-73.909],[-60.826,-72.749],[-61.676,-70.818],[-63.839,-68.654],[-65.153,-68.5],[-65.385,-67.341],[-62.371,-65.795],[-61.135,-64.868],[-57.271,-63.709],[-58.121,-63.4],[-60.207,-63.941],[-61.289,-64.482],[-62.912,-64.713],[-64.225,-65.254],[-66.853,-66.8],[-67.703,-66.877],[-67.084,-68.654],[-68.784,-69.813],[-67.084,-71.822],[-67.625,-72.749],[-75.584,-73.754],[-78.52,-73.715],[-80.993,-73.252],[-81.766,-74.024],[-88.565,-73.252],[-93.974,-73.174],[-96.524,-73.329],[-99.788,-72.998],[-101.88,-74.099],[-100.559,-74.466],[-100.045,-75.31],[-105.642,-75.068],[-106.801,-75.377],[-110.557,-75.303],[-113.238,-74.321],[-123.569,-74.836],[-127.123,-74.681],[-128.978,-74.913],[-134.773,-74.643],[-140.568,-75.261],[-146.672,-76.111],[-146.146,-77.457],[-149.995,-77.733],[-154.167,-77.115],[-158.031,-77.27],[-158.185,-77.811],[-154.554,-79.124],[-148.604,-79.665],[-145.668,-80.515],[-148.836,-81.365],[-154.477,-81.056],[-154.554,-82.138],[-152.081,-82.601],[-153.31,-83.942],[-148.759,-85.074],[-156.563,-85.46],[-167.226,-84.765],[-178.43,-84.456],[-180,-84.322],[-180,-85.322],[-180,-86.322],[-180,-87.322],[-180,-88.322],[-180,-89.322],[-180,-90],[-179.204,-90],[-178.204,-90],[-177.204,-90],[-176.204,-90],[-175.204,-90],[-174.204,-90],[-173.204,-90],[-172.204,-90],[-171.204,-90],[-170.204,-90],[-169.204,-90],[-168.204,-90],[-167.204,-90],[-166.204,-90],[-165.204,-90],[-164.204,-90],[-163.204,-90],[-162.204,-90],[-161.204,-90],[-160.204,-90],[-159.204,-90],[-158.204,-90],[-157.204,-90],[-156.204,-90],[-155.204,-90],[-154.204,-90],[-153.204,-90],[-152.204,-90],[-151.204,-90],[-150.204,-90],[-149.204,-90],[-148.204,-90],[-147.204,-90],[-146.204,-90],[-145.204,-90],[-144.204,-90],[-143.204,-90],[-142.204,-90],[-141.204,-90],[-140.204,-90],[-139.204,-90],[-138.204,-90],[-137.204,-90],[-136.204,-90],[-135.204,-90],[-134.204,-90],[-133.204,-90],[-132.204,-90],[-131.204,-90],[-130.204,-90],[-129.204,-90],[-128.204,-90],[-127.204,-90],[-126.204,-90],[-125.204,-90],[-124.204,-90],[-123.204,-90],[-122.204,-90],[-121.204,-90],[-120.204,-90],[-119.204,-90],[-118.204,-90],[-117.204,-90],[-116.204,-90],[-115.204,-90],[-114.204,-90],[-113.204,-90],[-112.204,-90],[-111.204,-90],[-110.204,-90],[-109.204,-90],[-108.204,-90],[-107.204,-90],[-106.204,-90],[-105.204,-90],[-104.204,-90],[-103.204,-90],[-102.204,-90],[-101.204,-90],[-100.204,-90],[-99.204,-90],[-98.204,-90],[-97.204,-90],[-96.204,-90],[-95.204,-90],[-94.204,-90],[-93.204,-90],[-92.204,-90],[-91.204,-90],[-90,-90],[-89.204,-90],[-88.204,-90],[-87.204,-90],[-86.204,-90],[-85.204,-90],[-84.204,-90],[-83.204,-90],[-82.204,-90],[-81.204,-90],[-80.204,-90],[-79.204,-90],[-78.204,-90],[-77.204,-90],[-76.204,-90],[-75.204,-90],[-74.204,-90],[-73.204,-90],[-72.204,-90],[-71.204,-90],[-70.204,-90],[-69.204,-90],[-68.204,-90],[-67.204,-90],[-66.204,-90],[-65.204,-90],[-64.204,-90],[-63.204,-90],[-62.204,-90],[-61.204,-90],[-60.204,-90],[-59.204,-90],[-58.204,-90],[-57.204,-90],[-56.204,-90],[-55.204,-90],[-54.204,-90],[-53.204,-90],[-52.204,-90],[-51.204,-90],[-50.204,-90],[-49.204,-90],[-48.204,-90],[-47.204,-90],[-46.204,-90],[-45.204,-90],[-44.204,-90],[-43.204,-90],[-42.204,-90],[-41.204,-90],[-40.204,-90],[-39.204,-90],[-38.204,-90],[-37.204,-90],[-36.204,-90],[-35.204,-90],[-34.204,-90],[-33.204,-90],[-32.204,-90],[-31.204,-90],[-30.204,-90],[-29.204,-90],[-28.204,-90],[-27.204,-90],[-26.204,-90],[-25.204,-90],[-24.204,-90],[-23.204,-90],[-22.204,-90],[-21.204,-90],[-20.204,-90],[-19.204,-90],[-18.204,-90],[-17.204,-90],[-16.204,-90],[-15.204,-90],[-14.204,-90],[-13.204,-90],[-12.204,-90],[-11.204,-90],[-10.204,-90],[-9.204,-90],[-8.204,-90],[-7.204,-90],[-6.204,-90],[-5.204,-90],[-4.204,-90],[-3.204,-90],[-2.204,-90],[-1.204,-90],[-0.204,-90],[0.778,-90],[1.778,-90],[2.778,-90],[3.778,-90],[4.778,-90],[5.778,-90],[6.778,-90],[7.778,-90],[8.778,-90],[9.778,-90],[10.778,-90],[11.778,-90],[12.778,-90],[13.778,-90],[14.778,-90],[15.778,-90],[16.778,-90],[17.778,-90],[18.778,-90],[19.778,-90],[20.778,-90],[21.778,-90],[22.778,-90],[23.778,-90],[24.778,-90],[25.778,-90],[26.778,-90],[27.778,-90],[28.778,-90],[29.778,-90],[30.778,-90],[31.778,-90],[32.778,-90],[33.778,-90],[34.778,-90],[35.778,-90],[36.778,-90],[37.778,-90],[38.778,-90],[39.778,-90],[40.778,-90],[41.778,-90],[42.778,-90],[43.778,-90],[44.778,-90],[45.778,-90],[46.778,-90],[47.778,-90],[48.778,-90],[49.778,-90],[50.778,-90],[51.778,-90],[52.778,-90],[53.778,-90],[54.778,-90],[55.778,-90],[56.778,-90],[57.778,-90],[58.778,-90],[59.778,-90],[60.778,-90],[61.778,-90],[62.778,-90],[63.778,-90],[64.778,-90],[65.778,-90],[66.778,-90],[67.778,-90],[68.778,-90],[69.778,-90],[70.778,-90],[71.778,-90],[72.778,-90],[73.778,-90],[74.778,-90],[75.778,-90],[76.778,-90],[77.778,-90],[78.778,-90],[79.778,-90],[80.778,-90],[81.778,-90],[82.778,-90],[83.778,-90],[84.778,-90],[85.778,-90],[86.778,-90],[87.778,-90],[88.778,-90],[89.778,-90],[89.796,-90],[90,-90],[91.778,-90],[92.778,-90],[93.778,-90],[94.778,-90],[95.778,-90],[96.778,-90],[97.778,-90],[98.778,-90],[99.778,-90],[100.778,-90],[101.778,-90],[102.778,-90],[103.778,-90],[104.778,-90],[105.778,-90],[106.778,-90],[107.778,-90],[108.778,-90],[109.778,-90],[110.778,-90],[111.778,-90],[112.778,-90],[113.778,-90],[114.778,-90],[115.778,-90],[116.778,-90],[117.778,-90],[118.778,-90],[119.778,-90],[120.778,-90],[121.778,-90],[122.778,-90],[123.778,-90],[124.778,-90],[125.778,-90],[126.778,-90],[127.778,-90],[128.778,-90],[129.778,-90],[130.778,-90],[131.778,-90],[132.778,-90],[133.778,-90],[134.778,-90],[135.778,-90],[136.778,-90],[137.778,-90],[138.778,-90],[139.778,-90],[140.778,-90],[141.778,-90],[142.778,-90],[143.778,-90],[144.778,-90],[145.778,-90],[146.778,-90],[147.778,-90],[148.778,-90],[149.778,-90],[150.778,-90],[151.778,-90],[152.778,-90],[153.778,-90],[154.778,-90],[155.778,-90],[156.778,-90],[157.778,-90],[158.778,-90],[159.778,-90],[160.778,-90],[161.778,-90],[162.778,-90],[163.778,-90],[164.778,-90],[165.778,-90],[166.778,-90],[167.778,-90],[168.778,-90],[169.778,-90],[170.778,-90],[171.778,-90],[172.778,-90],[173.778,-90],[174.778,-90],[175.778,-90],[176.778,-90],[177.778,-90],[178.778,-90],[180,-90],[180,-89.319],[180,-88.319],[180,-87.319],[180,-86.319],[180,-85.319],[180,-84.34],[169.769,-83.418]]]]},"properties":{"NAME":null,"SUBJECTO":null,"BORDERPRECISION":1}},
{"type":"Feature","geometry":{"type":"Polygon","coordinates":[[[106.93,11.842],[106.773,10.639],[107.412,10.367],[108.696,11.145],[109.073,11.635],[109.307,12.906],[108.786,15.091],[108.236,16.08],[107.375,16.691],[106.451,16.188],[107.269,15.119],[107.636,13.744],[107.543,12.26],[106.93,11.842]]]},"properties":{"NAME":"Champa","SUBJECTO":"Champa","BORDERPRECISION":1}},
{"type":"Feature","geometry":{"type":"MultiPolygon","coordinates":[[[[140.87,-2.795],[139.592,-2.379],[137.854,-1.614],[136.271,-2.418],[135.734,-3.252],[135.246,-3.539],[134.283,-2.855],[133.907,-1.006],[132.254,-0.527],[131.211,-1.025],[132.719,-2.934],[132.713,-3.888],[134.041,-3.948],[134.777,-4.309],[137.385,-5.123],[137.824,-5.427],[139.156,-7.725],[139.112,-8.323],[139.977,-8.238],[140.948,-9.274],[142.607,-9.377],[143.331,-9],[143.437,-8.358],[144.38,-7.758],[145.82,-8.098],[146.646,-9.279],[147.874,-10.179],[149.783,-10.41],[149.83,-9.711],[148.589,-9.16],[148.035,-8.246],[147.376,-7.796],[146.909,-6.895],[147.664,-6.791],[147.376,-6.125],[145.593,-5.423],[145.728,-4.997],[143.446,-3.61],[140.87,-2.795]]],[[[149.554,-6.406],[151.056,-6.015],[152.059,-5.498],[151.588,-4.902],[150.289,-5.712],[148.377,-5.659],[149.554,-6.406]]],[[[123.492,-10.352],[124.154,-10.205],[125.212,-9.395],[125.08,-8.772],[123.665,-9.748],[123.492,-10.352]]],[[[127.631,-0.017],[128.632,1.022],[127.689,0.925],[127.631,-0.017]]],[[[122.949,-8.377],[121.279,-8.717],[120.565,-8.388],[119.935,-8.936],[121.694,-8.996],[122.949,-8.377]]],[[[120.28,-10.378],[120.462,-9.926],[119.789,-9.458],[119.41,-9.872],[120.28,-10.378]]],[[[120.432,0.636],[119.914,0.54],[119.205,-1.432],[119.175,-2.176],[118.684,-2.901],[118.791,-3.663],[119.461,-3.808],[119.477,-5.804],[120.248,-5.586],[120.144,-3.076],[120.999,-3.049],[120.881,-3.716],[121.508,-4.236],[121.873,-4.96],[122.641,-4.284],[122.19,-3.847],[122.258,-3.211],[121.265,-2.101],[122.223,-1.654],[122.757,-1.094],[121.461,-0.989],[121.055,-1.549],[120.507,-1.448],[119.873,-0.465],[120.337,0.356],[122.983,0.375],[122.733,0.673],[120.767,1.139],[120.432,0.636]]]]},"properties":{"NAME":null,"SUBJECTO":null,"BORDERPRECISION":1}},
{"type":"Feature","geometry":{"type":"MultiPolygon","coordinates":[[[[13.252,79.801],[11.76,78.88],[16.617,78.467],[13.905,78],[15.099,77.115],[17.267,76.813],[19.116,78.455],[20.908,78.809],[17.834,79.809],[13.252,79.801]]],[[[21.971,79.783],[23.821,79.147],[27.197,79.944],[24.783,80.38],[21.971,79.783]]]]},"properties":{"NAME":null,"SUBJECTO":null,"BORDERPRECISION":1}},
{"type":"Feature","geometry":{"type":"Polygon","coordinates":[[[-71.612,-17.221],[-71.365,-17.697],[-70.584,-18.083],[-70.209,-19.067],[-70.111,-21.748],[-70.292,-22.987],[-70.573,-23.166],[-70.398,-25.249],[-69.094,-25.548],[-68.192,-25.492],[-67.952,-24.645],[-67.825,-22.475],[-67.356,-19.194],[-67.238,-18.364],[-67.942,-15.428],[-69.01,-14.186],[-69.874,-14.377],[-71.612,-17.221]]]},"properties":{"NAME":"Tiahuanaco Empire","SUBJECTO":"Tiahuanaco Empire","BORDERPRECISION":1}},
{"type":"Feature","geometry":{"type":"Polygon","coordinates":[[[80.563,5.932],[81.203,6.079],[81.866,7.085],[80.662,9.299],[80.178,9.445],[79.675,8.805],[79.854,7.061],[80.222,6.058],[80.563,5.932]]]},"properties":{"NAME":"Simhala","SUBJECTO":"Simhala","BORDERPRECISION":1}},
{"type":"Feature","geometry":{"type":"Polygon","coordinates":[[[-100.494,20.9],[-101.009,20.277],[-100.755,19.588],[-99.909,19.027],[-99.142,18.924],[-98.483,19.802],[-99.107,20.586],[-100.494,20.9]]]},"properties":{"NAME":"Teotihuacàn","SUBJECTO":"Teotihuacàn","BORDERPRECISION":1}},
{"type":"Feature","geometry":{"type":"Polygon","coordinates":[[[-96.206,17.886],[-97.061,18.057],[-98.587,17.988],[-99.211,17.711],[-99.016,16.824],[-97.685,16.393],[-96.437,16.22],[-95.501,16.532],[-95.432,17.433],[-96.188,17.88],[-96.206,17.886]]]},"properties":{"NAME":"Monte Alb?n","SUBJECTO":"Monte Alb?n","BORDERPRECISION":1}},
{"type":"Feature","geometry":{"type":"Polygon","coordinates":[[[-87.571,15.908],[-88.664,15.726],[-88.3,17.635],[-87.877,18.381],[-87.651,20.19],[-86.936,20.976],[-87.201,21.529],[-88.334,21.59],[-90,21.161],[-90,19.382],[-91.702,18.823],[-92.938,18.586],[-93.144,16.982],[-93.588,15.741],[-92.472,14.792],[-91.242,13.952],[-90,13.753],[-88.243,14.836],[-87.571,15.908]]]},"properties":{"NAME":"Maya states","SUBJECTO":"Maya states","BORDERPRECISION":1}},
{"type":"Feature","geometry":{"type":"MultiPolygon","coordinates":[[[[-96.206,17.886],[-97.235,18.231],[-97.997,18.924],[-98.448,19.791],[-98.518,20.935],[-97.527,21.254],[-97.882,22.333],[-97.822,24.143],[-100.357,23.97],[-104.224,25.116],[-107.564,27.765],[-109.937,28.204],[-110.527,27.762],[-109.132,26.289],[-108.848,25.615],[-108.013,24.981],[-105.54,22.285],[-105.291,20.67],[-105.67,20.352],[-104.948,19.438],[-104.197,19.058],[-103.494,18.354],[-101.993,18.027],[-101.221,17.418],[-98.856,16.597],[-97.881,16.052],[-96.333,15.75],[-95.13,16.299],[-94.075,16.111],[-93.588,15.741],[-93.144,16.982],[-93.942,17.095],[-96.188,17.88],[-95.432,17.433],[-95.501,16.532],[-96.437,16.22],[-97.685,16.393],[-99.016,16.824],[-99.211,17.711],[-98.587,17.988],[-97.061,18.057],[-96.206,17.886]],[[-100.494,20.9],[-99.107,20.586],[-98.483,19.802],[-99.142,18.924],[-99.909,19.027],[-100.755,19.588],[-101.009,20.277],[-100.494,20.9]]],[[[-155.772,20.213],[-156.163,19.808],[-156.034,19.106],[-154.948,19.483],[-155.772,20.213]]],[[[-90.108,30.039],[-90,30.08],[-90,30.316],[-90.108,30.039]]],[[[-90.65,29.239],[-90.667,29.223],[-90.27,29.155],[-90.65,29.239]]],[[[-91.172,69.647],[-90,68.375],[-90,69.489],[-91.172,69.647]]],[[[-104.62,71.093],[-105.313,72.65],[-108.182,73.383],[-108.986,72.73],[-111.726,72.331],[-114.647,73.355],[-116.934,72.902],[-114.038,72.064],[-110.347,71.197],[-104.62,71.093]]],[[[-123.148,74.441],[-117.686,73.215],[-115.654,73.633],[-117.336,74.167],[-123.148,74.441]]],[[[-114.138,76.385],[-116.296,76.238],[-115.186,75.154],[-112.203,74.5],[-109.07,75.133],[-105.773,75.23],[-105.917,76.022],[-111.386,75.66],[-114.138,76.385]]],[[[-102.15,75.644],[-99.944,75.084],[-98.002,75.162],[-97.817,76.476],[-101.885,76.333],[-102.15,75.644]]],[[[-76.024,82.531],[-78.698,83.003],[-90,82.017],[-89.193,81.096],[-85.192,81.324],[-82.791,80.697],[-78.566,80.992],[-76.024,82.531]]],[[[-87.827,80.373],[-91.016,80.75],[-96.433,79.933],[-92.702,78.434],[-90,78.263],[-87.787,78.725],[-86.997,79.445],[-87.827,80.373]]]]},"properties":{"NAME":null,"SUBJECTO":null,"BORDERPRECISION":1}},
{"type":"Feature","geometry":{"type":"Polygon","coordinates":[[[-79.486,-7.618],[-79.06,-5.969],[-79.654,-5.723],[-80.668,-6.347],[-80.066,-6.756],[-79.486,-7.618]]]},"properties":{"NAME":"Moche","SUBJECTO":"Moche","BORDERPRECISION":1}},
{"type":"Feature","geometry":{"type":"MultiPolygon","coordinates":[[[[-58.139,48.599],[-59.319,47.963],[-56.804,47.616],[-56.079,47.865],[-53.896,47.557],[-54.125,47.113],[-53.07,46.731],[-52.729,47.455],[-54.13,48.836],[-56.662,50.056],[-55.557,51.326],[-56.152,51.47],[-57.356,50.595],[-58.392,49.037],[-58.139,48.599]]],[[[-60.814,45.644],[-59.997,45.854],[-60.26,46.938],[-61.381,46.331],[-60.814,45.644]]]]},"properties":{"NAME":null,"SUBJECTO":null,"BORDERPRECISION":1}},
{"type":"Feature","geometry":{"type":"Polygon","coordinates":[[[-96.188,17.88],[-93.942,17.095],[-93.144,16.982],[-92.938,18.586],[-94.242,18.24],[-96.012,18.929],[-97.527,21.254],[-98.518,20.935],[-98.448,19.791],[-97.997,18.924],[-97.235,18.231],[-96.206,17.886],[-96.188,17.88]]]},"properties":{"NAME":"Veracruz civilization","SUBJECTO":"Veracruz civilization","BORDERPRECISION":1}},
{"type":"Feature","geometry":{"type":"Polygon","coordinates":[[[34.701,12.658],[35.151,13.052],[35.466,14.28],[35.267,16.386],[30.531,15.824],[30.531,14.093],[31.281,13.057],[31.805,12.522],[32.879,12.471],[34.701,12.658]]]},"properties":{"NAME":"Alwa","SUBJECTO":"Alwa","BORDERPRECISION":1}},
{"type":"Feature","geometry":{"type":"Polygon","coordinates":[[[35.267,16.386],[35.151,18.226],[34.528,20.175],[34.422,20.506],[29.846,20.116],[29.662,18.644],[30.347,16.933],[30.531,15.824],[35.267,16.386]]]},"properties":{"NAME":"Makkura","SUBJECTO":"Makkura","BORDERPRECISION":1}},
{"type":"Feature","geometry":{"type":"Polygon","coordinates":[[[34.422,20.506],[33.345,23.354],[33.657,24.018],[32.749,23.77],[30.809,23.863],[30.242,21.736],[30.242,20.886],[29.846,20.116],[34.422,20.506]]]},"properties":{"NAME":"Nobatia","SUBJECTO":"Nobatia","BORDERPRECISION":1}},
{"type":"Feature","geometry":{"type":"Polygon","coordinates":[[[-6.706,38.277],[-5.782,37.907],[-2.825,37.723],[-1.531,39.201],[-0.335,39.426],[0.879,41.022],[2.081,41.298],[3.129,41.857],[3.002,42.771],[3.807,43.467],[3.273,43.728],[1.518,42.527],[-0.867,43.3],[-0.856,43.024],[-3.855,42.952],[-3.811,43.434],[-5.98,43.705],[-7.636,43.721],[-9.271,43.049],[-8.644,42.42],[-8.921,41.767],[-8.694,40.992],[-9.522,38.69],[-8.854,38.5],[-8.791,37.829],[-6.706,38.277]]]},"properties":{"NAME":"Visigothic Kingdom","SUBJECTO":"Visigothic Kingdom","BORDERPRECISION":1}},
{"type":"Feature","geometry":{"type":"Polygon","coordinates":[[[-2.614,47.572],[-2.791,48.59],[-4.35,48.391],[-3.955,47.904],[-2.614,47.572]]]},"properties":{"NAME":"Broërec","SUBJECTO":"Broërec","BORDERPRECISION":1}},
{"type":"Feature","geometry":{"type":"Polygon","coordinates":[[[-7.428,55.064],[-8.345,55.095],[-8.59,54.203],[-9.892,54.326],[-9.158,53.221],[-9.891,52.194],[-9.819,51.435],[-6.406,52.214],[-6.043,52.893],[-6.443,53.899],[-5.662,54.322],[-6.018,55.093],[-7.428,55.064]]]},"properties":{"NAME":null,"SUBJECTO":null,"BORDERPRECISION":1}},
{"type":"Feature","geometry":{"type":"Polygon","coordinates":[[[100.68,24.132],[100.123,23.854],[100.353,20.745],[100.123,20.169],[100.698,19.479],[103.234,20.123],[103.833,20.144],[106.43,24.874],[103.683,26.056],[102.257,25.338],[100.68,24.132]]]},"properties":{"NAME":"Thai Kingdoms","SUBJECTO":"Thai Kingdoms","BORDERPRECISION":1}},
{"type":"Feature","geometry":{"type":"Polygon","coordinates":[[[106.451,16.188],[104.575,15.784],[104.112,15.506],[103.926,14.207],[104.019,12.909],[104.39,11.981],[106.93,11.842],[107.543,12.26],[107.636,13.744],[107.269,15.119],[106.451,16.188]]]},"properties":{"NAME":"Chen-La","SUBJECTO":"Chen-La","BORDERPRECISION":1}},
{"type":"Feature","geometry":{"type":"Polygon","coordinates":[[[88.327,28.013],[85.654,28.584],[80.738,30.903],[78.342,32.594],[76.843,30.253],[76.922,29.388],[78.541,27.628],[80.46,25.709],[82.594,24.781],[83.985,24.781],[85.098,25.801],[85.933,25.245],[87.602,25.059],[88.344,26.451],[88.327,28.013]]]},"properties":{"NAME":"Kanauj","SUBJECTO":"Kanauj","BORDERPRECISION":1}},
{"type":"Feature","geometry":{"type":"Polygon","coordinates":[[[88.344,26.451],[91.59,25.523],[91.683,25.059],[91.571,22.543],[92.125,22.968],[92.987,24.082],[94.558,25.709],[94.466,26.451],[93.909,26.822],[88.327,28.013],[88.344,26.451]]]},"properties":{"NAME":"Kamarupa","SUBJECTO":"Kamarupa","BORDERPRECISION":1}},
{"type":"Feature","geometry":{"type":"Polygon","coordinates":[[[78.541,27.628],[76.309,27.045],[74.117,26.544],[72.628,28.367],[76.922,29.388],[76.843,30.253],[78.342,32.594],[75.22,34.798],[73.829,36.746],[69.933,35.633],[67.149,34.602],[67.243,32.016],[66.432,25.489],[66.702,24.752],[67.316,24.093],[68.047,23.764],[68.791,23.029],[69.665,22.789],[69.969,22.351],[69.126,21.969],[70.21,20.948],[71.024,20.657],[72.121,21.155],[72.931,20.954],[79.44,22.184],[80.089,22.091],[80.275,19.865],[82.354,17.086],[83.381,17.711],[85.379,19.605],[84.727,20.886],[84.912,22.741],[84.82,23.854],[83.985,24.781],[82.594,24.781],[80.46,25.709],[78.541,27.628]]]},"properties":{"NAME":"Hindu kingdoms","SUBJECTO":"Hindu kingdoms","BORDERPRECISION":1}},
{"type":"Feature","geometry":{"type":"Polygon","coordinates":[[[83.985,24.781],[84.82,23.854],[84.912,22.741],[84.727,20.886],[85.379,19.605],[86.119,19.807],[86.926,20.691],[86.796,21.136],[87.641,21.563],[88.723,21.54],[90,21.93],[90,22.561],[91.571,22.543],[91.683,25.059],[91.59,25.523],[88.344,26.451],[87.602,25.059],[85.933,25.245],[85.098,25.801],[83.985,24.781]]]},"properties":{"NAME":"Shaskanka","SUBJECTO":"Shaskanka","BORDERPRECISION":1}},
{"type":"Feature","geometry":{"type":"Polygon","coordinates":[[[79.712,11.425],[78.698,11.054],[77.121,11.239],[77.121,12.074],[76.286,12.631],[76.472,13.744],[75.637,13.929],[75.081,14.393],[74.521,14.155],[75.211,12.102],[76.075,10.554],[76.704,8.706],[77.341,8.053],[77.9,8.258],[78.314,8.996],[78.927,9.493],[79.222,10.192],[79.826,10.359],[79.712,11.425]]]},"properties":{"NAME":"Hindu kingdoms","SUBJECTO":"Hindu kingdoms","BORDERPRECISION":1}},
{"type":"Feature","geometry":{"type":"Polygon","coordinates":[[[79.712,11.425],[80.32,13.333],[80.087,14.946],[79.069,15.228],[78.976,17.639],[78.049,17.454],[75.081,14.393],[75.637,13.929],[76.472,13.744],[76.286,12.631],[77.121,12.074],[77.121,11.239],[78.698,11.054],[79.712,11.425]]]},"properties":{"NAME":"Pallavas","SUBJECTO":"Pallavas","BORDERPRECISION":1}},
{"type":"Feature","geometry":{"type":"Polygon","coordinates":[[[72.931,20.954],[72.759,20.058],[73.064,18.032],[73.841,15.39],[74.521,14.155],[75.081,14.393],[78.049,17.454],[78.976,17.639],[79.069,15.228],[80.087,14.946],[80.3,15.646],[81.088,15.827],[81.369,16.347],[82.235,16.647],[82.354,17.086],[80.275,19.865],[80.089,22.091],[79.44,22.184],[72.931,20.954]]]},"properties":{"NAME":"Chalukyas","SUBJECTO":"Chalukyas","BORDERPRECISION":1}},
{"type":"Feature","geometry":{"type":"Polygon","coordinates":[[[5.768,51.398],[3.984,51.868],[2.522,51.091],[4.888,50.936],[5.768,51.398]]]},"properties":{"NAME":null,"SUBJECTO":null,"BORDERPRECISION":1}},
{"type":"Feature","geometry":{"type":"Polygon","coordinates":[[[127.405,39.075],[127.672,39.866],[129.478,40.682],[129.641,41.656],[131.065,42.749],[132.182,43.195],[132.827,42.862],[132.122,44.63],[130.546,45.372],[129.95,45.287],[129.247,45.186],[127.299,43.238],[125.508,42.599],[124.702,42.311],[122.082,40.488],[121.239,39.554],[122.027,39.256],[124.104,39.885],[125.296,39.364],[125.294,38.689],[127.405,39.075]]]},"properties":{"NAME":"Koguryo","SUBJECTO":"Koguryo","BORDERPRECISION":1}},
{"type":"Feature","geometry":{"type":"MultiPolygon","coordinates":[[[[128.164,34.799],[128.158,34.894],[128.021,34.986],[127.661,34.906],[127.868,34.917],[127.916,34.88],[128.164,34.799]]],[[[126.354,34.694],[126.525,35.579],[126.225,35.164],[126.354,34.694]]],[[[126.622,35.944],[126.464,36.575],[126.334,36.639],[126.371,36.592],[126.398,36.401],[126.622,35.944]]],[[[126.659,37.222],[126.666,37.528],[126.46,37.593],[126.397,37.599],[126.659,37.222]]]]},"properties":{"NAME":"Paekche","SUBJECTO":"Paekche","BORDERPRECISION":1}},
{"type":"Feature","geometry":{"type":"MultiPolygon","coordinates":[[[[125.294,38.689],[124.736,38.28],[125.269,37.485],[126.372,37.63],[126.46,37.593],[126.666,37.528],[127.134,38.299],[128.27,38.42],[127.405,39.075],[125.294,38.689]]],[[[128.164,34.799],[128.32,34.948],[128.158,34.894],[128.164,34.799]]]]},"properties":{"NAME":"Silla","SUBJECTO":"Silla","BORDERPRECISION":1}},
{"type":"Feature","geometry":{"type":"MultiPolygon","coordinates":[[[[139.478,38.326],[138.317,37.206],[137.176,36.643],[136.668,36.667],[135.978,35.973],[135.157,35.646],[133.006,35.254],[132.663,35.381],[130.899,33.904],[131.995,33.804],[132.481,34.129],[134.427,34.628],[135.063,33.69],[135.756,33.342],[136.734,34.874],[137.248,34.482],[138.149,34.528],[139.423,35.166],[140.317,35.034],[140.656,36.618],[140.964,36.956],[140.872,37.917],[139.478,38.326]]],[[[130.744,30.888],[131.319,31.511],[131.831,32.693],[131.67,33.309],[130.427,33.674],[129.343,33.151],[129.846,32.587],[130.219,31.56],[130.744,30.888]]],[[[132.699,32.549],[133.154,33.216],[133.999,33.148],[134.54,34.013],[133.806,34.176],[132.784,33.908],[132.121,33.348],[132.699,32.549]]]]},"properties":{"NAME":"Yamato","SUBJECTO":"Yamato","BORDERPRECISION":1}},
{"type":"Feature","geometry":{"type":"Polygon","coordinates":[[[140.872,37.917],[141.496,38.422],[141.998,39.672],[141.153,40.865],[139.915,40.575],[140.03,39.483],[139.478,38.326],[140.872,37.917]]]},"properties":{"NAME":null,"SUBJECTO":null,"BORDERPRECISION":1}},
{"type":"Feature","geometry":{"type":"Polygon","coordinates":[[[112.678,-7.719],[109.862,-7.496],[107.543,-7.125],[105.794,-6.289],[106.484,-7.503],[108.16,-7.856],[109.037,-7.72],[110.778,-8.32],[112.414,-8.488],[113.074,-8.347],[114.105,-8.688],[113.948,-7.824],[112.678,-7.719]]]},"properties":{"NAME":"Mataram","SUBJECTO":"Mataram","BORDERPRECISION":1}},
{"type":"Feature","geometry":{"type":"Polygon","coordinates":[[[102.702,0.566],[101.06,2.081],[100.732,1.871],[99.858,2.904],[98.146,4.07],[97.384,5.18],[96.187,5.146],[95.191,5.41],[95.561,4.534],[96.394,3.647],[96.72,3.705],[97.509,2.74],[97.597,2.251],[98.601,1.707],[99.113,0.221],[99.697,-0.152],[100.65,-1.631],[100.812,-2.336],[102.111,-3.604],[102.462,-4.182],[103.523,-4.999],[104.568,-6.071],[105.187,-5.542],[103.648,-3.044],[103.648,-2.488],[102.72,-1.375],[102.442,-0.076],[102.702,0.566]]]},"properties":{"NAME":null,"SUBJECTO":null,"BORDERPRECISION":1}},
{"type":"Feature","geometry":{"type":"Polygon","coordinates":[[[100.302,7.887],[99.119,7.643],[100.139,6.177],[100.664,3.904],[101.336,2.781],[103.428,1.381],[104.176,1.389],[103.308,3.026],[103.342,4.805],[102.325,6.099],[101.56,6.74],[100.615,6.979],[100.302,7.887]]]},"properties":{"NAME":"minor states under Indian influence","SUBJECTO":"minor states under Indian influence","BORDERPRECISION":1}},
{"type":"Feature","geometry":{"type":"Polygon","coordinates":[[[114.218,-3.432],[114.712,-4.206],[115.568,-3.804],[116.349,-2.417],[116.046,-1.934],[117.046,-0.935],[117.534,0.611],[118.517,1.166],[117.696,1.901],[117.829,2.314],[117.074,3.507],[117.589,4.048],[118.391,4.374],[119.043,5.17],[118.377,5.639],[117.37,5.789],[117.507,6.393],[116.596,6.899],[115.787,5.74],[114.878,4.856],[113.815,4.263],[112.759,3.009],[111.372,2.599],[110.818,1.244],[109.282,1.883],[108.814,0.808],[109.158,-0.075],[109.179,-0.869],[109.783,-1.306],[110.233,-1.3],[111.643,-2.191],[113.053,-2.265],[114.017,-2.71],[114.218,-3.432]]]},"properties":{"NAME":null,"SUBJECTO":null,"BORDERPRECISION":1}},
{"type":"Feature","geometry":{"type":"MultiPolygon","coordinates":[[[[112.678,-7.719],[112.275,-7.027],[111.045,-6.852],[110.027,-7.044],[108.556,-6.921],[106.945,-6.026],[105.794,-6.289],[107.543,-7.125],[109.862,-7.496],[112.678,-7.719]]],[[[105.187,-5.542],[105.728,-5.827],[105.711,-4.105],[105.943,-3.215],[105.445,-2.599],[104.352,-1.89],[104.298,-1.363],[103.238,-0.659],[103.722,0.015],[102.702,0.566],[102.442,-0.076],[102.72,-1.375],[103.648,-2.488],[103.648,-3.044],[105.187,-5.542]]],[[[109.783,-1.306],[110.102,-3.079],[111.436,-2.974],[112.578,-3.423],[112.795,-2.971],[113.744,-3.598],[114.218,-3.432],[114.017,-2.71],[113.053,-2.265],[111.643,-2.191],[110.233,-1.3],[109.783,-1.306]]]]},"properties":{"NAME":"minor states under Indian influence","SUBJECTO":"minor states under Indian influence","BORDERPRECISION":1}},
{"type":"Feature","geometry":{"type":"Polygon","coordinates":[[[67.149,34.602],[67.058,37.117],[66.78,38.044],[65.017,38.508],[62.698,39.992],[61.956,41.291],[56.855,39.436],[54.033,38.993],[53.88,38.025],[54.067,36.942],[53.8,36.679],[51.796,36.432],[50.561,36.686],[50.039,37.225],[48.837,37.511],[48.825,38.31],[49.807,40.581],[48.254,42.248],[44.391,41.881],[43.19,40.31],[38.376,33.532],[39.49,33.362],[47.614,29.272],[47.911,29.89],[50.132,30.066],[50.705,29.401],[51.35,28.036],[52.41,27.581],[52.891,27.052],[54.646,26.391],[55.9,27.105],[56.79,26.974],[57.255,25.793],[59.031,25.308],[60.48,25.298],[61.344,25.027],[64.425,25.173],[66.432,25.489],[67.243,32.016],[67.149,34.602]]]},"properties":{"NAME":"Sasanian Empire","SUBJECTO":"Sasanian Empire","BORDERPRECISION":1}},
{"type":"Feature","geometry":{"type":"Polygon","coordinates":[[[57.359,23.859],[57.456,21.685],[57.931,20.401],[58.512,20.421],[58.861,21.114],[59.837,22.279],[58.628,23.458],[57.359,23.859]]]},"properties":{"NAME":"Mazun","SUBJECTO":"Mazun","BORDERPRECISION":1}},
{"type":"Feature","geometry":{"type":"Polygon","coordinates":[[[38.376,33.532],[36.168,30.423],[35.112,28.072],[36.312,26.423],[38.193,26.775],[38.791,26.575],[43.466,19.179],[45.479,15.996],[46.676,15.796],[48.872,16.594],[50.769,16.794],[52.357,16.234],[54.084,17.019],[55.195,17.149],[55.561,17.937],[56.258,17.977],[56.739,18.689],[57.839,19.035],[57.931,20.401],[57.456,21.685],[57.359,23.859],[56.405,24.82],[56.015,25.772],[55.457,25.42],[54.347,24.154],[53.687,23.987],[51.586,24.003],[51.587,25.609],[51.069,25.945],[50.778,24.471],[49.937,25.956],[50.122,26.738],[48.855,27.523],[48.129,29.268],[47.614,29.272],[39.49,33.362],[38.376,33.532]]]},"properties":{"NAME":null,"SUBJECTO":null,"BORDERPRECISION":1}},
{"type":"Feature","geometry":{"type":"Polygon","coordinates":[[[43.466,19.179],[41.202,18.896],[41.629,18.047],[42.764,16.645],[42.796,15.47],[43.384,13.565],[43.841,12.664],[44.964,12.825],[45.826,13.405],[46.601,13.401],[48.036,14.045],[48.96,14.219],[49.334,14.633],[51.313,15.247],[52.135,15.687],[52.357,16.234],[50.769,16.794],[48.872,16.594],[46.676,15.796],[45.479,15.996],[43.466,19.179]]]},"properties":{"NAME":"Sasanian dependencies","SUBJECTO":"Sasanian dependencies","BORDERPRECISION":1}},
{"type":"Feature","geometry":{"type":"Polygon","coordinates":[[[36.312,26.423],[37.218,25.167],[37.201,24.658],[38.329,23.835],[39.102,22.4],[39.167,21.219],[39.764,20.407],[40.694,19.869],[41.202,18.896],[43.466,19.179],[38.791,26.575],[38.193,26.775],[36.312,26.423]]]},"properties":{"NAME":"Hejaz","SUBJECTO":"Hejaz","BORDERPRECISION":1}},
{"type":"Feature","geometry":{"type":"Polygon","coordinates":[[[-67.356,-19.194],[-66.595,-19.145],[-65.906,-18.311],[-64.662,-16.805],[-64.194,-14.695],[-69.045,-8.236],[-70.158,-5.735],[-66.408,3.042],[-62.659,4.153],[-58.558,3.978],[-55.862,1.696],[-55.804,0.876],[-57.972,-0.589],[-58.44,-2.288],[-56.331,-4.335],[-54.163,-4.627],[-49.066,-4.744],[-45.375,-3.165],[-44.549,-3.103],[-44.462,-2.269],[-44.796,-1.736],[-47.237,-0.68],[-48.043,-0.816],[-48.39,-1.414],[-49.221,-2.108],[-50.643,-1.882],[-50.977,-1.114],[-52.022,-1.568],[-51.529,-0.429],[-50.647,0.272],[-49.884,1.214],[-49.969,1.728],[-50.688,2.216],[-51.209,4.071],[-51.71,4.228],[-53.027,5.427],[-54.286,5.882],[-56.746,6.003],[-58.575,6.984],[-58.617,7.499],[-59.834,8.44],[-61.696,8.61],[-63.065,8.325],[-65.965,8.18],[-70.682,8.557],[-71.182,9.277],[-71.605,9.092],[-72.114,9.904],[-71.688,10.769],[-71.988,11.608],[-71.189,11.912],[-71.698,12.428],[-72.38,11.81],[-73.362,11.325],[-74.219,11.368],[-75.45,10.628],[-75.703,9.426],[-76.764,8.693],[-78.266,9.386],[-79.5,9.638],[-80.962,8.865],[-82.23,9.047],[-82.326,9.445],[-83.204,10.2],[-83.914,11.251],[-83.662,13.705],[-83.314,14.768],[-84.65,15.933],[-86.372,15.803],[-87.571,15.908],[-88.243,14.836],[-90,13.753],[-87.949,13.172],[-86.014,11.368],[-85.621,10.827],[-85.778,10.138],[-85.089,9.583],[-83.615,9.152],[-83.605,8.548],[-82.956,8.257],[-81.664,8.165],[-80.814,7.27],[-79.717,8.883],[-79.068,9.034],[-78.184,8.413],[-78.265,7.886],[-77.4,6.67],[-77.5,5.514],[-77.106,3.792],[-77.802,2.577],[-78.468,2.467],[-78.984,1.297],[-80.086,0.818],[-80.339,-0.663],[-80.966,-1.033],[-80.741,-2.119],[-80.144,-3.414],[-81.304,-4.332],[-81.418,-4.675],[-80.668,-6.347],[-79.654,-5.723],[-79.06,-5.969],[-79.486,-7.618],[-79.06,-8.216],[-77.759,-10.659],[-76.725,-12.731],[-76.495,-12.093],[-76.656,-11.127],[-78.427,-8.149],[-78.508,-7.183],[-78.105,-7.022],[-75.576,-10.613],[-72.226,-12.243],[-69.874,-14.377],[-69.01,-14.186],[-67.942,-15.428],[-67.238,-18.364],[-67.356,-19.194]]]},"properties":{"NAME":null,"SUBJECTO":null,"BORDERPRECISION":1}},
{"type":"Feature","geometry":{"type":"Polygon","coordinates":[[[8.576,3.067],[8.827,3.612],[8.478,3.557],[8.576,3.067]]]},"properties":{"NAME":null,"SUBJECTO":null,"BORDERPRECISION":1}},
{"type":"Feature","geometry":{"type":"Polygon","coordinates":[[[-68.195,12.221],[-68.364,12.305],[-68.285,12.102],[-68.195,12.221]]]},"properties":{"NAME":null,"SUBJECTO":null,"BORDERPRECISION":1}},
{"type":"Feature","geometry":{"type":"Polygon","coordinates":[[[-61.669,17.085],[-61.794,17.163],[-61.887,17.033],[-61.738,16.99],[-61.669,17.085]]]},"properties":{"NAME":null,"SUBJECTO":null,"BORDERPRECISION":1}},
{"type":"Feature","geometry":{"type":"Polygon","coordinates":[[[-68.966,12.199],[-69.078,12.349],[-69.158,12.311],[-69.062,12.188],[-68.832,12.049],[-68.824,12.16],[-68.966,12.199]]]},"properties":{"NAME":null,"SUBJECTO":null,"BORDERPRECISION":1}},
{"type":"Feature","geometry":{"type":"Polygon","coordinates":[[[-61.6,12.187],[-61.725,12.172],[-61.79,12.009],[-61.643,12.034],[-61.6,12.187]]]},"properties":{"NAME":null,"SUBJECTO":null,"BORDERPRECISION":1}},
{"type":"Feature","geometry":{"type":"Polygon","coordinates":[[[-62.171,16.671],[-62.138,16.693],[-62.176,16.809],[-62.237,16.712],[-62.171,16.671]]]},"properties":{"NAME":null,"SUBJECTO":null,"BORDERPRECISION":1}},
{"type":"Feature","geometry":{"type":"Polygon","coordinates":[[[-62.541,17.177],[-62.61,17.191],[-62.611,17.095],[-62.539,17.109],[-62.541,17.177]]]},"properties":{"NAME":null,"SUBJECTO":null,"BORDERPRECISION":1}},
{"type":"Feature","geometry":{"type":"Polygon","coordinates":[[[-62.693,17.278],[-62.73,17.365],[-62.813,17.409],[-62.864,17.371],[-62.778,17.292],[-62.693,17.278]]]},"properties":{"NAME":null,"SUBJECTO":null,"BORDERPRECISION":1}},
{"type":"Feature","geometry":{"type":"Polygon","coordinates":[[[-61.086,16.305],[-61.037,16.311],[-60.991,16.341],[-61.015,16.35],[-61.086,16.305]]]},"properties":{"NAME":null,"SUBJECTO":null,"BORDERPRECISION":1}},
{"type":"Feature","geometry":{"type":"Polygon","coordinates":[[[-62.972,17.458],[-62.943,17.494],[-62.986,17.52],[-62.998,17.494],[-62.972,17.458]]]},"properties":{"NAME":null,"SUBJECTO":null,"BORDERPRECISION":1}},
{"type":"Feature","geometry":{"type":"Polygon","coordinates":[[[38.242,46.699],[37.474,44.692],[38.814,44.264],[39.783,45.797],[38.242,46.699]]]},"properties":{"NAME":"Bulgars","SUBJECTO":"Bulgars","BORDERPRECISION":1}},
{"type":"Feature","geometry":{"type":"Polygon","coordinates":[[[18.206,56.912],[18.712,57.242],[18.809,57.704],[18.111,57.519],[18.206,56.912]]]},"properties":{"NAME":"Guta","SUBJECTO":"Guta","BORDERPRECISION":1}},
{"type":"Feature","geometry":{"type":"Polygon","coordinates":[[[-2.816,51.616],[-3.272,51.179],[-2.959,50.721],[0.192,50.731],[0.686,51.56],[1.692,52.311],[1.376,52.809],[-0.301,53.627],[-0.807,53.727],[-2.816,51.616]]]},"properties":{"NAME":"Cantia","SUBJECTO":"Cantia","BORDERPRECISION":1}},
{"type":"Feature","geometry":{"type":"Polygon","coordinates":[[[-5.698,55.331],[-5.482,55.443],[-5.518,55.668],[-5.689,55.628],[-5.698,55.331]]]},"properties":{"NAME":null,"SUBJECTO":null,"BORDERPRECISION":1}},
{"type":"Feature","geometry":{"type":"Polygon","coordinates":[[[-3.272,51.179],[-4.281,51.187],[-4.541,50.358],[-3.715,50.219],[-2.959,50.721],[-3.272,51.179]]]},"properties":{"NAME":"Dumnonia","SUBJECTO":"Dumnonia","BORDERPRECISION":1}},
{"type":"Feature","geometry":{"type":"Polygon","coordinates":[[[-0.867,43.3],[-1.401,44.195],[-1.915,43.305],[-3.811,43.434],[-3.855,42.952],[-0.856,43.024],[-0.867,43.3]]]},"properties":{"NAME":"Vasconia","SUBJECTO":"Frankish Kingdom","BORDERPRECISION":1}},
{"type":"Feature","geometry":{"type":"Polygon","coordinates":[[[-2.614,47.572],[-2.111,46.837],[-1.2,46.563],[4.888,50.936],[2.522,51.091],[1.589,50.822],[1.275,50.004],[0.033,49.334],[-1.892,49.526],[-1.591,48.638],[-2.791,48.59],[-2.614,47.572]]]},"properties":{"NAME":"Neustria","SUBJECTO":"Frankish Kingdom","BORDERPRECISION":1}},
{"type":"Feature","geometry":{"type":"Polygon","coordinates":[[[15.413,46.144],[18.389,45.338],[18.634,44.864],[20.922,44.652],[21.199,44.93],[22.955,44.652],[23.139,43.913],[25.265,43.821],[28.037,44.375],[28.217,45.476],[24.402,46.781],[24.926,47.551],[21.78,47.484],[19.518,48.21],[19.203,47.774],[16.661,48.309],[14.84,47.201],[15.941,46.682],[15.413,46.144]]]},"properties":{"NAME":"Avars","SUBJECTO":"Avars","BORDERPRECISION":1}},
{"type":"Feature","geometry":{"type":"Polygon","coordinates":[[[5.768,51.398],[7.616,51.305],[7.509,53.614],[5.39,53.139],[3.984,51.868],[5.768,51.398]]]},"properties":{"NAME":"Frisians","SUBJECTO":"Frisians","BORDERPRECISION":1}},
{"type":"Feature","geometry":{"type":"Polygon","coordinates":[[[-0.301,53.627],[-1.389,54.68],[-1.719,55.454],[-2.742,55.957],[-2.15,57.572],[-4.148,57.555],[-4.51,58.403],[-5.763,57.62],[-5.633,55.94],[-3.577,54.924],[-2.865,54.028],[-2.914,53.267],[-4.318,53.091],[-4.124,52.373],[-4.999,51.702],[-2.816,51.616],[-0.807,53.727],[-0.301,53.627]]]},"properties":{"NAME":null,"SUBJECTO":null,"BORDERPRECISION":1}},
{"type":"Feature","geometry":{"type":"Polygon","coordinates":[[[14.959,55.021],[15.119,55.103],[14.845,55.256],[14.696,55.149],[14.959,55.021]]]},"properties":{"NAME":null,"SUBJECTO":null,"BORDERPRECISION":1}},
{"type":"Feature","geometry":{"type":"Polygon","coordinates":[[[8.22,53.529],[8.189,53.531],[8.221,53.49],[8.22,53.529]]]},"properties":{"NAME":null,"SUBJECTO":null,"BORDERPRECISION":1}},
{"type":"Feature","geometry":{"type":"Polygon","coordinates":[[[8.885,56.862],[8.615,56.851],[8.702,56.703],[8.885,56.862]]]},"properties":{"NAME":null,"SUBJECTO":null,"BORDERPRECISION":1}},
{"type":"Feature","geometry":{"type":"Polygon","coordinates":[[[11.55,56.68],[11.587,56.683],[11.648,56.722],[11.54,56.712],[11.55,56.68]]]},"properties":{"NAME":null,"SUBJECTO":null,"BORDERPRECISION":1}},
{"type":"Feature","geometry":{"type":"Polygon","coordinates":[[[10.55,55.952],[10.527,55.82],[10.618,55.789],[10.604,55.895],[10.55,55.952]]]},"properties":{"NAME":null,"SUBJECTO":null,"BORDERPRECISION":1}},
{"type":"Feature","geometry":{"type":"Polygon","coordinates":[[[8.48,56.745],[8.607,56.878],[9.004,57.026],[9.816,57.066],[10.388,57.051],[10.472,57.698],[9.197,57.144],[8.529,57.049],[8.48,56.745]]]},"properties":{"NAME":null,"SUBJECTO":null,"BORDERPRECISION":1}},
{"type":"Feature","geometry":{"type":"Polygon","coordinates":[[[10.897,57.277],[10.962,57.233],[11.146,57.289],[11.068,57.318],[10.897,57.277]]]},"properties":{"NAME":null,"SUBJECTO":null,"BORDERPRECISION":1}},
{"type":"Feature","geometry":{"type":"Polygon","coordinates":[[[9.65,54.848],[9.694,54.838],[9.526,55.09],[10.262,56.182],[10.789,56.209],[10.951,56.42],[10.428,56.567],[10.059,57.049],[9.277,56.98],[8.749,56.666],[8.179,56.667],[8.13,55.534],[8.637,55.095],[9.567,54.902],[9.617,54.892],[9.65,54.848]]]},"properties":{"NAME":null,"SUBJECTO":null,"BORDERPRECISION":1}},
{"type":"Feature","geometry":{"type":"Polygon","coordinates":[[[10.232,54.922],[10.294,54.889],[10.377,54.891],[10.248,54.946],[10.232,54.922]]]},"properties":{"NAME":null,"SUBJECTO":null,"BORDERPRECISION":1}},
{"type":"Feature","geometry":{"type":"Polygon","coordinates":[[[11.756,54.667],[11.791,54.926],[11,54.822],[11.339,54.662],[11.756,54.667]]]},"properties":{"NAME":null,"SUBJECTO":null,"BORDERPRECISION":1}},
{"type":"Feature","geometry":{"type":"Polygon","coordinates":[[[10.805,54.873],[10.901,55.065],[10.749,54.972],[10.68,54.87],[10.805,54.873]]]},"properties":{"NAME":null,"SUBJECTO":null,"BORDERPRECISION":1}},
{"type":"Feature","geometry":{"type":"Polygon","coordinates":[[[9.78,54.925],[10,54.883],[9.927,55.025],[9.78,54.925]]]},"properties":{"NAME":null,"SUBJECTO":null,"BORDERPRECISION":1}},
{"type":"Feature","geometry":{"type":"Polygon","coordinates":[[[10.599,55.034],[10.511,54.992],[10.566,54.95],[10.666,55.003],[10.599,55.034]]]},"properties":{"NAME":null,"SUBJECTO":null,"BORDERPRECISION":1}},
{"type":"Feature","geometry":{"type":"Polygon","coordinates":[[[12.165,54.937],[12.464,54.943],[12.373,55.017],[12.165,54.937]]]},"properties":{"NAME":null,"SUBJECTO":null,"BORDERPRECISION":1}},
{"type":"Feature","geometry":{"type":"Polygon","coordinates":[[[10.822,55.251],[10.353,55.596],[9.834,55.529],[10.412,55.043],[10.822,55.251]]]},"properties":{"NAME":null,"SUBJECTO":null,"BORDERPRECISION":1}},
{"type":"Feature","geometry":{"type":"Polygon","coordinates":[[[8.418,55.368],[8.46,55.403],[8.434,55.434],[8.371,55.438],[8.418,55.368]]]},"properties":{"NAME":null,"SUBJECTO":null,"BORDERPRECISION":1}},
{"type":"Feature","geometry":{"type":"Polygon","coordinates":[[[12.85,56.476],[12.414,56.243],[13.302,55.301],[14.397,55.97],[12.85,56.476]]]},"properties":{"NAME":"Danes","SUBJECTO":"Danes","BORDERPRECISION":1}},
{"type":"Feature","geometry":{"type":"Polygon","coordinates":[[[42.034,48.098],[40.264,47.237],[43.607,45.542],[47.047,46.294],[47.932,47.371],[44.295,47.702],[42.034,48.098]]]},"properties":{"NAME":"Khazars","SUBJECTO":"Khazars","BORDERPRECISION":1}},
{"type":"Feature","geometry":{"type":"Polygon","coordinates":[[[8.221,53.49],[8.223,53.344],[8.239,52.445],[10.451,50.983],[12.27,51.629],[11.09,53.291],[8.855,53.872],[8.22,53.529],[8.221,53.49]]]},"properties":{"NAME":"Saxons","SUBJECTO":"Saxons","BORDERPRECISION":1}},
{"type":"Feature","geometry":{"type":"Polygon","coordinates":[[[3.807,43.467],[5.829,43.021],[6.523,43.151],[8.048,44.018],[7.616,45.022],[7.893,45.854],[9.002,46.962],[10.481,47.24],[12.449,47.106],[12.879,47.055],[12.874,47.185],[12.698,49.734],[12.144,50.104],[9.926,49.642],[9.095,49.827],[7.616,51.305],[5.768,51.398],[4.888,50.936],[-1.2,46.563],[-2.111,46.837],[-1.075,46.015],[-1.401,44.195],[-0.867,43.3],[1.518,42.527],[3.273,43.728],[3.807,43.467]]]},"properties":{"NAME":"Frankish Kingdom","SUBJECTO":"Frankish Kingdom","BORDERPRECISION":1}},
{"type":"Feature","geometry":{"type":"Polygon","coordinates":[[[14.84,47.201],[13.938,47.626],[12.874,47.185],[12.879,47.055],[13.484,46.757],[13.606,45.722],[13.79,45.552],[14.35,45.312],[14.54,45.256],[15.413,46.144],[15.941,46.682],[14.84,47.201]]]},"properties":{"NAME":"Slavs","SUBJECTO":"Eastern Roman Empire","BORDERPRECISION":1}},
{"type":"Feature","geometry":{"type":"Polygon","coordinates":[[[-130.476,54.968],[-129.852,54.998],[-128.588,55.057],[-125.697,55.194],[-115.034,52.033],[-114.467,52],[-105.191,51.453],[-98.922,50.232],[-95.566,49.996],[-87.79,49.931],[-85.036,49.094],[-81.931,48.902],[-72.322,46.295],[-71.034,46.746],[-69.507,48.459],[-68.307,49.227],[-67.318,49.425],[-66.373,50.314],[-61.64,50.277],[-60.138,50.412],[-58.524,51.379],[-56.964,51.488],[-55.659,52.187],[-56.127,53.466],[-58.788,52.573],[-60.171,53.299],[-60.222,53.325],[-62.889,54.725],[-65.643,55.263],[-71.033,55.196],[-74.197,52.927],[-78.742,52.744],[-78.491,52.256],[-79.594,51.266],[-80.361,51.304],[-81.747,52.17],[-82.341,52.981],[-82.202,54.969],[-84.468,55.167],[-87.467,55.912],[-88.767,56.738],[-89.726,56.934],[-90.695,57.17],[-92.404,56.975],[-93.825,56.863],[-102.144,57.214],[-111.284,58.553],[-114.565,60.6],[-118.198,62.713],[-124.936,64.835],[-132.435,62.497],[-139.524,62.416],[-144.68,63.192],[-150.129,63.324],[-160.939,63.985],[-161.133,63.563],[-163.309,63.038],[-164.292,63.25],[-165.431,62.43],[-165.898,61.27],[-164.027,59.798],[-162.378,60.163],[-162.004,58.827],[-160.431,59.002],[-158.291,58.73],[-157.139,58.856],[-157.665,57.604],[-160.457,56.2],[-159.077,55.992],[-158.527,56.449],[-156.496,57.1],[-156.685,57.401],[-154.649,58.076],[-153.455,58.877],[-154.282,59.249],[-152.899,59.896],[-151.783,59.995],[-151.388,59.213],[-149.326,60.027],[-148.493,61.064],[-145.138,60.454],[-144.406,60.093],[-139.573,59.9],[-139.2,59.277],[-137.577,58.604],[-134.123,58.239],[-131.767,56.01],[-131.191,56.035],[-130.662,54.959],[-130.476,54.968]]]},"properties":{"NAME":"Subarctic forest hunter-gatherers","SUBJECTO":"Subarctic forest hunter-gatherers","BORDERPRECISION":1}},
{"type":"Feature","geometry":{"type":"Polygon","coordinates":[[[142.338,-10.915],[141.679,-12.468],[141.468,-14.757],[141.711,-15.227],[140.801,-17.562],[140.25,-17.798],[139.248,-17.432],[137.074,-16.031],[136.687,-16.026],[135.388,-14.897],[135.881,-14.203],[135.831,-13.485],[136.469,-13.223],[136.664,-12.625],[135.445,-12.176],[134.94,-12.336],[133.559,-11.951],[131.54,-12.401],[130.463,-12.759],[130.274,-13.363],[129.427,-14.306],[129.196,-14.993],[127.963,-14.703],[126.853,-13.784],[125.863,-14.695],[125.156,-14.805],[125.018,-15.644],[124.425,-15.658],[124.277,-16.523],[122.738,-16.583],[122.085,-17.398],[122.196,-18.244],[121.576,-18.703],[120.872,-19.677],[117.597,-20.758],[116.419,-20.837],[113.625,-22.566],[113.762,-23.481],[113.362,-24.283],[113.433,-24.874],[114.183,-26.017],[113.433,-26.572],[114.022,-27.626],[113.965,-28.033],[114.63,-28.903],[115.058,-30.804],[115.747,-32.208],[115.647,-33.365],[114.961,-33.869],[115.047,-34.422],[116.561,-35.189],[118.207,-35.09],[118.673,-34.606],[119.771,-34.12],[121.74,-33.963],[122.171,-34.179],[123.623,-33.915],[124.248,-33.144],[126.059,-32.434],[127.265,-32.381],[129.185,-31.798],[131.28,-31.635],[131.993,-32.066],[133.837,-32.342],[135.153,-34.05],[135.528,-35.055],[137.457,-33.314],[138.166,-33.192],[138.101,-34.356],[138.568,-34.928],[138.352,-35.865],[139.368,-35.614],[140.012,-37.642],[140.652,-38.164],[141.904,-38.43],[143.365,-38.97],[144.97,-38.066],[145.934,-38.881],[146.821,-38.841],[148.037,-38.098],[149.504,-37.929],[149.985,-37.347],[150.222,-35.694],[150.762,-35.253],[151.364,-33.521],[152.176,-32.877],[152.972,-31.418],[152.94,-30.699],[153.493,-28.841],[152.946,-27.341],[153.069,-26.228],[151.73,-24.157],[150.802,-23.6],[150.754,-22.812],[149.557,-22.433],[149.101,-21.06],[148.19,-20.172],[146.322,-19.082],[145.925,-18.257],[145.869,-17.195],[145.326,-16.49],[145.184,-15.048],[143.743,-14.466],[143.173,-12.121],[142.338,-10.915]]]},"properties":{"NAME":"Australian aboriginal hunter-gatherers","SUBJECTO":"Australian aboriginal hunter-gatherers","BORDERPRECISION":1}},
{"type":"Feature","geometry":{"type":"Polygon","coordinates":[[[146.713,-43.722],[147.815,-42.965],[148.319,-41.806],[148.27,-41.093],[146.382,-41.308],[144.776,-40.843],[144.936,-41.71],[145.53,-42.345],[145.723,-43.24],[146.713,-43.722]]]},"properties":{"NAME":"Tasmanian hunter-gatherers","SUBJECTO":"Tasmanian hunter-gatherers","BORDERPRECISION":1}},
{"type":"Feature","geometry":{"type":"MultiPolygon","coordinates":[[[[143.057,53.062],[141.767,53.272],[141.643,51.813],[142.153,50.89],[142.049,49.355],[141.74,48.807],[142.036,47.959],[141.732,47.471],[142.327,46.563],[142.993,46.954],[142.49,47.902],[142.854,49.128],[143.598,49.234],[143.633,50.235],[142.944,51.617],[143.057,53.062]]],[[[140.013,41.382],[140.246,42.228],[141.928,42.501],[143.214,41.927],[143.848,42.775],[145.448,43.17],[145.059,43.786],[143.508,44.156],[141.875,45.435],[141.523,45.183],[141.709,43.914],[141.304,43.187],[139.712,42.478],[140.013,41.382]]]]},"properties":{"NAME":"Ainu","SUBJECTO":"Ainu","BORDERPRECISION":1}},
{"type":"Feature","geometry":{"type":"Polygon","coordinates":[[[105.403,72.749],[98.459,69.791],[75.856,61.427],[62.806,56.955],[59.094,56.432],[65.312,55.047],[78.362,56.41],[93.7,56.485],[99.537,55.281],[99.485,55.659],[107.962,59.818],[114.016,59.547],[116.707,54.659],[119.936,51.258],[125.053,50.372],[127.652,50.262],[128.289,50.234],[134.87,52.009],[141.047,52.69],[140.102,53.802],[138.417,54.092],[137.979,53.465],[136.351,53.701],[136.492,54.455],[134.985,54.854],[137.229,55.983],[140.587,58.239],[142.846,59.273],[145.404,59.326],[148.416,59.097],[149.045,59.587],[151.14,59.44],[152.504,58.769],[153.924,58.922],[154.316,59.983],[155.734,60.555],[157.098,61.633],[158.841,61.784],[160.645,60.718],[164.138,62.533],[163.793,61.128],[163.329,60.695],[159.649,58.954],[158.326,58.027],[156.777,57.58],[156.558,56.947],[155.628,56.268],[155.465,54.92],[156.038,52.781],[156.696,50.958],[157.898,51.666],[158.461,52.826],[159.897,53.241],[159.931,54.086],[162.008,54.738],[161.503,55.287],[162.318,56.24],[162.512,57.033],[161.804,58.102],[162.907,58.891],[163.389,59.814],[164.585,59.665],[165.78,60.354],[169.154,60.435],[170.344,60.28],[169.481,61.193],[172.441,63.078],[171.768,65.859],[168.135,67.458],[155.892,68.169],[130.867,69.901],[124.544,71.586],[123.501,73.505],[120.579,72.835],[118.46,73.519],[111.762,73.658],[106.502,73.061],[105.403,72.749]]]},"properties":{"NAME":"Paleo-Siberian hunter-gatherers","SUBJECTO":"Paleo-Siberian hunter-gatherers","BORDERPRECISION":1}},
{"type":"Feature","geometry":{"type":"Polygon","coordinates":[[[25.196,65.268],[34.726,65.78],[35.772,66.259],[39.19,66.039],[41.255,66.937],[40.826,67.66],[38.668,68.146],[35.437,69.15],[29.729,69.698],[30.799,70.308],[28.308,70.949],[24.571,70.741],[23.204,69.943],[20.158,69.748],[17.407,68.772],[13.169,66.458],[12.112,65.13],[10.155,64.099],[11.528,61.898],[15.43,61.866],[16.574,62.525],[17.832,62.457],[17.868,62.789],[20.701,63.818],[20.921,64.714],[22.646,65.935],[24.215,65.786],[25.196,65.268]]]},"properties":{"NAME":"Saami","SUBJECTO":"Saami","BORDERPRECISION":1}},
{"type":"Feature","geometry":{"type":"Polygon","coordinates":[[[105.403,72.749],[113.625,75.273],[113.533,76.094],[111.427,76.568],[108.244,76.646],[103.393,77.558],[101.166,77.006],[99.467,75.967],[94.694,76.184],[91.635,75.653],[89.796,75.524],[86.958,74.782],[87.691,73.9],[80.464,73.314],[81.671,71.574],[79.223,72.271],[76.333,71.72],[73.217,71.458],[74.25,70.573],[73.915,69.154],[77.406,68.936],[78.536,67.612],[76.955,67.653],[77.04,68.464],[74.505,68.593],[74.742,67.686],[72.209,66.173],[70.84,66.551],[72.838,67.646],[73.394,68.382],[72.526,69.069],[72.68,70.824],[71.798,71.432],[72.714,72.77],[69.343,72.834],[68.316,71.635],[66.818,71.105],[67.422,70.223],[66.584,68.886],[62.281,69.705],[60.369,69.468],[57.024,68.449],[53.889,68.787],[48.081,67.562],[47.571,66.816],[46.402,66.719],[44.871,67.312],[46.634,67.701],[45.863,68.383],[43.822,68.327],[43.704,67.266],[44.384,66.612],[43.876,66.011],[42.211,66.41],[39.951,65.581],[40.462,64.75],[39.193,64.511],[36.884,65.068],[37.411,63.749],[35.082,64.288],[34.293,65.396],[34.726,65.78],[25.196,65.268],[24.47,64.636],[21.226,62.418],[29.019,61.771],[32.517,60.932],[46.106,57.709],[53.976,57.709],[59.094,56.432],[62.806,56.955],[75.856,61.427],[98.459,69.791],[105.403,72.749]]]},"properties":{"NAME":"Finno-Ugric taiga hunter-gatherers","SUBJECTO":"Finno-Ugric taiga hunter-gatherers","BORDERPRECISION":1}},
{"type":"Feature","geometry":{"type":"MultiPolygon","coordinates":[[[[-43.72,60.004],[-42.785,60.529],[-42.271,62.194],[-40.516,63.782],[-40.484,64.685],[-39.695,65.187],[-42.793,65.403],[-43.848,64.206],[-44.258,61.87],[-43.72,60.004]]],[[[-50.539,67.488],[-52.808,67.775],[-52.303,66.909],[-53.103,65.873],[-52.078,65.372],[-51.366,63.726],[-49.857,62.967],[-48.915,61.421],[-47.159,60.856],[-46.158,60.937],[-46.133,61.759],[-47.656,62.795],[-49.062,64.786],[-49.473,67.033],[-50.539,67.488]]],[[[-62.811,81.156],[-66.522,80.711],[-64.623,79.949],[-65.485,79.158],[-72.383,78.526],[-69.688,77.555],[-71.184,77.26],[-69.045,76.294],[-67.037,75.936],[-62.449,76.338],[-63.358,78.236],[-62.811,81.156]]],[[[-91.172,69.647],[-93.099,70.969],[-93.271,71.559],[-95.411,71.859],[-96.7,70.838],[-96.127,69.941],[-92.956,69.084],[-96.208,68.074],[-101.913,67.705],[-105.636,68.355],[-107.662,67.963],[-108.095,67.36],[-110.532,67.92],[-112.503,67.693],[-115.285,68.892],[-117.832,69.008],[-122.326,69.884],[-123.803,69.434],[-125.974,69.43],[-127.352,70.38],[-129.013,69.72],[-131.673,69.276],[-135.439,69.526],[-136.203,68.876],[-137.729,69.016],[-143.308,70.197],[-145.273,70.116],[-149.286,70.539],[-152.137,70.534],[-152.971,70.934],[-156.905,71.346],[-157.812,70.971],[-160.24,70.858],[-162.879,69.999],[-164.067,69.065],[-166.297,68.88],[-166.844,68.405],[-164.513,67.797],[-163.739,67.218],[-161.936,67.088],[-161.261,66.396],[-162.275,66.071],[-164.463,66.596],[-168.18,65.694],[-166.139,65.355],[-166.586,64.73],[-163.025,64.442],[-161.291,64.964],[-160.939,63.985],[-150.129,63.324],[-144.68,63.192],[-139.524,62.416],[-132.435,62.497],[-124.936,64.835],[-118.198,62.713],[-114.565,60.6],[-111.284,58.553],[-102.144,57.214],[-93.825,56.863],[-92.404,56.975],[-93.074,58.551],[-94.684,58.878],[-94.753,59.95],[-93.423,61.858],[-91.417,62.853],[-91.027,63.395],[-90,63.57],[-89.87,63.575],[-89.862,63.647],[-89.995,64.033],[-88.377,64.057],[-87.435,64.569],[-89.692,65.673],[-89.778,65.98],[-87.787,65.349],[-85.987,66.163],[-83.139,66.373],[-81.295,67.499],[-82.687,68.697],[-81.48,69.189],[-84.314,69.826],[-85.381,69.695],[-85.4,68.76],[-86.488,67.378],[-90,68.375],[-91.172,69.647]]],[[[-116.934,72.902],[-118.986,72.034],[-117.314,71.475],[-117.568,69.992],[-115.907,69.351],[-113.925,69.249],[-113.152,68.596],[-110.448,68.653],[-107.536,69.057],[-106.854,69.451],[-104.188,68.898],[-101.808,69.136],[-101.055,70.031],[-104.62,71.093],[-110.347,71.197],[-114.038,72.064],[-116.934,72.902]]],[[[-123.493,74.446],[-125.341,72.969],[-125.617,71.99],[-123.468,71.199],[-120.843,71.53],[-120.454,72.299],[-117.686,73.215],[-123.148,74.441],[-123.493,74.446]]],[[[-91.051,74.047],[-95.069,74.064],[-95.641,73.144],[-95.058,72.283],[-92.001,72.841],[-91.32,73.255],[-91.051,74.047]]],[[[-91.135,76.633],[-92.224,75.947],[-91.867,74.789],[-88.144,74.569],[-80.349,74.616],[-79.495,75.28],[-81.703,75.875],[-86.618,75.432],[-89.802,75.918],[-90.056,75.951],[-90.417,75.959],[-91.156,75.974],[-89.812,76.373],[-91.135,76.633]]],[[[-76.024,82.531],[-78.566,80.992],[-83.618,80.207],[-83.911,79.257],[-85.807,78.906],[-87.273,76.504],[-78.212,76.547],[-78.367,78.033],[-76.143,78.072],[-74.963,79.122],[-71.454,79.846],[-66.482,81.303],[-62.427,82.634],[-70.584,83.176],[-76.024,82.531]]],[[[-60.222,53.325],[-60.137,53.684],[-57.515,54.466],[-59.694,55.154],[-61.928,56.273],[-61.476,57.104],[-62.186,57.437],[-62.887,58.656],[-64.671,60.181],[-65.555,59.576],[-65.861,58.795],[-67.772,58.249],[-69.214,58.748],[-70.028,60.883],[-73.395,62.355],[-75.695,62.216],[-77.362,62.517],[-77.462,61.473],[-78.176,60.742],[-77.507,60.415],[-78.337,58.551],[-76.772,57.663],[-76.439,56.81],[-77.234,55.607],[-79.545,54.692],[-78.742,52.744],[-74.197,52.927],[-71.033,55.196],[-65.643,55.263],[-62.889,54.725],[-60.222,53.325]]],[[[-56.127,53.466],[-57.561,54.131],[-60.171,53.299],[-58.788,52.573],[-56.127,53.466]]],[[[170.344,60.28],[173.481,61.601],[177.291,62.487],[178.738,62.299],[179.288,62.815],[178.344,63.458],[178.147,64.157],[180,64.953],[180,65.052],[180,65.311],[180,65.382],[180,65.963],[180,66.963],[180,67.963],[180,68.92],[175.611,69.779],[170.452,70.019],[170.833,68.922],[169.389,68.717],[167.32,69.659],[166.309,69.378],[164.054,69.66],[161.961,69.528],[159.444,69.765],[158.409,70.814],[156.043,70.987],[152.134,70.664],[150.694,71.347],[146.915,72.202],[141.294,72.787],[137.63,71.075],[135.511,71.512],[134.241,71.262],[132.284,71.661],[130.779,70.678],[126.216,72.382],[128.525,72.952],[127.72,73.402],[123.501,73.505],[124.544,71.586],[130.867,69.901],[155.892,68.169],[168.135,67.458],[171.768,65.859],[172.441,63.078],[169.481,61.193],[170.344,60.28]]],[[[-75.625,69.102],[-73.185,68.296],[-72.305,67.264],[-74.28,66.06],[-73.42,65.529],[-75.789,65.197],[-77.358,65.376],[-78.127,64.651],[-76.526,64.23],[-74.559,64.78],[-73.164,64.574],[-71.319,63.061],[-69.155,62.42],[-65.94,61.79],[-66.496,63.077],[-64.735,63.067],[-64.474,63.744],[-67.614,65.912],[-66.913,66.595],[-65.034,65.953],[-64.844,65.378],[-62.845,65.614],[-61.211,66.635],[-68.665,68.716],[-66.668,69.186],[-69.463,69.96],[-71.253,71.351],[-73.275,71.161],[-75.322,72.548],[-77.119,72.711],[-81.027,72.05],[-80.489,73.037],[-81.532,73.688],[-88.099,73.636],[-89.639,72.782],[-89.997,71.541],[-87.949,71.351],[-87.948,70.385],[-82.269,69.86],[-80.713,70.153],[-78.713,70.011],[-75.625,69.102]]],[[[-98.253,69.694],[-99.365,68.974],[-96.213,68.537],[-96.182,69.297],[-98.253,69.694]]],[[[-81.911,64.522],[-85.558,65.864],[-86.243,64.542],[-85.463,63.206],[-81.911,64.522]]],[[[-102.279,73.147],[-101.654,72.373],[-98.939,71.392],[-96.85,71.88],[-96.689,72.817],[-98.394,73.131],[-96.937,73.788],[-99.668,73.919],[-100.835,72.745],[-102.279,73.147]]],[[[-170.473,66.295],[-171.958,66.956],[-173.875,67.159],[-180,68.917],[-180,67.963],[-180,66.963],[-180,65.963],[-180,65.382],[-180,65.311],[-180,65.259],[-179.379,65.996],[-178.116,65.482],[-176.137,65.457],[-175.952,65.006],[-173.077,64.384],[-172.562,65.515],[-171.2,65.561],[-170.473,66.295]]]]},"properties":{"NAME":"Arctic marine mammal hunters","SUBJECTO":"Arctic marine mammal hunters","BORDERPRECISION":1}},
{"type":"Feature","geometry":{"type":"Polygon","coordinates":[[[-70.398,-25.249],[-70.935,-27.727],[-71.43,-29.1],[-71.234,-29.519],[-71.695,-30.854],[-71.416,-32.753],[-71.616,-33.706],[-72.629,-35.646],[-73.144,-37.156],[-73.673,-37.501],[-73.194,-39.565],[-73.905,-40.839],[-73.594,-41.697],[-72.728,-41.553],[-72.068,-40.547],[-71.517,-39.706],[-69.437,-37.159],[-67.65,-33.577],[-67.482,-31.656],[-69.32,-29.305],[-68.617,-26.666],[-67.123,-25.032],[-66.097,-20.138],[-65.906,-18.311],[-66.595,-19.145],[-67.356,-19.194],[-67.825,-22.475],[-67.952,-24.645],[-68.192,-25.492],[-69.094,-25.548],[-70.398,-25.249]]]},"properties":{"NAME":"Andean hunter-gatherers","SUBJECTO":"Andean hunter-gatherers","BORDERPRECISION":1}},
{"type":"Feature","geometry":{"type":"Polygon","coordinates":[[[-69.167,-51.149],[-69.041,-50.562],[-67.833,-49.968],[-67.578,-49.059],[-66.078,-48.142],[-65.776,-47.23],[-67.328,-46.532],[-67.472,-45.922],[-66.695,-45.131],[-65.436,-44.89],[-65.307,-43.601],[-63.6,-42.704],[-63.729,-42.101],[-64.992,-42.193],[-64.939,-40.827],[-62.964,-41.137],[-62.068,-39.556],[-61.361,-39.031],[-59.515,-38.875],[-57.809,-38.386],[-56.698,-36.944],[-57.419,-35.997],[-57.226,-35.436],[-58.523,-34.587],[-57.348,-34.508],[-56.338,-34.995],[-54.622,-34.922],[-54.074,-34.648],[-52.351,-32.675],[-52.14,-31.741],[-53.544,-31.446],[-54.365,-30.593],[-57.353,-29.681],[-63.563,-30.037],[-67.482,-31.656],[-67.65,-33.577],[-69.437,-37.159],[-71.517,-39.706],[-72.068,-40.547],[-70.579,-40.579],[-71.634,-43.196],[-72.191,-45.99],[-72.044,-48.766],[-71.487,-51.104],[-71.165,-51.561],[-69.115,-51.352],[-69.167,-51.149]]]},"properties":{"NAME":"Pampas cultures","SUBJECTO":"Pampas cultures","BORDERPRECISION":1}},
{"type":"Feature","geometry":{"type":"MultiPolygon","coordinates":[[[[-71.182,9.277],[-70.682,8.557],[-65.965,8.18],[-63.065,8.325],[-61.696,8.61],[-60.793,9.388],[-61.531,9.851],[-64.068,10.627],[-64.884,10.136],[-66.478,10.679],[-67.98,10.542],[-68.695,11.38],[-69.748,11.533],[-71.098,11.12],[-71.496,10.646],[-71.089,9.919],[-71.182,9.277]]],[[[-48.64,-1.058],[-48.402,-0.391],[-50.501,-0.262],[-50.476,-1.679],[-49.347,-1.645],[-48.64,-1.058]]],[[[-77.099,20.533],[-76.398,20.02],[-75.519,19.907],[-74.345,20.323],[-75.604,21.013],[-77.34,21.512],[-78.171,22.12],[-79.33,22.404],[-79.76,22.759],[-81.431,23.137],[-82.046,22.697],[-81.792,22.208],[-80.776,22.102],[-79.735,21.672],[-78.728,21.617],[-78.45,20.969],[-77.099,20.533]]],[[[-70.765,18.494],[-68.657,18.873],[-70.882,19.93],[-72.676,19.392],[-72.746,18.509],[-71.978,18.262],[-71.401,17.704],[-70.765,18.494]]]]},"properties":{"NAME":"Caribbean hunter-gatherers","SUBJECTO":"Caribbean hunter-gatherers","BORDERPRECISION":1}},
{"type":"Feature","geometry":{"type":"MultiPolygon","coordinates":[[[[-69.115,-51.352],[-71.165,-51.561],[-71.487,-51.104],[-72.044,-48.766],[-72.191,-45.99],[-71.634,-43.196],[-70.579,-40.579],[-72.068,-40.547],[-72.728,-41.553],[-72.53,-43.063],[-72.999,-43.334],[-73.571,-46.265],[-74.564,-45.872],[-75.011,-46.774],[-73.979,-47.032],[-74.312,-48.745],[-74.075,-50.473],[-73.408,-52.024],[-72.449,-52.161],[-72.784,-52.898],[-71.872,-53.696],[-70.998,-53.821],[-70.734,-52.802],[-69.483,-52.361],[-68.411,-52.405],[-69.115,-51.352]]],[[[-69.214,-54.934],[-65.348,-54.913],[-66.983,-54.341],[-68.305,-52.943],[-69.407,-52.566],[-70.333,-53.473],[-69.214,-54.934]]]]},"properties":{"NAME":"Patagonian shellfish and marine mammal hunters","SUBJECTO":"Patagonian shellfish and marine mammal hunters","BORDERPRECISION":1}},
{"type":"Feature","geometry":{"type":"Polygon","coordinates":[[[-48.728,-28.367],[-48.516,-25.876],[-48.725,-25.426],[-46.206,-23.883],[-45.459,-23.856],[-44.561,-22.99],[-43.236,-23.032],[-42.984,-22.566],[-43.277,-21.589],[-45.943,-21.752],[-49.487,-24.553],[-49.839,-26.797],[-48.797,-28.476],[-48.728,-28.367]]]},"properties":{"NAME":"Shellfish gatherers","SUBJECTO":"Shellfish gatherers","BORDERPRECISION":1}},
{"type":"Feature","geometry":{"type":"Polygon","coordinates":[[[-65.906,-18.311],[-66.097,-20.138],[-67.123,-25.032],[-68.617,-26.666],[-69.32,-29.305],[-67.482,-31.656],[-63.563,-30.037],[-57.353,-29.681],[-54.365,-30.593],[-53.544,-31.446],[-52.14,-31.741],[-51.445,-31.015],[-51.232,-30.265],[-50.582,-30.416],[-48.797,-28.476],[-49.839,-26.797],[-49.487,-24.553],[-45.943,-21.752],[-43.277,-21.589],[-42.984,-22.566],[-43.236,-23.032],[-41.958,-22.921],[-41.929,-22.546],[-40.984,-22.086],[-40.933,-21.279],[-39.691,-19.409],[-39.666,-18.227],[-39.142,-17.775],[-38.948,-16.002],[-39.126,-14.325],[-38.799,-12.627],[-38.266,-12.887],[-37.637,-11.951],[-37.187,-10.845],[-36.829,-10.736],[-35.599,-9.628],[-35.114,-8.661],[-34.891,-7.612],[-35.464,-5.268],[-37.181,-4.954],[-37.888,-4.393],[-38.531,-5.734],[-39.937,-8.292],[-48.315,-13.924],[-51.538,-14.378],[-60.268,-13.81],[-64.194,-14.695],[-64.662,-16.805],[-65.906,-18.311]]]},"properties":{"NAME":"Savanna hunter-gatherers","SUBJECTO":"Savanna hunter-gatherers","BORDERPRECISION":1}},
{"type":"Feature","geometry":{"type":"Polygon","coordinates":[[[-64.194,-14.695],[-60.268,-13.81],[-51.538,-14.378],[-48.315,-13.924],[-39.937,-8.292],[-38.531,-5.734],[-37.888,-4.393],[-38.786,-3.604],[-40.231,-2.851],[-41.103,-2.974],[-42.316,-2.818],[-43.334,-2.432],[-44.549,-3.103],[-45.375,-3.165],[-49.066,-4.744],[-54.163,-4.627],[-56.331,-4.335],[-58.44,-2.288],[-57.972,-0.589],[-55.804,0.876],[-55.862,1.696],[-58.558,3.978],[-62.659,4.153],[-66.408,3.042],[-70.158,-5.735],[-69.045,-8.236],[-64.194,-14.695]]]},"properties":{"NAME":"Amazon hunter-gatherers","SUBJECTO":"Amazon hunter-gatherers","BORDERPRECISION":1}},
{"type":"Feature","geometry":{"type":"Polygon","coordinates":[[[-96.831,28.158],[-94.118,29.693],[-94.118,31.93],[-95.82,32.715],[-97.139,34.471],[-96.406,35.646],[-94.619,36.097],[-94.118,35.876],[-94.118,39.732],[-94.235,46.721],[-95.566,49.996],[-98.922,50.232],[-105.191,51.453],[-114.467,52],[-114.126,47.952],[-111.668,41.935],[-111.548,41.642],[-104.517,33.873],[-98.19,29.181],[-97.206,28.074],[-96.831,28.158]]]},"properties":{"NAME":"Plain bison hunters","SUBJECTO":"Plain bison hunters","BORDERPRECISION":1}},
{"type":"Feature","geometry":{"type":"Polygon","coordinates":[[[-110.527,27.762],[-109.937,28.204],[-107.564,27.765],[-104.224,25.116],[-100.357,23.97],[-97.822,24.143],[-97.26,25.811],[-97.632,27.228],[-97.206,28.074],[-98.19,29.181],[-104.517,33.873],[-111.548,41.642],[-111.668,41.935],[-115.093,42.512],[-119.018,43.113],[-120.474,43.57],[-121.362,39.687],[-120.132,34.519],[-118.604,34.096],[-117.497,33.325],[-116.705,31.591],[-115.602,29.685],[-114.067,28.423],[-114.478,27.244],[-113.285,26.808],[-112.411,26.193],[-112.166,25.011],[-111.392,24.243],[-110.225,23.4],[-110.205,24.315],[-110.798,24.88],[-111.915,26.664],[-112.87,28.335],[-114.683,30.143],[-114.988,31.166],[-114.839,31.815],[-113.052,31.139],[-112.654,29.919],[-111.692,28.496],[-110.527,27.762]]]},"properties":{"NAME":"Desert hunter-gatherers","SUBJECTO":"Desert hunter-gatherers","BORDERPRECISION":1}},
{"type":"Feature","geometry":{"type":"Polygon","coordinates":[[[-128.588,55.057],[-124.76,52.448],[-120.483,48.962],[-120.307,44.299],[-120.474,43.57],[-119.018,43.113],[-115.093,42.512],[-111.668,41.935],[-114.126,47.952],[-114.467,52],[-115.034,52.033],[-125.697,55.194],[-128.588,55.057]]]},"properties":{"NAME":"Plateau fichers and hunter gatherers","SUBJECTO":"Plateau fichers and hunter gatherers","BORDERPRECISION":1}},
{"type":"Feature","geometry":{"type":"MultiPolygon","coordinates":[[[[-120.132,34.519],[-121.362,39.687],[-120.474,43.57],[-120.307,44.299],[-120.483,48.962],[-124.76,52.448],[-128.588,55.057],[-129.852,54.998],[-130.004,53.938],[-128.889,53.418],[-127.556,52.168],[-127.247,50.968],[-124.939,50.596],[-124.795,50.035],[-122.606,48.835],[-122.826,48.023],[-124.675,48.386],[-123.995,45.764],[-124.63,43.014],[-124.153,41.58],[-124.365,40.334],[-123.796,39.03],[-121.932,37.009],[-121.927,36.338],[-120.132,34.519]]],[[[-126.563,49.572],[-125.967,49.174],[-123.902,48.471],[-123.861,49.158],[-124.718,49.491],[-125.719,50.409],[-127.848,50.861],[-128.343,50.668],[-126.563,49.572]]]]},"properties":{"NAME":"North American Pacifi foraging, hunting and fishing peoples","SUBJECTO":"North American Pacifi foraging, hunting and fishing peoples","BORDERPRECISION":1}},
{"type":"Feature","geometry":{"type":"Polygon","coordinates":[[[44.137,1.151],[42.54,1.264],[40.859,0.322],[40.455,-1.36],[39.48,-2.469],[38.773,-2.267],[36.015,1.297],[33.93,2.844],[22.225,6.196],[12.605,7.732],[5.359,5.368],[5.607,4.632],[6.844,4.292],[8.875,4.62],[9.586,3.675],[9.923,2.824],[9.851,1.877],[9.203,-0.634],[8.815,-0.896],[9.656,-2.419],[11.773,-4.537],[12.263,-5.47],[12.372,-6.258],[13.387,-8.156],[13.204,-9.637],[13.816,-10.976],[13.649,-12.197],[12.585,-13.464],[12.06,-15.594],[11.782,-15.868],[11.775,-17.596],[12.08,-18.491],[12.929,-19.742],[13.804,-21.443],[14.415,-22.268],[14.396,-23.075],[14.909,-25.018],[14.843,-25.622],[15.454,-27.616],[16.788,-29.139],[18.179,-31.805],[18.487,-34.398],[20.256,-34.623],[21.669,-34.506],[22.682,-34.103],[24.43,-34.335],[25.619,-33.919],[26.659,-33.847],[28.922,-32.298],[30.391,-30.814],[31.563,-29.21],[32.235,-28.744],[32.767,-27.517],[32.896,-26.372],[32.5,-26.068],[33.347,-25.304],[34.884,-24.722],[35.297,-23.825],[35.531,-22.458],[35.261,-22.274],[34.699,-20.572],[34.726,-19.86],[35.915,-19.032],[37.275,-17.713],[39.471,-16.717],[40.386,-15.736],[40.849,-14.579],[40.599,-14.401],[40.527,-12.584],[40.311,-11.345],[40.62,-10.766],[39.658,-9.796],[39.27,-7.801],[39.566,-7.044],[38.922,-6.34],[39.267,-4.776],[40.234,-3.192],[42.44,-0.512],[44.137,1.151]]]},"properties":{"NAME":"Khoiasan","SUBJECTO":"Khoiasan","BORDERPRECISION":1}},
{"type":"Feature","geometry":{"type":"Polygon","coordinates":[[[32.879,12.471],[30.6,11.116],[24.074,11.182],[23.2,11.775],[20.442,11.973],[17.751,12.827],[8.266,12.367],[2.346,13.286],[-6.265,13.351],[-8.909,12.636],[-10.177,14.21],[-13.396,14.917],[-17.033,14.565],[-16.471,13.723],[-16.772,12.597],[-15.809,11.843],[-14.591,10.467],[-13.68,9.916],[-12.927,8.627],[-13.212,8.347],[-12.264,7.351],[-9.937,5.863],[-9.248,5.172],[-7.529,4.337],[-6.316,4.873],[-5,5.238],[-3.942,5.266],[-2.717,5.04],[-2.031,4.698],[0.09,5.656],[0.939,5.759],[1.558,6.237],[3.46,6.381],[3.949,6.579],[4.886,6.003],[5.359,5.368],[12.605,7.732],[22.225,6.196],[33.93,2.844],[36.015,1.297],[38.773,-2.267],[39.48,-2.469],[40.455,-1.36],[40.859,0.322],[42.54,1.264],[44.137,1.151],[45.541,1.967],[46.361,2.668],[47.556,3.993],[48.472,5.201],[49.046,6.416],[50.779,9.368],[51.13,10.71],[51.181,11.777],[50.697,11.948],[49.304,11.246],[47.391,11.159],[46.677,10.7],[45.909,10.832],[44.281,10.396],[43.368,11.456],[43.33,12.434],[42.355,13.271],[40.475,13.055],[38.305,13.222],[37.804,14.223],[38.305,15.058],[39.518,15.463],[40.739,14.919],[42.357,13.468],[40.739,14.919],[39.518,15.463],[39.236,16.249],[35.829,14.224],[35.718,13.222],[34.701,12.658],[32.879,12.471]],[[34.232,11.709],[37.125,11.644],[39.143,9.063],[38.605,6.597],[35.578,5.527],[33.022,6.865],[32.349,9.528],[34.232,11.709]]]},"properties":{"NAME":"West African cereal farmers","SUBJECTO":"West African cereal farmers","BORDERPRECISION":1}},
{"type":"Feature","geometry":{"type":"Polygon","coordinates":[[[44.672,-16.236],[43.972,-17.553],[44.47,-20.17],[43.501,-21.494],[43.376,-22.632],[43.827,-23.413],[43.671,-24.227],[44.425,-25.312],[45.576,-25.621],[46.855,-25.218],[47.258,-24.766],[48.087,-22.044],[49.342,-18.228],[49.425,-17.198],[50.503,-15.314],[50.15,-14.419],[49.817,-12.831],[49.176,-12.266],[48.751,-13.418],[48.224,-13.794],[46.925,-15.36],[46.142,-15.826],[44.672,-16.236]]]},"properties":{"NAME":"Vazimba","SUBJECTO":"Vazimba","BORDERPRECISION":1}},
{"type":"Feature","geometry":{"type":"Polygon","coordinates":[[[129.95,45.287],[127.652,50.262],[125.053,50.372],[110.701,50.983],[105.301,51.213],[93.941,51.096],[82.209,51.329],[80.719,46.436],[91.334,45.92],[90.96,43.549],[92.066,43.303],[94.598,41.116],[96.325,40.656],[98.972,41.001],[100.813,40.31],[100.954,40.029],[101.886,39.807],[102.442,38.879],[102.906,38.879],[103.555,40.734],[104.841,41.231],[110.711,40.886],[116.235,41.576],[118.924,42.097],[119.044,42.311],[123.975,42.957],[125.097,42.957],[125.508,42.599],[127.299,43.238],[129.247,45.186],[129.95,45.287]]]},"properties":{"NAME":"Göktürks","SUBJECTO":"Göktürks","BORDERPRECISION":1}},
{"type":"Feature","geometry":{"type":"Polygon","coordinates":[[[132.827,42.862],[134.139,42.993],[136.034,44.398],[137.721,45.997],[139.214,47.811],[140.081,48.503],[140.323,50.518],[141.257,52.103],[141.047,52.69],[134.87,52.009],[128.289,50.234],[127.652,50.262],[129.95,45.287],[130.546,45.372],[132.122,44.63],[132.827,42.862]]]},"properties":{"NAME":null,"SUBJECTO":null,"BORDERPRECISION":1}},
{"type":"Feature","geometry":{"type":"Polygon","coordinates":[[[34.528,20.175],[37.136,21.128],[36.66,22.167],[35.746,22.914],[35.468,23.721],[35.725,23.912],[35.19,24.4],[33.657,24.018],[33.345,23.354],[34.422,20.506],[34.528,20.175]]]},"properties":{"NAME":"Blemmyes","SUBJECTO":"Blemmyes","BORDERPRECISION":1}},
{"type":"Feature","geometry":{"type":"Polygon","coordinates":[[[-90,30.316],[-87.775,30.263],[-86.389,30.473],[-85.305,29.664],[-83.886,30.048],[-82.647,28.907],[-82.429,27.826],[-80.592,28.492],[-81.405,30.073],[-81.512,30.727],[-80.581,32.497],[-79.349,33.11],[-78.621,33.811],[-77.963,33.933],[-77.296,34.667],[-76.622,34.763],[-75.729,35.882],[-76.215,37.943],[-75.668,37.898],[-74.153,39.765],[-73.741,40.977],[-70.302,41.759],[-70.868,42.871],[-70.216,43.8],[-68.804,44.393],[-67.169,44.711],[-66.502,45.186],[-64.905,45.463],[-66.189,44.141],[-65.713,43.56],[-63.559,44.513],[-61.032,45.379],[-64.535,46.272],[-65.213,48.121],[-64.398,48.456],[-64.952,49.207],[-66.03,49.166],[-68.341,48.546],[-69.254,48.12],[-71.034,46.746],[-72.322,46.295],[-81.931,48.902],[-85.036,49.094],[-87.79,49.931],[-95.566,49.996],[-94.235,46.721],[-94.118,39.732],[-94.118,35.876],[-94.619,36.097],[-96.406,35.646],[-97.139,34.471],[-95.82,32.715],[-94.118,31.93],[-94.118,29.693],[-93.446,29.768],[-90.667,29.223],[-90.65,29.239],[-90.27,29.155],[-90.201,29.143],[-90.092,29.222],[-90,29.427],[-90,30.08],[-90.108,30.039],[-90,30.316]],[[-86.372,42.248],[-87.554,41.766],[-87.908,43.192],[-87.343,44.818],[-86.72,45.867],[-85.382,46.075],[-84.952,45.408],[-86.002,44.917],[-86.514,43.681],[-86.372,42.248]],[[-84.747,45.854],[-83.794,46.257],[-80.807,45.955],[-79.918,44.967],[-81.095,44.799],[-81.719,44.139],[-81.808,43.318],[-83.386,44.313],[-83.431,45.275],[-84.747,45.854]],[[-80.023,42.807],[-79.198,42.571],[-81.811,41.495],[-82.484,41.96],[-81.439,42.587],[-80.023,42.807]],[[-92.265,46.651],[-91.15,47.368],[-89.517,48.004],[-88.095,49.005],[-86.384,48.725],[-85.797,47.966],[-85.027,47.94],[-84.442,46.817],[-87.273,46.512],[-87.76,46.864],[-89.311,46.881],[-90.277,46.625],[-90.832,46.944],[-92.265,46.651]],[[-76.178,43.988],[-76.937,43.237],[-78.503,43.362],[-79.153,43.772],[-76.876,44.112],[-76.178,43.988]]]},"properties":{"NAME":"Eastern North Amercian hunter-gatherers","SUBJECTO":"Eastern North Amercian hunter-gatherers","BORDERPRECISION":1}},
{"type":"Feature","geometry":{"type":"Polygon","coordinates":[[[-69.874,-14.377],[-72.226,-12.243],[-75.576,-10.613],[-78.105,-7.022],[-78.508,-7.183],[-78.427,-8.149],[-76.656,-11.127],[-76.495,-12.093],[-76.725,-12.731],[-76.238,-13.502],[-76.242,-14.106],[-75.231,-15.222],[-74.05,-16.045],[-71.612,-17.221],[-69.874,-14.377]]]},"properties":{"NAME":"Huari Empire","SUBJECTO":"Huari Empire","BORDERPRECISION":1}},
{"type":"Feature","geometry":{"type":"Polygon","coordinates":[[[42.355,13.271],[42.357,13.468],[40.739,14.919],[39.518,15.463],[38.305,15.058],[37.804,14.223],[38.305,13.222],[40.475,13.055],[42.355,13.271]]]},"properties":{"NAME":"Axum","SUBJECTO":"Axum","BORDERPRECISION":1}},
{"type":"Feature","geometry":null,"properties":{"NAME":null,"SUBJECTO":null,"BORDERPRECISION":1}},
{"type":"Feature","geometry":null,"properties":{"NAME":null,"SUBJECTO":null,"BORDERPRECISION":1}},
{"type":"Feature","geometry":null,"properties":{"NAME":null,"SUBJECTO":null,"BORDERPRECISION":1}},
{"type":"Feature","geometry":null,"properties":{"NAME":null,"SUBJECTO":null,"BORDERPRECISION":1}},
{"type":"Feature","geometry":null,"properties":{"NAME":null,"SUBJECTO":null,"BORDERPRECISION":1}},
{"type":"Feature","geometry":null,"properties":{"NAME":null,"SUBJECTO":null,"BORDERPRECISION":1}},
{"type":"Feature","geometry":{"type":"Polygon","coordinates":[[[20.117,30.957],[19.125,30.199],[19.664,30.442],[20.117,30.957]]]},"properties":{"NAME":null,"SUBJECTO":null,"BORDERPRECISION":1}},
{"type":"Feature","geometry":{"type":"Polygon","coordinates":[[[34.232,11.709],[32.349,9.528],[33.022,6.865],[35.578,5.527],[38.605,6.597],[39.143,9.063],[37.125,11.644],[34.232,11.709]]]},"properties":{"NAME":null,"SUBJECTO":null,"BORDERPRECISION":1}},
{"type":"Feature","geometry":{"type":"Polygon","coordinates":[[[31.805,12.522],[31.281,13.057],[30.531,14.093],[30.531,15.824],[30.347,16.933],[29.662,18.644],[29.846,20.116],[30.242,20.886],[30.242,21.736],[30.809,23.863],[28.406,27.743],[26.743,28.575],[22.308,29.961],[21.291,29.961],[19.351,29.407],[18.612,29.407],[14.454,31.162],[9.834,32.918],[8.633,34.027],[7.986,35.505],[6.785,35.875],[6.047,36.842],[5.144,36.668],[3.741,36.837],[3.324,36.651],[1.058,36.462],[-1.147,35.629],[-2.035,35.055],[-2.928,35.278],[-3.004,35.383],[-3.38,35.193],[-4.329,35.152],[-4.421,35.152],[-6.328,34.812],[-6.522,34.44],[-7.004,33.875],[-8.314,33.338],[-9.219,32.58],[-9.813,31.289],[-9.663,29.955],[-10.339,29.146],[-11.576,28.229],[-12.866,27.857],[-13.629,26.591],[-14.367,26.119],[-14.82,24.733],[-15.714,23.873],[-16.353,22.493],[-16.806,21.99],[-17.052,21.004],[-16.347,20.523],[-15.983,18.178],[-16.45,16.118],[-17.033,14.565],[-13.396,14.917],[-10.177,14.21],[-11.181,15.457],[-9.909,17.894],[-7.456,19.443],[-5.184,17.201],[-4.548,15.106],[-6.265,13.351],[2.346,13.286],[8.266,12.367],[17.751,12.827],[20.442,11.973],[23.2,11.775],[24.074,11.182],[30.6,11.116],[32.879,12.471],[31.805,12.522]]]},"properties":{"NAME":null,"SUBJECTO":null,"BORDERPRECISION":1}},
{"type":"Feature","geometry":{"type":"Polygon","coordinates":[[[34.701,12.658],[35.718,13.222],[35.829,14.224],[39.236,16.249],[38.686,18.003],[37.398,18.915],[37.136,21.128],[34.528,20.175],[35.151,18.226],[35.267,16.386],[35.466,14.28],[35.151,13.052],[34.701,12.658]]]},"properties":{"NAME":null,"SUBJECTO":null,"BORDERPRECISION":1}},
{"type":"Feature","geometry":{"type":"Polygon","coordinates":[[[-82.429,27.826],[-82.31,26.825],[-81.401,25.859],[-81.098,25.125],[-80.314,25.244],[-80.05,26.551],[-80.592,28.492],[-82.429,27.826]]]},"properties":{"NAME":"Caloosahatchee cultureure","SUBJECTO":"Caloosahatchee cultureure","BORDERPRECISION":1}},
{"type":"Feature","geometry":{"type":"Polygon","coordinates":[[[-6.265,13.351],[-4.548,15.106],[-5.184,17.201],[-7.456,19.443],[-9.909,17.894],[-11.181,15.457],[-10.177,14.21],[-8.909,12.636],[-6.265,13.351]]]},"properties":{"NAME":"Empire of Ghana","SUBJECTO":"Empire of Ghana","BORDERPRECISION":1}},
{"type":"Feature","geometry":{"type":"Polygon","coordinates":[[[-4.153,53.226],[-4.277,53.398],[-4.567,53.273],[-4.351,53.124],[-4.153,53.226]]]},"properties":{"NAME":null,"SUBJECTO":null,"BORDERPRECISION":1}},
{"type":"Feature","geometry":{"type":"Polygon","coordinates":[[[-5.104,55.439],[-5.155,55.673],[-5.4,55.601],[-5.104,55.439]]]},"properties":{"NAME":null,"SUBJECTO":null,"BORDERPRECISION":1}},
{"type":"Feature","geometry":{"type":"Polygon","coordinates":[[[-6.122,55.879],[-6.327,55.589],[-6.025,55.681],[-6.122,55.879]]]},"properties":{"NAME":null,"SUBJECTO":null,"BORDERPRECISION":1}},
{"type":"Feature","geometry":{"type":"Polygon","coordinates":[[[-5.947,55.83],[-5.746,56.064],[-5.968,56.024],[-6.079,55.906],[-5.947,55.83]]]},"properties":{"NAME":null,"SUBJECTO":null,"BORDERPRECISION":1}},
{"type":"Feature","geometry":{"type":"Polygon","coordinates":[[[-7.467,56.941],[-7.376,56.979],[-7.446,57.056],[-7.554,56.966],[-7.467,56.941]]]},"properties":{"NAME":null,"SUBJECTO":null,"BORDERPRECISION":1}},
{"type":"Feature","geometry":{"type":"Polygon","coordinates":[[[-7.223,57.337],[-7.425,57.382],[-7.381,57.109],[-7.23,57.095],[-7.223,57.337]]]},"properties":{"NAME":null,"SUBJECTO":null,"BORDERPRECISION":1}},
{"type":"Feature","geometry":{"type":"Polygon","coordinates":[[[-7.269,57.399],[-7.205,57.461],[-7.351,57.489],[-7.388,57.424],[-7.269,57.399]]]},"properties":{"NAME":null,"SUBJECTO":null,"BORDERPRECISION":1}},
{"type":"Feature","geometry":{"type":"Polygon","coordinates":[[[-7.189,57.687],[-7.477,57.562],[-7.154,57.509],[-7.189,57.687]]]},"properties":{"NAME":null,"SUBJECTO":null,"BORDERPRECISION":1}},
{"type":"Feature","geometry":{"type":"Polygon","coordinates":[[[-7.006,57.881],[-6.994,57.919],[-7.074,57.896],[-7.006,57.881]]]},"properties":{"NAME":null,"SUBJECTO":null,"BORDERPRECISION":1}},
{"type":"Feature","geometry":{"type":"Polygon","coordinates":[[[-6.802,58.203],[-6.794,58.218],[-6.854,58.25],[-6.873,58.206],[-6.802,58.203]]]},"properties":{"NAME":null,"SUBJECTO":null,"BORDERPRECISION":1}},
{"type":"Feature","geometry":{"type":"Polygon","coordinates":[[[-6.204,58.356],[-7.032,58.238],[-6.474,57.94],[-6.204,58.356]]]},"properties":{"NAME":null,"SUBJECTO":null,"BORDERPRECISION":1}},
{"type":"Feature","geometry":{"type":"Polygon","coordinates":[[[-2.918,58.732],[-2.877,58.82],[-3.037,58.818],[-2.918,58.732]]]},"properties":{"NAME":null,"SUBJECTO":null,"BORDERPRECISION":1}},
{"type":"Feature","geometry":{"type":"Polygon","coordinates":[[[-3.231,58.776],[-3.136,58.804],[-3.336,58.927],[-3.431,58.871],[-3.231,58.776]]]},"properties":{"NAME":null,"SUBJECTO":null,"BORDERPRECISION":1}},
{"type":"Feature","geometry":{"type":"Polygon","coordinates":[[[-2.793,58.951],[-3.077,59.122],[-3.195,58.911],[-2.793,58.951]]]},"properties":{"NAME":null,"SUBJECTO":null,"BORDERPRECISION":1}},
{"type":"Feature","geometry":{"type":"Polygon","coordinates":[[[-2.681,59.196],[-2.621,59.236],[-2.496,59.245],[-2.414,59.314],[-2.593,59.291],[-2.681,59.196]]]},"properties":{"NAME":null,"SUBJECTO":null,"BORDERPRECISION":1}},
{"type":"Feature","geometry":{"type":"Polygon","coordinates":[[[-2.89,59.295],[-3.049,59.329],[-3.003,59.264],[-2.972,59.287],[-2.89,59.295]]]},"properties":{"NAME":null,"SUBJECTO":null,"BORDERPRECISION":1}},
{"type":"Feature","geometry":{"type":"Polygon","coordinates":[[[-1.296,60.491],[-1.32,60.356],[-1.655,60.226],[-1.126,60.152],[-1.041,60.447],[-1.296,60.491]]]},"properties":{"NAME":null,"SUBJECTO":null,"BORDERPRECISION":1}},
{"type":"Feature","geometry":{"type":"Polygon","coordinates":[[[-1.029,60.496],[-0.991,60.72],[-1.177,60.637],[-1.029,60.496]]]},"properties":{"NAME":null,"SUBJECTO":null,"BORDERPRECISION":1}},
{"type":"Feature","geometry":{"type":"Polygon","coordinates":[[[-0.82,60.689],[-0.768,60.829],[-0.939,60.794],[-0.966,60.688],[-0.82,60.689]]]},"properties":{"NAME":null,"SUBJECTO":null,"BORDERPRECISION":1}},
{"type":"Feature","geometry":{"type":"Polygon","coordinates":[[[-6.707,61.937],[-6.719,62.029],[-7.192,62.308],[-7.232,62.172],[-6.707,61.937]]]},"properties":{"NAME":null,"SUBJECTO":null,"BORDERPRECISION":1}},
{"type":"Feature","geometry":{"type":"Polygon","coordinates":[[[-4.778,54.056],[-4.394,54.186],[-4.527,54.367],[-4.778,54.056]]]},"properties":{"NAME":null,"SUBJECTO":null,"BORDERPRECISION":1}},
{"type":"Feature","geometry":{"type":"Polygon","coordinates":[[[129.716,28.451],[129.158,28.235],[129.369,28.116],[129.716,28.451]]]},"properties":{"NAME":null,"SUBJECTO":null,"BORDERPRECISION":1}},
{"type":"Feature","geometry":{"type":"Polygon","coordinates":[[[129.963,29.957],[129.942,30],[129.924,29.984],[129.963,29.957]]]},"properties":{"NAME":null,"SUBJECTO":null,"BORDERPRECISION":1}},
{"type":"Feature","geometry":{"type":"Polygon","coordinates":[[[129.896,29.874],[129.877,29.831],[129.923,29.825],[129.896,29.874]]]},"properties":{"NAME":null,"SUBJECTO":null,"BORDERPRECISION":1}},
{"type":"Feature","geometry":{"type":"Polygon","coordinates":[[[130.906,30.355],[131.074,30.689],[130.945,30.683],[130.906,30.355]]]},"properties":{"NAME":null,"SUBJECTO":null,"BORDERPRECISION":1}},
{"type":"Feature","geometry":{"type":"Polygon","coordinates":[[[130.559,30.236],[130.672,30.373],[130.511,30.459],[130.387,30.397],[130.559,30.236]]]},"properties":{"NAME":null,"SUBJECTO":null,"BORDERPRECISION":1}},
{"type":"Feature","geometry":{"type":"Polygon","coordinates":[[[121.735,25.139],[121.002,25.002],[120.116,23.631],[120.329,22.519],[120.879,22.341],[121.453,23.327],[121.84,24.476],[121.735,25.139]]]},"properties":{"NAME":null,"SUBJECTO":null,"BORDERPRECISION":1}},
{"type":"Feature","geometry":{"type":"Polygon","coordinates":[[[128.901,32.643],[128.649,32.778],[128.61,32.612],[128.901,32.643]]]},"properties":{"NAME":null,"SUBJECTO":null,"BORDERPRECISION":1}},
{"type":"Feature","geometry":{"type":"MultiPolygon","coordinates":[[[[126.372,37.63],[126.397,37.599],[126.46,37.593],[126.372,37.63]]],[[[128.27,38.42],[127.134,38.299],[126.666,37.528],[126.659,37.222],[126.73,37.139],[126.767,37.097],[126.793,37.013],[126.797,36.944],[126.507,36.911],[126.477,36.923],[126.357,36.946],[126.312,36.929],[126.186,36.864],[126.138,36.697],[126.235,36.683],[126.293,36.658],[126.334,36.639],[126.464,36.575],[126.622,35.944],[126.614,35.905],[126.525,35.669],[126.525,35.579],[126.354,34.694],[126.381,34.547],[126.501,34.331],[126.671,34.414],[126.834,34.435],[126.992,34.546],[127.226,34.711],[127.577,34.886],[127.638,34.901],[127.661,34.906],[128.021,34.986],[128.158,34.894],[128.32,34.948],[128.38,35.005],[128.978,35.089],[129.439,35.476],[129.342,37.257],[128.27,38.42]]]]},"properties":{"NAME":null,"SUBJECTO":null,"BORDERPRECISION":1}},
{"type":"Feature","geometry":{"type":"Polygon","coordinates":[[[123.871,24.252],[123.922,24.371],[123.767,24.414],[123.679,24.316],[123.871,24.252]]]},"properties":{"NAME":null,"SUBJECTO":null,"BORDERPRECISION":1}},
{"type":"Feature","geometry":{"type":"Polygon","coordinates":[[[125.356,24.777],[125.262,24.879],[125.252,24.738],[125.356,24.777]]]},"properties":{"NAME":null,"SUBJECTO":null,"BORDERPRECISION":1}},
{"type":"Feature","geometry":{"type":"Polygon","coordinates":[[[124.262,24.457],[124.078,24.42],[124.122,24.345],[124.23,24.338],[124.262,24.457]]]},"properties":{"NAME":null,"SUBJECTO":null,"BORDERPRECISION":1}},
{"type":"Feature","geometry":{"type":"Polygon","coordinates":[[[128.253,26.639],[128.247,26.84],[127.959,26.544],[128.253,26.639]]]},"properties":{"NAME":null,"SUBJECTO":null,"BORDERPRECISION":1}},
{"type":"Feature","geometry":{"type":"Polygon","coordinates":[[[126.762,26.387],[126.702,26.349],[126.781,26.298],[126.81,26.347],[126.762,26.387]]]},"properties":{"NAME":null,"SUBJECTO":null,"BORDERPRECISION":1}},
{"type":"Feature","geometry":{"type":"Polygon","coordinates":[[[128.951,27.676],[129.03,27.774],[128.899,27.898],[128.897,27.726],[128.951,27.676]]]},"properties":{"NAME":null,"SUBJECTO":null,"BORDERPRECISION":1}},
{"type":"Feature","geometry":{"type":"Polygon","coordinates":[[[128.609,27.359],[128.696,27.449],[128.524,27.414],[128.609,27.359]]]},"properties":{"NAME":null,"SUBJECTO":null,"BORDERPRECISION":1}},
{"type":"Feature","geometry":{"type":"Polygon","coordinates":[[[129.992,28.282],[130.032,28.353],[129.943,28.322],[129.992,28.282]]]},"properties":{"NAME":null,"SUBJECTO":null,"BORDERPRECISION":1}},
{"type":"Feature","geometry":{"type":"Polygon","coordinates":[[[129.336,28.075],[129.34,28.111],[129.224,28.184],[129.219,28.098],[129.336,28.075]]]},"properties":{"NAME":null,"SUBJECTO":null,"BORDERPRECISION":1}},
{"type":"Feature","geometry":{"type":"Polygon","coordinates":[[[129.733,29.61],[129.753,29.648],[129.71,29.652],[129.733,29.61]]]},"properties":{"NAME":null,"SUBJECTO":null,"BORDERPRECISION":1}},
{"type":"Feature","geometry":{"type":"Polygon","coordinates":[[[125.508,42.599],[125.097,42.957],[123.975,42.957],[124.702,42.311],[125.508,42.599]]]},"properties":{"NAME":null,"SUBJECTO":null,"BORDERPRECISION":1}},
{"type":"Feature","geometry":{"type":"Polygon","coordinates":[[[110.711,40.886],[116.169,40.641],[118.21,40.827],[118.924,42.097],[116.235,41.576],[110.711,40.886]]]},"properties":{"NAME":null,"SUBJECTO":null,"BORDERPRECISION":1}},
{"type":"Feature","geometry":{"type":"Polygon","coordinates":[[[91.635,75.653],[90,75.602],[89.796,75.524],[91.635,75.653]]]},"properties":{"NAME":null,"SUBJECTO":null,"BORDERPRECISION":1}},
{"type":"Feature","geometry":{"type":"MultiPolygon","coordinates":[[[[14.397,55.97],[15.771,56.033],[16.659,57.443],[16.684,58.64],[15.294,59.416],[15.866,60.311],[18.252,60.302],[19.037,59.863],[17.146,60.953],[17.832,62.457],[16.574,62.525],[15.43,61.866],[11.528,61.898],[10.155,64.099],[7.989,62.94],[7.088,62.91],[5.149,61.741],[5.096,60.264],[5.806,59.949],[5.615,58.455],[6.959,57.972],[8.154,58.09],[10.549,59.379],[12.289,56.88],[12.85,56.476],[14.397,55.97]]],[[[18.515,59.401],[18.611,59.333],[18.515,59.401],[18.441,59.401],[18.111,59.323],[17.978,59.328],[17.862,59.24],[17.358,59.245],[16.408,59.447],[17.358,59.245],[17.862,59.24],[17.978,59.328],[18.111,59.323],[18.441,59.401],[18.515,59.401]]]]},"properties":{"NAME":null,"SUBJECTO":null,"BORDERPRECISION":1}},
{"type":"Feature","geometry":{"type":"Polygon","coordinates":[[[16.684,58.64],[17.739,59.11],[17.726,58.914],[18.372,59.157],[18.273,59.287],[18.611,59.333],[18.515,59.401],[18.441,59.401],[18.111,59.323],[17.978,59.328],[17.862,59.24],[17.358,59.245],[16.408,59.447],[18.03,59.359],[19.037,59.863],[18.252,60.302],[15.866,60.311],[15.294,59.416],[16.684,58.64]]]},"properties":{"NAME":"Swedes","SUBJECTO":"Swedes","BORDERPRECISION":1}},
{"type":"Feature","geometry":{"type":"Polygon","coordinates":[[[106.93,11.842],[104.39,11.981],[101.633,13.725],[100.909,13.447],[100.872,12.679],[101.919,12.585],[102.658,12.066],[103.04,10.898],[103.67,10.766],[104.979,9.981],[104.742,8.494],[106.482,9.552],[106.773,10.639],[106.93,11.842]]]},"properties":{"NAME":"Funan","SUBJECTO":"Funan","BORDERPRECISION":1}},
{"type":"Feature","geometry":{"type":"Polygon","coordinates":[[[13.79,45.552],[13.527,45.454],[13.895,44.759],[14.35,45.312],[13.79,45.552]]]},"properties":{"NAME":"Ostrogoths","SUBJECTO":"","BORDERPRECISION":1}},
{"type":"Feature","geometry":{"type":"Polygon","coordinates":[[[14.253,36.073],[14.191,36.024],[14.275,36.012],[14.253,36.073]]]},"properties":{"NAME":null,"SUBJECTO":null,"BORDERPRECISION":1}},
{"type":"Feature","geometry":{"type":"Polygon","coordinates":[[[14.332,35.981],[14.336,35.884],[14.52,35.8],[14.57,35.869],[14.332,35.981]]]},"properties":{"NAME":null,"SUBJECTO":null,"BORDERPRECISION":1}},
{"type":"Feature","geometry":{"type":"MultiPolygon","coordinates":[[[[8.048,44.018],[8.897,44.437],[9.909,44.11],[10.743,42.851],[11.589,43.913],[11.405,45.576],[12.449,47.106],[10.481,47.24],[9.002,46.962],[7.893,45.854],[7.616,45.022],[8.048,44.018]]],[[[15.873,41.502],[14.429,42.327],[13.807,42.158],[13.329,41.311],[14.992,40.372],[15.84,40.679],[15.873,41.502]]]]},"properties":{"NAME":"Lombard principalities","SUBJECTO":"Lombard principalities","BORDERPRECISION":1}},
{"type":"Feature","geometry":{"type":"MultiPolygon","coordinates":[[[[33.657,24.018],[35.19,24.4],[33.929,26.564],[33.354,27.91],[32.318,29.54],[32.648,29.852],[33.331,28.551],[34.058,27.79],[35.112,28.072],[36.168,30.423],[38.376,33.532],[43.19,40.31],[44.391,41.881],[44.391,42.62],[43.837,42.897],[41.123,43.019],[41.68,41.793],[41.293,41.286],[40.361,40.963],[38.651,40.922],[36.383,41.238],[35.958,41.686],[33.556,41.983],[32.419,41.749],[30.745,41.04],[27.764,40.287],[26.765,40.377],[26.128,39.879],[26.708,39.182],[27.16,37.36],[29.002,36.695],[29.298,36.173],[30.473,36.188],[31.371,36.712],[32.335,36.128],[33.171,35.971],[34.485,36.627],[35.709,36.212],[35.873,34.422],[34.843,32.671],[34.501,31.621],[33.558,30.968],[32.077,31.014],[30.996,31.469],[29.249,30.754],[26.143,31.491],[25.258,31.438],[24.816,31.907],[23.153,32.139],[22.543,32.722],[21.673,32.816],[20.366,32.298],[19.942,31.611],[20.117,30.957],[19.664,30.442],[19.125,30.199],[17.422,30.996],[15.843,31.285],[15.01,32.363],[14.157,32.679],[12.565,32.74],[10.413,33.631],[10.019,34.081],[11.125,35.241],[10.133,37.105],[9.416,37.275],[7.913,36.775],[6.047,36.842],[6.785,35.875],[7.986,35.505],[8.633,34.027],[9.834,32.918],[14.454,31.162],[18.612,29.407],[19.351,29.407],[21.291,29.961],[22.308,29.961],[26.743,28.575],[28.406,27.743],[30.809,23.863],[32.749,23.77],[33.657,24.018]]],[[[-8.791,37.829],[-8.659,37.109],[-7.127,37.221],[-6.579,37.019],[-5.614,36.006],[-4.392,36.723],[-2.117,36.736],[-0.512,38.325],[0.207,38.732],[-0.335,39.426],[-1.531,39.201],[-2.825,37.723],[-5.782,37.907],[-6.706,38.277],[-8.791,37.829]]],[[[15.413,46.144],[14.54,45.256],[15.412,43.935],[16.992,43.323],[19.607,41.762],[19.369,40.26],[20.029,39.814],[21.172,38.348],[21.228,37.905],[22.39,36.524],[22.639,37.492],[23.556,38.352],[22.72,39.287],[22.602,40.397],[23.596,40.192],[23.886,40.733],[25.993,40.852],[26.614,40.398],[27.474,40.963],[28.828,40.915],[27.502,42.516],[28.446,43.476],[28.686,44.488],[29.616,45.41],[28.217,45.476],[28.037,44.375],[25.265,43.821],[23.139,43.913],[22.955,44.652],[21.199,44.93],[20.922,44.652],[18.634,44.864],[18.389,45.338],[15.413,46.144]]],[[[12.449,47.106],[11.405,45.576],[11.589,43.913],[10.743,42.851],[12.642,41.531],[13.329,41.311],[13.807,42.158],[14.429,42.327],[13.601,43.535],[12.345,44.301],[12.176,45.214],[13.606,45.722],[13.484,46.757],[12.879,47.055],[12.449,47.106]]],[[[-4.421,35.152],[-5.919,35.791],[-6.522,34.44],[-6.328,34.812],[-4.421,35.152]]],[[[14.992,40.372],[15.666,40.092],[16.083,39.012],[17.084,40.525],[15.873,41.502],[15.84,40.679],[14.992,40.372]]],[[[13.322,38.221],[12.454,37.766],[15.027,36.745],[15.387,38.206],[13.81,37.966],[13.322,38.221]]],[[[8.241,40.855],[8.696,38.996],[9.479,39.144],[9.794,40.564],[9.306,41.184],[8.241,40.855]]]]},"properties":{"NAME":"Eastern Roman Empire","SUBJECTO":"Eastern Roman Empire","BORDERPRECISION":1}},
{"type":"Feature","geometry":{"type":"Polygon","coordinates":[[[147.232,75.362],[148.256,74.789],[150.148,75.219],[147.232,75.362]]]},"properties":{"NAME":null,"SUBJECTO":null,"BORDERPRECISION":1}},
{"type":"Feature","geometry":{"type":"Polygon","coordinates":[[[102.904,79.265],[99.354,78.054],[104.759,78.328],[102.904,79.265]]]},"properties":{"NAME":null,"SUBJECTO":null,"BORDERPRECISION":1}},
{"type":"Feature","geometry":{"type":"Polygon","coordinates":[[[96.954,80.906],[93.468,81.04],[91.958,80.297],[97.159,80.234],[96.954,80.906]]]},"properties":{"NAME":null,"SUBJECTO":null,"BORDERPRECISION":1}},
{"type":"Feature","geometry":{"type":"Polygon","coordinates":[[[68.794,76.582],[61.679,76.311],[55.727,75.079],[55.665,74.326],[53.752,73.719],[56.759,73.247],[61.699,75.367],[67.035,76.084],[68.794,76.582]]]},"properties":{"NAME":null,"SUBJECTO":null,"BORDERPRECISION":1}},
{"type":"Feature","geometry":{"type":"Polygon","coordinates":[[[143.015,73.661],[141.086,73.871],[140.788,73.449],[143.185,73.203],[143.015,73.661]]]},"properties":{"NAME":null,"SUBJECTO":null,"BORDERPRECISION":1}},
{"type":"Feature","geometry":{"type":"Polygon","coordinates":[[[139.694,75.973],[137.45,75.955],[138.162,74.774],[144.348,75.044],[145.384,75.529],[141.763,76.1],[139.694,75.973]]]},"properties":{"NAME":null,"SUBJECTO":null,"BORDERPRECISION":1}},
{"type":"Feature","geometry":{"type":"Polygon","coordinates":[[[97.449,79.742],[93.646,79.615],[95.008,79.04],[98.56,78.776],[97.449,79.742]]]},"properties":{"NAME":null,"SUBJECTO":null,"BORDERPRECISION":1}},
{"type":"Feature","geometry":{"type":"Polygon","coordinates":[[[55.804,73.296],[53.153,73.156],[52.746,72.337],[53.572,70.886],[56.02,70.571],[57.056,70.862],[55.322,71.949],[56.544,73.116],[55.804,73.296]]]},"properties":{"NAME":null,"SUBJECTO":null,"BORDERPRECISION":1}},
{"type":"Feature","geometry":{"type":"Polygon","coordinates":[[[76.922,29.388],[72.628,28.367],[74.117,26.544],[76.309,27.045],[78.541,27.628],[76.922,29.388]]]},"properties":{"NAME":"Chauhans","SUBJECTO":"Chauhans","BORDERPRECISION":1}},
{"type":"Feature","geometry":{"type":"MultiPolygon","coordinates":[[[[107.375,16.691],[106.433,17.55],[106.364,18.007],[105.533,18.844],[105.843,19.702],[106.807,20.905],[107.9,21.479],[109.117,21.399],[110.077,20.867],[111.086,21.479],[112.75,21.756],[113.717,22.482],[116.341,22.913],[118.813,24.849],[119.47,25.772],[119.429,26.591],[120.352,27.177],[121.009,28.277],[121.359,28.386],[121.77,29.834],[121.606,31.828],[120.661,32.543],[119.974,34.135],[119.021,34.692],[120.139,36.195],[121.847,36.86],[120.658,37.736],[119.599,37.117],[118.955,37.077],[118.875,37.949],[117.589,38.284],[117.753,39.203],[118.978,39.224],[119.385,39.843],[120.273,40.152],[121.011,40.851],[122.082,40.488],[124.702,42.311],[123.975,42.957],[119.044,42.311],[118.924,42.097],[118.21,40.827],[116.169,40.641],[110.711,40.886],[104.841,41.231],[103.555,40.734],[102.906,38.879],[102.442,38.879],[101.886,39.807],[100.954,40.029],[100.402,39.714],[97.99,39.899],[96.599,39.714],[96.413,38.323],[99.381,37.581],[101.79,37.67],[100.68,32.85],[100.216,30.161],[99.752,27.471],[100.68,24.132],[102.257,25.338],[103.683,26.056],[106.43,24.874],[103.833,20.144],[103.234,20.123],[104.381,18.328],[105.417,17.407],[106.451,16.188],[107.375,16.691]]],[[[108.939,18.331],[109.43,18.097],[110.263,18.626],[110.617,20.017],[109.55,19.914],[108.577,19.187],[108.939,18.331]]]]},"properties":{"NAME":"Sui Empire","SUBJECTO":"Sui Empire","BORDERPRECISION":1}},
{"type":"Feature","geometry":{"type":"Polygon","coordinates":[[[91.571,22.543],[92.176,20.887],[92.926,20.349],[92.902,21.609],[92.125,22.968],[91.571,22.543]]]},"properties":{"NAME":"Arakan","SUBJECTO":"Arakan","BORDERPRECISION":1}},
{"type":"Feature","geometry":{"type":"Polygon","coordinates":[[[100.68,24.132],[99.752,27.471],[100.216,30.161],[100.68,32.85],[101.79,37.67],[99.381,37.581],[96.413,38.323],[96.599,39.714],[97.99,39.899],[100.402,39.714],[100.954,40.029],[100.813,40.31],[98.972,41.001],[96.325,40.656],[94.598,41.116],[92.066,43.303],[90.96,43.549],[91.334,45.92],[80.719,46.436],[82.209,51.329],[93.941,51.096],[105.301,51.213],[110.701,50.983],[125.053,50.372],[119.936,51.258],[116.707,54.659],[114.016,59.547],[107.962,59.818],[99.485,55.659],[99.537,55.281],[93.7,56.485],[78.362,56.41],[65.312,55.047],[59.094,56.432],[53.976,57.709],[46.106,57.709],[32.517,60.932],[29.019,61.771],[21.226,62.418],[21.56,60.512],[23.665,59.836],[25.581,60.262],[28.435,60.337],[29.076,59.908],[27.702,59.298],[25.721,59.46],[23.416,59.119],[24.346,57.16],[23.215,56.981],[22.564,57.616],[21.677,57.464],[20.965,56.609],[21.137,54.845],[19.943,54.85],[19.328,54.161],[18.279,54.724],[15.898,54.128],[13.78,53.775],[12.653,54.321],[11.408,53.859],[10.142,54.337],[9.694,54.838],[9.65,54.848],[9.617,54.892],[9.567,54.902],[8.637,55.095],[8.855,53.872],[11.09,53.291],[12.27,51.629],[10.451,50.983],[8.239,52.445],[8.223,53.344],[7.509,53.614],[7.616,51.305],[9.095,49.827],[9.926,49.642],[12.144,50.104],[12.698,49.734],[12.874,47.185],[13.938,47.626],[14.84,47.201],[16.661,48.309],[19.203,47.774],[19.518,48.21],[21.78,47.484],[24.926,47.551],[24.402,46.781],[28.217,45.476],[29.616,45.41],[30.833,46.577],[31.781,46.702],[32.202,46.17],[33.639,45.927],[33.395,44.6],[35.067,44.862],[34.907,46.273],[37.422,47.077],[38.242,46.699],[39.783,45.797],[38.814,44.264],[40.252,43.268],[41.123,43.019],[43.837,42.897],[44.391,42.62],[44.391,41.881],[48.254,42.248],[47.565,43.008],[47.565,43.844],[46.846,44.446],[47.556,45.453],[49.535,46.542],[51.369,47.09],[53.185,46.865],[53.149,45.957],[52.61,45.4],[51.513,45.373],[50.874,44.626],[51.171,43.718],[52.52,42.073],[53.985,42.106],[54.818,40.88],[53.257,40.765],[52.845,40.18],[54.033,38.993],[56.855,39.436],[61.956,41.291],[62.698,39.992],[65.017,38.508],[66.78,38.044],[67.058,37.117],[67.149,34.602],[69.933,35.633],[73.829,36.746],[75.22,34.798],[78.342,32.594],[80.738,30.903],[85.654,28.584],[88.327,28.013],[93.909,26.822],[94.466,26.451],[94.558,25.709],[92.987,24.082],[92.125,22.968],[92.902,21.609],[92.926,20.349],[93.724,19.594],[94.42,18.141],[94.465,17.264],[94.143,16.215],[94.819,16.21],[95.33,15.678],[96.469,16.513],[96.882,17.346],[97.573,16.445],[97.823,14.616],[98.194,13.658],[100.494,14.857],[101.607,15.32],[102.628,14.671],[102.164,13.929],[101.633,13.725],[104.39,11.981],[104.019,12.909],[103.926,14.207],[104.112,15.506],[104.575,15.784],[106.451,16.188],[105.417,17.407],[104.381,18.328],[103.234,20.123],[100.698,19.479],[100.123,20.169],[100.353,20.745],[100.123,23.854],[100.68,24.132]],[[42.034,48.098],[44.295,47.702],[47.932,47.371],[47.047,46.294],[43.607,45.542],[40.264,47.237],[42.034,48.098]]]},"properties":{"NAME":null,"SUBJECTO":null,"BORDERPRECISION":1}},
{"type":"Feature","geometry":{"type":"Polygon","coordinates":[[[100.302,7.887],[99.724,9.258],[99.071,9.898],[99.895,12.079],[100.24,13.49],[100.909,13.447],[101.633,13.725],[102.164,13.929],[102.628,14.671],[101.607,15.32],[100.494,14.857],[98.194,13.658],[98.486,13.112],[98.738,11.435],[98.398,10.564],[98.633,10.101],[98.177,8.6],[99.119,7.643],[100.302,7.887]]]},"properties":{"NAME":"Dvaravati","SUBJECTO":"Dvaravati","BORDERPRECISION":1}},
{"type":"Feature","geometry":{"type":"Polygon","coordinates":[[[178.176,-18.242],[178.171,-17.342],[177.51,-17.509],[177.333,-18.119],[178.176,-18.242]]]},"properties":{"NAME":"Tuʻi Tonga Empire","SUBJECTO":"Tuʻi Tonga Empire","BORDERPRECISION":1}}
]}