{"type":"FeatureCollection", "features": [
{"type":"Feature","geometry":{"type":"Polygon","coordinates":[[[33.78,35.208],[32.819,35.282],[32.603,34.615],[33.925,34.953],[33.78,35.208]]]},"properties":{"NAME":"Cyprus","SUBJECTO":"Cyprus","BORDERPRECISION":1}},
{"type":"Feature","geometry":{"type":"MultiPolygon","coordinates":[[[[-71.978,18.262],[-71.401,17.704],[-70.621,18.507],[-68.657,18.873],[-70.882,19.93],[-72.676,19.392],[-72.746,18.509],[-71.978,18.262]]],[[[-81.739,22.621],[-79.735,21.672],[-78.728,21.617],[-78.45,20.969],[-77.291,20.704],[-77.461,19.871],[-75.519,19.907],[-74.345,20.323],[-75.604,21.013],[-77.34,21.512],[-78.171,22.12],[-79.76,22.759],[-81.431,23.137],[-83.69,22.814],[-83.39,22.223],[-82.562,22.708],[-81.739,22.621]]]]},"properties":{"NAME":"Ciboney","SUBJECTO":"Ciboney","BORDERPRECISION":1}},
{"type":"Feature","geometry":{"type":"Polygon","coordinates":[[[123.492,-10.352],[124.154,-10.205],[125.212,-9.395],[125.08,-8.772],[123.665,-9.748],[123.492,-10.352]]]},"properties":{"NAME":null,"SUBJECTO":null,"BORDERPRECISION":1}},
{"type":"Feature","geometry":{"type":"MultiPolygon","coordinates":[[[[175.308,-37.321],[174.217,-35.337],[173.166,-35.421],[174.765,-37.297],[174.945,-37.928],[174.655,-38.983],[173.805,-39.42],[175.354,-40.3],[174.895,-41.296],[176.011,-41.255],[177.157,-39.854],[177.024,-39.445],[178.408,-38.771],[177.528,-38.204],[175.308,-37.321]]],[[[172.063,-43.923],[174.234,-42.011],[173.264,-41.544],[172.148,-41.578],[171.458,-41.993],[171.024,-42.887],[168.416,-44.221],[167.137,-45.2],[166.523,-46.233],[169.399,-46.71],[170.612,-45.946],[171.378,-44.338],[172.063,-43.923]]]]},"properties":{"NAME":null,"SUBJECTO":null,"BORDERPRECISION":1}},
{"type":"Feature","geometry":{"type":"Polygon","coordinates":[[[-61.114,10.822],[-61.809,10.725],[-61.207,10.118],[-61.114,10.822]]]},"properties":{"NAME":null,"SUBJECTO":null,"BORDERPRECISION":1}},
{"type":"Feature","geometry":{"type":"Polygon","coordinates":[[[-39.695,65.187],[-39.992,65.533],[-35.972,65.847],[-34.433,66.384],[-32.956,67.641],[-26.964,68.502],[-22.732,69.774],[-24.585,70.304],[-27.475,70.207],[-28.384,70.458],[-27.606,71.068],[-25.291,71.569],[-23.754,70.59],[-21.471,70.532],[-21.726,71.405],[-25.073,72.634],[-27.357,72.859],[-24.076,73.756],[-22.82,73.327],[-20.33,73.42],[-19.071,74.609],[-19.194,75.444],[-21.183,76.697],[-18.253,77.3],[-20.777,77.969],[-20.879,78.818],[-14.202,81.21],[-22.053,81.54],[-25.457,82.221],[-22.432,82.743],[-32.513,83.577],[-49.648,82.478],[-61.122,81.798],[-62.811,81.156],[-63.358,78.236],[-62.449,76.338],[-58.636,75.793],[-54.73,73.038],[-55.626,71.73],[-51.72,71.59],[-50.573,69.866],[-50.954,68.539],[-50.539,67.488],[-49.473,67.033],[-49.062,64.786],[-47.656,62.795],[-46.133,61.759],[-46.158,60.937],[-43.72,60.004],[-44.258,61.87],[-43.848,64.206],[-42.793,65.403],[-39.695,65.187]]]},"properties":{"NAME":null,"SUBJECTO":null,"BORDERPRECISION":1}},
{"type":"Feature","geometry":{"type":"MultiPolygon","coordinates":[[[[-73.112,-72.749],[-70.021,-72.672],[-68.63,-72.054],[-68.398,-71.127],[-70.33,-68.963],[-71.798,-69.736],[-72.107,-71.05],[-75.275,-71.668],[-73.112,-72.749]]],[[[-102.551,-72.131],[-97.142,-72.672],[-97.22,-71.822],[-101.16,-71.822],[-102.551,-72.131]]],[[[-55.185,-80.94],[-44.831,-80.322],[-44.213,-78.39],[-48.849,-78.081],[-50.858,-78.699],[-51.708,-79.781],[-53.871,-79.936],[-55.185,-80.94]]],[[[169.769,-83.418],[162.015,-81.66],[159.315,-80.027],[160.686,-79.114],[163.643,-78.661],[162.346,-75.107],[164.616,-74.172],[168.975,-73.239],[170.729,-71.904],[167.635,-70.865],[162.485,-70.306],[160.599,-70.221],[157.307,-69.156],[151.093,-68.886],[150.893,-68.538],[146.875,-67.997],[145.586,-67.223],[141.157,-66.722],[134.205,-66.18],[130.272,-66.253],[129.01,-67.03],[122.458,-66.645],[118.286,-67.07],[115.679,-66.414],[114.436,-66.493],[113.015,-65.763],[110.607,-66.059],[109.404,-66.71],[102.631,-65.926],[99.654,-66.549],[95.723,-66.529],[90,-66.607],[85.523,-66.916],[81.814,-67.302],[78.26,-68.384],[76.869,-69.311],[72.542,-70.238],[70.301,-72.015],[68.215,-72.402],[67.365,-71.706],[67.513,-70.464],[68.951,-69.889],[69.773,-68.636],[69.374,-67.843],[62.806,-67.611],[56.627,-66.942],[55.142,-65.963],[52.452,-65.988],[48.967,-66.973],[47.305,-67.775],[44.797,-67.745],[42.561,-68.113],[39.647,-68.934],[38.332,-70.029],[36.078,-69.591],[33.541,-68.542],[32.748,-69.35],[23.707,-70.586],[17.603,-70.084],[12.658,-70.315],[10.34,-70.702],[8.485,-70.084],[0.681,-71.32],[-4.882,-71.281],[-7.2,-70.895],[-11.141,-71.59],[-11.828,-72.323],[-16.396,-73.445],[-14.451,-74.065],[-17.168,-74.758],[-18.405,-75.686],[-23.582,-75.918],[-30.227,-76.845],[-33.163,-77.386],[-36.408,-78.622],[-36.408,-79.163],[-29.568,-79.224],[-28.913,-80.476],[-38.031,-80.94],[-43.826,-81.79],[-52.249,-82.022],[-60.207,-82.331],[-67.934,-81.481],[-74.889,-80.708],[-76.589,-79.395],[-80.761,-78.236],[-80.687,-77.566],[-74.502,-78.081],[-78.598,-76.613],[-75.932,-76.484],[-70.562,-76.69],[-64.457,-75.686],[-61.367,-73.909],[-60.826,-72.749],[-61.676,-70.818],[-63.839,-68.654],[-65.153,-68.5],[-65.385,-67.341],[-61.135,-64.868],[-57.271,-63.709],[-58.121,-63.4],[-62.912,-64.713],[-64.225,-65.254],[-66.853,-66.8],[-67.703,-66.877],[-67.084,-68.654],[-68.784,-69.813],[-67.084,-71.822],[-67.625,-72.749],[-75.584,-73.754],[-78.52,-73.715],[-80.993,-73.252],[-81.766,-74.024],[-88.565,-73.252],[-93.974,-73.174],[-96.524,-73.329],[-99.788,-72.998],[-101.88,-74.099],[-100.045,-75.31],[-105.642,-75.068],[-110.557,-75.303],[-113.238,-74.321],[-123.569,-74.836],[-127.123,-74.681],[-128.978,-74.913],[-134.773,-74.643],[-140.568,-75.261],[-146.672,-76.111],[-146.146,-77.457],[-149.995,-77.733],[-154.167,-77.115],[-158.031,-77.27],[-158.185,-77.811],[-154.554,-79.124],[-148.604,-79.665],[-145.668,-80.515],[-148.836,-81.365],[-154.477,-81.056],[-154.554,-82.138],[-152.081,-82.601],[-153.31,-83.942],[-148.759,-85.074],[-156.563,-85.46],[-167.226,-84.765],[-178.43,-84.456],[-180,-84.322],[-180,-85.322],[-180,-86.322],[-180,-87.322],[-180,-88.322],[-180,-89.322],[-180,-90],[-179.204,-90],[-178.204,-90],[-177.204,-90],[-176.204,-90],[-175.204,-90],[-174.204,-90],[-173.204,-90],[-172.204,-90],[-171.204,-90],[-170.204,-90],[-169.204,-90],[-168.204,-90],[-167.204,-90],[-166.204,-90],[-165.204,-90],[-164.204,-90],[-163.204,-90],[-162.204,-90],[-161.204,-90],[-160.204,-90],[-159.204,-90],[-158.204,-90],[-157.204,-90],[-156.204,-90],[-155.204,-90],[-154.204,-90],[-153.204,-90],[-152.204,-90],[-151.204,-90],[-150.204,-90],[-149.204,-90],[-148.204,-90],[-147.204,-90],[-146.204,-90],[-145.204,-90],[-144.204,-90],[-143.204,-90],[-142.204,-90],[-141.204,-90],[-140.204,-90],[-139.204,-90],[-138.204,-90],[-137.204,-90],[-136.204,-90],[-135.204,-90],[-134.204,-90],[-133.204,-90],[-132.204,-90],[-131.204,-90],[-130.204,-90],[-129.204,-90],[-128.204,-90],[-127.204,-90],[-126.204,-90],[-125.204,-90],[-124.204,-90],[-123.204,-90],[-122.204,-90],[-121.204,-90],[-120.204,-90],[-119.204,-90],[-118.204,-90],[-117.204,-90],[-116.204,-90],[-115.204,-90],[-114.204,-90],[-113.204,-90],[-112.204,-90],[-111.204,-90],[-110.204,-90],[-109.204,-90],[-108.204,-90],[-107.204,-90],[-106.204,-90],[-105.204,-90],[-104.204,-90],[-103.204,-90],[-102.204,-90],[-101.204,-90],[-100.204,-90],[-99.204,-90],[-98.204,-90],[-97.204,-90],[-96.204,-90],[-95.204,-90],[-94.204,-90],[-93.204,-90],[-92.204,-90],[-91.204,-90],[-90,-90],[-89.204,-90],[-88.204,-90],[-87.204,-90],[-86.204,-90],[-85.204,-90],[-84.204,-90],[-83.204,-90],[-82.204,-90],[-81.204,-90],[-80.204,-90],[-79.204,-90],[-78.204,-90],[-77.204,-90],[-76.204,-90],[-75.204,-90],[-74.204,-90],[-73.204,-90],[-72.204,-90],[-71.204,-90],[-70.204,-90],[-69.204,-90],[-68.204,-90],[-67.204,-90],[-66.204,-90],[-65.204,-90],[-64.204,-90],[-63.204,-90],[-62.204,-90],[-61.204,-90],[-60.204,-90],[-59.204,-90],[-58.204,-90],[-57.204,-90],[-56.204,-90],[-55.204,-90],[-54.204,-90],[-53.204,-90],[-52.204,-90],[-51.204,-90],[-50.204,-90],[-49.204,-90],[-48.204,-90],[-47.204,-90],[-46.204,-90],[-45.204,-90],[-44.204,-90],[-43.204,-90],[-42.204,-90],[-41.204,-90],[-40.204,-90],[-39.204,-90],[-38.204,-90],[-37.204,-90],[-36.204,-90],[-35.204,-90],[-34.204,-90],[-33.204,-90],[-32.204,-90],[-31.204,-90],[-30.204,-90],[-29.204,-90],[-28.204,-90],[-27.204,-90],[-26.204,-90],[-25.204,-90],[-24.204,-90],[-23.204,-90],[-22.204,-90],[-21.204,-90],[-20.204,-90],[-19.204,-90],[-18.204,-90],[-17.204,-90],[-16.204,-90],[-15.204,-90],[-14.204,-90],[-13.204,-90],[-12.204,-90],[-11.204,-90],[-10.204,-90],[-9.204,-90],[-8.204,-90],[-7.204,-90],[-6.204,-90],[-5.204,-90],[-4.204,-90],[-3.204,-90],[-2.204,-90],[-1.204,-90],[-0.204,-90],[0.778,-90],[1.778,-90],[2.778,-90],[3.778,-90],[4.778,-90],[5.778,-90],[6.778,-90],[7.778,-90],[8.778,-90],[9.778,-90],[10.778,-90],[11.778,-90],[12.778,-90],[13.778,-90],[14.778,-90],[15.778,-90],[16.778,-90],[17.778,-90],[18.778,-90],[19.778,-90],[20.778,-90],[21.778,-90],[22.778,-90],[23.778,-90],[24.778,-90],[25.778,-90],[26.778,-90],[27.778,-90],[28.778,-90],[29.778,-90],[30.778,-90],[31.778,-90],[32.778,-90],[33.778,-90],[34.778,-90],[35.778,-90],[36.778,-90],[37.778,-90],[38.778,-90],[39.778,-90],[40.778,-90],[41.778,-90],[42.778,-90],[43.778,-90],[44.778,-90],[45.778,-90],[46.778,-90],[47.778,-90],[48.778,-90],[49.778,-90],[50.778,-90],[51.778,-90],[52.778,-90],[53.778,-90],[54.778,-90],[55.778,-90],[56.778,-90],[57.778,-90],[58.778,-90],[59.778,-90],[60.778,-90],[61.778,-90],[62.778,-90],[63.778,-90],[64.778,-90],[65.778,-90],[66.778,-90],[67.778,-90],[68.778,-90],[69.778,-90],[70.778,-90],[71.778,-90],[72.778,-90],[73.778,-90],[74.778,-90],[75.778,-90],[76.778,-90],[77.778,-90],[78.778,-90],[79.778,-90],[80.778,-90],[81.778,-90],[82.778,-90],[83.778,-90],[84.778,-90],[85.778,-90],[86.778,-90],[87.778,-90],[88.778,-90],[89.778,-90],[89.796,-90],[90,-90],[91.778,-90],[92.778,-90],[93.778,-90],[94.778,-90],[95.778,-90],[96.778,-90],[97.778,-90],[98.778,-90],[99.778,-90],[100.778,-90],[101.778,-90],[102.778,-90],[103.778,-90],[104.778,-90],[105.778,-90],[106.778,-90],[107.778,-90],[108.778,-90],[109.778,-90],[110.778,-90],[111.778,-90],[112.778,-90],[113.778,-90],[114.778,-90],[115.778,-90],[116.778,-90],[117.778,-90],[118.778,-90],[119.778,-90],[120.778,-90],[121.778,-90],[122.778,-90],[123.778,-90],[124.778,-90],[125.778,-90],[126.778,-90],[127.778,-90],[128.778,-90],[129.778,-90],[130.778,-90],[131.778,-90],[132.778,-90],[133.778,-90],[134.778,-90],[135.778,-90],[136.778,-90],[137.778,-90],[138.778,-90],[139.778,-90],[140.778,-90],[141.778,-90],[142.778,-90],[143.778,-90],[144.778,-90],[145.778,-90],[146.778,-90],[147.778,-90],[148.778,-90],[149.778,-90],[150.778,-90],[151.778,-90],[152.778,-90],[153.778,-90],[154.778,-90],[155.778,-90],[156.778,-90],[157.778,-90],[158.778,-90],[159.778,-90],[160.778,-90],[161.778,-90],[162.778,-90],[163.778,-90],[164.778,-90],[165.778,-90],[166.778,-90],[167.778,-90],[168.778,-90],[169.778,-90],[170.778,-90],[171.778,-90],[172.778,-90],[173.778,-90],[174.778,-90],[175.778,-90],[176.778,-90],[177.778,-90],[178.778,-90],[180,-90],[180,-89.319],[180,-88.319],[180,-87.319],[180,-86.319],[180,-85.319],[180,-84.34],[169.769,-83.418]]]]},"properties":{"NAME":null,"SUBJECTO":null,"BORDERPRECISION":1}},
{"type":"Feature","geometry":{"type":"Polygon","coordinates":[[[109.43,18.097],[110.263,18.626],[110.617,20.017],[109.55,19.914],[108.577,19.187],[108.652,18.482],[109.43,18.097]]]},"properties":{"NAME":"Hainan","SUBJECTO":"Hainan","BORDERPRECISION":1}},
{"type":"Feature","geometry":{"type":"Polygon","coordinates":[[[106.451,16.188],[107.462,14.988],[107.898,13.682],[107.898,12.568],[106.93,11.842],[106.773,10.639],[107.412,10.367],[108.696,11.145],[109.073,11.635],[109.307,12.906],[108.786,15.091],[108.236,16.08],[107.375,16.691],[106.451,16.188]]]},"properties":{"NAME":"Champa","SUBJECTO":"Champa","BORDERPRECISION":1}},
{"type":"Feature","geometry":{"type":"Polygon","coordinates":[[[97.418,16.483],[97.734,18.376],[97.604,18.701],[96.699,19.124],[94.244,18.587],[94.465,17.264],[94.143,16.215],[94.819,16.21],[95.33,15.678],[96.469,16.513],[96.882,17.346],[97.418,16.483]]]},"properties":{"NAME":"Mon States","SUBJECTO":"Mon States","BORDERPRECISION":1}},
{"type":"Feature","geometry":{"type":"Polygon","coordinates":[[[96.699,19.124],[96.476,21.764],[95.895,22.635],[94.879,22.684],[94.298,22.296],[94.18,21.199],[93.966,19.194],[94.244,18.587],[96.699,19.124]]]},"properties":{"NAME":"Pagan","SUBJECTO":"Pagan","BORDERPRECISION":1}},
{"type":"Feature","geometry":{"type":"Polygon","coordinates":[[[127.631,-0.017],[128.632,1.022],[127.689,0.925],[127.631,-0.017]]]},"properties":{"NAME":null,"SUBJECTO":null,"BORDERPRECISION":1}},
{"type":"Feature","geometry":{"type":"Polygon","coordinates":[[[37.895,18.56],[37.398,18.915],[37.128,21.227],[36.66,22.167],[35.746,22.914],[35.19,24.4],[32.514,23.733],[30.819,23.659],[29.345,24.028],[28.613,20.562],[29.453,17.83],[30.79,15.503],[31.666,16.617],[33.815,16.776],[34.452,16.458],[35.328,15.423],[37.079,17.095],[37.895,18.56]]]},"properties":{"NAME":"Makkura","SUBJECTO":"Makkura","BORDERPRECISION":1}},
{"type":"Feature","geometry":{"type":"Polygon","coordinates":[[[30.79,15.503],[30.472,13.512],[30.787,11.227],[31.745,10.248],[32.847,10.105],[34.452,10.248],[35.407,11.283],[35.646,12.796],[35.328,15.423],[34.452,16.458],[33.815,16.776],[31.666,16.617],[30.79,15.503]]]},"properties":{"NAME":"Alwa","SUBJECTO":"Alwa","BORDERPRECISION":1}},
{"type":"Feature","geometry":{"type":"Polygon","coordinates":[[[-11.908,16.382],[-11.804,15.755],[-8.878,14.293],[-6.998,14.397],[-4.803,15.546],[-5.012,16.696],[-7.833,17.636],[-11.699,17.114],[-11.908,16.382]]]},"properties":{"NAME":"Ghana","SUBJECTO":"Ghana","BORDERPRECISION":1}},
{"type":"Feature","geometry":{"type":"Polygon","coordinates":[[[-0.858,51.452],[-1.771,50.731],[0.192,50.731],[0.451,51.427],[0.267,51.457],[-0.858,51.452]]]},"properties":{"NAME":"Wessex","SUBJECTO":"Wessex","BORDERPRECISION":1}},
{"type":"Feature","geometry":{"type":"Polygon","coordinates":[[[13.252,79.801],[11.76,78.88],[16.617,78.467],[13.905,78],[15.099,77.115],[17.267,76.813],[19.116,78.455],[20.908,78.809],[17.834,79.809],[13.252,79.801]]]},"properties":{"NAME":null,"SUBJECTO":null,"BORDERPRECISION":1}},
{"type":"Feature","geometry":{"type":"Polygon","coordinates":[[[-156.032,20.196],[-156.034,19.106],[-154.948,19.483],[-156.032,20.196]]]},"properties":{"NAME":null,"SUBJECTO":null,"BORDERPRECISION":1}},
{"type":"Feature","geometry":{"type":"Polygon","coordinates":[[[-87.571,15.908],[-88.664,15.726],[-88.3,17.635],[-87.877,18.381],[-87.651,20.19],[-86.936,20.976],[-87.201,21.529],[-88.334,21.59],[-90.304,21.052],[-90.442,19.951],[-90.798,19.249],[-91.702,18.823],[-94.242,18.24],[-93.588,15.741],[-91.242,13.952],[-90,13.753],[-88.243,14.836],[-87.571,15.908]]]},"properties":{"NAME":"Maya city-states","SUBJECTO":"Maya city-states","BORDERPRECISION":1}},
{"type":"Feature","geometry":{"type":"Polygon","coordinates":[[[-100.116,21.238],[-100.454,20.42],[-100.2,19.658],[-99.354,19.038],[-98.226,18.869],[-97.747,19.292],[-97.662,20.391],[-98.339,21.294],[-99.061,21.617],[-100.116,21.238]]]},"properties":{"NAME":"Toltec Empire","SUBJECTO":"Toltec Empire","BORDERPRECISION":1}},
{"type":"Feature","geometry":{"type":"Polygon","coordinates":[[[-94.242,18.24],[-96.012,18.929],[-97.504,21.189],[-97.709,21.801],[-100.255,22.572],[-100.892,20.741],[-105.291,20.67],[-105.67,20.352],[-104.948,19.438],[-103.494,18.354],[-101.993,18.027],[-101.221,17.418],[-98.856,16.597],[-97.881,16.052],[-96.333,15.75],[-95.13,16.299],[-94.075,16.111],[-93.588,15.741],[-94.242,18.24]],[[-100.116,21.238],[-99.061,21.617],[-98.339,21.294],[-97.662,20.391],[-97.747,19.292],[-98.226,18.869],[-99.354,19.038],[-100.2,19.658],[-100.454,20.42],[-100.116,21.238]],[[-100.595,18.341],[-99.298,18.503],[-97.578,17.853],[-97.098,16.932],[-97.521,16.472],[-99.016,16.824],[-100.567,17.88],[-100.595,18.341]]]},"properties":{"NAME":"Mesoamerican city-states and chiefdoms","SUBJECTO":"Mesoamerican city-states and chiefdoms","BORDERPRECISION":1}},
{"type":"Feature","geometry":{"type":"Polygon","coordinates":[[[-100.595,18.341],[-100.567,17.88],[-99.016,16.824],[-97.521,16.472],[-97.098,16.932],[-97.578,17.853],[-99.298,18.503],[-100.595,18.341]]]},"properties":{"NAME":"Mixtecs","SUBJECTO":"Mixtecs","BORDERPRECISION":1}},
{"type":"Feature","geometry":{"type":"Polygon","coordinates":[[[-80.823,-5.716],[-81.297,-6.041],[-80.066,-6.756],[-79.06,-8.216],[-77.759,-10.659],[-76.238,-13.502],[-76.242,-14.106],[-75.231,-15.222],[-74.05,-16.045],[-71.612,-17.221],[-69.536,-13.823],[-71.231,-12.727],[-75.576,-10.613],[-77.338,-7.676],[-77.515,-6.97],[-78.265,-6.786],[-79.162,-5.864],[-80.823,-5.716]]]},"properties":{"NAME":"Huari Empire","SUBJECTO":"Huari Empire","BORDERPRECISION":1}},
{"type":"Feature","geometry":{"type":"Polygon","coordinates":[[[-71.612,-17.221],[-70.584,-18.083],[-70.209,-19.067],[-70.111,-21.748],[-70.573,-23.166],[-70.398,-25.249],[-69.094,-25.548],[-68.192,-25.492],[-67.952,-24.645],[-67.825,-22.475],[-67.356,-19.194],[-67.238,-18.364],[-67.942,-15.428],[-69.536,-13.823],[-71.612,-17.221]]]},"properties":{"NAME":"Tiahuanaco Empire","SUBJECTO":"Tiahuanaco Empire","BORDERPRECISION":1}},
{"type":"Feature","geometry":{"type":"MultiPolygon","coordinates":[[[[-90,13.753],[-87.949,13.172],[-86.014,11.368],[-85.621,10.827],[-85.778,10.138],[-85.089,9.583],[-83.615,9.152],[-83.605,8.548],[-82.956,8.257],[-81.664,8.165],[-80.814,7.27],[-79.717,8.883],[-79.068,9.034],[-78.184,8.413],[-78.265,7.886],[-77.4,6.67],[-77.5,5.514],[-77.106,3.792],[-77.802,2.577],[-78.468,2.467],[-78.984,1.297],[-80.086,0.818],[-80.339,-0.663],[-80.966,-1.033],[-80.741,-2.119],[-80.144,-3.414],[-81.304,-4.332],[-81.301,-4.999],[-80.823,-5.716],[-79.162,-5.864],[-78.265,-6.786],[-77.515,-6.97],[-77.338,-7.676],[-75.576,-10.613],[-71.231,-12.727],[-69.536,-13.823],[-67.942,-15.428],[-67.238,-18.364],[-67.356,-19.194],[-66.595,-19.145],[-65.906,-18.311],[-64.662,-16.805],[-64.194,-14.695],[-69.045,-8.236],[-70.158,-5.735],[-66.408,3.042],[-62.659,4.153],[-58.558,3.978],[-55.862,1.696],[-55.804,0.876],[-57.972,-0.589],[-58.44,-2.288],[-56.331,-4.335],[-54.163,-4.627],[-49.066,-4.744],[-46.281,-3.553],[-45.038,-1.608],[-46.928,-0.928],[-48.043,-0.816],[-49.221,-2.108],[-50.643,-1.882],[-50.977,-1.114],[-52.022,-1.568],[-51.529,-0.429],[-50.647,0.272],[-49.884,1.214],[-49.969,1.728],[-50.688,2.216],[-51.209,4.071],[-51.71,4.228],[-53.027,5.427],[-54.286,5.882],[-56.746,6.003],[-58.575,6.984],[-58.617,7.499],[-59.834,8.44],[-61.696,8.61],[-63.065,8.325],[-65.965,8.18],[-70.682,8.557],[-71.182,9.277],[-71.605,9.092],[-72.114,9.904],[-71.688,10.769],[-72.38,11.81],[-73.362,11.325],[-74.219,11.368],[-75.45,10.628],[-75.703,9.426],[-76.764,8.693],[-78.266,9.386],[-79.5,9.638],[-80.962,8.865],[-82.23,9.047],[-83.914,11.251],[-83.662,13.705],[-83.314,14.768],[-84.65,15.933],[-86.372,15.803],[-87.571,15.908],[-88.243,14.836],[-90,13.753]]],[[[-48.797,-28.476],[-48.564,-27.681],[-48.516,-25.876],[-48.725,-25.426],[-47.868,-24.972],[-48.469,-23.749],[-49.487,-24.553],[-49.839,-26.797],[-48.797,-28.476]]]]},"properties":{"NAME":null,"SUBJECTO":null,"BORDERPRECISION":1}},
{"type":"Feature","geometry":{"type":"Polygon","coordinates":[[[40.739,14.919],[39.518,15.463],[39.208,16.327],[37.02,13.626],[36.389,11.734],[36.599,9.212],[37.86,7.741],[38.879,7.854],[39.752,7.951],[40.191,10.007],[40.739,14.919]]]},"properties":{"NAME":"Axum","SUBJECTO":"Axum","BORDERPRECISION":1}},
{"type":"Feature","geometry":{"type":"Polygon","coordinates":[[[0.458,32.547],[5.681,32.815],[7.892,32.593],[12.533,30.805],[15.752,29.325],[17.002,28.751],[19.316,28.42],[19.125,30.199],[17.422,30.996],[15.843,31.285],[15.01,32.363],[14.157,32.679],[12.565,32.74],[10.413,33.631],[10.019,34.081],[11.125,35.241],[10.133,37.105],[9.416,37.275],[8.637,36.885],[5.144,36.668],[3.741,36.837],[1.58,36.514],[1.237,35.886],[0.871,33.074],[0.458,32.547]]]},"properties":{"NAME":"Aghlabid Emirate","SUBJECTO":"Aghlabid Emirate","BORDERPRECISION":1}},
{"type":"Feature","geometry":{"type":"Polygon","coordinates":[[[-8.644,42.42],[-4.172,42.245],[-1.942,42.639],[-1.915,43.305],[-3.417,43.376],[-5.98,43.705],[-7.636,43.721],[-9.271,43.049],[-8.644,42.42]]]},"properties":{"NAME":"Asturias","SUBJECTO":"Asturias","BORDERPRECISION":1}},
{"type":"Feature","geometry":{"type":"Polygon","coordinates":[[[17.259,40.956],[15.991,41.406],[14.076,42.634],[13.761,41.207],[14.951,40.551],[15.847,39.63],[16.532,39.698],[17.084,40.525],[17.259,40.956]]]},"properties":{"NAME":"Lombard duchies","SUBJECTO":"Lombard duchies","BORDERPRECISION":1}},
{"type":"Feature","geometry":{"type":"Polygon","coordinates":[[[1.58,36.514],[0.781,36.385],[-0.092,35.74],[-1.147,35.629],[-2.035,35.055],[-4.593,35.151],[-5.929,35.728],[-7.004,33.875],[-8.314,33.338],[-9.219,32.58],[-9.813,31.289],[-9.663,29.955],[-10.339,29.146],[-11.576,28.229],[-12.866,27.857],[-13.629,26.591],[-14.632,25.682],[-11.19,25.715],[-9.682,26.109],[-8.567,27.158],[-6.73,29.52],[-4.773,31.66],[-1.802,32.427],[-1.179,32.45],[0.458,32.547],[0.871,33.074],[1.237,35.886],[1.58,36.514]]]},"properties":{"NAME":"Idrisid Caliphate","SUBJECTO":"Idrisid Caliphate","BORDERPRECISION":1}},
{"type":"Feature","geometry":{"type":"Polygon","coordinates":[[[-8.644,42.42],[-8.694,40.992],[-9.549,38.775],[-8.854,38.5],[-8.667,37.121],[-6.632,37.022],[-5.661,36.008],[-4.447,36.722],[-2.239,36.728],[-1.817,37.292],[-0.918,37.57],[-0.435,38.43],[0.173,38.738],[-0.395,39.434],[0.879,41.022],[2.065,41.296],[0.485,42.573],[-0.499,42.901],[-1.942,42.639],[-4.172,42.245],[-8.644,42.42]]]},"properties":{"NAME":"Emirate of Córdoba","SUBJECTO":"Emirate of Córdoba","BORDERPRECISION":1}},
{"type":"Feature","geometry":{"type":"Polygon","coordinates":[[[-1.942,42.639],[-0.499,42.901],[0.485,42.573],[2.065,41.296],[3.129,41.857],[3.002,42.771],[3.479,43.312],[4.461,43.341],[4.108,46.563],[4.944,47.538],[3.598,51.319],[1.589,50.822],[1.275,50.004],[0.033,49.334],[-1.892,49.526],[-1.999,48.677],[-1.752,48.178],[-2.576,47.324],[-1.075,46.015],[-1.561,43.524],[-1.915,43.305],[-1.942,42.639]]]},"properties":{"NAME":"West Francia","SUBJECTO":"West Francia","BORDERPRECISION":1}},
{"type":"Feature","geometry":{"type":"Polygon","coordinates":[[[-2.914,53.267],[-4.318,53.091],[-4.124,52.373],[-4.999,51.702],[-3.499,51.46],[-2.75,51.644],[-2.914,53.267]]]},"properties":{"NAME":"Welsh","SUBJECTO":"Welsh","BORDERPRECISION":1}},
{"type":"Feature","geometry":{"type":"Polygon","coordinates":[[[70.207,27.156],[68.865,24.481],[68.072,23.675],[68.791,23.029],[70.381,22.861],[72.266,24.223],[73.426,25.062],[70.207,27.156]]]},"properties":{"NAME":"Sindh","SUBJECTO":"Sindh","BORDERPRECISION":1}},
{"type":"Feature","geometry":{"type":"Polygon","coordinates":[[[70.381,22.861],[69.126,21.969],[70.21,20.948],[71.024,20.657],[72.121,21.155],[72.693,22.105],[73.915,23.111],[72.266,24.223],[70.381,22.861]]]},"properties":{"NAME":"Vallabhi","SUBJECTO":"Vallabhi","BORDERPRECISION":1}},
{"type":"Feature","geometry":{"type":"Polygon","coordinates":[[[78.961,16.029],[79.061,13.034],[80.313,13.104],[80.089,15.175],[80.222,15.499],[79.488,15.808],[78.961,16.029]]]},"properties":{"NAME":"Cholas","SUBJECTO":"Cholas","BORDERPRECISION":1}},
{"type":"Feature","geometry":{"type":"Polygon","coordinates":[[[102.425,24.888],[101.964,22.586],[101.429,21.975],[100.353,20.745],[100.38,19.86],[100.698,19.479],[102.079,19.824],[104.371,19.482],[104.611,20.284],[105.762,21.896],[108.409,23.162],[108.294,24.313],[108.755,26.154],[106.223,26.614],[105.302,26.039],[104.036,26.384],[102.425,24.888]]]},"properties":{"NAME":"Nan Chao","SUBJECTO":"Nan Chao","BORDERPRECISION":1}},
{"type":"Feature","geometry":{"type":"Polygon","coordinates":[[[102.425,24.888],[103,26.384],[104.151,27.996],[104.151,28.686],[103.575,30.297],[104.266,31.909],[102.77,33.405],[104.266,36.512],[104.036,38.008],[102.194,38.469],[101.274,39.39],[100.813,40.31],[98.972,41.001],[96.325,40.656],[94.598,41.116],[92.066,43.303],[90.96,43.549],[90,43.763],[87.578,43.763],[85.621,43.418],[82.053,41.461],[79.982,40.771],[77.91,40.425],[75.378,40.195],[75.25,39.683],[75.148,37.778],[76.529,36.973],[76.529,35.131],[76.76,33.184],[76.759,31.909],[77.105,31.333],[78.486,30.528],[79.148,28.337],[79.247,27.812],[79.28,27.631],[79.867,27.305],[81.593,25.233],[82.744,24.773],[84.041,24.833],[85.098,25.801],[85.933,25.245],[87.187,25.105],[87.868,27.018],[91.581,27.17],[93.413,24.246],[94.483,24.658],[97.936,24.888],[98.396,24.428],[98.281,22.586],[99.432,21.896],[101.429,21.975],[101.964,22.586],[102.425,24.888]]]},"properties":{"NAME":"Tibetan Empire","SUBJECTO":"Tibetan Empire","BORDERPRECISION":1}},
{"type":"Feature","geometry":{"type":"Polygon","coordinates":[[[54.664,73.472],[56.96,73.357],[60.887,75.247],[66.548,75.98],[65.926,76.507],[59.018,75.799],[56.995,75.273],[54.018,73.734],[54.664,73.472]]]},"properties":{"NAME":null,"SUBJECTO":null,"BORDERPRECISION":1}},
{"type":"Feature","geometry":{"type":"Polygon","coordinates":[[[107.375,16.691],[106.433,17.55],[106.364,18.007],[105.533,18.844],[105.843,19.702],[106.807,20.905],[107.9,21.479],[109.117,21.399],[110.077,20.867],[111.086,21.479],[112.75,21.756],[113.717,22.482],[116.341,22.913],[118.813,24.849],[119.47,25.772],[119.429,26.591],[120.352,27.177],[121.359,28.386],[121.77,29.834],[121.606,31.828],[120.661,32.543],[119.974,34.135],[119.021,34.692],[120.139,36.195],[121.847,36.86],[120.658,37.736],[119.599,37.117],[118.875,37.949],[117.589,38.284],[117.753,39.203],[118.978,39.224],[119.385,39.843],[120.273,40.152],[121.011,40.851],[122.082,40.488],[126.018,42.152],[125.097,42.957],[123.371,42.957],[115.939,41.539],[110.711,40.886],[104.841,41.231],[104.151,40.31],[104.036,38.008],[104.266,36.512],[102.77,33.405],[104.266,31.909],[103.575,30.297],[104.151,28.686],[104.151,27.996],[103,26.384],[102.425,24.888],[104.036,26.384],[105.302,26.039],[106.223,26.614],[108.755,26.154],[108.294,24.313],[108.409,23.162],[105.762,21.896],[104.611,20.284],[104.371,19.482],[104.381,18.328],[105.417,17.407],[106.451,16.188],[107.375,16.691]]]},"properties":{"NAME":"Tang Empire","SUBJECTO":"Tang Empire","BORDERPRECISION":1}},
{"type":"Feature","geometry":{"type":"Polygon","coordinates":[[[79.061,13.034],[77.68,12.919],[75.734,11.254],[76.047,10.612],[76.644,10.617],[77.45,9.581],[78.927,9.493],[79.222,10.192],[79.826,10.359],[79.711,11.445],[80.313,13.104],[79.061,13.034]]]},"properties":{"NAME":"Pallava","SUBJECTO":"Pallava","BORDERPRECISION":1}},
{"type":"Feature","geometry":{"type":"Polygon","coordinates":[[[76.047,10.612],[76.704,8.706],[77.341,8.053],[77.9,8.258],[78.927,9.493],[77.45,9.581],[76.644,10.617],[76.047,10.612]]]},"properties":{"NAME":"Pandya state","SUBJECTO":"Pandya state","BORDERPRECISION":1}},
{"type":"Feature","geometry":{"type":"Polygon","coordinates":[[[80.563,5.932],[81.203,6.079],[81.866,7.085],[80.662,9.299],[80.178,9.445],[79.675,8.805],[79.854,7.061],[80.563,5.932]]]},"properties":{"NAME":"Lambakannas","SUBJECTO":"Lambakannas","BORDERPRECISION":1}},
{"type":"Feature","geometry":{"type":"MultiPolygon","coordinates":[[[[139.805,39.891],[140.03,39.483],[139.198,37.92],[138.317,37.206],[136.668,36.667],[135.978,35.973],[135.157,35.646],[133.006,35.254],[132.663,35.381],[130.899,33.904],[131.995,33.804],[132.481,34.129],[134.427,34.628],[135.063,33.69],[135.756,33.342],[136.734,34.874],[137.248,34.482],[138.149,34.528],[139.423,35.166],[140.317,35.034],[140.872,37.917],[141.496,38.422],[141.998,39.672],[141.467,40.514],[139.805,39.891]]],[[[130.744,30.888],[131.319,31.511],[131.831,32.693],[131.67,33.309],[130.427,33.674],[129.343,33.151],[130.744,30.888]]],[[[132.699,32.549],[133.154,33.216],[133.999,33.148],[134.54,34.013],[133.806,34.176],[132.784,33.908],[132.121,33.348],[132.699,32.549]]]]},"properties":{"NAME":"Yamato","SUBJECTO":"Yamato","BORDERPRECISION":1}},
{"type":"Feature","geometry":{"type":"MultiPolygon","coordinates":[[[[141.467,40.514],[140.386,40.986],[139.805,39.891],[141.467,40.514]]],[[[143.057,53.062],[141.767,53.272],[141.643,51.813],[142.153,50.89],[141.732,47.471],[142.327,46.563],[142.993,46.954],[142.49,47.902],[142.854,49.128],[143.598,49.234],[143.633,50.235],[142.944,51.617],[143.057,53.062]]],[[[140.013,41.382],[140.246,42.228],[141.928,42.501],[143.214,41.927],[143.848,42.775],[145.448,43.17],[145.059,43.786],[143.508,44.156],[141.875,45.435],[141.523,45.183],[141.709,43.914],[141.304,43.187],[139.712,42.478],[140.013,41.382]]]]},"properties":{"NAME":"Ainu","SUBJECTO":"Ainu","BORDERPRECISION":1}},
{"type":"Feature","geometry":{"type":"MultiPolygon","coordinates":[[[[113.971,-3.363],[113.57,-1.875],[112.801,-1.875],[111.333,-1.37],[110.102,-3.079],[111.436,-2.974],[112.578,-3.423],[112.795,-2.971],[113.971,-3.363]]],[[[109.217,-7.014],[109.115,-7.739],[110.778,-8.32],[112.414,-8.488],[113.074,-8.347],[114.105,-8.688],[113.948,-7.824],[112.678,-7.719],[112.275,-7.027],[111.045,-6.852],[109.217,-7.014]]]]},"properties":{"NAME":"Mataram","SUBJECTO":"Mataram","BORDERPRECISION":1}},
{"type":"Feature","geometry":{"type":"Polygon","coordinates":[[[122.949,-8.377],[121.279,-8.717],[120.565,-8.388],[119.935,-8.936],[121.694,-8.996],[122.949,-8.377]]]},"properties":{"NAME":null,"SUBJECTO":null,"BORDERPRECISION":1}},
{"type":"Feature","geometry":{"type":"Polygon","coordinates":[[[-156.551,20.975],[-156.507,20.599],[-156.119,20.79],[-156.551,20.975]]]},"properties":{"NAME":null,"SUBJECTO":null,"BORDERPRECISION":1}},
{"type":"Feature","geometry":{"type":"Polygon","coordinates":[[[-158.434,21.452],[-158.298,21.276],[-158.047,21.459],[-158.179,21.689],[-158.434,21.452]]]},"properties":{"NAME":null,"SUBJECTO":null,"BORDERPRECISION":1}},
{"type":"Feature","geometry":{"type":"Polygon","coordinates":[[[-168.356,53.55],[-168.374,53.235],[-167.865,53.323],[-168.356,53.55]]]},"properties":{"NAME":null,"SUBJECTO":null,"BORDERPRECISION":1}},
{"type":"Feature","geometry":{"type":"Polygon","coordinates":[[[-160.939,63.985],[-161.133,63.563],[-163.309,63.038],[-164.292,63.25],[-165.431,62.43],[-165.898,61.27],[-164.027,59.798],[-162.378,60.163],[-162.004,58.827],[-160.431,59.002],[-158.291,58.73],[-157.139,58.856],[-157.665,57.604],[-160.457,56.2],[-159.077,55.992],[-158.527,56.449],[-156.496,57.1],[-156.685,57.401],[-154.649,58.076],[-153.455,58.877],[-154.282,59.249],[-152.899,59.896],[-151.783,59.995],[-151.388,59.213],[-149.326,60.027],[-148.493,61.064],[-145.138,60.454],[-144.406,60.093],[-141.135,59.839],[-140.052,62.495],[-144.68,63.192],[-150.129,63.324],[-160.939,63.985]]]},"properties":{"NAME":"Thule","SUBJECTO":"Thule","BORDERPRECISION":1}},
{"type":"Feature","geometry":{"type":"Polygon","coordinates":[[[-166.493,53.734],[-167.148,53.94],[-166.927,53.459],[-166.493,53.734]]]},"properties":{"NAME":null,"SUBJECTO":null,"BORDERPRECISION":1}},
{"type":"Feature","geometry":{"type":"Polygon","coordinates":[[[-164.564,54.334],[-164.072,54.657],[-164.561,54.831],[-165.01,54.528],[-164.564,54.334]]]},"properties":{"NAME":null,"SUBJECTO":null,"BORDERPRECISION":1}},
{"type":"Feature","geometry":{"type":"Polygon","coordinates":[[[-162.801,54.996],[-162.788,55.152],[-163.091,55.273],[-163.2,55.043],[-162.801,54.996]]]},"properties":{"NAME":null,"SUBJECTO":null,"BORDERPRECISION":1}},
{"type":"Feature","geometry":{"type":"Polygon","coordinates":[[[-161.81,55.783],[-162.585,55.389],[-162.218,55.132],[-161.575,55.479],[-161.81,55.783]]]},"properties":{"NAME":null,"SUBJECTO":null,"BORDERPRECISION":1}},
{"type":"Feature","geometry":{"type":"Polygon","coordinates":[[[-135.484,57.332],[-134.946,56.454],[-134.764,56.794],[-135.002,57.326],[-135.484,57.332]]]},"properties":{"NAME":null,"SUBJECTO":null,"BORDERPRECISION":1}},
{"type":"Feature","geometry":{"type":"Polygon","coordinates":[[[-154.593,57.145],[-153.878,56.941],[-152.679,57.765],[-154.189,57.631],[-154.593,57.145]]]},"properties":{"NAME":null,"SUBJECTO":null,"BORDERPRECISION":1}},
{"type":"Feature","geometry":{"type":"Polygon","coordinates":[[[-135.816,57.454],[-135.325,58.093],[-136.596,57.905],[-135.816,57.454]]]},"properties":{"NAME":null,"SUBJECTO":null,"BORDERPRECISION":1}},
{"type":"Feature","geometry":{"type":"Polygon","coordinates":[[[-117.686,73.215],[-115.654,73.633],[-117.336,74.167],[-123.148,74.441],[-117.686,73.215]]]},"properties":{"NAME":null,"SUBJECTO":null,"BORDERPRECISION":1}},
{"type":"Feature","geometry":{"type":"Polygon","coordinates":[[[-60.627,47.133],[-61.381,46.331],[-61.025,45.67],[-59.807,46.081],[-60.584,46.385],[-60.627,47.133]]]},"properties":{"NAME":null,"SUBJECTO":null,"BORDERPRECISION":1}},
{"type":"Feature","geometry":{"type":"Polygon","coordinates":[[[-57.814,49.202],[-58.392,49.037],[-59.157,47.67],[-56.804,47.616],[-56.079,47.865],[-52.729,47.455],[-54.13,48.836],[-56.662,50.056],[-55.557,51.326],[-56.152,51.47],[-57.356,50.595],[-58.128,49.496],[-57.814,49.202]]]},"properties":{"NAME":"Beothuk","SUBJECTO":"Beothuk","BORDERPRECISION":1}},
{"type":"Feature","geometry":{"type":"Polygon","coordinates":[[[-100.097,75.765],[-97.817,76.476],[-100.067,76.675],[-101.885,76.333],[-100.097,75.765]]]},"properties":{"NAME":null,"SUBJECTO":null,"BORDERPRECISION":1}},
{"type":"Feature","geometry":{"type":"Polygon","coordinates":[[[-113.024,77.602],[-110.62,77.537],[-109.661,77.95],[-113.01,77.923],[-113.024,77.602]]]},"properties":{"NAME":null,"SUBJECTO":null,"BORDERPRECISION":1}},
{"type":"Feature","geometry":{"type":"Polygon","coordinates":[[[-98.343,78.803],[-97.46,78.101],[-95.097,78.438],[-98.343,78.803]]]},"properties":{"NAME":null,"SUBJECTO":null,"BORDERPRECISION":1}},
{"type":"Feature","geometry":{"type":"Polygon","coordinates":[[[-171.728,63.457],[-169.903,63.075],[-169.333,63.397],[-170.482,63.688],[-171.728,63.457]]]},"properties":{"NAME":null,"SUBJECTO":null,"BORDERPRECISION":1}},
{"type":"Feature","geometry":{"type":"Polygon","coordinates":[[[-115.802,76.34],[-117.397,75.407],[-112.203,74.5],[-109.07,75.133],[-105.773,75.23],[-105.917,76.022],[-111.386,75.66],[-112.851,76.227],[-115.802,76.34]]]},"properties":{"NAME":null,"SUBJECTO":null,"BORDERPRECISION":1}},
{"type":"Feature","geometry":{"type":"Polygon","coordinates":[[[-121.459,76.27],[-120.1,75.978],[-118.736,76.938],[-121.578,76.702],[-121.459,76.27]]]},"properties":{"NAME":null,"SUBJECTO":null,"BORDERPRECISION":1}},
{"type":"Feature","geometry":{"type":"Polygon","coordinates":[[[-100.888,78.182],[-99.892,78.658],[-102.569,79.016],[-104.162,78.298],[-100.888,78.182]]]},"properties":{"NAME":null,"SUBJECTO":null,"BORDERPRECISION":1}},
{"type":"Feature","geometry":{"type":"Polygon","coordinates":[[[-141.135,59.839],[-139.573,59.9],[-139.2,59.277],[-137.577,58.604],[-134.123,58.239],[-131.767,56.01],[-131.191,56.035],[-130.004,53.938],[-128.889,53.418],[-127.866,52.413],[-125.758,53.131],[-122.491,54.244],[-111.497,57.989],[-118.196,62.711],[-124.936,64.835],[-132.435,62.497],[-139.524,62.416],[-140.052,62.495],[-141.135,59.839]]]},"properties":{"NAME":"Athabaskan","SUBJECTO":"Athabaskan","BORDERPRECISION":1}},
{"type":"Feature","geometry":{"type":"Polygon","coordinates":[[[-97.709,21.801],[-97.882,22.333],[-97.823,24.208],[-97.26,25.811],[-97.632,27.228],[-96.603,28.384],[-97.758,28.695],[-102.568,29.992],[-104.232,30.441],[-112.892,30.386],[-111.692,28.496],[-110.604,27.856],[-110.382,27.214],[-109.132,26.289],[-108.848,25.615],[-108.013,24.981],[-105.54,22.285],[-105.291,20.67],[-100.892,20.741],[-100.255,22.572],[-97.709,21.801]]]},"properties":{"NAME":"Mogollon","SUBJECTO":"Mogollon","BORDERPRECISION":1}},
{"type":"Feature","geometry":{"type":"Polygon","coordinates":[[[-102.568,29.992],[-102.568,32.428],[-102.568,38.88],[-109.049,38.88],[-121.17,38.88],[-123.648,38.88],[-121.932,37.009],[-121.927,36.338],[-120.677,35.189],[-120.529,34.508],[-118.604,34.096],[-117.497,33.325],[-116.705,31.591],[-115.602,29.685],[-114.067,28.423],[-114.478,27.244],[-113.285,26.808],[-112.411,26.193],[-112.166,25.011],[-110.225,23.4],[-110.205,24.315],[-110.798,24.88],[-112.87,28.335],[-114.683,30.143],[-114.988,31.166],[-114.839,31.815],[-113.052,31.139],[-112.892,30.386],[-104.232,30.441],[-102.568,29.992]]]},"properties":{"NAME":"Anasazi","SUBJECTO":"Anasazi","BORDERPRECISION":1}},
{"type":"Feature","geometry":{"type":"Polygon","coordinates":[[[-48.469,-23.749],[-47.868,-24.972],[-46.206,-23.883],[-45.459,-23.856],[-44.561,-22.99],[-41.958,-22.921],[-40.984,-22.086],[-40.933,-21.279],[-39.691,-19.409],[-39.666,-18.227],[-39.142,-17.775],[-38.948,-16.002],[-39.126,-14.325],[-38.799,-12.627],[-38.266,-12.887],[-37.187,-10.845],[-35.599,-9.628],[-35.114,-8.661],[-34.891,-7.612],[-35.464,-5.268],[-37.181,-4.954],[-38.786,-3.604],[-40.231,-2.851],[-41.103,-2.974],[-42.316,-2.818],[-43.334,-2.432],[-44.222,-2.777],[-45.038,-1.608],[-46.281,-3.553],[-53.123,-14.275],[-48.469,-23.749]]]},"properties":{"NAME":"Tupis","SUBJECTO":"Tupis","BORDERPRECISION":1}},
{"type":"Feature","geometry":{"type":"Polygon","coordinates":[[[44.672,-16.236],[43.972,-17.553],[44.47,-20.17],[43.501,-21.494],[43.376,-22.632],[43.827,-23.413],[43.671,-24.227],[44.425,-25.312],[45.576,-25.621],[46.855,-25.218],[47.258,-24.766],[48.087,-22.044],[49.342,-18.228],[49.425,-17.198],[50.503,-15.314],[49.817,-12.831],[49.176,-12.266],[48.751,-13.418],[48.224,-13.794],[46.925,-15.36],[46.142,-15.826],[44.672,-16.236]]]},"properties":{"NAME":"Malagasy","SUBJECTO":"Malagasy","BORDERPRECISION":1}},
{"type":"Feature","geometry":{"type":"Polygon","coordinates":[[[8.576,3.067],[8.827,3.612],[8.478,3.557],[8.576,3.067]]]},"properties":{"NAME":null,"SUBJECTO":null,"BORDERPRECISION":1}},
{"type":"Feature","geometry":{"type":"Polygon","coordinates":[[[130.784,-3.879],[130.369,-3.13],[129.168,-3.139],[128.153,-2.97],[128.376,-3.547],[128.915,-3.254],[129.487,-3.596],[129.914,-3.385],[130.784,-3.879]]]},"properties":{"NAME":null,"SUBJECTO":null,"BORDERPRECISION":1}},
{"type":"Feature","geometry":{"type":"Polygon","coordinates":[[[126.66,-3.875],[127.112,-3.722],[126.727,-3.233],[126.15,-3.628],[126.66,-3.875]]]},"properties":{"NAME":null,"SUBJECTO":null,"BORDERPRECISION":1}},
{"type":"Feature","geometry":{"type":"Polygon","coordinates":[[[120.28,-10.378],[120.462,-9.926],[119.789,-9.458],[119.41,-9.872],[120.28,-10.378]]]},"properties":{"NAME":null,"SUBJECTO":null,"BORDERPRECISION":1}},
{"type":"Feature","geometry":{"type":"Polygon","coordinates":[[[142.413,-3.307],[139.592,-2.379],[137.854,-1.614],[136.271,-2.418],[135.246,-3.539],[134.283,-2.855],[133.907,-1.006],[132.254,-0.527],[131.211,-1.025],[132.719,-2.934],[132.713,-3.888],[134.041,-3.948],[134.777,-4.309],[137.385,-5.123],[137.824,-5.427],[139.156,-7.725],[139.977,-8.238],[140.948,-9.274],[142.607,-9.377],[143.331,-9],[143.437,-8.358],[144.38,-7.758],[145.82,-8.098],[146.646,-9.279],[147.874,-10.179],[149.783,-10.41],[149.83,-9.711],[148.589,-9.16],[148.035,-8.246],[147.376,-7.796],[146.909,-6.895],[147.376,-6.125],[145.593,-5.423],[145.728,-4.997],[143.446,-3.61],[142.413,-3.307]]]},"properties":{"NAME":"Papou","SUBJECTO":"Papou","BORDERPRECISION":1}},
{"type":"Feature","geometry":{"type":"MultiPolygon","coordinates":[[[[113.971,-3.363],[114.712,-4.206],[115.568,-3.804],[116.349,-2.417],[116.046,-1.934],[117.046,-0.935],[117.534,0.611],[118.517,1.166],[117.696,1.901],[117.829,2.314],[117.074,3.507],[118.391,4.374],[119.043,5.17],[118.377,5.639],[117.37,5.789],[117.507,6.393],[116.596,6.899],[115.787,5.74],[114.878,4.856],[113.815,4.263],[112.759,3.009],[111.372,2.599],[110.968,1.226],[111.263,0.79],[110.636,0.163],[110.706,-0.604],[111.333,-1.37],[112.801,-1.875],[113.57,-1.875],[113.971,-3.363]]],[[[120.636,0.922],[119.914,0.54],[119.205,-1.432],[119.175,-2.176],[118.684,-2.901],[118.791,-3.663],[119.461,-3.808],[119.477,-5.804],[120.248,-5.586],[120.144,-3.076],[120.999,-3.049],[120.881,-3.716],[121.873,-4.96],[122.641,-4.284],[122.258,-3.211],[121.265,-2.101],[122.223,-1.654],[121.461,-0.989],[121.055,-1.549],[120.507,-1.448],[119.873,-0.465],[120.636,0.922]]],[[[120.305,14.575],[121.009,13.656],[121.729,14.108],[121.242,15.308],[122.064,16.332],[122.396,17.114],[122.028,18.009],[121.036,18.528],[120.393,18.044],[120.303,16.417],[119.762,16.359],[119.772,15.47],[120.305,14.575]]],[[[121.883,10.627],[122.897,11.15],[121.994,11.758],[121.883,10.627]]],[[[122.769,9.212],[123.312,10.738],[122.92,10.852],[122.396,9.478],[122.769,9.212]]],[[[125.955,6.652],[126.322,7.149],[126.272,8.426],[125.934,9.175],[123.663,8.014],[123.486,8.496],[122.094,7.775],[123.023,7.478],[123.465,7.791],[124.224,6.09],[125.073,5.723],[125.955,6.652]]]]},"properties":{"NAME":"Malay","SUBJECTO":"Malay","BORDERPRECISION":1}},
{"type":"Feature","geometry":{"type":"Polygon","coordinates":[[[55.181,73.266],[51.482,71.845],[54.308,71.206],[55.721,71.642],[55.181,73.266]]]},"properties":{"NAME":null,"SUBJECTO":null,"BORDERPRECISION":1}},
{"type":"Feature","geometry":{"type":"Polygon","coordinates":[[[13.828,53.83],[14.07,53.918],[13.778,54.044],[13.828,53.83]]]},"properties":{"NAME":null,"SUBJECTO":null,"BORDERPRECISION":1}},
{"type":"Feature","geometry":{"type":"Polygon","coordinates":[[[14.473,53.877],[14.227,53.91],[14.248,53.816],[14.473,53.877]]]},"properties":{"NAME":null,"SUBJECTO":null,"BORDERPRECISION":1}},
{"type":"Feature","geometry":{"type":"Polygon","coordinates":[[[-1.897,54.336],[-0.319,53.579],[-1.942,55.556],[-1.897,54.336]]]},"properties":{"NAME":"Nothumbria","SUBJECTO":"Nothumbria","BORDERPRECISION":1}},
{"type":"Feature","geometry":{"type":"Polygon","coordinates":[[[0.192,50.731],[1.335,51.121],[0.451,51.427],[0.192,50.731]]]},"properties":{"NAME":"Kent","SUBJECTO":"Kent","BORDERPRECISION":1}},
{"type":"Feature","geometry":{"type":"Polygon","coordinates":[[[0.267,51.457],[1.272,51.919],[-0.362,52.027],[-0.858,51.452],[0.267,51.457]]]},"properties":{"NAME":"Essex","SUBJECTO":"Essex","BORDERPRECISION":1}},
{"type":"Feature","geometry":{"type":"Polygon","coordinates":[[[-0.858,51.452],[-0.362,52.027],[1.272,51.919],[1.692,52.311],[-0.319,53.579],[-1.897,54.336],[-2.886,54.169],[-2.914,53.267],[-2.75,51.644],[-3.521,50.617],[-1.771,50.731],[-0.858,51.452]]]},"properties":{"NAME":"Mercia","SUBJECTO":"Mercia","BORDERPRECISION":1}},
{"type":"Feature","geometry":{"type":"Polygon","coordinates":[[[104.036,38.008],[104.151,40.31],[104.841,41.231],[110.711,40.886],[115.939,41.539],[117.512,50.693],[110.701,50.983],[105.301,51.213],[93.941,51.096],[82.209,51.329],[80.794,46.682],[80.719,46.436],[91.334,45.92],[90.96,43.549],[92.066,43.303],[94.598,41.116],[96.325,40.656],[98.972,41.001],[100.813,40.31],[101.274,39.39],[102.194,38.469],[104.036,38.008]]]},"properties":{"NAME":"Ouighurs","SUBJECTO":"Ouighurs","BORDERPRECISION":1}},
{"type":"Feature","geometry":{"type":"Polygon","coordinates":[[[117.512,50.693],[130.256,50.151],[136.142,46.335],[138.123,46.506],[140.081,48.503],[141.121,53.052],[140.102,53.802],[138.417,54.092],[137.979,53.465],[136.351,53.701],[136.492,54.455],[134.985,54.854],[137.229,55.983],[140.587,58.239],[142.721,59.239],[137.178,61.334],[127.809,61.804],[116.962,59.883],[115.205,57.386],[110.701,50.983],[117.512,50.693]]]},"properties":{"NAME":"Tungus","SUBJECTO":"Tungus","BORDERPRECISION":1}},
{"type":"Feature","geometry":{"type":"Polygon","coordinates":[[[32.15,46.637],[32.259,47.362],[30.839,47.076],[28.524,47.982],[31.075,49.018],[28.665,48.58],[26.937,48.266],[27.459,45.563],[27.005,45.317],[27.012,45.005],[28.918,44.766],[29.711,45.258],[30.833,46.577],[32.15,46.637]]]},"properties":{"NAME":"Magyars","SUBJECTO":"Magyars","BORDERPRECISION":1}},
{"type":"Feature","geometry":{"type":"Polygon","coordinates":[[[15.534,15.05],[15.126,14.899],[14.375,13.292],[14.582,12.673],[15.657,11.306],[16.637,10.931],[18.628,10.169],[20.673,11.956],[21.505,12.683],[20.723,14.778],[17.002,15.593],[15.534,15.05]]]},"properties":{"NAME":"Kanem","SUBJECTO":"Kanem","BORDERPRECISION":1}},
{"type":"Feature","geometry":{"type":"Polygon","coordinates":[[[-14.51,28.05],[-13.881,28.199],[-14.147,28.391],[-14.51,28.05]]]},"properties":{"NAME":"Guanches","SUBJECTO":"Guanches","BORDERPRECISION":1}},
{"type":"Feature","geometry":{"type":"Polygon","coordinates":[[[19.334,57.956],[19.105,57.975],[19.142,57.908],[19.334,57.956]]]},"properties":{"NAME":null,"SUBJECTO":null,"BORDERPRECISION":1}},
{"type":"Feature","geometry":{"type":"Polygon","coordinates":[[[18.206,56.912],[18.712,57.242],[18.809,57.704],[18.111,57.519],[18.206,56.912]]]},"properties":{"NAME":null,"SUBJECTO":null,"BORDERPRECISION":1}},
{"type":"Feature","geometry":{"type":"Polygon","coordinates":[[[-68.195,12.221],[-68.364,12.305],[-68.285,12.102],[-68.195,12.221]]]},"properties":{"NAME":null,"SUBJECTO":null,"BORDERPRECISION":1}},
{"type":"Feature","geometry":{"type":"Polygon","coordinates":[[[-61.292,16.327],[-61.499,16.349],[-61.794,16.242],[-61.695,15.949],[-61.553,16.054],[-61.581,16.205],[-61.292,16.327]]]},"properties":{"NAME":"Arawaks","SUBJECTO":"Arawaks","BORDERPRECISION":1}},
{"type":"Feature","geometry":{"type":"Polygon","coordinates":[[[-68.966,12.199],[-69.078,12.349],[-69.158,12.311],[-69.062,12.188],[-68.832,12.049],[-68.824,12.16],[-68.966,12.199]]]},"properties":{"NAME":null,"SUBJECTO":null,"BORDERPRECISION":1}},
{"type":"Feature","geometry":{"type":"Polygon","coordinates":[[[-60.222,53.325],[-62.594,54.57],[-65.007,50.341],[-61.64,50.277],[-60.138,50.412],[-58.524,51.379],[-56.964,51.488],[-55.659,52.187],[-56.127,53.466],[-58.788,52.573],[-60.171,53.299],[-60.222,53.325]]]},"properties":{"NAME":"Innu","SUBJECTO":"Innu","BORDERPRECISION":1}},
{"type":"Feature","geometry":{"type":"Polygon","coordinates":[[[9.517,55.142],[9.518,55.136],[9.518,55.143],[9.517,55.142]]]},"properties":{"NAME":"Danes","SUBJECTO":"Danes","BORDERPRECISION":1}},
{"type":"Feature","geometry":{"type":"Polygon","coordinates":[[[11.863,58.345],[13.928,57.701],[14.218,56.603],[15.217,56.834],[15.772,56.036],[16.659,57.443],[16.744,58.312],[17.94,58.908],[19.037,59.863],[17.198,60.68],[12.288,59.237],[11.863,58.345]]]},"properties":{"NAME":"Swedes and Goths","SUBJECTO":"Swedes and Goths","BORDERPRECISION":1}},
{"type":"Feature","geometry":{"type":"MultiPolygon","coordinates":[[[[9.518,55.143],[10.262,56.182],[10.059,57.049],[8.179,56.667],[8.884,54.229],[10.142,54.337],[9.518,55.136],[9.517,55.142],[9.518,55.143]]],[[[11.863,58.345],[11.68,58.223],[12.373,56.107],[11.035,55.68],[11.748,55.192],[14.286,55.515],[15.772,56.036],[15.217,56.834],[14.218,56.603],[13.928,57.701],[11.863,58.345]]]]},"properties":{"NAME":"Danes","SUBJECTO":"Danes","BORDERPRECISION":1}},
{"type":"Feature","geometry":{"type":"Polygon","coordinates":[[[-1.942,55.556],[-3.828,55.948],[-4.63,55.924],[-5.111,54.794],[-3.577,54.924],[-2.886,54.169],[-1.897,54.336],[-1.942,55.556]]]},"properties":{"NAME":"Celtic kingdoms","SUBJECTO":"Celtic kingdoms","BORDERPRECISION":1}},
{"type":"Feature","geometry":{"type":"Polygon","coordinates":[[[-3.895,55.985],[-2.773,56.171],[-1.945,57.402],[-5.226,57.711],[-3.895,55.985]]]},"properties":{"NAME":"Picts","SUBJECTO":"Picts","BORDERPRECISION":1}},
{"type":"Feature","geometry":{"type":"Polygon","coordinates":[[[-3.828,55.948],[-3.895,55.985],[-5.226,57.711],[-5.763,57.62],[-5.633,55.94],[-4.63,55.924],[-3.828,55.948]]]},"properties":{"NAME":"Scots","SUBJECTO":"Scots","BORDERPRECISION":1}},
{"type":"Feature","geometry":{"type":"Polygon","coordinates":[[[-6.645,55.206],[-8.345,55.095],[-8.59,54.203],[-9.892,54.326],[-9.158,53.221],[-9.891,52.194],[-9.819,51.435],[-6.406,52.214],[-6.043,52.893],[-6.443,53.899],[-5.662,54.322],[-6.645,55.206]]]},"properties":{"NAME":"Irlanda","SUBJECTO":"Irlanda","BORDERPRECISION":1}},
{"type":"Feature","geometry":{"type":"Polygon","coordinates":[[[18.142,54.716],[17.86,53.658],[22.541,53.533],[24.698,55.308],[28.382,56.315],[28.068,57.862],[27.369,58.358],[25.75,58.549],[25.329,56.545],[22.804,55.99],[23.11,57.182],[21.677,57.464],[20.965,56.609],[21.137,54.845],[19.943,54.85],[19.328,54.161],[18.142,54.716]]]},"properties":{"NAME":"Baltic tribes","SUBJECTO":"Baltic tribes","BORDERPRECISION":1}},
{"type":"Feature","geometry":{"type":"Polygon","coordinates":[[[27.005,45.317],[27.459,45.563],[26.937,48.266],[25.495,48.084],[21.017,47.07],[19.733,46.167],[19.251,43.764],[21.084,43.371],[22.384,43.917],[23.397,43.842],[26.118,44.837],[27.005,45.317]]]},"properties":{"NAME":"Avars","SUBJECTO":"Avars","BORDERPRECISION":1}},
{"type":"Feature","geometry":{"type":"Polygon","coordinates":[[[28.665,48.58],[26.571,49.959],[24.691,51.683],[27.153,53.961],[28.464,54.314],[28.984,55.819],[28.382,56.315],[24.698,55.308],[22.541,53.533],[17.86,53.658],[18.142,54.716],[14.473,53.877],[14.433,53.594],[13.78,53.775],[13.431,54.03],[13.064,54.194],[11.016,54.097],[11.073,54.22],[10.142,54.337],[10.983,52.019],[12.399,50.173],[15.002,50.908],[16.686,50.19],[18.543,49.682],[18.912,50.062],[22.228,50.043],[22.14,49.245],[20.893,47.984],[19.734,47.669],[18.648,46.933],[17.416,46.943],[17.724,47.738],[16.949,47.952],[15.946,46.892],[16.946,46.21],[17.603,46.036],[19.733,46.167],[21.017,47.07],[25.495,48.084],[26.937,48.266],[28.665,48.58]]]},"properties":{"NAME":"Slavic tribes","SUBJECTO":"Slavic tribes","BORDERPRECISION":1}},
{"type":"Feature","geometry":{"type":"Polygon","coordinates":[[[12.288,59.237],[12.982,63.163],[14.25,65.932],[20.326,69.222],[20.339,69.4],[17.407,68.772],[13.169,66.458],[12.112,65.13],[9.832,63.684],[7.088,62.91],[5.149,61.741],[5.096,60.264],[5.806,59.949],[5.615,58.455],[6.959,57.972],[8.154,58.09],[10.549,59.379],[11.68,58.223],[11.863,58.345],[12.288,59.237]],[[8.446,61.061],[8.027,61.974],[9.943,62.446],[10.119,60.317],[8.842,59.129],[7.499,58.708],[7.389,60.054],[8.446,61.061]]]},"properties":{"NAME":"Kingdom of Norway","SUBJECTO":"Kingdom of Norway","BORDERPRECISION":1}},
{"type":"Feature","geometry":{"type":"Polygon","coordinates":[[[142.338,-10.915],[141.679,-12.468],[141.468,-14.757],[141.711,-15.227],[140.801,-17.562],[140.25,-17.798],[139.248,-17.432],[137.074,-16.031],[136.687,-16.026],[135.388,-14.897],[135.881,-14.203],[135.831,-13.485],[136.469,-13.223],[136.664,-12.625],[135.445,-12.176],[134.94,-12.336],[133.559,-11.951],[130.463,-12.759],[130.274,-13.363],[129.427,-14.306],[129.196,-14.993],[127.963,-14.703],[126.853,-13.784],[125.863,-14.695],[125.156,-14.805],[125.018,-15.644],[124.425,-15.658],[124.277,-16.523],[122.738,-16.583],[122.085,-17.398],[122.196,-18.244],[120.872,-19.677],[117.597,-20.758],[116.419,-20.837],[113.625,-22.566],[113.762,-23.481],[113.433,-24.874],[114.183,-26.017],[113.433,-26.572],[113.965,-28.033],[114.63,-28.903],[115.058,-30.804],[115.747,-32.208],[115.647,-33.365],[114.961,-33.869],[115.047,-34.422],[116.561,-35.189],[118.207,-35.09],[119.771,-34.12],[121.74,-33.963],[122.171,-34.179],[123.623,-33.915],[124.248,-33.144],[126.059,-32.434],[127.265,-32.381],[129.185,-31.798],[131.28,-31.635],[131.993,-32.066],[133.837,-32.342],[135.153,-34.05],[135.528,-35.055],[137.457,-33.314],[138.166,-33.192],[138.101,-34.356],[138.568,-34.928],[138.352,-35.865],[139.368,-35.614],[140.012,-37.642],[140.652,-38.164],[143.365,-38.97],[144.97,-38.066],[145.934,-38.881],[146.821,-38.841],[148.037,-38.098],[149.504,-37.929],[149.985,-37.347],[150.222,-35.694],[150.762,-35.253],[151.364,-33.521],[152.176,-32.877],[152.972,-31.418],[152.94,-30.699],[153.493,-28.841],[152.946,-27.341],[153.069,-26.228],[151.73,-24.157],[150.802,-23.6],[150.754,-22.812],[149.557,-22.433],[149.101,-21.06],[148.19,-20.172],[146.322,-19.082],[145.925,-18.257],[145.869,-17.195],[145.326,-16.49],[145.184,-15.048],[143.743,-14.466],[143.173,-12.121],[142.338,-10.915]]]},"properties":{"NAME":"Australian aboriginal hunter-gatherers","SUBJECTO":"Australian aboriginal hunter-gatherers","BORDERPRECISION":1}},
{"type":"Feature","geometry":{"type":"Polygon","coordinates":[[[146.713,-43.722],[147.815,-42.965],[148.319,-41.806],[148.27,-41.093],[146.382,-41.308],[144.776,-40.843],[144.936,-41.71],[145.53,-42.345],[145.723,-43.24],[146.713,-43.722]]]},"properties":{"NAME":"Tasmanian hunter-gatherers","SUBJECTO":"Tasmanian hunter-gatherers","BORDERPRECISION":1}},
{"type":"Feature","geometry":{"type":"Polygon","coordinates":[[[142.721,59.239],[145.404,59.326],[148.416,59.097],[149.045,59.587],[151.14,59.44],[152.504,58.769],[153.924,58.922],[154.316,59.983],[155.734,60.555],[157.098,61.633],[158.841,61.784],[160.645,60.718],[164.138,62.533],[163.329,60.695],[159.649,58.954],[158.326,58.027],[156.777,57.58],[155.628,56.268],[155.465,54.92],[156.038,52.781],[156.696,50.958],[157.898,51.666],[158.461,52.826],[159.897,53.241],[159.931,54.086],[162.008,54.738],[161.503,55.287],[162.512,57.033],[161.804,58.102],[162.907,58.891],[163.389,59.814],[164.585,59.665],[165.78,60.354],[169.154,60.435],[170.344,60.28],[169.481,61.193],[172.441,63.078],[171.768,65.859],[168.135,67.458],[155.892,68.169],[130.867,69.901],[124.544,71.586],[123.501,73.505],[120.579,72.835],[118.46,73.519],[111.762,73.658],[105.403,72.749],[98.459,69.791],[75.856,61.427],[62.806,56.955],[59.094,56.432],[65.312,55.047],[78.362,56.41],[93.7,56.485],[99.537,55.281],[99.485,55.659],[107.962,59.818],[114.016,59.547],[115.205,57.386],[116.962,59.883],[127.809,61.804],[137.178,61.334],[142.721,59.239]]]},"properties":{"NAME":"Paleo-Siberian hunter-gatherers","SUBJECTO":"Paleo-Siberian hunter-gatherers","BORDERPRECISION":1}},
{"type":"Feature","geometry":{"type":"MultiPolygon","coordinates":[[[[-43.72,60.004],[-42.785,60.529],[-42.271,62.194],[-40.516,63.782],[-40.484,64.685],[-39.695,65.187],[-42.793,65.403],[-43.848,64.206],[-44.258,61.87],[-43.72,60.004]]],[[[-50.539,67.488],[-52.303,66.909],[-53.103,65.873],[-52.078,65.372],[-51.366,63.726],[-49.857,62.967],[-48.915,61.421],[-47.159,60.856],[-46.158,60.937],[-46.133,61.759],[-47.656,62.795],[-49.062,64.786],[-49.473,67.033],[-50.539,67.488]]],[[[-62.811,81.156],[-66.522,80.711],[-64.623,79.949],[-65.485,79.158],[-72.383,78.526],[-69.688,77.555],[-71.184,77.26],[-69.045,76.294],[-67.037,75.936],[-62.449,76.338],[-63.358,78.236],[-62.811,81.156]]],[[[-140.052,62.495],[-139.524,62.416],[-132.435,62.497],[-124.936,64.835],[-118.196,62.711],[-114.565,60.6],[-111.284,58.553],[-102.144,57.214],[-93.825,56.863],[-92.404,56.975],[-93.074,58.551],[-94.684,58.878],[-94.753,59.95],[-93.423,61.858],[-90,63.57],[-89.87,63.575],[-89.862,63.647],[-90.006,63.904],[-89.995,64.033],[-87.824,64.347],[-97.361,65.124],[-110.86,65.944],[-120.403,67.947],[-119.979,69.378],[-122.326,69.884],[-123.803,69.434],[-125.974,69.43],[-127.352,70.38],[-129.013,69.72],[-131.673,69.276],[-135.439,69.526],[-137.729,69.016],[-143.308,70.197],[-145.273,70.116],[-149.286,70.539],[-152.137,70.534],[-152.971,70.934],[-156.905,71.346],[-160.24,70.858],[-162.879,69.999],[-164.067,69.065],[-166.297,68.88],[-166.844,68.405],[-164.513,67.797],[-163.739,67.218],[-161.936,67.088],[-162.275,66.071],[-164.463,66.596],[-168.18,65.694],[-166.139,65.355],[-166.586,64.73],[-163.025,64.442],[-161.291,64.964],[-160.939,63.985],[-150.129,63.324],[-144.68,63.192],[-140.052,62.495]]],[[[-123.148,74.441],[-125.341,72.969],[-125.617,71.99],[-123.468,71.199],[-120.843,71.53],[-120.454,72.299],[-117.686,73.215],[-123.148,74.441]]],[[[-60.124,53.517],[-59.863,53.839],[-57.515,54.466],[-59.694,55.154],[-61.928,56.273],[-61.476,57.104],[-62.51,57.972],[-76.462,56.578],[-77.234,55.607],[-79.545,54.692],[-78.742,52.744],[-74.197,52.927],[-71.033,55.196],[-65.643,55.263],[-62.594,54.57],[-60.222,53.325],[-60.124,53.517]]],[[[-60.171,53.299],[-58.788,52.573],[-56.127,53.466],[-57.561,54.131],[-60.171,53.299]]],[[[170.344,60.28],[173.481,61.601],[179.288,62.815],[178.147,64.157],[180,64.953],[180,65.052],[180,65.311],[180,65.382],[180,65.963],[180,66.963],[180,67.963],[180,68.92],[175.611,69.779],[170.452,70.019],[170.833,68.922],[169.389,68.717],[167.32,69.659],[161.961,69.528],[159.444,69.765],[158.409,70.814],[156.043,70.987],[152.134,70.664],[150.694,71.347],[146.915,72.202],[141.294,72.787],[137.63,71.075],[135.511,71.512],[132.284,71.661],[130.779,70.678],[126.216,72.382],[128.525,72.952],[127.72,73.402],[123.501,73.505],[124.544,71.586],[130.867,69.901],[155.892,68.169],[168.135,67.458],[171.768,65.859],[172.441,63.078],[169.481,61.193],[170.344,60.28]]],[[[-90.204,75.967],[-90.417,75.959],[-90.056,75.951],[-90.204,75.967]]],[[[-169.873,66.083],[-171.958,66.956],[-173.875,67.159],[-180,68.917],[-180,67.963],[-180,66.963],[-180,65.963],[-180,65.382],[-180,65.311],[-180,65.259],[-179.379,65.996],[-178.116,65.482],[-173.077,64.384],[-172.562,65.515],[-169.873,66.083]]]]},"properties":{"NAME":"Arctic marine mammal hunters","SUBJECTO":"Arctic marine mammal hunters","BORDERPRECISION":1}},
{"type":"Feature","geometry":{"type":"Polygon","coordinates":[[[-122.491,54.244],[-115.034,52.033],[-114.467,52],[-105.191,51.453],[-98.922,50.232],[-95.566,49.996],[-87.79,49.931],[-85.036,49.094],[-81.931,48.902],[-72.322,46.295],[-71.034,46.746],[-69.507,48.459],[-68.307,49.227],[-67.318,49.425],[-66.373,50.314],[-65.007,50.341],[-62.594,54.57],[-65.643,55.263],[-71.033,55.196],[-74.197,52.927],[-78.742,52.744],[-78.491,52.256],[-79.594,51.266],[-80.361,51.304],[-81.747,52.17],[-82.341,52.981],[-82.202,54.969],[-84.468,55.167],[-87.467,55.912],[-88.767,56.738],[-90.445,57.144],[-92.404,56.975],[-93.825,56.863],[-102.144,57.214],[-111.497,57.989],[-122.491,54.244]]]},"properties":{"NAME":"Subarctic forest hunter-gatherers","SUBJECTO":"Subarctic forest hunter-gatherers","BORDERPRECISION":1}},
{"type":"Feature","geometry":{"type":"MultiPolygon","coordinates":[[[[-62.51,57.972],[-62.887,58.656],[-64.671,60.181],[-65.861,58.795],[-67.772,58.249],[-69.214,58.748],[-70.028,60.883],[-73.395,62.355],[-75.695,62.216],[-77.362,62.517],[-77.507,60.415],[-78.337,58.551],[-76.772,57.663],[-76.462,56.578],[-62.51,57.972]]],[[[-87.824,64.347],[-88.171,65.13],[-85.987,66.163],[-83.139,66.373],[-81.295,67.499],[-82.687,68.697],[-81.48,69.189],[-84.314,69.826],[-86.488,67.378],[-88.324,67.813],[-89.736,68.534],[-90,68.375],[-90,69.489],[-92.671,69.742],[-91.658,70.286],[-93.271,71.559],[-95.411,71.859],[-96.7,70.838],[-96.127,69.941],[-92.956,69.084],[-96.208,68.074],[-101.913,67.705],[-105.636,68.355],[-107.662,67.963],[-108.095,67.36],[-110.532,67.92],[-112.503,67.693],[-115.285,68.892],[-117.832,69.008],[-119.979,69.378],[-120.403,67.947],[-110.86,65.944],[-97.361,65.124],[-87.824,64.347]]],[[[-89.698,74.615],[-80.349,74.616],[-79.495,75.28],[-81.703,75.875],[-86.618,75.432],[-90.056,75.951],[-90.417,75.959],[-91.054,74.977],[-89.698,74.615]]],[[[-85.058,65.609],[-86.243,64.542],[-85.463,63.206],[-82.11,64.644],[-85.058,65.609]]],[[[-97.407,69.749],[-99.365,68.974],[-96.213,68.537],[-95.515,68.809],[-97.407,69.749]]],[[[-110.079,72.562],[-114.647,73.355],[-117.22,72.857],[-118.986,72.034],[-117.314,71.475],[-117.568,69.992],[-115.907,69.351],[-113.925,69.249],[-113.152,68.596],[-110.448,68.653],[-107.536,69.057],[-106.854,69.451],[-104.188,68.898],[-101.808,69.136],[-101.055,70.031],[-103.864,70.701],[-105.313,72.65],[-110.079,72.562]]],[[[-101.042,72.769],[-98.939,71.392],[-96.85,71.88],[-96.689,72.817],[-98.394,73.131],[-101.042,72.769]]],[[[-95.069,74.064],[-95.641,73.144],[-95.058,72.283],[-92.001,72.841],[-90,74],[-95.069,74.064]]],[[[-72.73,64.015],[-71.258,63.567],[-71.319,63.061],[-69.155,62.42],[-65.94,61.79],[-66.496,63.077],[-64.735,63.067],[-64.474,63.744],[-67.614,65.912],[-66.913,66.595],[-65.034,65.953],[-62.845,65.614],[-61.211,66.635],[-68.665,68.716],[-66.668,69.186],[-69.463,69.96],[-71.253,71.351],[-73.275,71.161],[-75.322,72.548],[-77.119,72.711],[-81.027,72.05],[-80.489,73.037],[-81.532,73.688],[-88.099,73.636],[-89.639,72.782],[-89.997,71.541],[-87.949,71.351],[-87.948,70.385],[-82.269,69.86],[-78.713,70.011],[-75.552,69.222],[-73.185,68.296],[-72.305,67.264],[-74.28,66.06],[-73.42,65.529],[-75.789,65.197],[-77.358,65.376],[-78.127,64.651],[-76.526,64.23],[-74.559,64.78],[-72.73,64.015]]],[[[-87.453,82.14],[-91.219,81.837],[-89.193,81.096],[-84.793,80.782],[-86.322,80.114],[-83.911,79.257],[-85.807,78.906],[-87.273,76.504],[-78.212,76.547],[-78.367,78.033],[-76.143,78.072],[-74.963,79.122],[-71.454,79.846],[-66.482,81.303],[-62.427,82.634],[-70.584,83.176],[-76.382,83.152],[-87.453,82.14]]],[[[-89.042,80.167],[-92.025,81.259],[-96.433,79.933],[-92.702,78.434],[-90,78.263],[-86.997,79.445],[-89.042,80.167]]]]},"properties":{"NAME":"Dorset","SUBJECTO":"Dorset","BORDERPRECISION":1}},
{"type":"Feature","geometry":{"type":"Polygon","coordinates":[[[-52.14,-31.741],[-53.544,-31.446],[-54.365,-30.593],[-57.353,-29.681],[-63.563,-30.037],[-67.482,-31.656],[-67.65,-33.577],[-69.437,-37.159],[-71.517,-39.706],[-72.068,-40.547],[-70.579,-40.579],[-71.634,-43.196],[-72.191,-45.99],[-72.044,-48.766],[-71.487,-51.104],[-71.165,-51.561],[-69.115,-51.352],[-69.041,-50.562],[-67.833,-49.968],[-67.578,-49.059],[-66.078,-48.142],[-65.776,-47.23],[-67.328,-46.532],[-67.472,-45.922],[-66.695,-45.131],[-65.436,-44.89],[-65.307,-43.601],[-63.6,-42.704],[-63.729,-42.101],[-64.992,-42.193],[-64.939,-40.827],[-62.964,-41.137],[-62.068,-39.556],[-61.361,-39.031],[-59.515,-38.875],[-57.809,-38.386],[-56.698,-36.944],[-57.419,-35.997],[-57.348,-34.508],[-56.338,-34.995],[-54.622,-34.922],[-54.074,-34.648],[-52.351,-32.675],[-52.14,-31.741]]]},"properties":{"NAME":"Pampas cultures","SUBJECTO":"Pampas cultures","BORDERPRECISION":1}},
{"type":"Feature","geometry":{"type":"MultiPolygon","coordinates":[[[[-71.182,9.277],[-70.682,8.557],[-65.965,8.18],[-63.065,8.325],[-61.696,8.61],[-60.793,9.388],[-61.531,9.851],[-64.068,10.627],[-64.884,10.136],[-66.478,10.679],[-67.98,10.542],[-68.695,11.38],[-69.748,11.533],[-71.098,11.12],[-71.496,10.646],[-71.089,9.919],[-71.182,9.277]]],[[[-48.886,-1.421],[-48.402,-0.391],[-50.501,-0.262],[-50.476,-1.679],[-48.886,-1.421]]]]},"properties":{"NAME":"Caribbean hunter-gatherers","SUBJECTO":"Caribbean hunter-gatherers","BORDERPRECISION":1}},
{"type":"Feature","geometry":{"type":"MultiPolygon","coordinates":[[[[-69.115,-51.352],[-71.165,-51.561],[-71.487,-51.104],[-72.044,-48.766],[-72.191,-45.99],[-71.634,-43.196],[-70.579,-40.579],[-72.068,-40.547],[-72.728,-41.553],[-72.53,-43.063],[-72.999,-43.334],[-73.571,-46.265],[-74.564,-45.872],[-75.011,-46.774],[-73.979,-47.032],[-74.312,-48.745],[-74.075,-50.473],[-73.408,-52.024],[-71.872,-53.696],[-70.998,-53.821],[-70.734,-52.802],[-69.483,-52.361],[-68.411,-52.405],[-69.115,-51.352]]],[[[-69.214,-54.934],[-65.348,-54.913],[-66.983,-54.341],[-68.305,-52.943],[-69.407,-52.566],[-70.333,-53.473],[-69.214,-54.934]]]]},"properties":{"NAME":"Patagonian shellfish and marine mammal hunters","SUBJECTO":"Patagonian shellfish and marine mammal hunters","BORDERPRECISION":1}},
{"type":"Feature","geometry":{"type":"Polygon","coordinates":[[[-48.797,-28.476],[-49.839,-26.797],[-49.487,-24.553],[-48.469,-23.749],[-53.123,-14.275],[-60.268,-13.81],[-64.194,-14.695],[-64.662,-16.805],[-65.906,-18.311],[-66.097,-20.138],[-67.123,-25.032],[-68.617,-26.666],[-69.32,-29.305],[-67.482,-31.656],[-63.563,-30.037],[-57.353,-29.681],[-54.365,-30.593],[-53.544,-31.446],[-52.14,-31.741],[-50.582,-30.416],[-48.797,-28.476]]]},"properties":{"NAME":"Savanna hunter-gatherers","SUBJECTO":"Savanna hunter-gatherers","BORDERPRECISION":1}},
{"type":"Feature","geometry":{"type":"Polygon","coordinates":[[[-46.281,-3.553],[-49.066,-4.744],[-54.163,-4.627],[-56.331,-4.335],[-58.44,-2.288],[-57.972,-0.589],[-55.804,0.876],[-55.862,1.696],[-58.558,3.978],[-62.659,4.153],[-66.408,3.042],[-70.158,-5.735],[-69.045,-8.236],[-64.194,-14.695],[-60.268,-13.81],[-53.123,-14.275],[-46.281,-3.553]]]},"properties":{"NAME":"Amazon hunter-gatherers","SUBJECTO":"Amazon hunter-gatherers","BORDERPRECISION":1}},
{"type":"Feature","geometry":{"type":"Polygon","coordinates":[[[-70.398,-25.249],[-70.935,-27.727],[-71.43,-29.1],[-71.234,-29.519],[-71.695,-30.854],[-71.416,-32.753],[-71.616,-33.706],[-72.629,-35.646],[-73.144,-37.156],[-73.673,-37.501],[-73.194,-39.565],[-73.905,-40.839],[-73.594,-41.697],[-72.728,-41.553],[-72.068,-40.547],[-71.517,-39.706],[-69.437,-37.159],[-67.65,-33.577],[-67.482,-31.656],[-69.32,-29.305],[-68.617,-26.666],[-67.123,-25.032],[-66.097,-20.138],[-65.906,-18.311],[-66.595,-19.145],[-67.356,-19.194],[-67.825,-22.475],[-67.952,-24.645],[-68.192,-25.492],[-69.094,-25.548],[-70.398,-25.249]]]},"properties":{"NAME":"Andean hunter-gatherers","SUBJECTO":"Andean hunter-gatherers","BORDERPRECISION":1}},
{"type":"Feature","geometry":{"type":"MultiPolygon","coordinates":[[[[-124.157,44.727],[-124.137,43.666],[-124.63,43.014],[-124.153,41.58],[-124.365,40.334],[-123.648,38.88],[-121.17,38.88],[-121.362,39.687],[-120.474,43.57],[-120.307,44.299],[-120.483,48.962],[-125.758,53.131],[-127.866,52.413],[-128.013,51.808],[-127.247,50.968],[-124.939,50.596],[-124.795,50.035],[-122.606,48.835],[-122.826,48.023],[-124.675,48.386],[-123.995,45.764],[-124.157,44.727]]],[[[-126.522,49.822],[-125.967,49.174],[-123.902,48.471],[-123.861,49.158],[-124.718,49.491],[-125.719,50.409],[-127.848,50.861],[-127.385,50.05],[-126.522,49.822]]]]},"properties":{"NAME":"North American Pacifi foraging, hunting and fishing peoples","SUBJECTO":"North American Pacifi foraging, hunting and fishing peoples","BORDERPRECISION":1}},
{"type":"Feature","geometry":{"type":"Polygon","coordinates":[[[-96.603,28.384],[-94.118,29.693],[-94.118,31.93],[-95.82,32.715],[-97.139,34.471],[-96.406,35.646],[-94.619,36.097],[-94.118,35.876],[-94.118,39.732],[-94.235,46.721],[-95.566,49.996],[-98.922,50.232],[-105.191,51.453],[-114.467,52],[-114.126,47.952],[-111.668,41.935],[-111.548,41.642],[-109.049,38.88],[-102.568,38.88],[-102.568,32.428],[-98.19,29.181],[-97.758,28.695],[-96.603,28.384]]]},"properties":{"NAME":"Plain bison hunters","SUBJECTO":"Plain bison hunters","BORDERPRECISION":1}},
{"type":"Feature","geometry":{"type":"Polygon","coordinates":[[[-125.758,53.131],[-120.483,48.962],[-120.307,44.299],[-120.474,43.57],[-119.018,43.113],[-115.093,42.512],[-111.668,41.935],[-114.126,47.952],[-114.467,52],[-115.034,52.033],[-122.491,54.244],[-125.758,53.131]]]},"properties":{"NAME":"Plateau fichers and hunter gatherers","SUBJECTO":"Plateau fichers and hunter gatherers","BORDERPRECISION":1}},
{"type":"Feature","geometry":{"type":"MultiPolygon","coordinates":[[[[-97.758,28.695],[-98.19,29.181],[-102.568,32.428],[-102.568,29.992],[-97.758,28.695]]],[[[-109.049,38.88],[-111.548,41.642],[-111.668,41.935],[-115.093,42.512],[-119.018,43.113],[-120.474,43.57],[-121.362,39.687],[-121.17,38.88],[-109.049,38.88]]]]},"properties":{"NAME":"Desert hunter-gatherers","SUBJECTO":"Desert hunter-gatherers","BORDERPRECISION":1}},
{"type":"Feature","geometry":{"type":"Polygon","coordinates":[[[12.906,-19.702],[13.804,-21.443],[14.415,-22.268],[14.396,-23.075],[14.909,-25.018],[14.843,-25.622],[15.454,-27.616],[16.788,-29.139],[18.179,-31.805],[18.487,-34.398],[20.256,-34.623],[21.669,-34.506],[22.682,-34.103],[24.43,-34.335],[25.619,-33.919],[26.659,-33.847],[28.922,-32.298],[30.391,-30.814],[31.563,-29.21],[32.235,-28.744],[32.767,-27.517],[32.896,-26.372],[32.5,-26.068],[33.347,-25.304],[34.884,-24.722],[35.297,-23.825],[35.531,-22.458],[35.261,-22.274],[34.673,-20.515],[34.719,-20.043],[12.906,-19.702]]]},"properties":{"NAME":"Khoiasan","SUBJECTO":"Khoiasan","BORDERPRECISION":1}},
{"type":"Feature","geometry":{"type":"Polygon","coordinates":[[[5.359,5.368],[12.605,7.732],[16.637,7.088],[16.637,10.931],[15.657,11.306],[14.582,12.673],[8.266,12.367],[2.346,13.286],[-1.341,13.314],[-6.265,13.351],[-13.396,14.917],[-17.033,14.565],[-16.471,13.723],[-16.772,12.597],[-15.809,11.843],[-14.591,10.467],[-13.68,9.916],[-12.927,8.627],[-13.212,8.347],[-12.264,7.351],[-9.937,5.863],[-9.248,5.172],[-7.529,4.337],[-5,5.238],[-3.942,5.266],[-2.031,4.698],[0.09,5.656],[0.939,5.759],[1.558,6.237],[3.46,6.381],[3.949,6.579],[4.886,6.003],[5.359,5.368]]]},"properties":{"NAME":"Mandes","SUBJECTO":"Mandes","BORDERPRECISION":1}},
{"type":"Feature","geometry":{"type":"Polygon","coordinates":[[[-95.566,49.996],[-94.235,46.721],[-94.118,39.732],[-94.118,35.876],[-94.619,36.097],[-96.406,35.646],[-97.139,34.471],[-95.82,32.715],[-94.118,31.93],[-94.118,29.693],[-93.446,29.768],[-90.667,29.223],[-90.436,29.326],[-90.27,29.155],[-90.201,29.143],[-90.298,29.374],[-90,29.427],[-90,30.08],[-90.34,30.039],[-90.267,30.38],[-90,30.316],[-87.775,30.263],[-86.389,30.473],[-85.305,29.664],[-83.886,30.048],[-82.647,28.907],[-82.429,27.826],[-80.592,28.492],[-81.405,30.073],[-81.512,30.727],[-80.581,32.497],[-79.349,33.11],[-78.621,33.811],[-77.963,33.933],[-77.296,34.667],[-76.622,34.763],[-75.729,35.882],[-76.215,37.943],[-75.668,37.898],[-74.153,39.765],[-73.741,40.977],[-70.302,41.759],[-70.868,42.871],[-70.216,43.8],[-68.804,44.393],[-67.169,44.711],[-66.502,45.186],[-64.905,45.463],[-66.189,44.141],[-65.713,43.56],[-63.559,44.513],[-61.032,45.379],[-64.535,46.272],[-65.213,48.121],[-64.398,48.456],[-64.952,49.207],[-66.03,49.166],[-69.254,48.12],[-71.034,46.746],[-72.322,46.295],[-81.931,48.902],[-85.036,49.094],[-87.79,49.931],[-95.566,49.996]],[[-86.276,42.442],[-87.224,41.635],[-87.783,42.204],[-87.908,43.192],[-87.343,44.818],[-86.72,45.867],[-85.382,46.075],[-84.952,45.408],[-86.002,44.917],[-86.514,43.681],[-86.276,42.442]],[[-84.634,45.751],[-83.794,46.257],[-80.807,45.955],[-79.918,44.967],[-81.095,44.799],[-81.719,44.139],[-81.808,43.318],[-83.386,44.313],[-83.431,45.275],[-84.634,45.751]],[[-80.276,42.741],[-80.073,42.153],[-81.811,41.495],[-82.484,41.96],[-81.439,42.587],[-80.276,42.741]],[[-92.256,46.647],[-91.15,47.368],[-89.517,48.004],[-88.095,49.005],[-86.384,48.725],[-85.797,47.966],[-85.027,47.94],[-84.442,46.817],[-87.273,46.512],[-87.76,46.864],[-90.832,46.944],[-92.256,46.647]],[[-76.134,44.027],[-76.937,43.237],[-78.503,43.362],[-77.623,44.01],[-76.134,44.027]]]},"properties":{"NAME":"Eastern North Amercian hunter-gatherers","SUBJECTO":"Eastern North Amercian hunter-gatherers","BORDERPRECISION":1}},
{"type":"Feature","geometry":{"type":"Polygon","coordinates":[[[-1.999,48.677],[-3.091,48.872],[-4.762,48.552],[-4.7,48.064],[-2.466,47.494],[-2.576,47.325],[-2.576,47.324],[-1.752,48.178],[-1.999,48.677]]]},"properties":{"NAME":"Britany","SUBJECTO":"Britany","BORDERPRECISION":1}},
{"type":"Feature","geometry":{"type":"Polygon","coordinates":[[[91.635,75.653],[90,75.602],[89.796,75.524],[91.635,75.653]]]},"properties":{"NAME":null,"SUBJECTO":null,"BORDERPRECISION":1}},
{"type":"Feature","geometry":{"type":"Polygon","coordinates":[[[17.198,60.68],[17.065,61.538],[18.487,62.981],[20.701,63.818],[20.921,64.714],[22.646,65.935],[25.196,65.268],[34.726,65.78],[35.772,66.259],[39.19,66.039],[41.255,66.937],[40.826,67.66],[38.668,68.146],[35.437,69.15],[29.729,69.698],[30.799,70.308],[28.308,70.949],[24.571,70.741],[20.339,69.4],[20.326,69.222],[14.25,65.932],[12.982,63.163],[12.288,59.237],[17.198,60.68]]]},"properties":{"NAME":"Sami","SUBJECTO":"Sami","BORDERPRECISION":1}},
{"type":"Feature","geometry":{"type":"Polygon","coordinates":[[[5.355,5.362],[5.607,4.632],[6.844,4.292],[8.875,4.62],[9.586,3.675],[9.923,2.824],[9.851,1.877],[9.203,-0.634],[8.815,-0.896],[9.656,-2.419],[11.773,-4.537],[12.263,-5.47],[12.372,-6.258],[13.387,-8.156],[13.204,-9.637],[13.816,-10.976],[13.649,-12.197],[12.585,-13.464],[12.06,-15.594],[11.782,-15.868],[11.775,-17.596],[12.08,-18.491],[12.906,-19.702],[34.719,-20.043],[37.275,-17.713],[39.471,-16.717],[40.386,-15.736],[40.599,-14.401],[40.527,-12.584],[40.311,-11.345],[40.62,-10.766],[39.658,-9.796],[39.27,-7.801],[39.566,-7.044],[38.922,-6.34],[39.267,-4.776],[40.234,-3.192],[42.44,-0.512],[43.724,0.8],[46.19,2.522],[42.658,2.513],[34.406,2.49],[33.93,2.844],[22.225,6.196],[16.637,7.088],[12.605,7.732],[5.359,5.368],[5.355,5.362]]]},"properties":{"NAME":"Bantou","SUBJECTO":"Bantou","BORDERPRECISION":1}},
{"type":"Feature","geometry":{"type":"Polygon","coordinates":[[[-82.429,27.826],[-82.31,26.825],[-81.401,25.859],[-81.098,25.125],[-80.314,25.244],[-80.05,26.551],[-80.592,28.492],[-82.429,27.826]]]},"properties":{"NAME":"Caloosahatchee cultureure","SUBJECTO":"Caloosahatchee cultureure","BORDERPRECISION":1}},
{"type":"Feature","geometry":{"type":"Polygon","coordinates":[[[12.517,37.919],[13.012,37.525],[15.027,36.745],[15.387,38.206],[12.517,37.919]]]},"properties":{"NAME":"Emirate of Sicily","SUBJECTO":"Emirate of Sicily","BORDERPRECISION":1}},
{"type":"Feature","geometry":{"type":"MultiPolygon","coordinates":[[[[15.847,39.63],[16.053,37.931],[17.095,38.915],[16.532,39.698],[15.847,39.63]]],[[[9.306,41.184],[8.241,40.855],[8.696,38.996],[9.479,39.144],[9.794,40.564],[9.306,41.184]]],[[[41.278,41.28],[40.361,40.963],[38.651,40.922],[36.383,41.238],[35.958,41.686],[33.556,41.983],[32.419,41.749],[30.745,41.04],[27.764,40.287],[26.765,40.377],[26.128,39.879],[26.708,39.182],[27.16,37.36],[29.002,36.695],[29.298,36.173],[30.473,36.188],[31.371,36.712],[32.335,36.128],[33.171,35.971],[34.662,36.648],[37.349,38.834],[40.629,39.884],[41.278,41.28]]],[[[19.417,41.345],[19.369,40.26],[20.029,39.814],[21.172,38.348],[21.228,37.905],[22.39,36.524],[22.639,37.492],[23.556,38.352],[22.72,39.287],[22.602,40.397],[23.596,40.192],[23.886,40.733],[25.993,40.852],[26.614,40.398],[27.474,40.963],[28.828,40.915],[27.495,42.401],[22.878,42.019],[21.607,41.786],[21.082,40.605],[19.417,41.345]]]]},"properties":{"NAME":"Byzantine Empire","SUBJECTO":"Byzantine Empire","BORDERPRECISION":1}},
{"type":"Feature","geometry":{"type":"Polygon","coordinates":[[[-4.153,53.226],[-4.277,53.398],[-4.567,53.273],[-4.351,53.124],[-4.153,53.226]]]},"properties":{"NAME":null,"SUBJECTO":null,"BORDERPRECISION":1}},
{"type":"Feature","geometry":{"type":"Polygon","coordinates":[[[-5.104,55.439],[-5.155,55.673],[-5.4,55.601],[-5.104,55.439]]]},"properties":{"NAME":null,"SUBJECTO":null,"BORDERPRECISION":1}},
{"type":"Feature","geometry":{"type":"Polygon","coordinates":[[[-6.122,55.879],[-6.327,55.589],[-6.025,55.681],[-6.122,55.879]]]},"properties":{"NAME":null,"SUBJECTO":null,"BORDERPRECISION":1}},
{"type":"Feature","geometry":{"type":"Polygon","coordinates":[[[-5.947,55.83],[-5.746,56.064],[-5.968,56.024],[-6.079,55.906],[-5.947,55.83]]]},"properties":{"NAME":null,"SUBJECTO":null,"BORDERPRECISION":1}},
{"type":"Feature","geometry":{"type":"Polygon","coordinates":[[[-7.467,56.941],[-7.376,56.979],[-7.446,57.056],[-7.554,56.966],[-7.467,56.941]]]},"properties":{"NAME":null,"SUBJECTO":null,"BORDERPRECISION":1}},
{"type":"Feature","geometry":{"type":"Polygon","coordinates":[[[-7.223,57.337],[-7.425,57.382],[-7.381,57.109],[-7.23,57.095],[-7.223,57.337]]]},"properties":{"NAME":null,"SUBJECTO":null,"BORDERPRECISION":1}},
{"type":"Feature","geometry":{"type":"Polygon","coordinates":[[[-7.269,57.399],[-7.205,57.461],[-7.351,57.489],[-7.388,57.424],[-7.269,57.399]]]},"properties":{"NAME":null,"SUBJECTO":null,"BORDERPRECISION":1}},
{"type":"Feature","geometry":{"type":"Polygon","coordinates":[[[-7.189,57.687],[-7.477,57.562],[-7.154,57.509],[-7.189,57.687]]]},"properties":{"NAME":null,"SUBJECTO":null,"BORDERPRECISION":1}},
{"type":"Feature","geometry":{"type":"Polygon","coordinates":[[[-7.006,57.881],[-6.994,57.919],[-7.074,57.896],[-7.006,57.881]]]},"properties":{"NAME":null,"SUBJECTO":null,"BORDERPRECISION":1}},
{"type":"Feature","geometry":{"type":"Polygon","coordinates":[[[-6.802,58.203],[-6.794,58.218],[-6.854,58.25],[-6.873,58.206],[-6.802,58.203]]]},"properties":{"NAME":null,"SUBJECTO":null,"BORDERPRECISION":1}},
{"type":"Feature","geometry":{"type":"Polygon","coordinates":[[[-6.204,58.356],[-7.032,58.238],[-6.474,57.94],[-6.204,58.356]]]},"properties":{"NAME":null,"SUBJECTO":null,"BORDERPRECISION":1}},
{"type":"Feature","geometry":{"type":"Polygon","coordinates":[[[-2.918,58.732],[-2.877,58.82],[-3.037,58.818],[-2.918,58.732]]]},"properties":{"NAME":null,"SUBJECTO":null,"BORDERPRECISION":1}},
{"type":"Feature","geometry":{"type":"Polygon","coordinates":[[[-3.231,58.776],[-3.136,58.804],[-3.336,58.927],[-3.431,58.871],[-3.231,58.776]]]},"properties":{"NAME":null,"SUBJECTO":null,"BORDERPRECISION":1}},
{"type":"Feature","geometry":{"type":"Polygon","coordinates":[[[-2.793,58.951],[-3.077,59.122],[-3.195,58.911],[-2.793,58.951]]]},"properties":{"NAME":null,"SUBJECTO":null,"BORDERPRECISION":1}},
{"type":"Feature","geometry":{"type":"Polygon","coordinates":[[[-2.681,59.196],[-2.621,59.236],[-2.496,59.245],[-2.414,59.314],[-2.593,59.291],[-2.681,59.196]]]},"properties":{"NAME":null,"SUBJECTO":null,"BORDERPRECISION":1}},
{"type":"Feature","geometry":{"type":"Polygon","coordinates":[[[-2.89,59.295],[-3.049,59.329],[-3.003,59.264],[-2.972,59.287],[-2.89,59.295]]]},"properties":{"NAME":null,"SUBJECTO":null,"BORDERPRECISION":1}},
{"type":"Feature","geometry":{"type":"Polygon","coordinates":[[[-1.296,60.491],[-1.32,60.356],[-1.655,60.226],[-1.126,60.152],[-1.041,60.447],[-1.296,60.491]]]},"properties":{"NAME":null,"SUBJECTO":null,"BORDERPRECISION":1}},
{"type":"Feature","geometry":{"type":"Polygon","coordinates":[[[-1.029,60.496],[-0.991,60.72],[-1.177,60.637],[-1.029,60.496]]]},"properties":{"NAME":null,"SUBJECTO":null,"BORDERPRECISION":1}},
{"type":"Feature","geometry":{"type":"Polygon","coordinates":[[[-0.82,60.689],[-0.768,60.829],[-0.939,60.794],[-0.966,60.688],[-0.82,60.689]]]},"properties":{"NAME":null,"SUBJECTO":null,"BORDERPRECISION":1}},
{"type":"Feature","geometry":{"type":"Polygon","coordinates":[[[-6.707,61.937],[-6.719,62.029],[-7.192,62.308],[-7.232,62.172],[-6.707,61.937]]]},"properties":{"NAME":null,"SUBJECTO":null,"BORDERPRECISION":1}},
{"type":"Feature","geometry":{"type":"Polygon","coordinates":[[[-4.778,54.056],[-4.394,54.186],[-4.527,54.367],[-4.778,54.056]]]},"properties":{"NAME":null,"SUBJECTO":null,"BORDERPRECISION":1}},
{"type":"Feature","geometry":{"type":"Polygon","coordinates":[[[129.716,28.451],[129.158,28.235],[129.369,28.116],[129.716,28.451]]]},"properties":{"NAME":null,"SUBJECTO":null,"BORDERPRECISION":1}},
{"type":"Feature","geometry":{"type":"Polygon","coordinates":[[[129.963,29.957],[129.942,30],[129.924,29.984],[129.963,29.957]]]},"properties":{"NAME":null,"SUBJECTO":null,"BORDERPRECISION":1}},
{"type":"Feature","geometry":{"type":"Polygon","coordinates":[[[129.896,29.874],[129.877,29.831],[129.923,29.825],[129.896,29.874]]]},"properties":{"NAME":null,"SUBJECTO":null,"BORDERPRECISION":1}},
{"type":"Feature","geometry":{"type":"Polygon","coordinates":[[[130.906,30.355],[131.074,30.689],[130.945,30.683],[130.906,30.355]]]},"properties":{"NAME":null,"SUBJECTO":null,"BORDERPRECISION":1}},
{"type":"Feature","geometry":{"type":"Polygon","coordinates":[[[130.559,30.236],[130.672,30.373],[130.511,30.459],[130.387,30.397],[130.559,30.236]]]},"properties":{"NAME":null,"SUBJECTO":null,"BORDERPRECISION":1}},
{"type":"Feature","geometry":{"type":"Polygon","coordinates":[[[121.735,25.139],[121.002,25.002],[120.116,23.631],[120.329,22.519],[120.879,22.341],[121.84,24.476],[121.735,25.139]]]},"properties":{"NAME":null,"SUBJECTO":null,"BORDERPRECISION":1}},
{"type":"Feature","geometry":{"type":"Polygon","coordinates":[[[128.901,32.643],[128.649,32.778],[128.61,32.612],[128.901,32.643]]]},"properties":{"NAME":null,"SUBJECTO":null,"BORDERPRECISION":1}},
{"type":"Feature","geometry":{"type":"Polygon","coordinates":[[[123.871,24.252],[123.922,24.371],[123.767,24.414],[123.679,24.316],[123.871,24.252]]]},"properties":{"NAME":null,"SUBJECTO":null,"BORDERPRECISION":1}},
{"type":"Feature","geometry":{"type":"Polygon","coordinates":[[[125.356,24.777],[125.262,24.879],[125.252,24.738],[125.356,24.777]]]},"properties":{"NAME":null,"SUBJECTO":null,"BORDERPRECISION":1}},
{"type":"Feature","geometry":{"type":"Polygon","coordinates":[[[124.262,24.457],[124.078,24.42],[124.122,24.345],[124.23,24.338],[124.262,24.457]]]},"properties":{"NAME":null,"SUBJECTO":null,"BORDERPRECISION":1}},
{"type":"Feature","geometry":{"type":"Polygon","coordinates":[[[128.253,26.639],[128.247,26.84],[127.959,26.544],[128.253,26.639]]]},"properties":{"NAME":null,"SUBJECTO":null,"BORDERPRECISION":1}},
{"type":"Feature","geometry":{"type":"Polygon","coordinates":[[[126.762,26.387],[126.702,26.349],[126.781,26.298],[126.81,26.347],[126.762,26.387]]]},"properties":{"NAME":null,"SUBJECTO":null,"BORDERPRECISION":1}},
{"type":"Feature","geometry":{"type":"Polygon","coordinates":[[[128.951,27.676],[129.03,27.774],[128.899,27.898],[128.897,27.726],[128.951,27.676]]]},"properties":{"NAME":null,"SUBJECTO":null,"BORDERPRECISION":1}},
{"type":"Feature","geometry":{"type":"Polygon","coordinates":[[[128.609,27.359],[128.696,27.449],[128.524,27.414],[128.609,27.359]]]},"properties":{"NAME":null,"SUBJECTO":null,"BORDERPRECISION":1}},
{"type":"Feature","geometry":{"type":"Polygon","coordinates":[[[129.992,28.282],[130.032,28.353],[129.943,28.322],[129.992,28.282]]]},"properties":{"NAME":null,"SUBJECTO":null,"BORDERPRECISION":1}},
{"type":"Feature","geometry":{"type":"Polygon","coordinates":[[[129.336,28.075],[129.34,28.111],[129.224,28.184],[129.219,28.098],[129.336,28.075]]]},"properties":{"NAME":null,"SUBJECTO":null,"BORDERPRECISION":1}},
{"type":"Feature","geometry":{"type":"Polygon","coordinates":[[[129.733,29.61],[129.753,29.648],[129.71,29.652],[129.733,29.61]]]},"properties":{"NAME":null,"SUBJECTO":null,"BORDERPRECISION":1}},
{"type":"Feature","geometry":{"type":"Polygon","coordinates":[[[105.403,72.749],[113.625,75.273],[113.533,76.094],[111.427,76.568],[108.244,76.646],[103.393,77.558],[99.467,75.967],[94.694,76.184],[91.635,75.653],[89.796,75.524],[86.958,74.782],[87.691,73.9],[80.464,73.314],[79.223,72.271],[76.333,71.72],[73.217,71.458],[74.25,70.573],[73.915,69.154],[77.406,68.936],[78.536,67.612],[76.955,67.653],[77.04,68.464],[74.505,68.593],[74.742,67.686],[72.209,66.173],[70.84,66.551],[72.838,67.646],[73.394,68.382],[72.526,69.069],[72.68,70.824],[71.798,71.432],[72.714,72.77],[69.343,72.834],[68.316,71.635],[66.818,71.105],[67.422,70.223],[66.584,68.886],[62.281,69.705],[60.369,69.468],[57.024,68.449],[53.889,68.787],[48.081,67.562],[46.402,66.719],[44.871,67.312],[46.634,67.701],[45.863,68.383],[43.822,68.327],[43.704,67.266],[44.384,66.612],[42.211,66.41],[39.951,65.581],[40.462,64.75],[39.193,64.511],[36.884,65.068],[37.411,63.749],[35.082,64.288],[34.293,65.396],[34.726,65.78],[25.196,65.268],[24.47,64.636],[21.034,62.477],[21.56,60.512],[23.665,59.836],[28.522,60.623],[28.601,60.186],[30.523,60.818],[30.852,61.775],[32.441,61.15],[34.873,61.57],[36.33,61.451],[37.6,61.507],[39.053,59.852],[39.759,59.55],[43.323,58.369],[46.106,57.709],[48.216,57.709],[53.924,57.601],[57.341,56.828],[59.094,56.432],[62.806,56.955],[75.856,61.427],[98.459,69.791],[105.403,72.749]],[[29.697,62.609],[28.788,61.204],[27.27,61.324],[29.697,62.609]]]},"properties":{"NAME":"Finno-Ugric taiga hunter-gatherers","SUBJECTO":"Finno-Ugric taiga hunter-gatherers","BORDERPRECISION":1}},
{"type":"Feature","geometry":{"type":"Polygon","coordinates":[[[124.15,39.821],[125.296,39.364],[124.736,38.28],[126.21,37.754],[126.499,37.05],[126.371,34.789],[127.554,34.656],[128.452,34.846],[129.439,35.476],[129.342,37.257],[128.364,38.625],[127.277,39.222],[127.672,39.866],[126.709,39.965],[124.15,39.821]]]},"properties":{"NAME":"Silla","SUBJECTO":"Silla","BORDERPRECISION":1}},
{"type":"Feature","geometry":{"type":"Polygon","coordinates":[[[12.399,50.173],[12.662,49.512],[13.95,48.72],[14.632,48.833],[16.493,48.393],[16.949,47.952],[17.724,47.738],[17.416,46.943],[18.648,46.933],[19.734,47.669],[20.893,47.984],[22.14,49.245],[22.228,50.043],[18.912,50.062],[18.543,49.682],[16.686,50.19],[15.002,50.908],[12.399,50.173]]]},"properties":{"NAME":"Great Moravia","SUBJECTO":"Great Moravia","BORDERPRECISION":1}},
{"type":"Feature","geometry":{"type":"Polygon","coordinates":[[[27.005,45.317],[26.118,44.837],[23.397,43.842],[22.384,43.917],[22.162,42.386],[19.704,41.911],[19.618,41.576],[19.417,41.345],[21.082,40.605],[21.607,41.786],[22.878,42.019],[27.495,42.401],[28.446,43.476],[28.918,44.766],[27.012,45.005],[27.005,45.317]]]},"properties":{"NAME":"Bulgars","SUBJECTO":"Bulgars","BORDERPRECISION":1}},
{"type":"Feature","geometry":{"type":"Polygon","coordinates":[[[19.251,43.764],[17.664,43.447],[19.704,41.911],[22.162,42.386],[22.384,43.917],[21.084,43.371],[19.251,43.764]]]},"properties":{"NAME":"Serbia","SUBJECTO":"Serbia","BORDERPRECISION":1}},
{"type":"Feature","geometry":{"type":"Polygon","coordinates":[[[19.733,46.167],[17.603,46.036],[16.946,46.21],[15.946,46.892],[15.236,46.141],[14.604,45.555],[14.375,45.342],[15.406,43.965],[16.989,43.325],[17.664,43.447],[19.251,43.764],[19.733,46.167]]]},"properties":{"NAME":"Croatian kingdom","SUBJECTO":"Croatian kingdom","BORDERPRECISION":1}},
{"type":"Feature","geometry":{"type":"Polygon","coordinates":[[[19.704,41.911],[17.664,43.447],[16.989,43.325],[18.91,42.218],[19.618,41.576],[19.704,41.911]]]},"properties":{"NAME":"Chelmia","SUBJECTO":"Chelmia","BORDERPRECISION":1}},
{"type":"Feature","geometry":{"type":"Polygon","coordinates":[[[59.446,45.165],[59.133,45.195],[59.046,44.955],[59.232,44.802],[59.446,45.165]]]},"properties":{"NAME":null,"SUBJECTO":null,"BORDERPRECISION":1}},
{"type":"Feature","geometry":{"type":"Polygon","coordinates":[[[48.216,57.709],[51.598,54.73],[54.188,53.244],[55.143,53.267],[57.748,54.754],[57.341,56.828],[53.924,57.601],[48.216,57.709]]]},"properties":{"NAME":"Volga Bulgars","SUBJECTO":"Volga Bulgars","BORDERPRECISION":1}},
{"type":"Feature","geometry":{"type":"Polygon","coordinates":[[[8.446,61.061],[7.389,60.054],[7.499,58.708],[8.842,59.129],[10.119,60.317],[9.943,62.446],[8.027,61.974],[8.446,61.061]]]},"properties":{"NAME":null,"SUBJECTO":null,"BORDERPRECISION":1}},
{"type":"Feature","geometry":{"type":"Polygon","coordinates":[[[14.076,42.634],[13.601,43.535],[12.345,44.301],[12.176,45.214],[13.156,45.727],[14.375,45.342],[14.604,45.555],[13.516,46.197],[8.209,46.013],[7.857,47.343],[8.121,48.814],[6.601,49.362],[6.073,50.997],[7.13,52.778],[8.087,53.352],[7.969,53.638],[5.39,53.139],[4.641,52.756],[3.598,51.319],[4.944,47.538],[4.108,46.563],[4.461,43.341],[5.829,43.021],[6.523,43.151],[8.897,44.437],[9.909,44.11],[10.743,42.851],[12.642,41.531],[13.761,41.207],[14.076,42.634]]]},"properties":{"NAME":"Carolingian Empire","SUBJECTO":"Carolingian Empire","BORDERPRECISION":1}},
{"type":"Feature","geometry":{"type":"Polygon","coordinates":[[[9.357,41.901],[9.28,42.728],[8.609,42.487],[9.357,41.901]]]},"properties":{"NAME":"Carolingian Empire","SUBJECTO":"Carolingian Empire","BORDERPRECISION":1}},
{"type":"Feature","geometry":{"type":"Polygon","coordinates":[[[15.236,46.141],[15.604,46.594],[16.949,47.952],[16.493,48.393],[14.632,48.833],[13.95,48.72],[12.662,49.512],[12.399,50.173],[10.983,52.019],[10.142,54.337],[8.884,54.229],[8.087,53.352],[7.13,52.778],[6.073,50.997],[6.601,49.362],[8.121,48.814],[7.857,47.343],[8.209,46.013],[13.516,46.197],[14.604,45.555],[15.236,46.141]]]},"properties":{"NAME":"East Francia","SUBJECTO":"East Francia","BORDERPRECISION":1}},
{"type":"Feature","geometry":{"type":"Polygon","coordinates":[[[84.041,24.833],[84.82,23.854],[84.891,23.001],[84.903,22.85],[84.822,22.333],[84.727,20.886],[85.379,19.605],[86.632,20.204],[87.157,21.536],[88.723,21.54],[90.572,21.881],[91.652,22.357],[92.757,23.786],[93.413,24.246],[91.581,27.17],[87.868,27.018],[87.187,25.105],[85.933,25.245],[85.098,25.801],[84.041,24.833]]]},"properties":{"NAME":"Palas","SUBJECTO":"Palas","BORDERPRECISION":1}},
{"type":"Feature","geometry":{"type":"Polygon","coordinates":[[[79.148,28.337],[77.06,29.421],[73.485,28.571],[72.628,28.367],[74.117,26.544],[76.105,26.999],[79.048,27.76],[79.247,27.812],[79.148,28.337]]]},"properties":{"NAME":"Chauhans","SUBJECTO":"Chauhans","BORDERPRECISION":1}},
{"type":"Feature","geometry":{"type":"Polygon","coordinates":[[[95.648,4.433],[96.72,3.705],[97.509,2.74],[97.597,2.251],[98.601,1.707],[99.113,0.221],[99.679,2.102],[97.147,4.416],[95.648,4.433]]]},"properties":{"NAME":"minor Hindu & Buddhist states","SUBJECTO":"minor Hindu & Buddhist states","BORDERPRECISION":1}},
{"type":"Feature","geometry":{"type":"MultiPolygon","coordinates":[[[[111.333,-1.37],[110.706,-0.604],[110.636,0.163],[111.263,0.79],[110.968,1.226],[109.282,1.883],[108.814,0.808],[109.179,-0.869],[109.941,-1.643],[110.102,-3.079],[111.333,-1.37]]],[[[109.217,-7.014],[108.556,-6.921],[106.945,-6.026],[106.024,-6.081],[105.633,-6.755],[106.484,-7.503],[108.16,-7.856],[109.115,-7.739],[109.217,-7.014]]],[[[99.113,0.221],[99.697,-0.152],[100.65,-1.631],[100.812,-2.336],[102.111,-3.604],[102.462,-4.182],[103.523,-4.999],[104.568,-6.071],[105.187,-5.542],[105.728,-5.827],[105.711,-4.105],[105.943,-3.215],[105.445,-2.599],[104.352,-1.89],[104.298,-1.363],[103.238,-0.659],[103.722,0.015],[102.472,0.623],[101.06,2.081],[100.732,1.871],[99.858,2.904],[98.146,4.07],[97.384,5.18],[96.187,5.146],[95.191,5.41],[95.648,4.433],[97.147,4.416],[99.679,2.102],[99.113,0.221]]],[[[98.192,8.374],[99.025,7.871],[100.139,6.177],[100.664,3.904],[101.336,2.781],[103.428,1.381],[104.176,1.389],[103.308,3.026],[103.342,4.805],[102.325,6.099],[101.56,6.74],[100.615,6.979],[99.88,8.795],[98.802,8.738],[98.192,8.374]]]]},"properties":{"NAME":"Srivijaya Empire","SUBJECTO":"Srivijaya Empire","BORDERPRECISION":1}},
{"type":"Feature","geometry":{"type":"Polygon","coordinates":[[[94.18,21.199],[92.757,23.786],[91.652,22.357],[92.176,20.887],[93.334,20.025],[93.966,19.194],[94.18,21.199]]]},"properties":{"NAME":"Arakan","SUBJECTO":"Arakan","BORDERPRECISION":1}},
{"type":"Feature","geometry":{"type":"Polygon","coordinates":[[[106.451,16.188],[105.417,17.407],[104.381,18.328],[104.371,19.482],[102.079,19.824],[100.698,19.479],[100.38,19.86],[97.604,18.701],[97.734,18.376],[97.418,16.483],[97.823,14.616],[98.486,13.112],[98.738,11.435],[98.398,10.564],[98.633,10.101],[98.192,8.374],[98.802,8.738],[99.88,8.795],[99.298,9.162],[99.186,10.489],[99.895,12.079],[100.24,13.49],[100.909,13.447],[100.872,12.679],[101.919,12.585],[102.658,12.066],[103.04,10.898],[103.67,10.766],[104.979,9.981],[104.742,8.494],[106.482,9.552],[106.773,10.639],[106.93,11.842],[107.898,12.568],[107.898,13.682],[107.462,14.988],[106.451,16.188]]]},"properties":{"NAME":"Khmer Empire","SUBJECTO":"Khmer Empire","BORDERPRECISION":1}},
{"type":"Feature","geometry":{"type":"Polygon","coordinates":[[[122.082,40.488],[121.239,39.554],[122.027,39.256],[124.15,39.821],[126.709,39.965],[127.672,39.866],[129.478,40.682],[129.641,41.656],[131.065,42.749],[132.182,43.195],[132.953,42.67],[134.139,42.993],[136.034,44.398],[138.123,46.506],[136.142,46.335],[132.855,46.051],[131.5,45.076],[130.392,44.799],[128.55,43.648],[126.018,42.152],[122.082,40.488]]]},"properties":{"NAME":"Balhae","SUBJECTO":"Balhae","BORDERPRECISION":1}},
{"type":"Feature","geometry":{"type":"Polygon","coordinates":[[[126.018,42.152],[128.55,43.648],[130.392,44.799],[131.5,45.076],[132.855,46.051],[136.142,46.335],[130.256,50.151],[117.512,50.693],[115.939,41.539],[123.371,42.957],[125.097,42.957],[126.018,42.152]]]},"properties":{"NAME":"Khitans","SUBJECTO":"Khitans","BORDERPRECISION":1}},
{"type":"Feature","geometry":{"type":"Polygon","coordinates":[[[27.369,58.358],[27.586,58.996],[27.607,59.306],[25.721,59.46],[23.416,59.119],[24.346,57.16],[23.11,57.182],[22.804,55.99],[25.329,56.545],[25.75,58.549],[27.369,58.358]]]},"properties":{"NAME":"Chuds","SUBJECTO":"Chuds","BORDERPRECISION":1}},
{"type":"Feature","geometry":{"type":"Polygon","coordinates":[[[110.701,50.983],[115.205,57.386],[114.016,59.547],[107.962,59.818],[99.485,55.659],[99.537,55.281],[93.7,56.485],[78.362,56.41],[65.312,55.047],[59.094,56.432],[57.341,56.828],[57.748,54.754],[55.143,53.267],[58.308,51.896],[59.1,47.853],[58.885,47.243],[53.19,46.132],[52.61,45.4],[51.513,45.373],[50.874,44.626],[51.171,43.718],[52.52,42.073],[53.985,42.106],[54.818,40.88],[53.257,40.765],[52.845,40.18],[54.071,38.897],[53.88,38.025],[54.067,36.942],[54.868,36.806],[57.229,37.522],[61.107,38.699],[61.452,39.274],[60.877,40.656],[58.69,42.727],[58.69,43.752],[58.199,44.52],[58.815,45.931],[60.271,46.7],[60.938,46.49],[61.251,45.175],[63.524,45.029],[64.948,43.754],[70.647,43.566],[73.608,45.516],[73.646,46.15],[74.625,46.752],[77.266,46.611],[79.245,46.672],[80.794,46.682],[82.209,51.329],[93.941,51.096],[105.301,51.213],[110.701,50.983]],[[109.955,55.672],[109.5,54.061],[108.931,53.344],[107.763,52.714],[106.452,52.656],[107.072,53.241],[107.535,53.439],[108.473,54.277],[109.955,55.672]]]},"properties":{"NAME":"Oghuz Turks","SUBJECTO":"Oghuz Turks","BORDERPRECISION":1}},
{"type":"Feature","geometry":{"type":"Polygon","coordinates":[[[107.639,53.22],[107.584,53.283],[106.995,53.107],[107.438,53.103],[107.639,53.22]]]},"properties":{"NAME":null,"SUBJECTO":null,"BORDERPRECISION":1}},
{"type":"Feature","geometry":{"type":"Polygon","coordinates":[[[-111.497,57.989],[-102.144,57.214],[-111.284,58.553],[-114.565,60.6],[-118.196,62.711],[-111.497,57.989]]]},"properties":{"NAME":null,"SUBJECTO":null,"BORDERPRECISION":1}},
{"type":"Feature","geometry":{"type":"Polygon","coordinates":[[[-89.862,63.647],[-89.995,64.033],[-90.006,63.904],[-89.862,63.647]]]},"properties":{"NAME":null,"SUBJECTO":null,"BORDERPRECISION":1}},
{"type":"Feature","geometry":{"type":"Polygon","coordinates":[[[-90,63.57],[-90,63.561],[-89.87,63.575],[-90,63.57]]]},"properties":{"NAME":null,"SUBJECTO":null,"BORDERPRECISION":1}},
{"type":"Feature","geometry":{"type":"Polygon","coordinates":[[[-90,30.08],[-90,30.316],[-90.267,30.38],[-90.34,30.039],[-90,30.08]]]},"properties":{"NAME":null,"SUBJECTO":null,"BORDERPRECISION":1}},
{"type":"Feature","geometry":{"type":"Polygon","coordinates":[[[-90.201,29.143],[-90,29.427],[-90.298,29.374],[-90.201,29.143]]]},"properties":{"NAME":null,"SUBJECTO":null,"BORDERPRECISION":1}},
{"type":"Feature","geometry":{"type":"Polygon","coordinates":[[[-90.667,29.223],[-90.27,29.155],[-90.436,29.326],[-90.667,29.223]]]},"properties":{"NAME":null,"SUBJECTO":null,"BORDERPRECISION":1}},
{"type":"Feature","geometry":{"type":"Polygon","coordinates":[[[35.19,24.4],[33.929,26.564],[33.354,27.91],[34.058,27.79],[34.886,28.357],[37.218,25.167],[37.201,24.658],[38.329,23.835],[39.102,22.4],[39.167,21.219],[39.764,20.407],[40.694,19.869],[41.629,18.047],[42.764,16.645],[42.796,15.47],[43.384,13.565],[43.841,12.664],[44.964,12.825],[45.826,13.405],[46.601,13.401],[48.036,14.045],[48.96,14.219],[49.334,14.633],[51.313,15.247],[52.135,15.687],[52.894,16.61],[54.084,17.019],[55.195,17.149],[55.561,17.937],[56.258,17.977],[56.739,18.689],[57.839,19.035],[57.806,20.172],[58.512,20.421],[59.837,22.279],[58.628,23.458],[57.146,23.982],[56.405,24.82],[56.015,25.772],[55.457,25.42],[54.347,24.154],[53.687,23.987],[51.586,24.003],[51.587,25.609],[51.069,25.945],[50.778,24.471],[49.937,25.956],[50.122,26.738],[48.855,27.523],[47.911,29.89],[50.132,30.066],[50.53,29.574],[52.99,36.625],[51.796,36.432],[50.561,36.686],[50.039,37.225],[48.837,37.511],[48.825,38.31],[49.807,40.581],[49.087,41.453],[48.631,41.195],[48.959,40.146],[48.238,39.949],[45.761,40.646],[41.68,41.793],[41.278,41.28],[40.629,39.884],[37.349,38.834],[34.662,36.648],[35.709,36.212],[35.873,34.422],[34.843,32.671],[34.501,31.621],[33.558,30.968],[32.077,31.014],[30.996,31.469],[29.249,30.754],[26.143,31.491],[25.258,31.438],[24.816,31.907],[23.153,32.139],[22.543,32.722],[21.673,32.816],[20.366,32.298],[19.942,31.611],[20.117,30.957],[19.125,30.199],[19.316,28.42],[21.679,28.082],[25.046,28.016],[27.352,24.135],[29.345,24.028],[30.819,23.659],[32.514,23.733],[35.19,24.4]]]},"properties":{"NAME":"Abbasid Caliphate","SUBJECTO":"Abbasid Caliphate","BORDERPRECISION":1}},
{"type":"Feature","geometry":{"type":"Polygon","coordinates":[[[36.148,48.606],[33.194,49.119],[32.471,49.271],[31.075,49.018],[28.524,47.982],[30.839,47.076],[32.259,47.362],[32.15,46.637],[32.202,46.17],[33.639,45.927],[33.395,44.6],[35.067,44.862],[34.907,46.273],[37.422,47.077],[37.97,46.441],[37.474,44.692],[38.924,44.212],[40.252,43.268],[41.41,42.788],[41.68,41.793],[45.761,40.646],[48.238,39.949],[48.959,40.146],[48.631,41.195],[49.087,41.453],[47.565,43.008],[47.565,43.844],[46.846,44.446],[47.556,45.453],[49.535,46.542],[51.369,47.09],[53.185,46.865],[53.19,46.132],[58.885,47.243],[59.1,47.853],[58.308,51.896],[55.143,53.267],[54.188,53.244],[51.598,54.73],[48.216,57.709],[46.106,57.709],[43.323,58.369],[43.143,57.114],[36.829,56.742],[35.288,55.361],[34.975,52.859],[35.217,50.723],[36.148,48.606]]]},"properties":{"NAME":"Khazars","SUBJECTO":"Khazars","BORDERPRECISION":1}},
{"type":"Feature","geometry":{"type":"Polygon","coordinates":[[[76.76,33.184],[72.849,33.346],[72.271,32.369],[72.041,30.182],[71.699,29.619],[73.485,28.571],[77.06,29.421],[79.148,28.337],[78.486,30.528],[77.105,31.333],[76.759,31.909],[76.76,33.184]]]},"properties":{"NAME":"Hindu Shahis","SUBJECTO":"Hindu Shahis","BORDERPRECISION":1}},
{"type":"Feature","geometry":{"type":"Polygon","coordinates":[[[79.247,27.812],[79.048,27.76],[79.28,27.631],[79.247,27.812]]]},"properties":{"NAME":"Hindu states","SUBJECTO":"Hindu states","BORDERPRECISION":1}},
{"type":"Feature","geometry":{"type":"Polygon","coordinates":[[[73.426,25.062],[76.105,26.999],[74.117,26.544],[72.628,28.367],[73.485,28.571],[71.699,29.619],[71.021,28.498],[70.207,27.156],[73.426,25.062]]]},"properties":{"NAME":"Multan","SUBJECTO":"Multan","BORDERPRECISION":1}},
{"type":"Feature","geometry":{"type":"Polygon","coordinates":[[[97.604,18.701],[100.38,19.86],[100.353,20.745],[101.429,21.975],[99.432,21.896],[98.281,22.586],[98.396,24.428],[97.936,24.888],[94.483,24.658],[93.413,24.246],[92.757,23.786],[94.18,21.199],[94.298,22.296],[94.879,22.684],[95.895,22.635],[96.476,21.764],[96.699,19.124],[97.604,18.701]]]},"properties":{"NAME":null,"SUBJECTO":null,"BORDERPRECISION":1}},
{"type":"Feature","geometry":{"type":"Polygon","coordinates":[[[80.222,15.499],[81.088,15.827],[81.369,16.347],[82.233,16.645],[80.961,17.363],[79.488,15.808],[80.222,15.499]]]},"properties":{"NAME":"Vengi","SUBJECTO":"Vengi","BORDERPRECISION":1}},
{"type":"Feature","geometry":{"type":"Polygon","coordinates":[[[79.488,15.808],[80.961,17.363],[82.737,19.239],[82.444,20.265],[84.822,22.333],[84.903,22.85],[78.831,20.4],[78.946,19.018],[78.716,17.522],[78.961,16.029],[79.488,15.808]]]},"properties":{"NAME":"Banas","SUBJECTO":"Banas","BORDERPRECISION":1}},
{"type":"Feature","geometry":{"type":"Polygon","coordinates":[[[72.266,24.223],[73.915,23.111],[72.693,22.105],[72.82,21.086],[74.612,21.892],[80.959,21.858],[84.891,23.001],[84.82,23.854],[84.041,24.833],[82.744,24.773],[81.593,25.233],[79.867,27.305],[79.28,27.631],[79.048,27.76],[76.105,26.999],[73.426,25.062],[72.266,24.223]]]},"properties":{"NAME":"Gurjara Pratihara","SUBJECTO":"Gurjara Pratihara","BORDERPRECISION":1}},
{"type":"Feature","geometry":{"type":"Polygon","coordinates":[[[78.961,16.029],[78.716,17.522],[78.946,19.018],[78.831,20.4],[84.903,22.85],[84.891,23.001],[80.959,21.858],[74.612,21.892],[72.82,21.086],[72.759,20.058],[73.064,18.032],[73.841,15.39],[74.734,13.683],[75.211,12.102],[75.734,11.254],[77.68,12.919],[79.061,13.034],[78.961,16.029]]]},"properties":{"NAME":"Rashtrakuta","SUBJECTO":"Rashtrakuta","BORDERPRECISION":1}},
{"type":"Feature","geometry":{"type":"Polygon","coordinates":[[[82.233,16.645],[82.354,17.086],[84.246,18.441],[82.737,19.239],[80.961,17.363],[82.233,16.645]]]},"properties":{"NAME":"Kalinga","SUBJECTO":"Kalinga","BORDERPRECISION":1}},
{"type":"Feature","geometry":{"type":"Polygon","coordinates":[[[84.822,22.333],[82.444,20.265],[82.737,19.239],[84.246,18.441],[85.379,19.605],[84.727,20.886],[84.822,22.333]]]},"properties":{"NAME":"Somvamsis","SUBJECTO":"Somvamsis","BORDERPRECISION":1}},
{"type":"Feature","geometry":{"type":"Polygon","coordinates":[[[90.96,43.549],[91.334,45.92],[80.719,46.436],[80.794,46.682],[79.245,46.672],[78.161,46.319],[76.238,46.555],[74.888,46.377],[73.608,45.516],[70.647,43.566],[64.948,43.754],[67.207,41.691],[68.588,40.656],[69.969,40.54],[70.89,41.001],[71.695,40.886],[73.192,39.965],[75.25,39.683],[75.378,40.195],[77.91,40.425],[79.982,40.771],[82.053,41.461],[85.621,43.418],[87.578,43.763],[90,43.763],[90.96,43.549]]]},"properties":{"NAME":"Karluks","SUBJECTO":"Karluks","BORDERPRECISION":1}},
{"type":"Feature","geometry":{"type":"Polygon","coordinates":[[[75.25,39.683],[73.192,39.965],[71.695,40.886],[70.89,41.001],[69.969,40.54],[68.588,40.656],[67.207,41.691],[64.948,43.754],[63.524,45.029],[61.251,45.175],[60.944,44.441],[60.077,43.609],[58.69,43.752],[58.69,42.727],[60.877,40.656],[61.452,39.274],[61.107,38.699],[57.229,37.522],[71.021,28.498],[71.699,29.619],[72.041,30.182],[72.271,32.369],[72.849,33.346],[76.76,33.184],[76.529,35.131],[76.529,36.973],[75.148,37.778],[75.25,39.683]]]},"properties":{"NAME":"Samanid Empire","SUBJECTO":"Samanid Empire","BORDERPRECISION":1}},
{"type":"Feature","geometry":{"type":"Polygon","coordinates":[[[70.207,27.156],[71.021,28.498],[57.229,37.522],[54.868,36.806],[54.067,36.942],[52.99,36.625],[50.53,29.574],[51.35,28.036],[52.41,27.581],[52.891,27.052],[54.646,26.391],[55.9,27.105],[56.79,26.974],[57.255,25.793],[59.031,25.308],[60.48,25.298],[61.344,25.027],[64.425,25.173],[66.621,25.317],[66.702,24.752],[68.072,23.675],[68.865,24.481],[70.207,27.156]]]},"properties":{"NAME":"Saffarids","SUBJECTO":"Saffarids","BORDERPRECISION":1}},
{"type":"Feature","geometry":{"type":"Polygon","coordinates":[[[-14.822,66.048],[-18.857,66.201],[-19.423,65.736],[-21.285,65.922],[-22.913,65.565],[-21.969,64.068],[-18.71,63.391],[-14.961,64.254],[-13.499,65.069],[-14.822,66.048]]]},"properties":{"NAME":null,"SUBJECTO":null,"BORDERPRECISION":1}},
{"type":"Feature","geometry":{"type":"Polygon","coordinates":[[[-26.03,70.521],[-27.064,70.888],[-27.878,70.429],[-26.03,70.521]]]},"properties":{"NAME":null,"SUBJECTO":null,"BORDERPRECISION":1}},
{"type":"Feature","geometry":{"type":"Polygon","coordinates":[[[16.57,56.377],[16.77,56.796],[16.617,56.874],[16.393,56.529],[16.57,56.377]]]},"properties":{"NAME":null,"SUBJECTO":null,"BORDERPRECISION":1}},
{"type":"Feature","geometry":{"type":"Polygon","coordinates":[[[22.948,58.844],[22.576,59.069],[22.229,58.878],[22.48,58.7],[22.948,58.844]]]},"properties":{"NAME":null,"SUBJECTO":null,"BORDERPRECISION":1}},
{"type":"Feature","geometry":{"type":"Polygon","coordinates":[[[13.672,54.569],[13.225,54.634],[13.118,54.334],[13.508,54.343],[13.672,54.569]]]},"properties":{"NAME":null,"SUBJECTO":null,"BORDERPRECISION":1}},
{"type":"Feature","geometry":{"type":"Polygon","coordinates":[[[23.206,58.445],[22.112,58.492],[22.201,58.145],[23.206,58.445]]]},"properties":{"NAME":null,"SUBJECTO":null,"BORDERPRECISION":1}},
{"type":"Feature","geometry":{"type":"Polygon","coordinates":[[[-8.955,70.822],[-8.632,70.956],[-7.982,71.048],[-8.326,71.141],[-8.955,70.822]]]},"properties":{"NAME":null,"SUBJECTO":null,"BORDERPRECISION":1}},
{"type":"Feature","geometry":{"type":"Polygon","coordinates":[[[20.067,60.296],[19.931,60.277],[19.772,60.081],[20.044,60.086],[19.914,60.217],[20.067,60.296]]]},"properties":{"NAME":null,"SUBJECTO":null,"BORDERPRECISION":1}},
{"type":"Feature","geometry":{"type":"Polygon","coordinates":[[[46.19,2.522],[47.556,3.993],[48.472,5.201],[49.046,6.416],[50.779,9.368],[51.13,10.71],[51.181,11.777],[50.697,11.948],[49.304,11.246],[47.391,11.159],[46.677,10.7],[45.909,10.832],[44.281,10.396],[43.104,11.531],[41.936,10.604],[42.658,2.513],[46.19,2.522]]]},"properties":{"NAME":"Cushites","SUBJECTO":"Cushites","BORDERPRECISION":1}},
{"type":"Feature","geometry":{"type":"Polygon","coordinates":[[[0.458,32.547],[-1.179,32.45],[-1.341,13.314],[2.346,13.286],[8.266,12.367],[14.582,12.673],[14.375,13.292],[15.126,14.899],[15.534,15.05],[15.752,29.325],[12.533,30.805],[7.892,32.593],[5.681,32.815],[0.458,32.547]]]},"properties":{"NAME":"Tuaregs","SUBJECTO":"Tuaregs","BORDERPRECISION":1}},
{"type":"Feature","geometry":{"type":"Polygon","coordinates":[[[35.328,15.423],[35.646,12.796],[35.407,11.283],[34.452,10.248],[32.847,10.105],[32.349,9.528],[33.022,6.865],[35.578,5.527],[38.605,6.597],[38.879,7.854],[37.86,7.741],[36.599,9.212],[36.389,11.734],[37.02,13.626],[39.208,16.327],[38.686,18.003],[37.895,18.56],[37.079,17.095],[35.328,15.423]]]},"properties":{"NAME":"Bejas","SUBJECTO":"Bejas","BORDERPRECISION":1}},
{"type":"Feature","geometry":{"type":"Polygon","coordinates":[[[40.191,10.007],[41.527,10.28],[41.936,10.604],[43.104,11.531],[43.475,12.098],[42.079,13.861],[40.739,14.919],[40.191,10.007]]]},"properties":{"NAME":null,"SUBJECTO":null,"BORDERPRECISION":1}},
{"type":"Feature","geometry":{"type":"Polygon","coordinates":[[[-14.632,25.682],[-14.82,24.733],[-15.714,23.873],[-16.353,22.493],[-16.806,21.99],[-17.052,21.004],[-16.347,20.523],[-15.983,18.178],[-16.45,16.118],[-17.033,14.565],[-13.396,14.917],[-6.265,13.351],[-1.341,13.314],[-1.179,32.45],[-1.802,32.427],[-4.773,31.66],[-6.73,29.52],[-8.567,27.158],[-9.682,26.109],[-11.19,25.715],[-14.632,25.682]],[[-11.908,16.382],[-11.699,17.114],[-7.833,17.636],[-5.012,16.696],[-4.803,15.546],[-6.998,14.397],[-8.878,14.293],[-11.804,15.755],[-11.908,16.382]]]},"properties":{"NAME":"Berbers","SUBJECTO":"Berbers","BORDERPRECISION":1}},
{"type":"Feature","geometry":{"type":"Polygon","coordinates":[[[29.345,24.028],[27.352,24.135],[25.046,28.016],[21.679,28.082],[19.316,28.42],[17.002,28.751],[15.752,29.325],[15.534,15.05],[17.002,15.593],[20.723,14.778],[21.505,12.683],[20.673,11.956],[23.2,11.775],[24.074,11.182],[30.6,11.116],[30.787,11.227],[30.472,13.512],[30.79,15.503],[29.453,17.83],[28.613,20.562],[29.345,24.028]]]},"properties":{"NAME":"Bedouins","SUBJECTO":"Bedouins","BORDERPRECISION":1}},
{"type":"Feature","geometry":{"type":"Polygon","coordinates":[[[30.787,11.227],[30.6,11.116],[24.074,11.182],[23.2,11.775],[20.673,11.956],[18.628,10.169],[16.637,10.931],[16.637,7.088],[22.225,6.196],[33.93,2.844],[34.406,2.49],[42.658,2.513],[41.936,10.604],[41.527,10.28],[40.191,10.007],[39.752,7.951],[38.879,7.854],[38.605,6.597],[35.578,5.527],[33.022,6.865],[32.349,9.528],[32.847,10.105],[31.745,10.248],[30.787,11.227]]]},"properties":{"NAME":"Azandes","SUBJECTO":"Azandes","BORDERPRECISION":1}},
{"type":"Feature","geometry":{"type":"Polygon","coordinates":[[[31.075,49.018],[32.471,49.271],[31.946,49.568],[31.498,50.059],[29.043,49.45],[26.571,49.959],[28.665,48.58],[31.075,49.018]]]},"properties":{"NAME":"Polyanians","SUBJECTO":"Polyanians","BORDERPRECISION":1}},
{"type":"Feature","geometry":{"type":"Polygon","coordinates":[[[28.382,56.315],[28.984,55.819],[28.464,54.314],[27.153,53.961],[24.691,51.683],[26.571,49.959],[29.043,49.45],[31.498,50.059],[35.217,50.723],[34.975,52.859],[35.288,55.361],[36.829,56.742],[43.143,57.114],[43.323,58.369],[39.759,59.55],[39.053,59.852],[37.6,61.507],[36.33,61.451],[34.873,61.57],[32.441,61.15],[32.362,60.148],[31.109,60.146],[30.523,60.818],[28.601,60.186],[27.607,59.306],[27.586,58.996],[28.068,57.862],[28.382,56.315]]]},"properties":{"NAME":"Kyivan Rus","SUBJECTO":"Kyivan Rus","BORDERPRECISION":1}},
{"type":"Feature","geometry":{"type":"Polygon","coordinates":[[[36.148,48.606],[35.217,50.723],[31.498,50.059],[31.946,49.568],[33.194,49.119],[36.148,48.606]]]},"properties":{"NAME":"Pechenegs","SUBJECTO":"Pechenegs","BORDERPRECISION":1}}
]}